datetime,open,high,low,close,volume
2023-01-03 10:00:00,262.900871194,264.373664089,259.906355408,259.972802343,6508166.0
2023-01-03 10:30:00,259.974857403,260.503301366,258.369953518,258.917969479,3719273.0
2023-01-03 11:00:00,258.89839748,259.622561429,258.086159538,259.554059433,2477790.0
2023-01-03 11:30:00,259.534487435,259.816324215,257.577287575,258.139982535,2762629.0
2023-01-03 12:00:00,258.144875534,258.154661534,256.823765629,257.185847603,2930458.0
2023-01-03 12:30:00,257.176061604,257.724077564,256.696547638,257.195731462,2002456.0
2023-01-03 13:00:00,257.2249916,257.998085545,256.52039965,257.127131607,1643706.0
2023-01-03 13:30:00,257.132024607,257.958941548,256.696547638,257.802365559,1298163.0
2023-01-03 14:00:00,257.831723557,258.291665524,257.420711586,258.174233532,2471176.0
2023-01-03 14:30:00,258.164447533,258.506957508,257.64578957,257.900225552,2081577.0
2023-01-03 15:00:00,257.910011551,259.309409451,257.137309046,258.692891495,2595963.0
2023-01-03 15:30:00,258.702677494,259.524701436,258.467813511,258.810519207,2785609.0
2023-01-03 16:00:00,258.820109486,259.31919545,258.575459503,258.820109486,4675316.0
2023-01-04 10:00:00,260.933885335,261.207893315,259.054973469,259.710635422,5378053.0
2023-01-04 10:30:00,259.651919426,260.562017361,256.911839622,258.086159538,6156516.0
2023-01-04 11:00:00,258.056801541,259.397483445,257.234777599,259.338767449,2811837.0
2023-01-04 11:30:00,259.32898145,260.082503396,258.751607491,259.994429402,2205364.0
2023-01-04 12:00:00,259.984643403,261.726551278,259.984643403,261.237153453,3262867.0
2023-01-04 12:30:00,261.295967309,261.501473294,260.796881345,261.090461324,1654467.0
2023-01-04 13:00:00,261.090461324,261.530831292,260.199935387,260.214614386,1616602.0
2023-01-04 13:30:00,260.209721386,260.914313336,259.568738432,260.71869121,1927101.0
2023-01-04 14:00:00,260.72084413,261.207893315,260.219507386,260.483729367,1468838.0
2023-01-04 14:30:00,260.473943368,261.628691285,257.91979755,258.086159538,6537370.0
2023-01-04 15:00:00,258.06658754,260.102075394,257.812151558,260.014001401,3021398.0
2023-01-04 15:30:00,260.01850296,260.679449353,259.133261464,259.162619461,2351689.0
2023-01-04 16:00:00,259.162619461,260.268437382,257.958941548,260.053145398,5203252.0
2023-01-05 10:00:00,258.389525517,258.438455513,255.903979554,257.195633602,6112420.0
2023-01-05 10:30:00,257.185847603,258.555887505,256.647617641,257.283707596,4896599.0
2023-01-05 11:00:00,257.283707596,257.420711586,256.38339566,256.549757648,3250215.0
2023-01-05 11:30:00,256.549757648,257.489213581,256.285535667,256.706333637,2880216.0
2023-01-05 12:00:00,256.686761639,257.547929577,256.539971649,256.80419363,1722048.0
2023-01-05 12:30:00,256.823765629,257.567501576,256.38339566,256.867802626,1580199.0
2023-01-05 13:00:00,256.872695625,257.410925587,256.354037662,256.39318166,1659627.0
2023-01-05 13:30:00,256.398074659,258.135089535,256.040885685,257.528357578,3540155.0
2023-01-05 14:00:00,257.538143578,258.20359153,257.097773609,257.254349598,1998351.0
2023-01-05 14:30:00,257.283707596,257.567501576,256.911839622,256.965662619,1310158.0
2023-01-05 15:00:00,256.970555618,258.184019531,256.94609062,257.381567589,1799062.0
2023-01-05 15:30:00,257.396246588,257.396246588,256.236605671,256.402967659,2861168.0
2023-01-05 16:00:00,256.422539657,256.608473644,255.669017711,255.982169689,6357631.0
2023-01-06 10:00:00,257.714291565,258.966899475,254.768705776,255.874523697,6824506.0
2023-01-06 10:30:00,255.903881695,258.89839748,255.903881695,257.714291565,5087600.0
2023-01-06 11:00:00,257.753435562,260.209721386,257.617605892,259.935713406,4082797.0
2023-01-06 11:30:00,259.965071404,260.777309346,259.554059433,259.935713406,3557153.0
2023-01-06 12:00:00,259.955285405,261.28618131,259.573631432,260.806667344,3829965.0
2023-01-06 12:30:00,260.816453343,261.178535317,260.44458537,260.738165349,2109577.0
2023-01-06 13:00:00,260.747951348,260.933787475,260.190149388,260.542445363,1857148.0
2023-01-06 13:30:00,260.562017361,261.344897305,260.44458537,261.266609311,1727369.0
2023-01-06 14:00:00,261.256823312,262.029917256,261.247037312,261.960730241,1889629.0
2023-01-06 14:30:00,261.961415261,263.214023172,261.912485265,262.793225202,2600142.0
2023-01-06 15:00:00,262.793225202,263.771825132,262.724723207,263.527175149,1978672.0
2023-01-06 15:30:00,263.527175149,264.163265104,263.321767024,263.399957158,2867447.0
2023-01-06 16:00:00,263.409743158,263.879471124,262.8127972,263.047661184,8128176.0
2023-01-09 10:00:00,265.034219041,267.686322712,264.936359048,267.666652853,7870836.0
2023-01-09 10:30:00,267.676438852,267.99448383,266.922916906,267.412216871,4743911.0
2023-01-09 11:00:00,267.441574869,268.909474764,267.43178887,268.216919594,3474013.0
2023-01-09 11:30:00,268.224454813,269.398774729,268.204882815,269.144338747,3066422.0
2023-01-09 12:00:00,269.144338747,269.300914736,268.576750788,269.036692755,1889403.0
2023-01-09 12:30:00,269.056264754,269.134552748,268.576750788,269.041585755,1548797.0
2023-01-09 13:00:00,269.017120756,269.10519475,268.116808821,268.68928978,1765654.0
2023-01-09 13:30:00,268.68439678,268.987762759,268.26359881,268.798892972,1258623.0
2023-01-09 14:00:00,268.787149773,268.821302911,266.541262934,267.0060979,3180888.0
2023-01-09 14:30:00,267.001204901,267.617722857,266.599978929,267.412314731,2331768.0
2023-01-09 15:00:00,267.412216871,267.539434862,265.533305006,265.650736997,2696183.0
2023-01-09 15:30:00,265.670308996,265.963791115,265.102721036,265.406087015,2939457.0
2023-01-09 16:00:00,265.435445013,265.522246826,264.143693105,264.750425062,5857330.0
2023-01-10 10:00:00,263.722895135,266.198752958,263.615249143,265.342478019,5726960.0
2023-01-10 10:30:00,265.33758502,267.048177697,264.672137067,265.269083025,3476312.0
2023-01-10 11:00:00,265.259297025,265.533305006,263.214023172,265.254404026,4525267.0
2023-01-10 11:30:00,265.254404026,265.640950998,264.809141058,264.946145048,2054296.0
2023-01-10 12:00:00,264.936359048,265.161437032,264.319841093,264.867857053,1747540.0
2023-01-10 12:30:00,264.848285055,265.396301016,264.065405111,264.955931047,1615408.0
2023-01-10 13:00:00,264.954952447,265.875717121,264.858071054,265.538198005,1206435.0
2023-01-10 13:30:00,265.543091005,266.110678964,265.269083025,265.640950998,1500699.0
2023-01-10 14:00:00,265.650834857,266.218324957,265.523519006,266.130250963,1309354.0
2023-01-10 14:30:00,266.140036962,266.712517921,266.012818971,266.551048933,1943590.0
2023-01-10 15:00:00,266.551048933,266.766340918,265.914958978,266.237896955,1479070.0
2023-01-10 15:30:00,266.228110956,266.296612951,265.503947008,266.061748968,1788515.0
2023-01-10 16:00:00,266.081320966,267.099064894,265.973674974,266.991418901,3558341.0
2023-01-11 10:00:00,268.058092825,268.96819076,267.275212881,268.361458803,6079854.0
2023-01-11 10:30:00,268.390816801,269.565136717,267.979804831,269.535778719,3201672.0
2023-01-11 11:00:00,269.555350718,269.584708716,267.793870844,267.98959083,3165494.0
2023-01-11 11:30:00,267.999376829,269.271556738,267.930874834,269.11498075,2729933.0
2023-01-11 12:00:00,269.124766749,269.476671284,268.850758768,269.271556738,2011305.0
2023-01-11 12:30:00,269.300914736,270.258474768,269.271556738,270.025078684,2645615.0
2023-01-11 13:00:00,270.034864684,270.152296675,269.604378574,269.853823697,2220965.0
2023-01-11 13:30:00,269.858716696,270.78838663,269.486848723,270.259844808,2900310.0
2023-01-11 14:00:00,270.250156668,270.36758866,269.848930697,270.015292685,2189258.0
2023-01-11 14:30:00,270.025078684,270.269728667,269.682568709,269.976148688,1548894.0
2023-01-11 15:00:00,269.976148688,270.573094645,269.888074694,270.279514666,1765003.0
2023-01-11 15:30:00,270.289300666,271.042822612,270.240370669,270.793279629,3511742.0
2023-01-11 16:00:00,270.798172629,271.718056563,270.426304656,271.610410571,6496320.0
2023-01-12 10:00:00,272.168212531,272.794516486,267.881944838,268.977976759,8585301.0
2023-01-12 10:30:00,269.007334757,272.6085825,268.948618761,271.532122577,6398171.0
2023-01-12 11:00:00,271.532122577,272.412862514,270.113152678,270.680740638,3815201.0
2023-01-12 11:30:00,270.700312636,271.463620581,269.721712706,271.170040603,3567953.0
2023-01-12 12:00:00,271.179826602,272.266072524,270.396848798,272.109496535,4039539.0
2023-01-12 12:30:00,272.109496535,273.362104446,271.737628562,273.288709451,2652099.0
2023-01-12 13:00:00,273.283816451,273.567610431,272.980450473,273.205528457,2306683.0
2023-01-12 13:30:00,273.210421457,273.763330417,271.688698565,271.884418551,2591623.0
2023-01-12 14:00:00,271.855060554,273.9981944,271.2091846,273.880762409,3484104.0
2023-01-12 14:30:00,273.890548408,274.105840393,272.971643074,273.146812461,2523759.0
2023-01-12 15:00:00,273.15659846,273.647855625,272.726014491,273.185956458,2267678.0
2023-01-12 15:30:00,273.195742458,273.234886455,272.295430522,272.725427331,2201095.0
2023-01-12 16:00:00,272.726014491,273.225100456,271.952920546,273.078310466,6748868.0
2023-01-13 10:00:00,270.582880645,271.864846553,270.250156668,271.385332587,5773096.0
2023-01-13 10:30:00,271.365760589,272.911948478,271.042822612,272.823972344,4541554.0
2023-01-13 11:00:00,272.833660484,273.293602451,272.305216521,272.804302486,3211974.0
2023-01-13 11:30:00,272.794516486,272.990236472,271.507657578,272.031208541,2279223.0
2023-01-13 12:00:00,272.060566539,272.099710536,271.297356453,272.05068268,2109237.0
2023-01-13 12:30:00,272.031208541,272.892376479,271.943036687,272.774944488,1559015.0
2023-01-13 13:00:00,272.784730487,273.068524467,272.412862514,272.980450473,1553539.0
2023-01-13 13:30:00,272.990236472,273.16638446,272.510722507,273.048854608,2555288.0
2023-01-13 14:00:00,273.048952468,273.9981944,272.985343473,273.831832412,2700116.0
2023-01-13 14:30:00,273.86119041,274.086268394,273.538252433,274.032445398,1548448.0
2023-01-13 15:00:00,274.022659398,274.242844383,273.685042423,273.929692405,2141499.0
2023-01-13 15:30:00,273.968836402,274.712572349,273.880762409,274.70278635,1846371.0
2023-01-13 16:00:00,274.70278635,275.200893714,274.497280365,274.957222332,8055952.0
2023-01-17 10:00:00,274.761502346,275.431843298,273.597947029,275.143156318,4949179.0
2023-01-17 10:30:00,275.133370319,276.7969902,275.133370319,276.160900246,4828777.0
2023-01-17 11:00:00,276.160900246,276.283225237,274.438564369,275.015938327,2746341.0
2023-01-17 11:30:00,275.015938327,275.211658313,273.714400421,274.350490375,2641219.0
2023-01-17 12:00:00,274.379848373,275.436736297,274.321132377,275.211071153,1500284.0
2023-01-17 12:30:00,275.241016311,275.53214979,274.516852363,274.712572349,1418856.0
2023-01-17 13:00:00,274.712572349,275.612884285,274.634284355,275.426950298,2276899.0
2023-01-17 13:30:00,275.426950298,275.720530277,275.231230312,275.427048158,2033472.0
2023-01-17 14:00:00,275.436736297,275.95539426,275.280160309,275.857534267,1169321.0
2023-01-17 14:30:00,275.867320267,275.974966259,274.908292335,275.299732307,1546804.0
2023-01-17 15:00:00,275.329090305,275.935822262,275.270374309,275.417066439,1616341.0
2023-01-17 15:30:00,275.417164299,275.81839027,275.26058831,275.456308296,1518312.0
2023-01-17 16:00:00,275.446522297,275.661814281,274.850457079,275.515024292,4214313.0
2023-01-18 10:00:00,277.051426182,277.824520127,276.542554218,277.672837137,5533958.0
2023-01-18 10:30:00,277.707088135,278.597614071,276.669772209,277.628800141,5223380.0
2023-01-18 11:00:00,277.628800141,277.643479139,274.487494365,275.223401513,4734013.0
2023-01-18 11:30:00,275.201872314,275.407378299,273.44039244,273.959050403,3447385.0
2023-01-18 12:00:00,273.949264404,273.949264404,272.892376479,273.655684425,2800940.0
2023-01-18 12:30:00,273.655684425,273.86119041,272.794516486,273.009906331,2499111.0
2023-01-18 13:00:00,272.985343473,273.352318446,272.6085825,272.765158488,1985983.0
2023-01-18 13:30:00,272.774944488,273.068524467,272.060566539,272.721121492,2129234.0
2023-01-18 14:00:00,272.716228492,273.352318446,272.344360519,273.02938047,2178904.0
2023-01-18 14:30:00,273.048952468,273.499108436,272.540080505,273.44039244,1647059.0
2023-01-18 15:00:00,273.430606441,273.518680435,272.863018481,273.02448747,1672031.0
2023-01-18 15:30:00,273.009808471,273.430508581,272.735800491,272.862431321,2261984.0
2023-01-18 16:00:00,272.853232482,272.853232482,271.727842563,271.933348548,6604626.0
2023-01-19 10:00:00,270.308872664,271.292365594,268.96819076,270.074008681,6967898.0
2023-01-19 10:30:00,270.08379468,270.582880645,269.174968925,269.692256848,3600208.0
2023-01-19 11:00:00,269.682568709,269.907646693,268.332100806,268.659931782,3074056.0
2023-01-19 11:30:00,268.664824782,269.770642703,268.449532797,268.576750788,3414546.0
2023-01-19 12:00:00,268.576750788,268.674610781,268.028734827,268.518034792,2273197.0
2023-01-19 12:30:00,268.518034792,269.506420721,268.498462794,268.880116766,1978098.0
2023-01-19 13:00:00,268.850758768,269.2506147,268.635466784,269.124766749,1832532.0
2023-01-19 13:30:00,269.134552748,270.005506686,269.026906756,269.428915607,2375886.0
2023-01-19 14:00:00,269.457490725,270.798172629,269.457490725,270.08868768,2605955.0
2023-01-19 14:30:00,270.08379468,271.170040603,269.67278271,270.941048219,2052625.0
2023-01-19 15:00:00,270.944962619,271.439155583,270.661168639,270.778600631,1873965.0
2023-01-19 15:30:00,270.778600631,271.150468604,270.22079867,270.559981406,1993212.0
2023-01-19 16:00:00,270.582880645,270.612238642,269.012227757,269.261770739,5559950.0
2023-01-20 10:00:00,270.866674624,271.952920546,269.8097867,271.365760589,5449046.0
2023-01-20 10:30:00,271.414690585,272.403076514,270.817744628,272.285644523,5189213.0
2023-01-20 11:00:00,272.32478852,272.540765524,271.581052573,271.757102701,6093038.0
2023-01-20 11:30:00,271.776772559,273.479536437,271.698484565,273.450178439,3402215.0
2023-01-20 12:00:00,273.450178439,273.58718243,272.892376479,273.137026462,2385595.0
2023-01-20 12:30:00,273.146812461,273.704614421,273.112561464,273.489322437,2037963.0
2023-01-20 13:00:00,273.499108436,273.812260414,273.244672454,273.332746448,1858154.0
2023-01-20 13:30:00,273.342532447,273.822046413,272.726014491,273.185956458,2749829.0
2023-01-20 14:00:00,273.221186056,275.035510326,273.205528457,274.918078334,3772040.0
2023-01-20 14:30:00,274.937650333,275.382913301,274.800646343,275.289946308,5352356.0
2023-01-20 15:00:00,275.289946308,275.666707281,275.182300316,275.563954288,5845966.0
2023-01-20 15:30:00,275.563954288,276.924208191,275.563954288,276.273439237,4562919.0
2023-01-20 16:00:00,276.268546238,276.963352188,276.072826252,276.630628212,7800817.0
2023-01-23 10:00:00,277.472224152,280.222089955,276.679558208,279.73278999,6125976.0
2023-01-23 10:30:00,279.752361989,281.112615891,279.527284005,280.897323907,4297439.0
2023-01-23 11:00:00,280.912002906,281.660631852,280.730961919,281.337693875,3835328.0
2023-01-23 11:30:00,281.347479875,283.402539728,281.347479875,282.316293805,4983474.0
2023-01-23 12:00:00,282.325981945,283.187247743,282.169503816,283.118745748,2454220.0
2023-01-23 12:30:00,283.123638747,283.138317746,282.228219812,282.756663774,2351433.0
2023-01-23 13:00:00,282.776235772,283.148103746,282.443511796,283.040457753,1545163.0
2023-01-23 13:30:00,283.050243753,283.676449848,282.95238376,283.549329717,2243185.0
2023-01-23 14:00:00,283.529757718,283.999485685,283.348716731,283.428961926,3021037.0
2023-01-23 14:30:00,283.431897725,283.451469724,282.595194785,282.746877774,2267489.0
2023-01-23 15:00:00,282.756663774,283.030671754,281.122401891,281.866137837,3526369.0
2023-01-23 15:30:00,281.866137837,282.433725797,281.278977879,282.135252818,2924935.0
2023-01-23 16:00:00,282.149931817,283.060029752,281.856449698,282.776235772,8091984.0
2023-01-24 10:00:00,281.161545888,283.353609731,280.701603921,281.719347848,6246278.0
2023-01-24 10:30:00,281.748705846,282.962169759,280.642887925,282.061759963,4022680.0
2023-01-24 11:00:00,282.076536822,283.099173749,281.073471894,282.844737767,3201892.0
2023-01-24 11:30:00,282.854523767,283.001313756,282.061857823,282.977827358,2226148.0
2023-01-24 12:00:00,282.981741758,283.005228156,282.24877041,282.502325652,1815031.0
2023-01-24 12:30:00,282.492441793,282.981741758,281.787849843,282.715562577,1580333.0
2023-01-24 13:00:00,282.67348278,282.678375779,281.846565839,282.081429822,1899607.0
2023-01-24 13:30:00,282.066750823,282.521799791,281.455125867,282.443511796,3852105.0
2023-01-24 14:00:00,282.448404796,283.001313756,282.286935807,282.645201242,2888369.0
2023-01-24 14:30:00,282.619659784,282.658803781,281.934639833,282.24779181,1410713.0
2023-01-24 15:00:00,282.267363809,282.600087785,282.149833957,282.53158579,1165256.0
2023-01-24 15:30:00,282.53158579,282.658803781,282.003141828,282.208647813,1489388.0
2023-01-24 16:00:00,282.228219812,282.472869794,281.13757019,282.198861814,4775498.0
2023-01-25 10:00:00,277.697302136,278.000668114,275.593312286,275.632456283,8187368.0
2023-01-25 10:30:00,275.627563284,276.562126217,275.407378299,276.160900246,4641209.0
2023-01-25 11:00:00,276.170686245,276.748060204,275.162728317,276.630628212,3765290.0
2023-01-25 11:30:00,276.632585412,278.450824082,276.434908226,277.971310116,3652815.0
2023-01-25 12:00:00,277.981096115,279.488140008,277.893022122,278.940124047,3580320.0
2023-01-25 12:30:00,278.979268044,279.130951033,278.206174099,278.323606091,2012543.0
2023-01-25 13:00:00,278.318713091,278.90098005,278.167127962,278.680795065,1242777.0
2023-01-25 13:30:00,278.734618061,280.212303956,278.641651068,280.094871964,1941477.0
2023-01-25 14:00:00,280.104657963,280.603743928,279.674073994,280.173159959,2402855.0
2023-01-25 14:30:00,280.182945958,281.523627862,279.938295975,280.916895905,3344119.0
2023-01-25 15:00:00,280.916895905,281.435553868,280.349307946,281.169374687,2037974.0
2023-01-25 15:30:00,281.171331887,282.189075814,281.063685895,281.367051873,3030454.0
2023-01-25 16:00:00,281.376935732,281.587236857,280.613529927,281.572557858,4463141.0
2023-01-26 10:00:00,284.987871614,286.377483515,283.343823732,284.004085104,7082199.0
2023-01-26 10:30:00,284.009271684,285.7412957,283.490613721,285.124875604,4285003.0
2023-01-26 11:00:00,285.124875604,285.457599581,282.404367799,282.717519777,3379308.0
2023-01-26 11:30:00,282.727305776,283.862481695,282.344673203,283.314465734,3218232.0
2023-01-26 12:00:00,283.294893735,284.028843683,283.060029752,283.93098369,2429732.0
2023-01-26 12:30:00,283.92119769,284.987871614,283.823337697,284.567073644,2348963.0
2023-01-26 13:00:00,284.552394645,284.987871614,284.058201681,284.547501646,2066014.0
2023-01-26 13:30:00,284.557287645,284.811723627,283.872267694,284.567073644,1842461.0
2023-01-26 14:00:00,284.606217641,285.682677564,284.586645643,285.247200596,2306709.0
2023-01-26 14:30:00,285.232521597,285.956685545,284.89969976,285.649013727,1675518.0
2023-01-26 15:00:00,285.702249563,286.088796535,285.46738558,285.917639408,2489921.0
2023-01-26 15:30:00,285.927327547,286.671063494,285.555459574,286.455771509,3098858.0
2023-01-26 16:00:00,286.461643109,287.238651453,286.034973539,287.062503466,8410527.0
2023-01-27 10:00:00,285.75117956,288.11929353,285.633747568,287.600733427,5409485.0
2023-01-27 10:30:00,287.581161429,289.176279315,287.121219462,288.579333357,5401221.0
2023-01-27 11:00:00,288.589119357,288.912057333,286.808067484,287.365869444,4374763.0
2023-01-27 11:30:00,287.346297445,288.481473364,287.013573469,288.354255373,3823443.0
2023-01-27 12:00:00,288.364041373,289.553040288,288.236823382,289.254567309,3622362.0
2023-01-27 12:30:00,289.264353308,289.998303256,289.019703326,289.587291285,3192984.0
2023-01-27 13:00:00,289.582398285,290.321241233,289.479645293,289.929801261,2179768.0
2023-01-27 13:30:00,289.93958726,290.057019252,289.352427302,289.929801261,2393995.0
2023-01-27 14:00:00,289.93958726,290.839899196,289.93958726,290.672460747,2208854.0
2023-01-27 14:30:00,290.663751208,291.079656178,290.350599231,290.869257193,2823179.0
2023-01-27 15:00:00,290.874150193,291.280269164,290.658858208,291.112928576,2385992.0
2023-01-27 15:30:00,291.113907176,291.877215121,290.879141053,291.515133147,3596174.0
2023-01-27 16:00:00,291.511218747,291.789141128,289.773225272,289.920015261,8163284.0
2023-01-30 10:00:00,286.661277494,287.798899913,286.074117536,287.512659434,5354292.0
2023-01-30 10:30:00,287.473515436,288.080247393,285.32685863,285.927327547,4320068.0
2023-01-30 11:00:00,285.917541548,285.937113546,284.244135667,285.310907451,4367320.0
2023-01-30 11:30:00,285.32059559,286.201335527,284.968299616,285.981052683,2842408.0
2023-01-30 12:00:00,285.966471544,286.367697515,284.90958362,286.088796535,2294533.0
2023-01-30 12:30:00,286.093689535,286.279623522,285.222735597,285.848941693,2874984.0
2023-01-30 13:00:00,285.829467554,285.926348947,284.792151628,285.134661604,2065294.0
2023-01-30 13:30:00,285.144447603,286.02518754,284.76279363,285.594603571,2062603.0
2023-01-30 14:00:00,285.589710571,285.589710571,284.62578964,285.193279739,1937893.0
2023-01-30 14:30:00,285.1835916,285.486957578,284.62578964,284.655147638,1580289.0
2023-01-30 15:00:00,284.655147638,285.017229612,284.258814666,284.674719637,3721494.0
2023-01-30 15:30:00,284.674621777,285.124875604,283.872267694,283.999485685,3475961.0
2023-01-30 16:00:00,283.999485685,284.704077634,283.686333707,284.058201681,8113763.0
2023-01-31 10:00:00,284.097345678,286.015401541,283.989699686,284.557287645,5664806.0
2023-01-31 10:30:00,284.586645643,286.142619532,284.136489675,286.083903536,4065521.0
2023-01-31 11:00:00,286.152405531,286.656384495,285.790323557,286.44598551,2875999.0
2023-01-31 11:30:00,286.455771509,286.86678348,286.191549528,286.693081992,2309168.0
2023-01-31 12:00:00,286.671063494,286.945071474,285.995829542,286.261127983,2054179.0
2023-01-31 12:30:00,286.279623522,286.800238684,285.680720365,286.465557508,1680928.0
2023-01-31 13:00:00,286.465557508,286.925010176,286.230693525,286.715100491,6403374.0
2023-01-31 13:30:00,286.72498435,286.86678348,286.103475534,286.485129507,1545812.0
2023-01-31 14:00:00,286.485129507,287.077182465,286.16708453,286.945071474,1297595.0
2023-01-31 14:30:00,286.945071474,287.219079455,286.784581086,287.086968464,1805260.0
2023-01-31 15:00:00,287.072289465,287.493087435,286.964643473,287.297367449,1390504.0
2023-01-31 15:30:00,287.307153448,287.630091425,286.397055513,286.504701506,1902409.0
2023-01-31 16:00:00,286.504701506,288.412971369,286.485129507,288.315111376,8806101.0
2023-02-01 10:00:00,288.109605391,288.481473364,287.131005461,288.275967379,4146850.0
2023-02-01 10:30:00,288.305325377,288.442329367,287.307153448,288.070461394,4148864.0
2023-02-01 11:00:00,288.080247393,288.412971369,286.680849493,286.788495485,2477772.0
2023-02-01 11:30:00,286.808067484,287.962815401,286.573203501,287.819939812,2567625.0
2023-02-01 12:00:00,287.83559741,288.138963389,287.395227442,287.600733427,1947028.0
2023-02-01 12:30:00,287.620305426,287.70837942,287.052717466,287.522445433,1624689.0
2023-02-01 13:00:00,287.522445433,287.874741408,287.307153448,287.639877424,1391742.0
2023-02-01 13:30:00,287.659449423,288.041103396,287.493478875,288.031317396,1227354.0
2023-02-01 14:00:00,288.050889395,288.54018936,287.610519427,287.933457403,1926797.0
2023-02-01 14:30:00,287.913885405,289.587291285,286.387269514,288.25639538,6945287.0
2023-02-01 15:00:00,288.285753378,293.834414981,286.044759539,292.767741058,13425361.0
2023-02-01 15:30:00,292.787313056,295.488248863,292.777527057,294.950018902,8014054.0
2023-02-01 16:00:00,294.945125902,296.936576759,294.12799496,294.480290935,11240983.0
2023-02-02 10:00:00,300.98798047,302.534168359,300.674828492,300.768969805,10638861.0
2023-02-02 10:30:00,300.782376624,302.447855845,300.165956528,302.191658384,5672256.0
2023-02-02 11:00:00,302.192636983,304.393508226,302.192636983,303.865064264,7220306.0
2023-02-02 11:30:00,303.874850263,304.501154218,303.317048303,303.985529915,4926970.0
2023-02-02 12:00:00,303.992282255,304.682195205,303.3659783,303.432425235,4950305.0
2023-02-02 12:30:00,303.434480295,304.295550373,303.091970319,304.110203546,3447497.0
2023-02-02 13:00:00,304.119500246,304.75549234,303.992282255,304.628372209,2280914.0
2023-02-02 13:30:00,304.647944208,305.166602171,304.496261219,305.063849178,3364688.0
2023-02-02 14:00:00,305.068742178,306.791078055,305.068742178,306.791078055,4666109.0
2023-02-02 14:30:00,306.791567354,306.967226042,304.090142248,304.2037577,3974800.0
2023-02-02 15:00:00,304.174301842,304.364150228,301.741502416,301.868720407,6114197.0
2023-02-02 15:30:00,301.878506406,303.718274274,301.193486455,303.3561923,4994214.0
2023-02-02 16:00:00,303.385550298,305.088314176,302.739674344,305.049170179,8909628.0
2023-02-03 10:00:00,298.414262654,302.759246343,298.022822682,302.035082395,10943911.0
2023-02-03 10:30:00,302.035082395,304.61858621,300.753116486,303.287690305,10406211.0
2023-02-03 11:00:00,303.287690305,305.205746168,302.886464334,303.933566259,6232678.0
2023-02-03 11:30:00,303.944037278,305.078528177,303.91399426,304.833878195,2787336.0
2023-02-03 12:00:00,304.833878195,305.704832132,303.101756318,303.297476304,4540087.0
2023-02-03 12:30:00,303.268118307,304.863236192,303.023468324,304.550084215,2732723.0
2023-02-03 13:00:00,304.550084215,304.775162199,301.947008401,302.142728387,2838235.0
2023-02-03 13:30:00,302.162300386,302.328662374,300.850976479,301.320704446,5108450.0
2023-02-03 14:00:00,301.26198845,301.517696612,299.520080575,300.899906476,4290861.0
2023-02-03 14:30:00,300.880334477,301.046500745,299.691335562,300.293174519,3015906.0
2023-02-03 15:00:00,300.273602521,300.97819447,299.148212601,299.422220582,3431218.0
2023-02-03 15:30:00,299.394428344,300.400820512,298.619768639,299.764730557,4743295.0
2023-02-03 16:00:00,299.774516556,300.224672524,299.069924607,299.627726567,6208175.0
2023-02-06 10:00:00,297.014864754,298.433834652,296.838716766,297.983678685,5730922.0
2023-02-06 10:30:00,298.022822682,298.972064614,296.192840813,296.393453798,4619495.0
2023-02-06 11:00:00,296.398346798,298.296830662,295.752470844,298.140254673,3498657.0
2023-02-06 11:30:00,298.150040673,299.109068604,297.611810711,298.962278615,2807282.0
2023-02-06 12:00:00,298.962278615,299.363504586,297.504164719,297.703799105,2478223.0
2023-02-06 12:30:00,297.690098706,298.061966679,297.230156738,297.592238713,1952901.0
2023-02-06 13:00:00,297.611810711,298.394690655,297.611810711,297.817316696,1508776.0
2023-02-06 13:30:00,297.846674694,297.90539069,296.868074764,297.120162106,1720744.0
2023-02-06 14:00:00,297.122510746,297.533522717,296.868074764,297.48948572,1280473.0
2023-02-06 14:30:00,297.48459272,298.512122647,297.465020722,297.924277669,2148534.0
2023-02-06 15:00:00,297.920265409,297.954320687,297.06379475,297.513950718,1919264.0
2023-02-06 15:30:00,297.533522717,297.611810711,296.292658005,296.437392935,2190137.0
2023-02-06 16:00:00,296.457062794,297.513950718,296.016692825,297.093152748,4578644.0
2023-02-07 10:00:00,296.965934757,298.150040673,296.603852783,296.78978677,5963860.0
2023-02-07 10:30:00,296.780000771,297.425876724,296.290700806,296.78469805,4014587.0
2023-02-07 11:00:00,296.777945711,297.719456703,296.711498776,297.191012741,2680435.0
2023-02-07 11:30:00,297.191012741,298.438727652,297.191012741,298.228328667,3241712.0
2023-02-07 12:00:00,298.218542668,299.069924607,298.208756668,298.526801646,2515077.0
2023-02-07 12:30:00,298.531694645,298.88399062,297.709670704,297.846674694,1536710.0
2023-02-07 13:00:00,297.846674694,303.414908296,297.797744698,302.534168359,8144531.0
2023-02-07 13:30:00,302.553740358,303.052826322,297.895604691,297.939641688,7578872.0
2023-02-07 14:00:00,297.934748688,297.934748688,295.850330837,297.151868744,7185131.0
2023-02-07 14:30:00,297.161654743,300.528038503,297.095109948,299.970823702,5127538.0
2023-02-07 15:00:00,299.980022542,301.81979041,299.803874554,301.552339049,3746103.0
2023-02-07 15:30:00,301.506638433,302.79839034,300.606326497,302.739674344,3798176.0
2023-02-07 16:00:00,302.734781345,304.373936227,302.299304376,303.248546308,8225365.0
2023-02-08 10:00:00,301.937222402,302.876678335,300.733544488,301.594712426,6723304.0
2023-02-08 10:30:00,301.594712426,302.38737837,300.547610501,300.909692475,4851704.0
2023-02-08 11:00:00,300.880334477,300.880334477,299.216714596,299.490722577,5394981.0
2023-02-08 11:30:00,299.466257578,299.671763564,297.318230732,297.729144843,4465410.0
2023-02-08 12:00:00,297.709670704,298.88399062,297.288872734,298.795916626,4996538.0
2023-02-08 12:30:00,298.805702626,299.148212601,297.915176689,298.992615212,3695756.0
2023-02-08 13:00:00,299.001422612,299.295002591,297.90539069,299.050352608,2213074.0
2023-02-08 13:30:00,299.060138608,299.784302556,298.590410641,298.590410641,2432753.0
2023-02-08 14:00:00,298.570838643,298.668698636,297.787958699,298.492550648,2528711.0
2023-02-08 14:30:00,298.502336647,299.285216591,298.032608681,298.424048653,3407251.0
2023-02-08 15:00:00,298.435791852,298.766558629,297.729242703,298.453406651,2077893.0
2023-02-08 15:30:00,298.46319265,298.531694645,297.171440743,297.650954708,2961958.0
2023-02-08 16:00:00,297.650954708,298.414262654,297.523736717,297.856460694,6939923.0
2023-02-09 10:00:00,302.230802381,302.37759237,300.117026532,301.046696465,5728306.0
2023-02-09 10:30:00,301.056482465,301.849148408,299.764730557,299.803874554,3762569.0
2023-02-09 11:00:00,299.803874554,300.811832482,299.617940568,300.586754498,2654936.0
2023-02-09 11:30:00,300.586754498,300.596540498,298.531694645,298.844846623,3180730.0
2023-02-09 12:00:00,298.874204621,299.226402736,298.335974659,298.913348618,2567676.0
2023-02-09 12:30:00,298.88399062,299.715800561,298.786130627,298.913348618,2012846.0
2023-02-09 13:00:00,298.899941799,298.972064614,296.965934757,297.968999686,3487789.0
2023-02-09 13:30:00,297.954320687,298.159826672,297.259514736,297.778172699,2156940.0
2023-02-09 14:00:00,297.797744698,298.453406651,296.770214771,297.044222752,2248893.0
2023-02-09 14:30:00,297.034436752,297.357374729,296.026478825,296.075408821,3490444.0
2023-02-09 15:00:00,296.046050823,296.662568779,295.869902836,296.192840813,2329613.0
2023-02-09 15:30:00,296.192840813,296.202626812,294.480290935,294.670824341,3957067.0
2023-02-09 16:00:00,294.646652923,296.046050823,293.775698986,295.224026882,8085673.0
2023-02-10 10:00:00,293.071107036,294.480290935,292.532877074,293.29618502,6469796.0
2023-02-10 10:30:00,293.364687015,295.11638089,291.847857123,294.216068954,6658300.0
2023-02-10 11:00:00,294.206282955,294.803228912,292.425231082,293.027070039,3442461.0
2023-02-10 11:30:00,293.002605041,293.658364854,292.630737067,292.934103046,2813899.0
2023-02-10 12:00:00,292.934103046,293.022177039,291.710853133,291.798927127,2303157.0
2023-02-10 12:30:00,291.818499126,291.989754113,290.888829192,291.436845153,3118582.0
2023-02-10 13:00:00,291.417273154,292.386087085,291.319413161,292.307799091,1998999.0
2023-02-10 13:30:00,292.31758509,293.844200981,292.1707951,293.208111026,3079981.0
2023-02-10 14:00:00,293.237469024,293.335329017,292.31758509,292.346943088,1754286.0
2023-02-10 14:30:00,292.356729087,292.640523067,291.935931117,292.004433112,2290254.0
2023-02-10 15:00:00,292.014219112,292.904745048,291.769569129,292.797099056,2029783.0
2023-02-10 15:30:00,292.806885055,293.208111026,292.165902101,292.474161079,2348011.0
2023-02-10 16:00:00,292.483947078,293.805056983,292.435017081,293.286399021,8216322.0
2023-02-13 10:00:00,294.68579692,296.192840813,293.511477004,296.09498082,5008325.0
2023-02-13 10:30:00,296.104766819,296.388560799,295.028306896,296.071396561,3847046.0
2023-02-13 11:00:00,296.070515821,297.200798741,295.742684845,296.78978677,2796809.0
2023-02-13 11:30:00,296.843609766,297.836888695,296.843609766,297.543308716,3576264.0
2023-02-13 12:00:00,297.562880715,298.179398671,297.024650753,297.708594244,2180748.0
2023-02-13 12:30:00,297.709670704,298.257686665,297.641168709,297.944534687,1476097.0
2023-02-13 13:00:00,297.944534687,298.267472664,297.651052568,297.856460694,1258367.0
2023-02-13 13:30:00,297.856460694,298.32618866,297.279086735,298.228328667,2014298.0
2023-02-13 14:00:00,298.228328667,298.570838643,297.827396276,298.404476654,1858740.0
2023-02-13 14:30:00,298.424048653,298.561052643,297.436641324,297.520800918,2127788.0
2023-02-13 15:00:00,297.533522717,297.602024712,296.633210781,297.228199539,2822464.0
2023-02-13 15:30:00,297.239942738,297.719456703,296.575669105,297.602024712,2173962.0
2023-02-13 16:00:00,297.592238713,298.110896675,297.288872734,297.983678685,5954389.0
2023-02-14 10:00:00,296.408132797,299.44179258,294.470504936,299.060138608,9638045.0
2023-02-14 10:30:00,299.089496605,301.134770459,299.089496605,299.216714596,6467149.0
2023-02-14 11:00:00,299.226500596,299.598368569,295.243598881,296.819144768,6795530.0
2023-02-14 11:30:00,296.809358769,298.18918467,296.180706173,296.349416801,4139252.0
2023-02-14 12:00:00,296.359202801,296.476634792,295.11638089,296.310272804,5994937.0
2023-02-14 12:30:00,296.290700806,297.455234722,296.075408821,297.014864754,2493338.0
2023-02-14 13:00:00,297.024650753,297.817316696,296.887646763,297.582452713,1877190.0
2023-02-14 13:30:00,297.577559714,299.940878545,297.513950718,299.02099461,3202187.0
2023-02-14 14:00:00,299.060138608,299.490722577,298.365332657,299.02109247,2057643.0
2023-02-14 14:30:00,299.060138608,299.569010571,297.90539069,299.255858594,2446878.0
2023-02-14 15:00:00,299.246072594,300.342104516,299.221607596,299.852804551,2830918.0
2023-02-14 15:30:00,299.877269549,300.444857508,299.236580175,300.112133532,2079157.0
2023-02-14 16:00:00,300.117026532,300.948836472,299.891948548,300.185528527,5277329.0
2023-02-15 10:00:00,298.375118657,300.224672524,298.130468674,298.60998264,6169843.0
2023-02-15 10:30:00,298.60998264,299.559126712,297.690098706,298.981850613,3397015.0
2023-02-15 11:00:00,299.02099461,299.754944558,298.433834652,298.60019664,3143522.0
2023-02-15 11:30:00,298.590410641,300.302960519,298.502336647,300.244244523,2203680.0
2023-02-15 12:00:00,300.244244523,301.171663676,299.637512566,300.596540498,3210271.0
2023-02-15 12:30:00,300.596540498,300.743330487,299.647298566,299.872474409,2186203.0
2023-02-15 13:00:00,299.833232552,300.596540498,299.666870564,300.175742528,2175720.0
2023-02-15 13:30:00,300.205100526,300.958622472,299.803874554,300.899906476,1451983.0
2023-02-15 14:00:00,300.919478475,301.40877844,300.596540498,301.384313441,1499400.0
2023-02-15 14:30:00,301.389206441,302.24058838,301.359848443,302.005626537,3157578.0
2023-02-15 15:00:00,302.000831397,302.309090375,301.105412461,301.26198845,3575656.0
2023-02-15 15:30:00,301.26198845,301.780646413,301.007552468,301.340276444,2098219.0
2023-02-15 16:00:00,301.330490445,302.651600351,301.26198845,302.485238363,4888705.0
2023-02-16 10:00:00,297.866246693,299.45157858,297.21058474,298.795916626,8689658.0
2023-02-16 10:30:00,298.786130627,300.156170529,298.120878395,299.989808541,5886804.0
2023-02-16 11:00:00,299.970236542,301.291346448,299.911520547,300.772688485,3656382.0
2023-02-16 11:30:00,300.811832482,301.350062444,300.082775534,300.635586635,2808238.0
2023-02-16 12:00:00,300.645470494,301.222844453,300.293174519,300.606326497,2230516.0
2023-02-16 12:30:00,300.576968499,300.97819447,299.745158559,300.84119048,3205705.0
2023-02-16 13:00:00,300.868591278,301.829576409,300.655256493,300.851857219,2469249.0
2023-02-16 13:30:00,300.855869479,301.330490445,300.195314526,300.332318517,2071843.0
2023-02-16 14:00:00,300.275853301,301.340276444,300.136598531,301.085840463,2090080.0
2023-02-16 14:30:00,301.100519462,301.438136437,300.351890515,300.899906476,2650714.0
2023-02-16 15:00:00,300.908224575,301.39899244,300.782474484,300.811832482,2536758.0
2023-02-16 15:30:00,300.821618482,300.939050473,297.562880715,297.562880715,5344227.0
2023-02-16 16:00:00,297.587345713,297.876032692,296.662568779,296.809358769,9920967.0
2023-02-17 10:00:00,294.627080925,295.468676864,292.483947078,293.257041023,8731459.0
2023-02-17 10:30:00,293.247255023,294.9695909,293.14939503,293.795270984,5680330.0
2023-02-17 11:00:00,293.756126987,295.11589159,292.924317046,292.997712041,4338682.0
2023-02-17 11:30:00,292.983033042,293.442975009,292.249083095,292.395873084,5305074.0
2023-02-17 12:00:00,292.415445083,293.208111026,291.955503116,292.610577909,3452434.0
2023-02-17 12:30:00,292.60137907,293.668052993,292.59159307,292.816671054,2831378.0
2023-02-17 13:00:00,292.777527057,292.890555349,291.720639133,292.112079105,1975185.0
2023-02-17 13:30:00,292.131651103,292.963461044,291.945717116,292.1707951,2403969.0
2023-02-17 14:00:00,292.1707951,292.904745048,292.004433112,292.719202501,2847941.0
2023-02-17 14:30:00,292.72859706,293.863772979,292.650309066,293.56804008,2420277.0
2023-02-17 15:00:00,293.560309141,294.822800911,293.555514001,294.676010921,2502536.0
2023-02-17 15:30:00,294.69558292,295.067450893,293.814842983,293.942060974,3418376.0
2023-02-17 16:00:00,293.942060974,294.950018902,293.814842983,294.715154918,6116838.0
2023-02-21 10:00:00,290.898615191,292.337157088,290.624607211,290.888829192,7238991.0
2023-02-21 10:30:00,290.869257193,291.20198117,289.773225272,289.900443263,4445864.0
2023-02-21 11:00:00,289.890657263,290.879043193,289.743867274,289.910229262,3048836.0
2023-02-21 11:30:00,289.920015261,290.291883235,289.128327918,289.283925307,2062014.0
2023-02-21 12:00:00,289.264451168,289.606863284,288.892485335,289.039275324,2333185.0
2023-02-21 12:30:00,289.009917326,289.362213301,288.843555338,288.882797195,1884781.0
2023-02-21 13:00:00,288.897378334,289.597077284,288.804411341,289.528575289,2444781.0
2023-02-21 13:30:00,289.528575289,289.606863284,288.68697935,288.921843333,1792124.0
2023-02-21 14:00:00,288.931629332,289.039275324,288.579333357,288.721230347,2037967.0
2023-02-21 14:30:00,288.735909346,288.735909346,287.973286421,288.295539378,1975316.0
2023-02-21 15:00:00,288.305325377,288.902271334,288.197679385,288.40318537,2559619.0
2023-02-21 15:30:00,288.412971369,288.81615454,287.874741408,288.041103396,2186393.0
2023-02-21 16:00:00,288.060675394,288.481473364,287.600733427,287.737737417,8025189.0
2023-02-22 10:00:00,288.315111376,289.646007281,288.236725522,288.393399371,6653409.0
2023-02-22 10:30:00,288.422757368,288.471687365,286.44598551,286.905927477,4447455.0
2023-02-22 11:00:00,286.896141478,288.158535387,286.29919552,287.864955408,3740602.0
2023-02-22 11:30:00,287.874741408,288.215881343,287.307153448,287.620305426,2571247.0
2023-02-22 12:00:00,287.630091425,288.285753378,287.395227442,288.070461394,2498499.0
2023-02-22 12:30:00,288.099819392,288.618477354,287.620305426,288.295539378,2166030.0
2023-02-22 13:00:00,288.305423237,289.039275324,288.305423237,288.67719335,1383521.0
2023-02-22 13:30:00,288.663492951,289.458018234,288.442329367,289.37219502,1691994.0
2023-02-22 14:00:00,289.3817853,289.499217291,288.706551348,289.034382325,2010682.0
2023-02-22 14:30:00,289.068731182,290.017777394,287.581161429,288.246609381,6478835.0
2023-02-22 15:00:00,288.236823382,288.520617361,286.905927477,286.964643473,4141275.0
2023-02-22 15:30:00,286.964643473,287.953029402,286.759137487,287.219079455,3079540.0
2023-02-22 16:00:00,287.219079455,287.972601401,286.636812496,287.953029402,5828662.0
2023-02-23 10:00:00,291.593421142,291.74999713,290.272311236,291.094335177,8688142.0
2023-02-23 10:30:00,291.113907176,291.456417151,289.51878929,290.125521247,5463089.0
2023-02-23 11:00:00,290.125521247,290.448459224,288.031317396,288.296126537,5445841.0
2023-02-23 11:30:00,288.26618138,288.804900641,287.316939448,287.542017431,4862258.0
2023-02-23 12:00:00,287.551803431,287.786667414,286.328553518,286.371611915,5841085.0
2023-02-23 12:30:00,286.387269514,287.248437452,286.289409521,287.077182465,4507424.0
2023-02-23 13:00:00,287.082075464,287.581161429,286.901034477,287.502873434,2893790.0
2023-02-23 13:30:00,287.512659434,287.933457403,286.945071474,287.590947428,2908623.0
2023-02-23 14:00:00,287.56158943,288.569547358,287.307153448,288.364041373,3171352.0
2023-02-23 14:30:00,288.364041373,290.135307246,288.090033392,289.959159259,4716348.0
2023-02-23 15:00:00,289.959159259,290.673537207,289.910229262,290.096163249,4587167.0
2023-02-23 15:30:00,290.125521247,291.387915156,290.124542647,291.329199161,4851303.0
2023-02-23 16:00:00,291.348771159,291.505347148,290.409315226,290.468031222,6387201.0
2023-02-24 10:00:00,285.516315576,286.700421492,284.596431642,285.075945608,11373264.0
2023-02-24 10:30:00,285.04658761,285.486957578,284.087559679,284.684505636,9691040.0
2023-02-24 11:00:00,284.684505636,284.792151628,283.842909696,284.136489675,5071793.0
2023-02-24 11:30:00,284.146275674,285.33038159,283.852695695,285.017229612,6336972.0
2023-02-24 12:00:00,285.036801611,286.083903536,284.498571649,285.428241583,5377402.0
2023-02-24 12:30:00,285.438027582,285.60438957,284.733435632,284.987871614,2954185.0
2023-02-24 13:00:00,285.017229612,285.289573973,284.175633672,284.332209661,2554603.0
2023-02-24 13:30:00,284.34199566,284.831295625,284.009271684,284.655147638,2749008.0
2023-02-24 14:00:00,284.674719637,285.066159609,284.146275674,284.850867624,2680077.0
2023-02-24 14:30:00,284.850867624,285.193377599,284.567073644,284.929155618,2982669.0
2023-02-24 15:00:00,284.938941618,285.957468425,284.390925657,285.809895555,3382308.0
2023-02-24 15:30:00,285.790323557,286.152405531,285.036801611,285.085731607,4302309.0
2023-02-24 16:00:00,285.085731607,285.731607561,284.35178166,285.60438957,9534819.0
2023-02-27 10:00:00,288.755481345,289.24478131,288.168321387,289.156707316,6279197.0
2023-02-27 10:30:00,289.156707316,290.145093245,288.843555338,289.362213301,4424234.0
2023-02-27 11:00:00,289.362213301,289.391473439,287.493087435,288.138963389,4863954.0
2023-02-27 11:30:00,288.158535387,288.485974924,287.571375429,287.894313406,3232378.0
2023-02-27 12:00:00,287.904099406,288.217251383,287.228865454,288.050889395,3912489.0
2023-02-27 12:30:00,288.080247393,288.152663788,287.375655443,287.874741408,2888692.0
2023-02-27 13:00:00,287.894313406,288.569547358,287.84538341,288.481571224,2178481.0
2023-02-27 13:30:00,288.501045363,288.853341338,288.310218376,288.489302164,1441695.0
2023-02-27 14:00:00,288.510831362,288.706551348,287.933457403,288.706551348,1710715.0
2023-02-27 14:30:00,288.716337347,289.09799132,288.275967379,288.510831362,3032827.0
2023-02-27 15:00:00,288.510831362,288.564654358,287.600733427,287.796355553,2319835.0
2023-02-27 15:30:00,287.786667414,288.021531397,287.336511446,287.767095415,2624576.0
2023-02-27 16:00:00,287.776881415,287.796453413,287.062503466,287.649663424,5287709.0
2023-02-28 10:00:00,287.023359469,288.373827372,286.690635492,287.911928205,5484651.0
2023-02-28 10:30:00,287.913885405,288.647835352,287.179935457,287.356083445,4372938.0
2023-02-28 11:00:00,287.375655443,287.953029402,286.798281485,287.483301436,3267978.0
2023-02-28 11:30:00,287.522445433,288.447222367,287.493087435,288.011745398,2919690.0
2023-02-28 12:00:00,288.011745398,288.090033392,287.326725447,287.776881415,2447448.0
2023-02-28 12:30:00,287.796453413,288.755481345,287.796453413,288.559761359,2351487.0
2023-02-28 13:00:00,288.569547358,289.293711306,288.246609381,289.09799132,2694532.0
2023-02-28 13:30:00,289.09799132,289.51878929,289.029489325,289.499217291,2048846.0
2023-02-28 14:00:00,289.489431292,289.773225272,289.146921317,289.538361289,2442896.0
2023-02-28 14:30:00,289.548147288,289.786925671,289.029489325,289.062761723,2971956.0
2023-02-28 15:00:00,289.078419322,289.342641303,288.559761359,288.637951493,2598650.0
2023-02-28 15:30:00,288.647835352,288.647835352,287.791560414,287.864955408,2856182.0
2023-02-28 16:00:00,287.874741408,288.021531397,287.199507456,287.27779545,8115816.0
2023-03-01 10:00:00,286.984215471,287.639877424,285.849039553,286.974429472,7287541.0
2023-03-01 10:30:00,287.013573469,287.365869444,284.664933637,285.085731607,7661183.0
2023-03-01 11:00:00,285.075945608,286.651491495,284.665912237,285.946899546,5023707.0
2023-03-01 11:30:00,285.937113546,285.937113546,283.989699686,284.684505636,5496437.0
2023-03-01 12:00:00,284.674719637,286.250265524,284.527929647,285.942006546,4931267.0
2023-03-01 12:30:00,285.966471544,286.602561499,285.594603571,285.986043543,3512681.0
2023-03-01 13:00:00,285.986043543,286.485129507,285.790323557,285.88857499,2091752.0
2023-03-01 13:30:00,285.88818355,285.917443688,285.164019602,285.1914204,1677608.0
2023-03-01 14:00:00,285.212949598,285.378822286,284.782365629,285.212949598,2436418.0
2023-03-01 14:30:00,285.222735597,285.340167589,284.508357648,284.557287645,2259606.0
2023-03-01 15:00:00,284.567073644,284.782365629,284.234349668,284.586547783,2317079.0
2023-03-01 15:30:00,284.586645643,285.095517606,284.35178166,284.469213651,3049594.0
2023-03-01 16:00:00,284.459427652,285.203163599,284.390925657,284.968299616,6772903.0
2023-03-02 10:00:00,282.482655793,283.759728702,282.198861814,283.402539728,6225303.0
2023-03-02 10:30:00,283.441683725,284.214777669,282.834951768,283.882053693,4496119.0
2023-03-02 11:00:00,283.92119769,284.263707666,283.402539728,284.038629682,3477584.0
2023-03-02 11:30:00,284.038629682,284.381139658,283.261621338,283.299786735,3428915.0
2023-03-02 12:00:00,283.314465734,283.676547708,283.08938775,283.627617711,2547479.0
2023-03-02 12:30:00,283.635446511,283.93098369,283.353609731,283.725477704,2119720.0
2023-03-02 13:00:00,283.725477704,284.312637662,283.637403711,284.077773679,1944852.0
2023-03-02 13:30:00,284.087461819,284.223585069,283.7841937,283.882053693,1726401.0
2023-03-02 14:00:00,283.882053693,285.87839755,283.847802696,285.834360554,4225935.0
2023-03-02 14:30:00,285.849039553,286.974429472,285.849039553,286.886257618,5527717.0
2023-03-02 15:00:00,286.886355478,287.091861464,286.269739662,286.631919497,2911279.0
2023-03-02 15:30:00,286.631919497,287.189721457,286.260051523,287.052717466,3420395.0
2023-03-02 16:00:00,287.042931467,288.129177389,287.013671329,287.326725447,7784850.0
2023-03-03 10:00:00,289.068633322,290.619909931,288.559761359,290.399529227,7620128.0
2023-03-03 10:30:00,290.370171229,291.231339168,289.014810326,291.220183128,6770939.0
2023-03-03 11:00:00,291.219889548,291.427059154,290.194023242,290.301669234,4480023.0
2023-03-03 11:30:00,290.321241233,290.854578194,289.93958726,290.605035212,3087144.0
2023-03-03 12:00:00,290.614821212,291.378129157,290.233167239,291.172623172,3617618.0
2023-03-03 12:30:00,291.19219517,291.495561149,291.016047183,291.397701156,2072427.0
2023-03-03 13:00:00,291.392808156,292.229511096,291.084549178,292.18048324,2482176.0
2023-03-03 13:30:00,292.1805811,292.464375079,291.887001121,292.200153098,3235483.0
2023-03-03 14:00:00,292.209939098,292.425231082,291.935931117,292.268557233,1823995.0
2023-03-03 14:30:00,292.268655093,293.041749038,292.014219112,293.002605041,2269726.0
2023-03-03 15:00:00,292.997712041,293.188539028,292.797099056,293.090679035,2862465.0
2023-03-03 15:30:00,293.090679035,293.501691005,292.757955058,293.163095429,4702721.0
2023-03-03 16:00:00,293.15918103,293.413617011,292.630737067,293.266827022,9883425.0
2023-03-06 10:00:00,294.499862934,295.351244873,294.196496955,295.021652416,6643876.0
2023-03-06 10:30:00,295.028306896,296.432597795,294.470504936,296.23198481,4357884.0
2023-03-06 11:00:00,296.241868669,297.191012741,296.114552818,296.740856773,5414654.0
2023-03-06 11:30:00,296.740856773,297.49437872,296.496206791,296.618531782,3621591.0
2023-03-06 12:00:00,296.614421662,296.946362759,296.356560581,296.843609766,3137228.0
2023-03-06 12:30:00,296.848502766,297.044222752,296.408132797,296.550029787,3000623.0
2023-03-06 13:00:00,296.554922787,296.554922787,295.057664894,295.370816871,3509794.0
2023-03-06 13:30:00,295.361030872,295.576322857,294.891302906,295.341458874,2863152.0
2023-03-06 14:00:00,295.349776973,295.400174869,294.353072944,294.519434932,2598694.0
2023-03-06 14:30:00,294.539006931,294.950018902,294.206282955,294.441244798,2616637.0
2023-03-06 15:00:00,294.441146938,294.676010921,293.981204971,294.147566959,2645311.0
2023-03-06 15:30:00,294.157352958,294.441146938,293.472333007,293.482119007,3686474.0
2023-03-06 16:00:00,293.491905006,293.971418972,293.403831012,293.599550998,7531565.0
2023-03-07 10:00:00,293.648480995,294.568364929,293.403831012,293.865730179,4363728.0
2023-03-07 10:30:00,293.863772979,293.863772979,290.291883235,291.642351138,11175303.0
2023-03-07 11:00:00,291.642351138,293.540835002,291.045405181,291.084549178,7130930.0
2023-03-07 11:30:00,291.104121177,292.112079105,290.937759189,291.104121177,4445856.0
2023-03-07 12:00:00,291.104121177,292.249083095,290.986689185,291.289957303,4561488.0
2023-03-07 12:30:00,291.290055163,293.354901016,291.182409171,292.652266266,4618883.0
2023-03-07 13:00:00,292.640523067,293.002605041,292.082721107,292.161009101,2914591.0
2023-03-07 13:30:00,292.141437102,292.249083095,291.211767169,291.515133147,3509066.0
2023-03-07 14:00:00,291.515133147,291.798927127,290.017875254,290.370171229,3751060.0
2023-03-07 14:30:00,290.370171229,290.849685195,290.061912251,290.07659125,2863582.0
2023-03-07 15:00:00,290.07414475,290.262623097,289.391571299,289.479645293,3345338.0
2023-03-07 15:30:00,289.489431292,290.252739238,289.420929297,289.636221282,3329935.0
2023-03-07 16:00:00,289.636221282,290.428887225,289.562826287,289.998303256,7399705.0
2023-03-08 10:00:00,290.419101226,291.123693175,289.685151278,290.22338124,5288885.0
2023-03-08 10:30:00,290.21359524,290.908401191,288.569547358,290.448459224,6970487.0
2023-03-08 11:00:00,290.468031222,291.309627162,290.057019252,290.536435357,3930636.0
2023-03-08 11:30:00,290.536533217,291.534705146,290.419101226,290.746051462,2549757.0
2023-03-08 12:00:00,290.761611201,292.043577109,289.900443263,291.818499126,3567448.0
2023-03-08 12:30:00,291.818499126,291.984861114,290.507175219,290.585463214,2728520.0
2023-03-08 13:00:00,290.575677214,290.976903186,289.832919868,290.570784215,2662213.0
2023-03-08 13:30:00,290.605035212,290.7713972,289.626435282,289.724295275,3135519.0
2023-03-08 14:00:00,289.724295275,289.973838257,289.391571299,289.704723277,2723297.0
2023-03-08 14:30:00,289.714509276,290.722467204,289.616649283,290.665806268,2632110.0
2023-03-08 15:00:00,290.663751208,290.957331187,290.21359524,290.286990235,2214511.0
2023-03-08 15:30:00,290.291883235,290.487603221,289.783011271,290.057117111,2626155.0
2023-03-08 16:00:00,290.047233252,291.857643123,290.012982255,291.446631152,6791587.0
2023-03-09 10:00:00,291.945717116,294.176924957,291.583635142,293.878451978,6313327.0
2023-03-09 10:30:00,293.893130977,294.539006931,292.816671054,293.491905006,5226864.0
2023-03-09 11:00:00,293.521263004,294.343286945,293.188539028,293.266827022,3587860.0
2023-03-09 11:30:00,293.276613021,293.609336997,292.792206056,292.846029052,3646280.0
2023-03-09 12:00:00,292.855815051,293.550621002,292.816671054,292.904745048,2525637.0
2023-03-09 12:30:00,292.914531047,292.992819042,291.877215121,292.922359847,3709958.0
2023-03-09 13:00:00,292.924317046,293.051535037,291.280269164,291.681103695,2808429.0
2023-03-09 13:30:00,291.671709136,291.922230718,289.890657263,290.115735247,3409447.0
2023-03-09 14:00:00,290.115735247,290.115735247,288.525510361,288.853341338,5401989.0
2023-03-09 14:30:00,288.833769339,289.068633322,288.070461394,288.412971369,4472784.0
2023-03-09 15:00:00,288.413069229,288.941415331,287.737737417,287.874741408,4919370.0
2023-03-09 15:30:00,287.884527407,288.090033392,285.584719711,286.044759539,7497470.0
2023-03-09 16:00:00,286.054545538,287.385441443,285.809895555,286.397055513,11917819.0
2023-03-10 10:00:00,286.563417501,286.788495485,282.94259776,283.986666026,13402576.0
2023-03-10 10:30:00,283.989699686,285.868611551,283.754835702,284.273493665,7898720.0
2023-03-10 11:00:00,284.283279665,286.592775499,283.999485685,286.475343508,6123918.0
2023-03-10 11:30:00,286.485129507,287.385441443,285.408669584,287.219079455,6488616.0
2023-03-10 12:00:00,287.219079455,288.050889395,285.310809591,285.46738558,5660753.0
2023-03-10 12:30:00,285.506529577,285.868611551,284.293163524,284.850182604,3958107.0
2023-03-10 13:00:00,284.850867624,285.907755548,283.622724712,283.735263704,4221354.0
2023-03-10 13:30:00,283.745049703,284.224563669,282.306507806,282.512013791,5278018.0
2023-03-10 14:00:00,282.482655793,282.653910781,281.308335877,281.601915856,5385704.0
2023-03-10 14:30:00,281.611701856,283.36339573,281.543199861,281.797635842,5520847.0
2023-03-10 15:00:00,281.787849843,284.009271684,281.748705846,283.314465734,6735864.0
2023-03-10 15:30:00,283.314465734,283.813551698,282.260905049,282.893667764,5621879.0
2023-03-10 16:00:00,282.893667764,283.001313756,281.230047883,282.375009801,12533995.0
2023-03-13 10:00:00,280.593957928,284.268600666,279.086914036,283.443347345,13651217.0
2023-03-13 10:30:00,283.480827722,284.90469062,282.502227792,282.844737767,8785515.0
2023-03-13 11:00:00,282.874095765,285.134661604,282.423939798,284.870537482,9332711.0
2023-03-13 11:30:00,284.870537482,287.28758145,284.547501646,287.199507456,8000230.0
2023-03-13 12:00:00,287.14079146,287.639877424,285.663301286,287.00378747,7338044.0
2023-03-13 12:30:00,287.013573469,288.031317396,285.790323557,286.426413511,4824220.0
2023-03-13 13:00:00,286.406841513,287.336511446,285.203163599,285.60438957,5448995.0
2023-03-13 13:30:00,285.594603571,286.211121527,284.498571649,285.208056598,5102887.0
2023-03-13 14:00:00,285.212949598,286.543845503,284.586645643,286.318767519,4463108.0
2023-03-13 14:30:00,286.328553518,287.825811411,286.152405531,287.219079455,4443924.0
2023-03-13 15:00:00,287.219079455,288.168321387,286.485129507,287.248437452,4413026.0
2023-03-13 15:30:00,287.238651453,287.659449423,284.958513616,285.340265449,5278439.0
2023-03-13 16:00:00,285.364632587,286.905927477,284.430069654,284.469213651,9247256.0
2023-03-14 10:00:00,288.011745398,290.037447253,287.913885405,289.323069304,12701920.0
2023-03-14 10:30:00,289.323069304,290.468031222,288.990345328,290.409315226,6384487.0
2023-03-14 11:00:00,290.409315226,290.869257193,289.959159259,290.027661254,4391383.0
2023-03-14 11:30:00,290.017875254,291.378129157,290.008089255,291.182409171,2949110.0
2023-03-14 12:00:00,291.177516171,291.554277144,290.996475184,291.035619182,3351330.0
2023-03-14 12:30:00,291.035619182,291.329101301,290.282097235,290.565891215,2971298.0
2023-03-14 13:00:00,290.575677214,291.290055163,290.335920232,290.685280407,2854312.0
2023-03-14 13:30:00,290.673537207,290.898615191,288.520617361,289.66068628,4371555.0
2023-03-14 14:00:00,289.646007281,290.125521247,288.647835352,288.903249934,3857667.0
2023-03-14 14:30:00,288.892485335,289.411143298,287.70837942,289.24468345,4080303.0
2023-03-14 15:00:00,289.24478131,289.567719287,288.589119357,288.726123347,3080993.0
2023-03-14 15:30:00,288.745695345,289.156707316,287.170149458,288.080247393,4593273.0
2023-03-14 16:00:00,288.070461394,291.387915156,287.816025412,291.006261184,11608666.0
2023-03-15 10:00:00,288.40318537,289.831941268,287.972601401,288.344469374,9462605.0
2023-03-15 10:30:00,288.305325377,289.714509276,287.70837942,288.158535387,6684453.0
2023-03-15 11:00:00,288.109605391,288.990345328,286.964643473,288.82398334,5495262.0
2023-03-15 11:30:00,288.843555338,289.597077284,288.364041373,289.009917326,4937079.0
2023-03-15 12:00:00,289.009917326,290.683323207,288.853341338,289.460073294,4189066.0
2023-03-15 12:30:00,289.450287295,289.827048268,288.109605391,288.608691355,4000262.0
2023-03-15 13:00:00,288.589119357,289.195851313,287.669235422,288.041103396,3764335.0
2023-03-15 13:30:00,288.041103396,290.154879245,287.757309416,290.000260456,4063071.0
2023-03-15 14:00:00,289.978731257,290.536533217,288.892485335,290.135307246,3462554.0
2023-03-15 14:30:00,290.151160565,292.523091075,289.323069304,291.652137137,7464369.0
2023-03-15 15:00:00,291.642351138,292.376301086,290.927973189,292.146330102,5960066.0
2023-03-15 15:30:00,292.161009101,292.865601051,291.123693175,292.395873084,6669046.0
2023-03-15 16:00:00,292.366515086,292.611165069,290.36038523,292.532877074,10475034.0
2023-03-16 10:00:00,291.62277914,293.286399021,290.830113196,293.286399021,7816420.0
2023-03-16 10:30:00,293.257041023,293.668052993,291.994647113,293.031963039,5266317.0
2023-03-16 11:00:00,293.036856038,296.026478825,292.660095065,295.635038853,7664105.0
2023-03-16 11:30:00,295.635038853,297.49437872,295.184882885,297.445448723,8645436.0
2023-03-16 12:00:00,297.425876724,299.03078061,297.142082745,298.521908646,7322721.0
2023-03-16 12:30:00,298.521908646,298.74698663,297.220370739,298.316402661,6299683.0
2023-03-16 13:00:00,298.335974659,299.432006581,297.739028702,299.226500596,6201856.0
2023-03-16 13:30:00,299.236286595,299.539652573,298.335191779,298.976957613,5042481.0
2023-03-16 14:00:00,298.981850613,299.177570599,298.247900666,298.903562619,4599639.0
2023-03-16 14:30:00,298.913348618,299.118854603,298.277258664,299.089496605,3551299.0
2023-03-16 15:00:00,299.079710606,299.627726567,298.277258664,299.529866574,8490587.0
2023-03-16 15:30:00,299.539652573,300.606326497,299.392862584,300.479108506,4763808.0
2023-03-16 16:00:00,300.479108506,300.518252503,299.637512566,300.244244523,12103600.0
2023-03-17 10:00:00,300.156170529,301.438136437,299.754944558,301.046794325,8597404.0
2023-03-17 10:30:00,301.095626462,302.534168359,299.265644593,299.647298566,7801815.0
2023-03-17 11:00:00,299.652191565,300.028952538,297.719456703,298.629554638,12829942.0
2023-03-17 11:30:00,298.619768639,299.177570599,297.181226742,297.758600701,4612312.0
2023-03-17 12:00:00,297.7683867,298.394690655,296.877860764,297.934748688,6876593.0
2023-03-17 12:30:00,297.954320687,298.815488625,297.709670704,298.590410641,3933162.0
2023-03-17 13:00:00,298.590410641,299.520080575,297.924962689,298.482764649,3949425.0
2023-03-17 13:30:00,298.47297865,299.852804551,298.424048653,299.216714596,3566406.0
2023-03-17 14:00:00,299.206928597,299.745158559,298.629554638,299.500508576,2833295.0
2023-03-17 14:30:00,299.510294575,299.970236542,297.739028702,297.856460694,4109568.0
2023-03-17 15:00:00,297.856460694,298.404476654,297.230156738,298.106003676,4442114.0
2023-03-17 15:30:00,298.140254673,299.226500596,297.719456703,299.109068604,5811563.0
2023-03-17 16:00:00,299.099282605,299.1677846,298.071752678,298.825274624,9222924.0
2023-03-20 10:00:00,298.209987364,298.44521512,296.004727154,296.788819673,8682710.0
2023-03-20 10:30:00,296.79862083,297.989461343,296.57319423,297.808139948,5220125.0
2023-03-20 11:00:00,297.788537635,298.866664849,297.288678654,298.709846345,3599083.0
2023-03-20 11:30:00,298.709846345,299.905587437,298.562828998,299.828158301,3584465.0
2023-03-20 12:00:00,299.846780498,299.963806307,297.984560765,298.043367704,3266929.0
2023-03-20 12:30:00,298.043367704,298.268794303,296.828024299,297.749333009,3297124.0
2023-03-20 13:00:00,297.744432431,298.876466006,297.519005832,298.518625782,2925049.0
2023-03-20 13:30:00,298.553027841,299.209705326,298.437374195,298.866664849,2279764.0
2023-03-20 14:00:00,298.866664849,299.36652383,298.636337672,299.111693761,4283923.0
2023-03-20 14:30:00,299.092091448,299.513541177,298.593408606,299.200002181,2525505.0
2023-03-20 15:00:00,299.209705326,299.660558525,298.425612807,299.101892605,2889685.0
2023-03-20 15:30:00,299.082290292,299.435131925,298.670641719,299.072489135,2303979.0
2023-03-20 16:00:00,299.062687979,300.209423288,298.954875257,299.885985124,7163872.0
2023-03-21 10:00:00,301.816812953,302.796928602,301.512977101,302.709208251,5437425.0
2023-03-21 10:30:00,302.71851935,303.2477818,300.807293834,301.189538937,5527057.0
2023-03-21 11:00:00,301.189538937,301.503175945,300.325076935,300.758288052,3040940.0
2023-03-21 11:30:00,300.768089208,301.856017579,300.591668391,301.365959754,2405027.0
2023-03-21 12:00:00,301.346357441,301.699199075,300.302534275,300.748584907,3344061.0
2023-03-21 12:30:00,300.768089208,301.679596762,300.572066078,301.547281149,2438363.0
2023-03-21 13:00:00,301.552181727,302.081444178,301.316953972,301.885421048,2411514.0
2023-03-21 13:30:00,301.88052047,302.542098533,301.694298496,302.444086968,3110814.0
2023-03-21 14:00:00,302.453888124,302.806729758,301.93442683,301.93442683,2174027.0
2023-03-21 14:30:00,301.9638303,302.649911254,301.906003477,302.537197955,1749656.0
2023-03-21 15:00:00,302.571502002,303.483009556,302.542098533,303.27718527,2407599.0
2023-03-21 15:30:00,303.27718527,303.904459285,303.237980644,303.72313789,3415797.0
2023-03-21 16:00:00,303.718237312,304.619943709,303.493790828,304.16909051,8654042.0
2023-03-22 10:00:00,304.100482415,304.639546022,303.581021121,304.33571017,3396043.0
2023-03-22 10:30:00,304.325909014,305.64906514,303.870155237,305.492736694,4094794.0
2023-03-22 11:00:00,305.492246636,305.600059358,304.7571599,305.026691703,3458924.0
2023-03-22 11:30:00,305.021791125,305.306024663,304.414119422,305.168808472,1463981.0
2023-03-22 12:00:00,305.168808472,305.774519943,305.168808472,305.462843167,2137583.0
2023-03-22 12:30:00,305.472644323,305.472644323,304.120084728,304.316107858,1969565.0
2023-03-22 13:00:00,304.316107858,304.639546022,304.16909051,304.521932144,1535446.0
2023-03-22 13:30:00,304.5317333,304.938481295,304.041675476,304.879674356,2444408.0
2023-03-22 14:00:00,304.89437609,305.462843167,304.855171464,305.271720615,1693758.0
2023-03-22 14:30:00,305.315825819,308.177763515,305.110001533,306.736993511,11072731.0
2023-03-22 15:00:00,306.736993511,308.981458347,304.159289354,305.217814255,13555476.0
2023-03-22 15:30:00,305.217814255,306.854607388,302.806729758,305.933298678,11708147.0
2023-03-22 16:00:00,305.933298678,306.129321808,299.866382811,300.033002471,12403207.0
2023-03-23 10:00:00,303.757441938,304.747358743,303.571219964,304.620335755,6563156.0
2023-03-23 10:30:00,304.629744865,306.197929904,304.521932144,305.600059358,5841921.0
2023-03-23 11:00:00,305.614761092,307.3250629,305.345229289,307.089737133,5689982.0
2023-03-23 11:30:00,307.119238614,307.903331133,306.511566911,306.594876741,4056673.0
2023-03-23 12:00:00,306.609578476,307.393670995,306.40375419,306.864310533,3688559.0
2023-03-23 12:30:00,306.854607388,307.207449022,306.129321808,306.844806232,4165114.0
2023-03-23 13:00:00,306.815402762,307.050630518,305.913696365,306.178327591,3045777.0
2023-03-23 13:30:00,306.197929904,306.609578476,304.766961056,305.271720615,4005365.0
2023-03-23 14:00:00,305.288382581,305.982304461,304.492528674,304.629744865,3031352.0
2023-03-23 14:30:00,304.629744865,305.110001533,302.738121663,302.738121663,4440393.0
2023-03-23 15:00:00,302.747922819,303.208577174,300.944510025,302.581303159,6959932.0
2023-03-23 15:30:00,302.581303159,304.325909014,300.905305399,302.424386643,8180815.0
2023-03-23 16:00:00,302.404882342,305.129603846,301.807011796,303.590822277,9969343.0
2023-03-24 10:00:00,303.169372548,303.571219964,301.071925059,303.061559827,7919704.0
2023-03-24 10:30:00,303.100764453,303.546717073,301.532579414,303.100764453,6571674.0
2023-03-24 11:00:00,303.110565609,303.483009556,301.895222204,302.600905472,4229241.0
2023-03-24 11:30:00,302.610706628,302.904741323,300.84649846,301.375760911,4922139.0
2023-03-24 12:00:00,301.375760911,303.375196834,301.032720433,303.198776018,4399642.0
2023-03-24 12:30:00,303.204166654,303.83585119,301.439468428,301.983432613,3824408.0
2023-03-24 13:00:00,301.993233769,303.071360983,301.856017579,302.571502002,2829546.0
2023-03-24 13:30:00,302.591104315,303.306588739,302.111533728,302.934144792,2596108.0
2023-03-24 14:00:00,302.922383405,303.605524012,302.404882342,302.826430083,2443884.0
2023-03-24 14:30:00,302.836133228,303.61042459,302.669513567,303.306588739,2059073.0
2023-03-24 15:00:00,303.316389896,304.149488197,303.198776018,303.73754559,2681220.0
2023-03-24 15:30:00,303.757441938,304.786563369,303.286986426,304.487628096,3457999.0
2023-03-24 16:00:00,304.492528674,304.806165682,303.669231529,304.708154117,5726090.0
2023-03-27 10:00:00,305.404036228,306.482163442,304.5317333,305.707774068,7711976.0
2023-03-27 10:30:00,305.707872079,306.080806084,304.776762213,304.865070633,3813553.0
2023-03-27 11:00:00,304.864972621,304.89437609,303.924061598,304.00247085,3877577.0
2023-03-27 11:30:00,304.012272006,304.178891667,303.110565609,303.698634999,3273350.0
2023-03-27 12:00:00,303.698634999,303.875055815,301.9638303,302.13044996,3194737.0
2023-03-27 12:30:00,302.13044996,303.002752888,301.76780717,302.963548262,2913653.0
2023-03-27 13:00:00,302.953747105,303.032156357,301.826614109,302.385280029,2454223.0
2023-03-27 13:30:00,302.375478872,302.816530915,301.846314434,302.698819025,2401981.0
2023-03-27 14:00:00,302.68911588,303.408618778,302.625408363,302.757723976,2225554.0
2023-03-27 14:30:00,302.738121663,303.649629216,302.346075403,303.32540696,2512539.0
2023-03-27 15:00:00,303.316389896,304.012272006,303.316389896,303.933862754,2448739.0
2023-03-27 15:30:00,303.928962176,304.218194304,303.296787583,303.5766106,3058480.0
2023-03-27 16:00:00,303.561418808,303.659822419,302.032438395,302.620507785,7744317.0
2023-03-28 10:00:00,302.042239552,302.071643021,299.856581655,300.101610567,7458273.0
2023-03-28 10:30:00,300.082008254,301.003316964,299.219506483,300.376042949,4307655.0
2023-03-28 11:00:00,300.380943527,300.472682352,299.082290292,299.239206807,3963716.0
2023-03-28 11:30:00,299.239108796,300.601469548,299.180301857,300.376042949,3465353.0
2023-03-28 12:00:00,300.376042949,300.797492678,300.219224445,300.558246448,3158927.0
2023-03-28 12:30:00,300.562264922,300.670077643,299.596851008,299.738967777,2195472.0
2023-03-28 13:00:00,299.738967777,300.072207097,299.400533843,299.856581655,1772991.0
2023-03-28 13:30:00,299.866382811,300.09180941,299.591950429,299.905587437,1798350.0
2023-03-28 14:00:00,299.905587437,300.140815193,298.713766808,298.83726138,3175361.0
2023-03-28 14:30:00,298.827460223,299.591950429,298.753951549,299.503740021,2267160.0
2023-03-28 15:00:00,299.513541177,300.033002471,299.219506483,299.846780498,1862926.0
2023-03-28 15:30:00,299.856581655,300.356342624,299.802675294,299.974097521,3075420.0
2023-03-28 16:00:00,299.964394376,301.052322746,299.689961994,301.01311812,5286789.0
2023-03-29 10:00:00,304.698352961,305.629462827,304.570937926,305.325626976,6949758.0
2023-03-29 10:30:00,305.325626976,305.737275549,304.541534457,304.766961056,4214129.0
2023-03-29 11:00:00,304.763040593,304.845370308,303.884856972,304.031874319,3795155.0
2023-03-29 11:30:00,304.022073163,304.933580716,304.00247085,304.913978403,2945507.0
2023-03-29 12:00:00,304.913978403,305.394235071,304.874773777,305.374632758,2599977.0
2023-03-29 12:30:00,305.374632758,305.688269766,304.962984186,305.48244548,2010361.0
2023-03-29 13:00:00,305.48244548,305.668765465,304.7571599,304.939167376,1909595.0
2023-03-29 13:30:00,304.928680138,305.830386535,304.72775643,305.805883644,2099342.0
2023-03-29 14:00:00,305.800983066,305.807255806,304.913978403,305.149108148,2567349.0
2023-03-29 14:30:00,305.149206159,305.462843167,304.835569151,305.433439697,1994730.0
2023-03-29 15:00:00,305.443240854,306.227333373,305.345229289,306.129321808,3601156.0
2023-03-29 15:30:00,306.129321808,306.913414327,305.67846861,306.854607388,4631205.0
2023-03-29 16:00:00,306.854607388,307.119238614,306.188128747,306.501765755,9174132.0
2023-03-30 10:00:00,308.97165719,309.314697667,308.285576236,309.275493041,6880004.0
2023-03-30 10:30:00,309.285294198,309.834158961,308.069950793,309.584229471,6874098.0
2023-03-30 11:00:00,309.584229471,309.951772839,308.952054877,309.383305763,4683526.0
2023-03-30 11:30:00,309.398007498,310.030182091,309.128475694,309.275493041,4113016.0
2023-03-30 12:00:00,309.28039362,309.451913858,308.883446782,309.236288415,2941985.0
2023-03-30 12:30:00,309.241188994,309.383305763,308.659490356,308.942253721,3024599.0
2023-03-30 13:00:00,308.942253721,309.00106066,308.300277971,308.589412087,2757428.0
2023-03-30 13:30:00,308.594312665,308.976557769,308.363985488,308.559812595,2107102.0
2023-03-30 14:00:00,308.560008618,308.579610931,307.68770569,308.158161202,5374558.0
2023-03-30 14:30:00,308.154240739,308.97165719,308.060443671,308.912850251,3350502.0
2023-03-30 15:00:00,308.912850251,309.275493041,308.726824301,308.981458347,3100700.0
2023-03-30 15:30:00,308.97165719,309.432311545,308.716827122,309.304896511,2822064.0
2023-03-30 16:00:00,309.324988882,309.55972658,309.099072225,309.402908076,4967930.0
2023-03-31 10:00:00,309.628334675,311.353338217,309.324498824,310.804473454,5763929.0
2023-03-31 10:30:00,310.804473454,311.245525496,310.510438759,310.95139279,3813191.0
2023-03-31 11:00:00,310.941689645,311.921707282,310.873081549,311.578764817,4639559.0
2023-03-31 11:30:00,311.588565973,312.12762958,311.37294053,311.823793729,2863360.0
2023-03-31 12:00:00,311.822715602,312.460868901,311.745384477,312.431073385,2930338.0
2023-03-31 12:30:00,312.431465431,312.995031929,312.29424924,312.962688113,3336424.0
2023-03-31 13:00:00,312.955827303,313.06462014,312.720599548,312.774505908,2877845.0
2023-03-31 13:30:00,312.779406487,312.970529038,312.441266588,312.666693187,2261044.0
2023-03-31 14:00:00,312.666693187,312.892119786,312.343255023,312.808809956,2907909.0
2023-03-31 14:30:00,312.813710534,313.35767472,312.696096656,312.91054596,4597462.0
2023-03-31 15:00:00,312.897020365,313.293967202,312.745102439,313.254762576,2561585.0
2023-03-31 15:30:00,313.254762576,314.499509451,313.225359107,314.440702512,4852167.0
2023-03-31 16:00:00,314.430901355,314.783742989,313.41158108,314.548515233,12772970.0
2023-04-03 10:00:00,312.431465431,313.646808836,312.15703305,312.803909378,6358191.0
2023-04-03 10:30:00,312.813710534,313.80362734,312.558880466,313.627206523,4961351.0
2023-04-03 11:00:00,313.63700768,313.77422387,311.676776382,311.701279273,3834685.0
2023-04-03 11:30:00,311.701279273,312.019816859,311.108407317,311.843396042,3306799.0
2023-04-03 12:00:00,311.843396042,312.083524376,311.363139374,311.892401824,2506679.0
2023-04-03 12:30:00,311.902202981,312.426564853,311.73558332,311.970811076,2021015.0
2023-04-03 13:00:00,311.96100992,312.15703305,311.529759034,311.559162504,2111520.0
2023-04-03 13:30:00,311.549361347,311.745384477,311.216122026,311.284730122,1981440.0
2023-04-03 14:00:00,311.284730122,311.804191416,311.211221448,311.608168286,2180548.0
2023-04-03 14:30:00,311.617969443,311.862018239,311.245525496,311.804191416,1765215.0
2023-04-03 15:00:00,311.809091994,312.843114004,311.76498679,312.794108221,2348902.0
2023-04-03 15:30:00,312.803909378,313.372376454,312.715698969,313.24496142,2589063.0
2023-04-03 16:00:00,313.249861998,314.048656252,313.088142916,313.784025027,6892553.0
2023-04-04 10:00:00,314.225077069,314.489708294,312.931324412,314.117264348,5030004.0
2023-04-04 10:30:00,314.13686666,315.234596187,313.313569515,314.058457409,5511046.0
2023-04-04 11:00:00,314.048656252,314.617123329,313.460586863,313.764422714,3776489.0
2023-04-04 11:30:00,313.764422714,313.784025027,312.392260805,313.129307773,3976115.0
2023-04-04 12:00:00,313.117546386,313.460586863,312.823511691,312.970529038,2714043.0
2023-04-04 12:30:00,312.980330195,313.147047867,311.892401824,312.6862955,2956736.0
2023-04-04 13:00:00,312.651011337,313.009733664,312.372658492,312.730400704,1784156.0
2023-04-04 13:30:00,312.735399294,313.274364889,312.421664275,313.107745229,1688811.0
2023-04-04 14:00:00,313.107745229,313.41158108,312.745690508,312.941125569,2011500.0
2023-04-04 14:30:00,312.941125569,313.127347542,312.166834206,312.209959295,1873547.0
2023-04-04 15:00:00,312.215839988,312.607886248,311.813992572,311.960715885,2146583.0
2023-04-04 15:30:00,311.970811076,312.439306356,311.745384477,311.902202981,2368182.0
2023-04-04 16:00:00,311.902202981,312.813710534,311.505354154,312.725500126,5741955.0
2023-04-05 10:00:00,311.774787946,311.980612233,310.495737024,310.941689645,7690916.0
2023-04-05 10:30:00,310.9319865,311.56896366,309.755749709,309.794954335,6815453.0
2023-04-05 11:00:00,309.785153179,310.137994813,308.344383175,308.373786644,7301674.0
2023-04-05 11:30:00,308.363985488,308.873645625,308.167962358,308.589412087,4260418.0
2023-04-05 12:00:00,308.579610931,309.206884946,308.452195896,308.854043312,3492719.0
2023-04-05 12:30:00,308.854043312,308.912850251,307.873927663,308.040547324,3488997.0
2023-04-05 13:00:00,308.03966522,308.422792427,307.824921881,308.187564671,2462454.0
2023-04-05 13:30:00,308.197365828,308.736429435,308.001342698,308.575690468,2420065.0
2023-04-05 14:00:00,308.569809774,309.118674538,308.540406305,309.05496702,3332996.0
2023-04-05 14:30:00,309.059867599,309.540124267,308.903049095,308.942253721,3807883.0
2023-04-05 15:00:00,308.932452564,309.834158961,308.903049095,309.491118484,3267284.0
2023-04-05 15:30:00,309.496019062,309.500919641,308.677622496,308.991259503,3822180.0
2023-04-05 16:00:00,308.991259503,309.888065322,308.991259503,309.638135832,8429788.0
2023-04-06 10:00:00,307.991541541,308.020945011,306.59977732,307.403472152,5934718.0
2023-04-06 10:30:00,307.413273308,309.005961238,307.320162322,308.466897631,5364763.0
2023-04-06 11:00:00,308.471798209,308.922651408,307.922933446,308.275775079,2779344.0
2023-04-06 11:30:00,308.285576236,309.638135832,308.128757732,309.451913858,2794003.0
2023-04-06 12:00:00,309.451913858,310.755467671,309.295095354,310.64765495,3643048.0
2023-04-06 12:30:00,310.64765495,311.343537061,310.64765495,311.03970121,3197145.0
2023-04-06 13:00:00,311.03970121,311.528778919,310.696660733,310.76036825,2241803.0
2023-04-06 13:30:00,310.784871141,311.490554408,310.569245698,311.216122026,1997251.0
2023-04-06 14:00:00,311.225923183,311.804191416,311.088706992,311.739503783,1990905.0
2023-04-06 14:30:00,311.745384477,312.196237675,311.588565973,312.04431975,2397058.0
2023-04-06 15:00:00,312.04431975,312.215839988,311.617969443,311.686577538,2036336.0
2023-04-06 15:30:00,311.676776382,311.921805294,311.333735904,311.823793729,2536747.0
2023-04-06 16:00:00,311.833594885,312.108027267,311.480753252,311.725782164,6295525.0
2023-04-10 10:00:00,308.80503753,308.97165719,307.021227049,307.476980826,7033544.0
2023-04-10 10:30:00,307.452477934,308.24637161,307.099636301,307.619195606,4195063.0
2023-04-10 11:00:00,307.638699908,308.756031747,307.609296438,308.207166984,3136051.0
2023-04-10 11:30:00,308.226769297,309.500919641,308.226769297,309.304896511,2628809.0
2023-04-10 12:00:00,309.304504465,309.873363587,308.961856034,308.991259503,2516460.0
2023-04-10 12:30:00,308.991259503,309.010861816,308.099354263,308.863844469,3277454.0
2023-04-10 13:00:00,308.858943891,310.548859293,308.834440999,310.407526616,2407509.0
2023-04-10 13:30:00,310.422228351,310.922087332,310.314415629,310.892585851,2356353.0
2023-04-10 14:00:00,310.887783284,310.980894271,310.304614473,310.64765495,2383663.0
2023-04-10 14:30:00,310.67705842,311.308252897,310.490836446,311.049502366,1686231.0
2023-04-10 15:00:00,311.059303523,311.461150939,310.64765495,311.422044324,1932415.0
2023-04-10 15:30:00,311.431747469,311.559162504,310.931888488,310.961291958,1895578.0
2023-04-10 16:00:00,310.961291958,311.59836713,310.892683862,311.549361347,5071061.0
2023-04-11 10:00:00,311.510156721,311.56896366,309.971375152,310.304516461,4726580.0
2023-04-11 10:30:00,310.304614473,310.617271365,309.402908076,310.284424091,3080743.0
2023-04-11 11:00:00,310.265409847,310.314415629,309.148078007,309.304896511,3235472.0
2023-04-11 11:30:00,309.299995933,310.039885236,309.099072225,309.55972658,2684959.0
2023-04-11 12:00:00,309.540124267,309.696942771,309.040265286,309.579328893,2018916.0
2023-04-11 12:30:00,309.569527736,310.25560869,309.527480775,309.834158961,2013371.0
2023-04-11 13:00:00,309.834158961,310.157597126,309.285294198,310.070660867,2004647.0
2023-04-11 13:30:00,310.079187874,310.187000595,309.618533519,310.147795969,1608853.0
2023-04-11 14:00:00,310.157597126,310.696660733,310.049784404,310.637853794,1968560.0
2023-04-11 14:30:00,310.64765495,310.765268828,310.206602908,310.750567093,1806460.0
2023-04-11 15:00:00,310.755467671,310.902485019,310.56434512,310.770169406,1505506.0
2023-04-11 15:30:00,310.765268828,310.902485019,310.392824881,310.67705842,2053618.0
2023-04-11 16:00:00,310.686859576,310.735865358,309.19708379,309.549925423,7442528.0
2023-04-12 10:00:00,311.500355565,312.088424954,308.599213244,309.353902293,8614196.0
2023-04-12 10:30:00,309.353902293,310.726064202,308.878546204,310.618251481,4618403.0
2023-04-12 11:00:00,310.618251481,310.863280393,307.981740385,308.05034848,5788181.0
2023-04-12 11:30:00,308.045447902,308.520411945,307.266255961,308.442492751,4781790.0
2023-04-12 12:00:00,308.44239474,309.657738145,308.07975195,309.500919641,2832903.0
2023-04-12 12:30:00,309.510720797,309.961573996,309.304896511,309.618533519,2363781.0
2023-04-12 13:00:00,309.633235253,309.911882132,309.304896511,309.814556648,1835453.0
2023-04-12 13:30:00,309.824357805,310.373222568,309.309797089,309.971473164,2359761.0
2023-04-12 14:00:00,309.981176309,310.245807534,309.148078007,309.422510389,3097200.0
2023-04-12 14:30:00,309.422510389,309.941971683,308.069950793,308.241471032,4656003.0
2023-04-12 15:00:00,308.236570454,308.236570454,307.413273308,307.85432535,5068318.0
2023-04-12 15:30:00,307.85432535,308.221868719,306.477262864,306.658584259,3398552.0
2023-04-12 16:00:00,306.658584259,307.423074465,306.349847829,306.815402762,6140931.0
2023-04-13 10:00:00,308.569809774,309.843960118,308.383587801,309.510720797,7771162.0
2023-04-13 10:30:00,309.500919641,311.167116244,309.226487259,310.936789067,5784045.0
2023-04-13 11:00:00,310.961291958,311.088706992,310.32509889,310.490150365,3124874.0
2023-04-13 11:30:00,310.490836446,311.225923183,310.490836446,310.961291958,2532946.0
2023-04-13 12:00:00,310.961291958,311.302372204,310.500637603,311.20632087,2199405.0
2023-04-13 12:30:00,311.20632087,311.637571756,311.098508149,311.56896366,2736163.0
2023-04-13 13:00:00,311.559162504,311.636787663,311.167116244,311.392542843,1615380.0
2023-04-13 13:30:00,311.387642265,311.912004137,310.990695427,311.774787946,2092875.0
2023-04-13 14:00:00,311.779688525,312.51967584,311.637571756,312.441266588,2446314.0
2023-04-13 14:30:00,312.451067744,313.04893829,312.299149819,312.715698969,3584888.0
2023-04-13 15:00:00,312.715698969,312.950926725,312.470670057,312.794108221,2290873.0
2023-04-13 15:30:00,312.7990088,313.254762576,312.617687405,313.094905714,4347022.0
2023-04-13 16:00:00,313.088142916,313.293967202,312.598085092,312.823511691,7428040.0
2023-04-14 10:00:00,311.274928965,313.891837748,311.108309305,313.519393802,7600423.0
2023-04-14 10:30:00,313.450785706,313.989849313,311.098508149,311.294531278,6997331.0
2023-04-14 11:00:00,311.353338217,311.657076057,310.706461889,311.333735904,3806062.0
2023-04-14 11:30:00,311.343537061,311.990413389,310.833876923,311.167116244,3360662.0
2023-04-14 12:00:00,311.176917401,311.323934748,310.579046855,311.019510827,2784342.0
2023-04-14 12:30:00,311.020098897,311.029900053,310.275211003,310.530041072,2137154.0
2023-04-14 13:00:00,310.520239916,310.520239916,309.33429998,309.64303641,2657230.0
2023-04-14 13:30:00,309.638135832,310.637853794,309.515621375,309.942069694,3251474.0
2023-04-14 14:00:00,309.951772839,310.684899345,309.412709232,310.530041072,2416107.0
2023-04-14 14:30:00,310.539842229,311.627770599,310.216404064,311.59836713,2499687.0
2023-04-14 15:00:00,311.608168286,312.039419172,311.461150939,311.93160645,4066989.0
2023-04-14 15:30:00,311.941407607,311.96100992,310.667257263,311.725782164,3887180.0
2023-04-14 16:00:00,311.73558332,312.485371792,311.627770599,312.235442301,6734923.0
2023-04-17 10:00:00,311.823793729,312.852817149,311.343537061,311.823695717,5339079.0
2023-04-17 10:30:00,311.813992572,312.539278153,311.255326652,311.588565973,3471403.0
2023-04-17 11:00:00,311.59836713,311.853197198,310.628052637,311.265127809,3153806.0
2023-04-17 11:30:00,311.274928965,311.593466551,310.765268828,310.81427461,2822925.0
2023-04-17 12:00:00,310.81427461,310.81427461,310.059585561,310.432519565,3110829.0
2023-04-17 12:30:00,310.432029507,310.520239916,309.755749709,310.231105799,2397183.0
2023-04-17 13:00:00,310.231105799,310.657456107,310.128193656,310.608450324,2176052.0
2023-04-17 13:30:00,310.598649168,310.990695427,310.343819099,310.833876923,2373200.0
2023-04-17 14:00:00,310.824075767,311.049502366,310.216404064,310.294813316,1570934.0
2023-04-17 14:30:00,310.294813316,310.549643385,310.137994813,310.510438759,1976826.0
2023-04-17 15:00:00,310.515339337,311.470952095,310.45163182,311.382741687,1715973.0
2023-04-17 15:30:00,311.392542843,312.161933628,311.392542843,312.108027267,3301903.0
2023-04-17 16:00:00,312.117828424,312.500073527,311.862998355,312.500073527,5968290.0
2023-04-18 10:00:00,314.607322172,315.028771901,313.715416931,313.940843531,5749559.0
2023-04-18 10:30:00,313.950644687,313.989849313,311.970811076,312.215839988,6028183.0
2023-04-18 11:00:00,312.206136844,312.646992862,311.73558332,312.235442301,3397966.0
2023-04-18 11:30:00,312.235442301,312.696096656,312.068822641,312.451067744,3686440.0
2023-04-18 12:00:00,312.460868901,312.697468818,311.637571756,311.990413389,2421024.0
2023-04-18 12:30:00,312.000214546,312.754903595,311.872799511,312.730400704,1665988.0
2023-04-18 13:00:00,312.735301282,312.833312847,311.990413389,312.215839988,2332187.0
2023-04-18 13:30:00,312.230541723,312.627488561,312.010015702,312.049220328,1731140.0
2023-04-18 14:00:00,312.039419172,312.76460674,311.941407607,312.204764682,2231686.0
2023-04-18 14:30:00,312.186436519,312.617687405,311.882600668,312.451067744,2326765.0
2023-04-18 15:00:00,312.451067744,312.588283935,311.323934748,311.804191416,3315531.0
2023-04-18 15:30:00,311.813992572,312.49027237,311.76498679,312.12762958,2805822.0
2023-04-18 16:00:00,312.12762958,312.774505908,311.686577538,312.51967584,4391398.0
2023-04-19 10:00:00,310.1183925,311.230823761,309.990977465,310.334017942,5190125.0
2023-04-19 10:30:00,310.334017942,311.088706992,310.245807534,310.863280393,3765488.0
2023-04-19 11:00:00,310.873081549,311.608168286,310.735865358,311.363139374,2948487.0
2023-04-19 11:30:00,311.382741687,311.96100992,311.343537061,311.578764817,3229772.0
2023-04-19 12:00:00,311.569747753,312.289348662,311.343537061,312.186436519,2622013.0
2023-04-19 12:30:00,312.186436519,312.725500126,311.96100992,312.607886248,2443649.0
2023-04-19 13:00:00,312.607886248,312.960727882,312.563781044,312.588283935,2076652.0
2023-04-19 13:30:00,312.598085092,313.068540603,312.460868901,312.980330195,2074686.0
2023-04-19 14:00:00,312.990131351,313.039137134,312.539278153,312.980330195,1557926.0
2023-04-19 14:30:00,312.980330195,313.431183393,312.598085092,312.901822931,1759205.0
2023-04-19 15:00:00,312.901920943,312.990131351,312.480471214,312.960727882,1510772.0
2023-04-19 15:30:00,312.960727882,313.195955637,312.676494343,312.857815739,1946705.0
2023-04-19 16:00:00,312.843114004,313.068540603,312.078525786,312.372658492,4654755.0
2023-04-20 10:00:00,309.412709232,311.167116244,309.295095354,310.951490801,6552266.0
2023-04-20 10:30:00,310.941689645,311.794390259,310.755467671,311.353338217,4332411.0
2023-04-20 11:00:00,311.363139374,311.902202981,311.000496584,311.255326652,3297521.0
2023-04-20 11:30:00,311.274928965,311.335304089,310.383023725,311.118110462,4749615.0
2023-04-20 12:00:00,311.118110462,311.755185633,310.686859576,311.436648047,3264611.0
2023-04-20 12:30:00,311.451349782,311.696378694,310.882882706,311.645412681,3035464.0
2023-04-20 13:00:00,311.6472749,312.362857336,311.525838572,312.314831669,3026763.0
2023-04-20 13:30:00,312.32365271,312.921523256,312.117828424,312.715698969,2581440.0
2023-04-20 14:00:00,312.715698969,312.843114004,312.15703305,312.206038832,2892645.0
2023-04-20 14:30:00,312.206038832,312.235442301,310.67705842,310.755467671,4091322.0
2023-04-20 15:00:00,310.765268828,310.868180971,309.785153179,310.324216786,5502048.0
2023-04-20 15:30:00,310.324216786,310.520239916,308.707025965,308.795236373,5638591.0
2023-04-20 16:00:00,308.80503753,310.1183925,308.80503753,309.990977465,8364127.0
2023-04-21 10:00:00,309.628334675,310.010579778,308.138558889,308.182664093,6937688.0
2023-04-21 10:30:00,308.167962358,310.177199439,307.85432535,309.72634624,7954899.0
2023-04-21 11:00:00,309.716545084,309.902767057,308.334582018,309.246089572,5116405.0
2023-04-21 11:30:00,309.255890728,309.961573996,309.206884946,309.765550866,7703264.0
2023-04-21 12:00:00,309.775352022,310.510438759,309.393106919,310.206602908,3087180.0
2023-04-21 12:30:00,310.226205221,310.392824881,309.721445662,309.824357805,2136966.0
2023-04-21 13:00:00,309.829258383,310.1183925,309.628334675,309.946872261,1893762.0
2023-04-21 13:30:00,309.961573996,310.417327773,309.72634624,309.961573996,3071901.0
2023-04-21 14:00:00,309.971375152,310.744000318,309.951772839,310.579046855,4295274.0
2023-04-21 14:30:00,310.598649168,311.088706992,310.598649168,310.726064202,2474700.0
2023-04-21 15:00:00,310.745666515,310.892683862,310.069386717,310.270310425,2277185.0
2023-04-21 15:30:00,310.265409847,310.432029507,309.55972658,310.0056792,2275141.0
2023-04-21 16:00:00,310.020380935,310.432029507,309.696942771,310.314415629,6076050.0
2023-04-24 10:00:00,310.08898903,311.421064209,309.53032311,310.618251481,4557184.0
2023-04-24 10:30:00,310.618251481,310.696660733,309.853761274,310.471332145,3889822.0
2023-04-24 11:00:00,310.476134711,310.554543963,308.452195896,308.824639843,4041842.0
2023-04-24 11:30:00,308.834440999,309.010861816,308.172862936,308.216968141,3025197.0
2023-04-24 12:00:00,308.207166984,308.550207461,307.501483717,307.766114942,3020804.0
2023-04-24 12:30:00,307.775916098,308.324780862,307.579892969,308.305178549,2264329.0
2023-04-24 13:00:00,308.305178549,308.63841787,308.226769297,308.579610931,2114723.0
2023-04-24 13:30:00,308.579610931,308.863844469,308.326741093,308.720747584,2147426.0
2023-04-24 14:00:00,308.726628278,309.471516171,308.648219026,309.344101137,2241248.0
2023-04-24 14:30:00,309.344003125,309.873363587,309.33429998,309.442112702,3332323.0
2023-04-24 15:00:00,309.451913858,309.549925423,308.961856034,309.500919641,1597285.0
2023-04-24 15:30:00,309.510720797,309.755749709,309.324498824,309.437212124,2006414.0
2023-04-24 16:00:00,309.442112702,309.794660301,309.187282633,309.667539301,7344152.0
2023-04-25 10:00:00,308.040547324,308.707025965,307.540688343,307.863342414,4687893.0
2023-04-25 10:30:00,307.834723037,308.373786644,306.854607388,307.119238614,4375359.0
2023-04-25 11:00:00,307.119238614,307.540688343,306.678186572,307.178045553,3591927.0
2023-04-25 11:30:00,307.187846709,307.726910316,306.903613171,307.15844324,3119652.0
2023-04-25 12:00:00,307.15844324,307.15844324,306.384151877,306.443056827,2248378.0
2023-04-25 12:30:00,306.452759972,306.550771537,306.060713713,306.188128747,2372996.0
2023-04-25 13:00:00,306.178327591,306.197929904,305.67974276,306.119520652,3020544.0
2023-04-25 13:30:00,306.129321808,306.570275839,304.92377956,305.565461275,3972354.0
2023-04-25 14:00:00,305.570655888,305.639263984,304.884574934,305.046294016,2374325.0
2023-04-25 14:30:00,305.03649286,305.28642235,304.345511327,304.948282451,3345330.0
2023-04-25 15:00:00,304.953183029,305.266820037,304.47782694,304.610142552,3002303.0
2023-04-25 15:30:00,304.600341396,305.129603846,304.47782694,304.600341396,3523033.0
2023-04-25 16:00:00,304.600341396,304.972785342,303.728038468,303.826050033,9395557.0
2023-04-26 10:00:00,307.207449022,307.540688343,306.01170793,307.452477934,7307715.0
2023-04-26 10:30:00,307.452477934,307.609296438,305.933298678,306.452759972,6311132.0
2023-04-26 11:00:00,306.442958816,307.197647866,306.369450142,307.021227049,3372065.0
2023-04-26 11:30:00,307.021227049,308.295377392,306.952618953,307.820021303,4649465.0
2023-04-26 12:00:00,307.815120724,308.207166984,307.648501064,308.078869846,2348862.0
2023-04-26 12:30:00,308.079653938,308.672721917,307.976839807,308.187564671,3238669.0
2023-04-26 13:00:00,308.187564671,308.216968141,307.12903977,307.320162322,2322311.0
2023-04-26 13:30:00,307.3250629,307.619097595,307.060431675,307.217250179,1717348.0
2023-04-26 14:00:00,307.236852492,307.413273308,306.158725278,306.528816947,2496982.0
2023-04-26 14:30:00,306.531169224,306.608598361,305.913696365,306.545870959,2378695.0
2023-04-26 15:00:00,306.540970381,306.579978984,305.502047793,305.71296868,2664898.0
2023-04-26 15:30:00,305.717673236,305.903895209,305.276621194,305.791181909,3264429.0
2023-04-26 16:00:00,305.796082488,306.168526434,305.149206159,305.668667453,6785658.0
2023-04-27 10:00:00,309.422510389,309.951772839,308.785435217,309.030464129,6818281.0
2023-04-27 10:30:00,309.030464129,310.64765495,308.844242156,310.363421412,5233373.0
2023-04-27 11:00:00,310.363421412,311.270028387,310.216404064,310.539842229,5017139.0
2023-04-27 11:30:00,310.549643385,311.946308185,310.466333555,311.715981007,3919171.0
2023-04-27 12:00:00,311.715981007,311.980612233,311.470952095,311.706179851,2918970.0
2023-04-27 12:30:00,311.725782164,312.343255023,311.696378694,312.15703305,2004718.0
2023-04-27 13:00:00,312.152132471,312.627488561,312.117828424,312.583383357,2133594.0
2023-04-27 13:30:00,312.588283935,312.941125569,312.372658492,312.877418052,1815249.0
2023-04-27 14:00:00,312.877418052,313.63700768,312.877418052,313.264563733,3122060.0
2023-04-27 14:30:00,313.274364889,313.77422387,313.269464311,313.666411149,2371085.0
2023-04-27 15:00:00,313.676212305,314.127065504,313.509592645,314.097662035,4993693.0
2023-04-27 15:30:00,314.097662035,314.479907138,313.911440061,314.195575588,3796700.0
2023-04-27 16:00:00,314.195673599,314.430901355,313.828130231,313.980048157,12362959.0
2023-04-28 10:00:00,313.744820401,314.327989212,312.617687405,313.489990332,7698432.0
2023-04-28 10:30:00,313.470388019,315.45022163,313.029335977,315.435519895,6590848.0
2023-04-28 11:00:00,315.440322462,315.469823943,313.107745229,313.468427788,5797364.0
2023-04-28 11:30:00,313.480189176,313.77422387,312.872517473,313.617405367,4315984.0
2023-04-28 12:00:00,313.617405367,314.646526798,313.60760421,314.55831639,3426999.0
2023-04-28 12:30:00,314.548515233,314.989567275,314.112363769,314.607322172,2504790.0
2023-04-28 13:00:00,314.607322172,315.322806596,314.127065504,315.273800813,2655664.0
2023-04-28 13:30:00,315.268900235,315.430619317,314.72493605,315.28360197,2530850.0
2023-04-28 14:00:00,315.293403126,315.352210065,314.626924485,315.076797568,2658258.0
2023-04-28 14:30:00,315.064938169,315.4796251,314.705333737,315.112081731,2627441.0
2023-04-28 15:00:00,315.121882888,315.331529625,314.715134893,315.288502548,3836660.0
2023-04-28 15:30:00,315.281151681,315.803063264,315.185590405,315.332607752,4331035.0
2023-04-28 16:00:00,315.332607752,316.234314149,315.028771901,316.146103741,6355483.0
2023-05-01 10:00:00,315.685449386,316.351928027,315.352210065,315.940279455,4400584.0
2023-05-01 10:30:00,315.930478298,316.097097958,315.214993874,315.401215848,4059329.0
2023-05-01 11:00:00,315.391414691,316.302922245,315.155892901,316.239214728,3256805.0
2023-05-01 11:30:00,316.244115306,316.459740749,314.705333737,314.92095918,3608435.0
2023-05-01 12:00:00,314.911158023,315.616645267,314.803345302,315.597238978,1945365.0
2023-05-01 12:30:00,315.607040134,316.195109523,315.548233195,316.136302584,2017675.0
2023-05-01 13:00:00,316.146103741,316.881190478,316.146103741,316.783178913,2631223.0
2023-05-01 13:30:00,316.783178913,317.028207825,316.645962722,316.694968504,1751634.0
2023-05-01 14:00:00,316.685167348,317.194827485,316.56755347,316.861588165,2159546.0
2023-05-01 14:30:00,316.851787008,316.939997417,316.17550721,316.302922245,2244216.0
2023-05-01 15:00:00,316.302922245,316.302922245,315.362011222,316.048092176,2559437.0
2023-05-01 15:30:00,316.067694489,316.134636388,315.654477731,315.861870203,2095791.0
2023-05-01 16:00:00,315.886373094,316.185308367,315.342408909,315.783460951,5819897.0
2023-05-02 10:00:00,315.714852855,316.03829102,314.911158023,315.444144913,4699575.0
2023-05-02 10:30:00,315.440420474,315.763858638,313.313569515,313.627206523,6187650.0
2023-05-02 11:00:00,313.632107101,313.632107101,311.882600668,312.019816859,6098089.0
2023-05-02 11:30:00,312.000214546,312.118710528,311.402344,311.823793729,7008328.0
2023-05-02 12:00:00,311.833594885,312.470670057,311.294531278,311.59836713,4764149.0
2023-05-02 12:30:00,311.588565973,312.328553288,311.382741687,312.313851553,2395343.0
2023-05-02 13:00:00,312.308950975,312.88231863,312.264845771,312.745102439,2844429.0
2023-05-02 13:30:00,312.745102439,313.215851985,312.59798708,313.093043494,2181307.0
2023-05-02 14:00:00,313.097944073,313.902324986,312.950926725,313.489990332,2667986.0
2023-05-02 14:30:00,313.499791489,313.529194958,312.627586573,312.872517473,2220016.0
2023-05-02 15:00:00,312.872517473,313.568399584,312.745592497,313.538996115,1986915.0
2023-05-02 15:30:00,313.519393802,313.891837748,313.088142916,313.406680502,3510617.0
2023-05-02 16:00:00,313.41158108,313.431183393,312.696096656,313.029335977,6870070.0
2023-05-03 10:00:00,313.391978767,314.411299042,313.122446964,314.176071286,4476215.0
2023-05-03 10:30:00,314.185872443,314.401497886,313.274266878,313.313569515,3040851.0
2023-05-03 11:00:00,313.293967202,313.989849313,313.264563733,313.396879345,2277860.0
2023-05-03 11:30:00,313.382177611,313.499791489,312.911722099,313.097944073,1907777.0
2023-05-03 12:00:00,313.093043494,313.793826183,312.85291516,313.744820401,1635396.0
2023-05-03 12:30:00,313.744820401,313.764422714,313.127347542,313.705615775,1266010.0
2023-05-03 13:00:00,313.715416931,314.038855096,313.382177611,314.034444575,1508059.0
2023-05-03 13:30:00,314.048656252,314.195673599,313.508122472,314.068258565,1721729.0
2023-05-03 14:00:00,314.078059722,314.195673599,313.735019244,313.940843531,1470507.0
2023-05-03 14:30:00,313.980048157,315.567835508,313.07834176,314.940561493,7138496.0
2023-05-03 15:00:00,314.940561493,316.057893333,312.696096656,314.519111764,11019261.0
2023-05-03 15:30:00,314.519111764,315.214993874,311.559162504,311.59836713,9335038.0
2023-05-03 16:00:00,311.599053211,311.784001034,310.873081549,310.980894271,8941193.0
2023-05-04 10:00:00,310.755467671,310.824075767,309.442112702,309.785153179,5933293.0
2023-05-04 10:30:00,309.790053757,310.383023725,308.922651408,309.006941354,4684609.0
2023-05-04 11:00:00,309.005961238,310.334017942,308.849142734,309.853761274,4192042.0
2023-05-04 11:30:00,309.853761274,311.353338217,309.72634624,310.472214249,4247119.0
2023-05-04 12:00:00,310.461432977,310.794672297,309.644016525,310.00068061,2820257.0
2023-05-04 12:30:00,309.990977465,310.618251481,309.535223688,310.598649168,2336916.0
2023-05-04 13:00:00,310.598649168,310.961291958,310.010579778,310.931888488,1740010.0
2023-05-04 13:30:00,310.941689645,311.725782164,310.706461889,311.358238796,3049433.0
2023-05-04 14:00:00,311.363139374,311.902202981,310.951490801,311.377841109,3031871.0
2023-05-04 14:30:00,311.392542843,311.431747469,310.260509269,310.285894264,2754513.0
2023-05-04 15:00:00,310.275211003,310.569245698,309.824357805,310.236006377,2162459.0
2023-05-04 15:30:00,310.206602908,310.961291958,309.72634624,310.245905546,3424301.0
2023-05-04 16:00:00,310.25560869,310.975993692,309.716545084,309.883164744,5767697.0
2023-05-05 10:00:00,312.137430737,313.401779924,311.774787946,313.352774141,6592630.0
2023-05-05 10:30:00,313.352774141,314.538714077,313.352774141,314.352492103,5492295.0
2023-05-05 11:00:00,314.36229326,315.381613535,314.313287477,314.940561493,3954301.0
2023-05-05 11:30:00,314.950362649,315.293403126,314.538714077,315.263999657,2874220.0
2023-05-05 12:00:00,315.28360197,315.293403126,314.705333737,314.91282422,1657055.0
2023-05-05 12:30:00,314.930760336,315.058175371,314.509310607,314.720035472,2117195.0
2023-05-05 13:00:00,314.734737206,315.249297922,314.489708294,315.205192718,1884732.0
2023-05-05 13:30:00,315.214993874,315.64624476,315.156186935,315.626642447,2359604.0
2023-05-05 14:00:00,315.64624476,316.048092176,315.626642447,316.048092176,1871662.0
2023-05-05 14:30:00,316.03829102,316.518547688,315.817764999,316.398581532,2601627.0
2023-05-05 15:00:00,316.391132653,317.32224252,316.332325714,317.038008982,3473051.0
2023-05-05 15:30:00,317.057611295,317.185026329,316.469541905,316.890991634,3506434.0
2023-05-05 16:00:00,316.900792791,316.971165094,316.195109523,316.469541905,7744751.0
2023-05-08 10:00:00,316.00888755,316.224414981,315.067976527,315.293403126,4955007.0
2023-05-08 10:30:00,315.303204283,315.754057481,315.116982309,315.313005439,3000805.0
2023-05-08 11:00:00,315.322806596,315.930478298,314.925859758,315.734455168,2731609.0
2023-05-08 11:30:00,315.744256325,316.234314149,315.685449386,315.751705204,2806606.0
2023-05-08 12:00:00,315.754057481,316.538150001,315.523730304,316.508746531,1967031.0
2023-05-08 12:30:00,316.508746531,316.577354627,316.17550721,316.372706479,1890395.0
2023-05-08 13:00:00,316.381331497,316.685167348,316.209811258,316.636161565,1777399.0
2023-05-08 13:30:00,316.655763878,317.018406669,316.40093381,316.910593947,1548821.0
2023-05-08 14:00:00,316.93019626,317.302640207,316.93019626,317.075057353,1747960.0
2023-05-08 14:30:00,317.077213607,317.145821703,315.734455168,316.939997417,3441366.0
2023-05-08 15:00:00,316.949798573,317.596674901,316.93019626,317.464359289,1894305.0
2023-05-08 15:30:00,317.464359289,317.537867963,316.871487333,317.018406669,2046435.0
2023-05-08 16:00:00,317.01350609,317.498663337,316.895892212,317.253634424,3553475.0
2023-05-09 10:00:00,315.597238978,316.322524558,315.45022163,316.263717619,4618247.0
2023-05-09 10:30:00,316.278419354,316.459740749,315.469823943,315.636443603,2896253.0
2023-05-09 11:00:00,315.64624476,316.146103741,315.4796251,315.891273672,1654639.0
2023-05-09 11:30:00,315.881472516,316.036134765,315.205192718,315.460022787,2004844.0
2023-05-09 12:00:00,315.460022787,315.695250542,315.107181153,315.20029214,1738022.0
2023-05-09 12:30:00,315.185590405,315.371812378,315.014070166,315.146385779,1823188.0
2023-05-09 13:00:00,315.146385779,315.748274799,315.116982309,315.695250542,1864168.0
2023-05-09 13:30:00,315.704953687,315.822665577,315.469823943,315.577636665,1262236.0
2023-05-09 14:00:00,315.597238978,315.744256325,315.334567984,315.685449386,1593212.0
2023-05-09 14:30:00,315.695250542,315.920677142,315.597238978,315.675648229,1370692.0
2023-05-09 15:00:00,315.690349964,315.778560373,315.136584622,315.431501421,1102799.0
2023-05-09 15:30:00,315.440420474,315.567835508,315.058077359,315.151286357,1718503.0
2023-05-09 16:00:00,315.156186935,315.45022163,314.930760336,315.244397344,6171792.0
2023-05-10 10:00:00,317.675084153,318.870825245,316.616559252,317.910311909,8654187.0
2023-05-10 10:30:00,317.920113066,319.243269192,317.733891092,318.341562795,7403044.0
2023-05-10 11:00:00,318.351363951,318.743410211,316.048092176,316.577354627,5970794.0
2023-05-10 11:30:00,316.587155783,317.728990514,316.56755347,317.645680684,2756458.0
2023-05-10 12:00:00,317.650581262,318.272954699,317.5771706,317.68488531,2717085.0
2023-05-10 12:30:00,317.68488531,317.68488531,316.861588165,317.440934525,2081720.0
2023-05-10 13:00:00,317.420254085,317.773095718,316.636161565,316.861588165,1812941.0
2023-05-10 13:30:00,316.871389321,317.12621939,315.322806596,315.460022787,3088281.0
2023-05-10 14:00:00,315.460022787,316.498945375,315.205192718,316.342126871,3265765.0
2023-05-10 14:30:00,316.332325714,317.577072588,316.312723401,317.243833268,3109009.0
2023-05-10 15:00:00,317.243833268,318.331761638,317.204628642,318.312159325,2911068.0
2023-05-10 15:30:00,318.312159325,319.463795213,318.086732726,319.163781813,4706589.0
2023-05-10 16:00:00,319.159959362,319.52750273,318.478778986,318.674802115,6727841.0
2023-05-11 10:00:00,319.223666879,319.370684226,317.929914222,318.248451808,6112932.0
2023-05-11 10:30:00,318.272954699,319.047246062,318.106335039,318.684603272,4081162.0
2023-05-11 11:00:00,318.674802115,319.027643749,317.675084153,319.027643749,3477859.0
2023-05-11 11:30:00,319.027643749,319.419690009,318.684603272,319.409888852,4195907.0
2023-05-11 12:00:00,319.41478943,319.77743222,319.001180626,319.576508512,2861749.0
2023-05-11 12:30:00,319.586309669,319.860742051,319.027643749,319.517701574,2566125.0
2023-05-11 13:00:00,319.571607934,319.997958242,319.498099261,319.792133955,1604462.0
2023-05-11 13:30:00,319.811736268,319.89014552,319.223666879,319.311877287,2693367.0
2023-05-11 14:00:00,319.311877287,319.72352586,318.449375516,319.223666879,2605475.0
2023-05-11 14:30:00,319.233468035,319.468695791,318.99824028,319.449093478,1392223.0
2023-05-11 15:00:00,319.439292322,320.25278831,319.32334464,320.104790847,2455934.0
2023-05-11 15:30:00,320.105770963,320.213583684,319.650017186,319.870543207,1966244.0
2023-05-11 16:00:00,319.870543207,319.91954899,319.315111669,319.713724703,4232630.0
2023-05-12 10:00:00,320.242987154,320.664436883,319.547105043,319.674520077,4894357.0
2023-05-12 10:30:00,319.664718921,319.938269198,318.684603272,318.794474236,3800133.0
2023-05-12 11:00:00,318.792415993,318.880626402,318.194545447,318.57679055,2687503.0
2023-05-12 11:30:00,318.586591707,319.233468035,318.0475281,318.116136195,3408464.0
2023-05-12 12:00:00,318.116136195,318.797316571,317.85150497,318.743410211,2356398.0
2023-05-12 12:30:00,318.733609054,318.782614837,317.503563915,317.547669119,2476558.0
2023-05-12 13:00:00,317.557470276,317.822101501,316.704769661,316.915494525,2702006.0
2023-05-12 13:30:00,316.910593947,317.949516535,316.724371974,317.547669119,2759344.0
2023-05-12 14:00:00,317.537867963,317.841703814,316.616559252,316.748874865,3505168.0
2023-05-12 14:30:00,316.748874865,317.12621939,316.518547688,316.832184695,2244181.0
2023-05-12 15:00:00,316.822383539,317.381049459,316.616559252,317.283037894,2262914.0
2023-05-12 15:30:00,317.29283905,317.724089936,317.150722281,317.665282997,1787380.0
2023-05-12 16:00:00,317.675084153,318.669901537,317.675084153,318.566989394,5539828.0
2023-05-15 10:00:00,319.037444905,319.3314796,318.067130413,318.106335039,4204660.0
2023-05-15 10:30:00,318.116136195,318.401447861,317.51826565,317.864246474,2721735.0
2023-05-15 11:00:00,317.841703814,318.900228715,317.773095718,318.302358169,2365337.0
2023-05-15 11:30:00,318.29745759,319.537303886,318.263153543,319.360785058,1977550.0
2023-05-15 12:00:00,319.36088307,319.801935112,319.086450688,319.762730486,2269945.0
2023-05-15 12:30:00,319.772531642,319.841139738,319.316777865,319.498001249,1414344.0
2023-05-15 13:00:00,319.498099261,319.929350146,319.253070348,319.914746423,1346519.0
2023-05-15 13:30:00,319.91954899,320.527220692,319.69412239,319.743128173,2808386.0
2023-05-15 14:00:00,319.743226184,319.880344364,319.096251844,319.860742051,2432209.0
2023-05-15 14:30:00,319.870543207,320.125373276,319.752929329,319.870445196,1476800.0
2023-05-15 15:00:00,319.865642629,320.193981371,319.69412239,319.821537425,2117912.0
2023-05-15 15:30:00,319.816636846,320.144975589,319.703923547,320.09557776,2005657.0
2023-05-15 16:00:00,320.095969806,320.399805658,319.978355929,320.291992936,4118705.0
2023-05-16 10:00:00,319.576508512,321.458330559,319.537303886,320.742846135,5802910.0
2023-05-16 10:30:00,320.752647291,321.232903959,319.948952459,321.213301646,3825658.0
2023-05-16 11:00:00,321.208401068,321.860177975,320.6154311,321.526938654,3559186.0
2023-05-16 11:30:00,321.53673981,321.997394165,321.316213789,321.987593009,2327680.0
2023-05-16 12:00:00,321.997394165,322.203218452,321.115290081,322.144411513,2571732.0
2023-05-16 12:30:00,322.154212669,322.252224234,321.747464675,322.056201104,1850194.0
2023-05-16 13:00:00,322.046399948,322.362487245,321.781768723,322.242423078,2033254.0
2023-05-16 13:30:00,322.252224234,322.355136377,321.654353688,321.752365253,1435372.0
2023-05-16 14:00:00,321.771967566,322.159113248,321.644552532,322.134610356,1520591.0
2023-05-16 14:30:00,322.144411513,322.222820765,321.419125933,321.634751375,2008063.0
2023-05-16 15:00:00,321.644552532,322.080703996,321.252408261,321.938587227,1736621.0
2023-05-16 15:30:00,321.936136937,322.075803417,321.526938654,321.95818954,3624194.0
2023-05-16 16:00:00,321.95818954,321.997394165,320.625232257,320.654635726,5659058.0
2023-05-17 10:00:00,321.713160627,322.075803417,320.537021848,320.635033413,5701294.0
2023-05-17 10:30:00,320.625232257,321.644552532,320.595828787,321.487734028,2734563.0
2023-05-17 11:00:00,321.497535184,322.051300526,321.438728246,321.967990696,2810123.0
2023-05-17 11:30:00,321.977791852,322.595264711,321.262307429,322.016996478,4493912.0
2023-05-17 12:00:00,322.016996478,322.565861242,321.84547624,322.418843895,2000531.0
2023-05-17 12:30:00,322.418843895,322.443346786,322.026797635,322.379639269,1174889.0
2023-05-17 13:00:00,322.399241582,323.840011586,322.369838112,323.614584986,4370558.0
2023-05-17 13:30:00,323.624386143,324.624104105,323.624386143,324.535893696,3762095.0
2023-05-17 14:00:00,324.52609254,325.114161929,324.369274036,325.08475846,3400799.0
2023-05-17 14:30:00,325.075055315,325.089659038,324.545694853,324.741815994,2585784.0
2023-05-17 15:00:00,324.761320296,324.839729548,324.104642811,324.173250906,1892723.0
2023-05-17 15:30:00,324.16344975,324.967144582,323.947824307,324.410438893,2717649.0
2023-05-17 16:00:00,324.418279819,324.957343425,324.222256689,324.535893696,7002409.0
2023-05-18 10:00:00,324.927939956,326.456920368,324.908337643,326.349107647,6726403.0
2023-05-18 10:30:00,326.358908804,327.828788242,326.045271796,327.760474182,6204857.0
2023-05-18 11:00:00,327.780076495,328.181923911,327.407632548,328.04470772,4972377.0
2023-05-18 11:30:00,328.025105407,329.054226838,327.985900781,328.887607178,4944371.0
2023-05-18 12:00:00,328.896918277,329.710904323,328.701385205,328.96601643,5534796.0
2023-05-18 12:30:00,328.96601643,329.044425682,327.789877651,328.025105407,4895812.0
2023-05-18 13:00:00,328.034906563,328.368145884,327.819281121,328.181923911,3058819.0
2023-05-18 13:30:00,328.191725067,329.32865922,328.191725067,328.368145884,3486658.0
2023-05-18 14:00:00,328.368145884,328.779794457,327.535047582,327.662462617,2558978.0
2023-05-18 14:30:00,327.667363195,328.319140102,327.358626766,328.119588555,2420768.0
2023-05-18 15:00:00,328.118216393,328.838601395,328.118216393,328.740589831,2546540.0
2023-05-18 15:30:00,328.740589831,329.710904323,328.524964388,329.485477724,3702052.0
2023-05-18 16:00:00,329.475676567,330.779230381,329.397267315,330.563604938,9379605.0
2023-05-19 10:00:00,330.779230381,331.48001307,330.269864278,330.710622285,6525609.0
2023-05-19 10:30:00,330.720423442,331.089731018,329.867722827,330.754727489,5394492.0
2023-05-19 11:00:00,330.749826911,330.985054667,329.88732514,330.347979495,5418489.0
2023-05-19 11:30:00,330.347979495,330.749826911,329.69130201,329.701103167,5844465.0
2023-05-19 12:00:00,329.681500854,330.455792216,328.917010647,329.882424562,6539100.0
2023-05-19 12:30:00,329.88732514,330.210763304,329.211045342,329.544284663,3222309.0
2023-05-19 13:00:00,329.514881193,329.848218526,328.926811804,329.632495071,3401911.0
2023-05-19 13:30:00,329.632495071,330.210763304,329.465875411,330.024639342,2999536.0
2023-05-19 14:00:00,330.034342487,330.093149426,329.318858064,329.338460376,2455497.0
2023-05-19 14:30:00,329.338460376,329.573688132,328.760192144,329.117934355,2678125.0
2023-05-19 15:00:00,329.113033777,329.627594493,328.877806021,329.593290445,3065472.0
2023-05-19 15:30:00,329.583489289,329.779512419,329.220846499,329.343360955,2261452.0
2023-05-19 16:00:00,329.353162111,329.975535548,329.230647655,329.818717044,5366251.0
2023-05-22 10:00:00,329.563886976,331.935766846,329.554085819,331.494714804,6853911.0
2023-05-22 10:30:00,331.504515961,331.739743717,329.916728609,330.89194368,4891696.0
2023-05-22 11:00:00,330.896844258,331.210481266,330.308774869,331.043861606,3316733.0
2023-05-22 11:30:00,331.053662762,331.426106709,330.877241945,331.132072014,2731114.0
2023-05-22 12:00:00,331.122270858,331.298691674,330.377382964,330.671417659,2092226.0
2023-05-22 12:30:00,330.671417659,331.092867388,330.397083289,330.436189903,1583786.0
2023-05-22 13:00:00,330.44599106,330.816964833,330.218604229,330.759628068,971280.0
2023-05-22 13:30:00,330.759628068,331.034060449,330.112751739,330.926149716,2349077.0
2023-05-22 14:00:00,330.936048884,331.396703239,330.896844258,330.896844258,1496799.0
2023-05-22 14:30:00,330.906645415,331.328095144,330.818435006,331.318293987,1878178.0
2023-05-22 15:00:00,331.328095144,331.827954125,331.083066232,331.347697457,2029409.0
2023-05-22 15:30:00,331.347697457,331.484913648,330.681218816,330.92134715,3339524.0
2023-05-22 16:00:00,330.940949463,331.014458136,330.44599106,330.926247728,5689008.0
2023-05-23 10:00:00,329.211045342,330.332101621,329.024823369,330.004939018,4945509.0
2023-05-23 10:30:00,330.004939018,330.357780651,329.426670785,329.799114732,3407774.0
2023-05-23 11:00:00,329.799114732,330.034342487,329.269852281,329.583489289,2389432.0
2023-05-23 11:30:00,329.583489289,330.181359835,329.554085819,330.112751739,1528563.0
2023-05-23 12:00:00,330.122552896,330.210763304,329.671699697,329.916728609,2195808.0
2023-05-23 12:30:00,329.906927453,330.122552896,329.230647655,329.317485902,1905990.0
2023-05-23 13:00:00,329.32865922,329.3962872,327.917292685,328.368145884,4335498.0
2023-05-23 13:30:00,328.37794704,328.951314695,328.133898244,328.181923911,2753844.0
2023-05-23 14:00:00,328.162321598,328.319140102,327.686965508,327.8869091,3182427.0
2023-05-23 14:30:00,327.897690372,328.309338945,326.393212851,326.888171254,4580964.0
2023-05-23 15:00:00,326.878370097,327.29001867,326.584335403,327.113597853,2435032.0
2023-05-23 15:30:00,327.103796697,327.280217514,326.378511117,327.035188601,3085946.0
2023-05-23 16:00:00,327.044989758,327.4860418,326.662744655,326.73135275,8507836.0
2023-05-24 10:00:00,324.780922609,325.584617441,324.281063628,324.800524922,6631520.0
2023-05-24 10:30:00,324.810326078,324.986746895,323.467567639,323.585181517,5830549.0
2023-05-24 11:00:00,323.565579204,323.952724885,323.085322536,323.32545087,3970544.0
2023-05-24 11:30:00,323.340152605,324.624104105,323.006913284,324.153648593,4099336.0
2023-05-24 12:00:00,324.153648593,324.349671723,323.467567639,323.722397708,3439241.0
2023-05-24 12:30:00,323.717497129,324.349671723,323.222538727,323.377593022,4144213.0
2023-05-24 13:00:00,323.389158387,323.928221994,323.281345666,323.849812742,1932208.0
2023-05-24 13:30:00,323.849812742,324.153648593,323.266643931,323.869415055,2328711.0
2023-05-24 14:00:00,323.859613899,324.869133017,323.840011586,324.621653816,3577843.0
2023-05-24 14:30:00,324.633905261,324.927939956,323.869415055,324.006631246,3122391.0
2023-05-24 15:00:00,324.006631246,324.555496009,323.849812742,324.094841654,2364978.0
2023-05-24 15:30:00,324.104642811,325.846798377,323.830210429,325.702231319,4606862.0
2023-05-24 16:00:00,325.721833632,326.28540013,324.761320296,325.05535499,8324259.0
2023-05-25 10:00:00,332.396421201,332.670853583,329.97063497,330.563604938,10843973.0
2023-05-25 10:30:00,330.553803781,331.377100926,330.009839596,330.798832693,5243897.0
2023-05-25 11:00:00,330.80863385,331.955369159,330.347979495,331.886761064,4132696.0
2023-05-25 11:30:00,331.906363377,333.160911408,331.749544873,332.621847801,5601429.0
2023-05-25 12:00:00,332.621847801,332.714958787,331.627030417,332.146491711,4927324.0
2023-05-25 12:30:00,332.151392289,333.552957667,332.131789976,333.356934537,4170420.0
2023-05-25 13:00:00,333.347133381,333.445144946,332.719859366,332.874423603,3174554.0
2023-05-25 13:30:00,332.886479026,333.327531068,332.700257053,333.257844845,3230061.0
2023-05-25 14:00:00,333.23932066,333.562758824,332.974689434,333.268724129,2398610.0
2023-05-25 14:30:00,333.278525285,334.229237465,333.092303312,333.356052433,4400283.0
2023-05-25 15:00:00,333.352033959,333.435343789,332.102484518,332.278807323,2954883.0
2023-05-25 15:30:00,332.298409636,333.886196988,332.244503276,333.76858311,3469244.0
2023-05-25 16:00:00,333.778384266,334.062617805,332.881578448,332.964888278,7440034.0
2023-05-26 10:00:00,333.984208553,336.483503458,333.886196988,336.297281484,6811848.0
2023-05-26 10:30:00,336.316883797,338.40453013,336.267878015,338.345723191,5471601.0
2023-05-26 11:00:00,338.355524347,339.943311699,338.139898905,339.600271222,6413088.0
2023-05-26 11:30:00,339.600271222,339.913908229,338.752471185,339.384645779,5491198.0
2023-05-26 12:00:00,339.394446935,340.698000748,339.384645779,340.340258537,4521732.0
2023-05-26 12:30:00,340.345159115,340.835216939,340.188340611,340.786211157,3022115.0
2023-05-26 13:00:00,340.78954355,341.305672451,340.546082823,341.129251634,5016936.0
2023-05-26 13:30:00,341.150814178,341.521297894,340.913626191,341.129349646,2729419.0
2023-05-26 14:00:00,341.13905279,341.286070138,340.737205374,341.099848164,2490191.0
2023-05-26 14:30:00,341.109649321,341.413485172,340.531381088,341.256666668,2395599.0
2023-05-26 15:00:00,341.266467825,341.884038695,341.114549899,341.521297894,2027770.0
2023-05-26 15:30:00,341.540900207,342.300489835,341.486993846,341.776127962,3281341.0
2023-05-26 16:00:00,341.785929119,341.913344153,341.276268981,341.472292111,8658283.0
2023-05-30 10:00:00,345.696590558,346.89233165,343.677552321,344.138206676,14805479.0
2023-05-30 10:30:00,344.12840552,344.780182426,343.099284088,343.726558104,8071392.0
2023-05-30 11:00:00,343.726558104,344.755679535,343.491330348,344.363633276,5156485.0
2023-05-30 11:30:00,344.358732697,344.990907291,343.54033613,344.383235589,4762517.0
2023-05-30 12:00:00,344.388136167,345.118322325,344.187212459,344.470661905,3140136.0
2023-05-30 12:30:00,344.471445997,344.559656405,343.37371647,343.432425398,6410740.0
2023-05-30 13:00:00,343.452125722,344.216615928,342.932664428,344.216615928,3042941.0
2023-05-30 13:30:00,344.216615928,344.231317663,342.658232046,342.785647081,3120765.0
2023-05-30 14:00:00,342.746442455,343.01107368,341.766326806,341.932848455,3149150.0
2023-05-30 14:30:00,341.942747623,343.295307218,341.599707145,343.167892184,3253196.0
2023-05-30 15:00:00,343.167892184,344.12840552,343.158091027,343.657459951,3734746.0
2023-05-30 15:30:00,343.648148852,343.775563886,343.069880619,343.481529192,3427856.0
2023-05-30 16:00:00,343.481529192,343.73635926,342.413203134,343.020874837,5958049.0
2023-05-31 10:00:00,341.442888642,343.628546539,341.315473607,342.560220481,7320017.0
2023-05-31 10:30:00,342.570021638,342.952266741,340.139334828,340.702901327,5898543.0
2023-05-31 11:00:00,340.702901327,341.56050252,340.433369523,341.0018366,4718867.0
2023-05-31 11:30:00,341.0018366,341.090047008,339.943311699,340.002118638,3237482.0
2023-05-31 12:00:00,339.992317481,340.874421565,339.619873534,340.541182245,3347921.0
2023-05-31 12:30:00,340.550983401,340.982234287,339.894403928,339.913908229,2481172.0
2023-05-31 13:00:00,339.913516183,340.501977619,339.639475847,340.252048128,2283564.0
2023-05-31 13:30:00,340.256948706,341.207660886,340.070726733,341.207660886,2051711.0
2023-05-31 14:00:00,341.217462042,342.2857881,341.16845626,341.854537214,3705621.0
2023-05-31 14:30:00,341.834934901,342.177975378,341.442888642,341.932946466,2704035.0
2023-05-31 15:00:00,341.942649611,342.021156875,340.933130493,341.414465288,5340844.0
2023-05-31 15:30:00,341.423286329,341.462490955,340.648994966,341.188058573,3359740.0
2023-05-31 16:00:00,341.197859729,342.070162657,340.560784558,341.070444695,14747484.0
2023-06-01 10:00:00,340.815614626,341.442888642,339.766890882,341.13905279,6411309.0
2023-06-01 10:30:00,341.148853947,341.883940684,340.266749863,340.952830817,4985763.0
2023-06-01 11:00:00,340.952830817,342.883658646,340.629392653,342.266185787,4580942.0
2023-06-01 11:30:00,342.275986943,343.349213579,341.981952249,342.883658646,2669617.0
2023-06-01 12:00:00,342.873857489,343.844171982,342.785647081,343.834370825,2494053.0
2023-06-01 12:30:00,343.829470247,344.804685318,343.829470247,344.608662188,2614759.0
2023-06-01 13:00:00,344.608662188,344.8536911,344.334229806,344.765480692,2072751.0
2023-06-01 13:30:00,344.775281848,345.010509604,344.400387612,344.540054092,2510043.0
2023-06-01 14:00:00,344.559656405,345.348649503,344.353832119,345.343748925,2177562.0
2023-06-01 14:30:00,345.343748925,345.647584776,345.069218531,345.422158177,2951902.0
2023-06-01 15:00:00,345.422158177,345.931818314,345.167328108,345.765198654,2923563.0
2023-06-01 15:30:00,345.765100642,346.33366573,345.177129264,345.255734539,3400715.0
2023-06-01 16:00:00,345.260439094,345.333947768,344.079399737,345.010509604,7124982.0
2023-06-02 10:00:00,346.764916616,348.754551383,345.157526951,345.294743142,9623494.0
2023-06-02 10:30:00,345.294743142,346.657103894,345.010509604,346.294461104,5469682.0
2023-06-02 11:00:00,346.294461104,347.921453082,345.80440328,347.794528105,4322068.0
2023-06-02 11:30:00,347.81364036,348.235090089,347.465699305,347.81364036,3340569.0
2023-06-02 12:00:00,347.823441517,348.078271585,347.166764032,347.794038047,3063930.0
2023-06-02 12:30:00,347.798938625,347.901850769,347.019746684,347.45099757,3072735.0
2023-06-02 13:00:00,347.46040668,348.293897028,347.303882211,347.941055395,1785135.0
2023-06-02 13:30:00,347.950758539,348.235090089,347.602915496,348.097873898,1788731.0
2023-06-02 14:00:00,348.097873898,348.137078524,347.558810291,347.774435734,1356978.0
2023-06-02 14:30:00,347.794038047,347.941055395,346.843325868,347.470599883,2835595.0
2023-06-02 15:00:00,347.470599883,348.048868116,347.382389475,347.794038047,1674286.0
2023-06-02 15:30:00,347.803839204,348.137078524,347.514705087,347.549009135,2312856.0
2023-06-02 16:00:00,347.539207978,347.892049612,347.294277078,347.598014917,6728869.0
2023-06-05 10:00:00,347.382389475,349.362223086,347.382389475,348.06856844,6188578.0
2023-06-05 10:30:00,348.146879681,349.117194173,347.911651925,348.308598763,3921960.0
2023-06-05 11:00:00,348.313499341,349.837579175,348.107675055,349.670959515,4113649.0
2023-06-05 11:30:00,349.695462406,349.999298257,349.185802269,349.857181488,3147382.0
2023-06-05 12:00:00,349.862082067,350.234526013,349.726826107,349.783574803,2041742.0
2023-06-05 12:30:00,349.793473971,350.332537578,349.278913255,350.013999992,2171047.0
2023-06-05 13:00:00,350.038502883,350.312935265,349.788573393,350.303134109,1737905.0
2023-06-05 13:30:00,350.303134109,350.386443939,349.200504003,349.391626555,2525861.0
2023-06-05 14:00:00,349.401427712,349.548445059,348.382107437,348.911369887,2491844.0
2023-06-05 14:30:00,348.935872778,349.058289223,348.17628315,348.514423049,2401889.0
2023-06-05 15:00:00,348.519323627,348.578130566,346.823723555,348.342902811,4963900.0
2023-06-05 15:30:00,348.342902811,348.470317845,346.813922398,347.931254238,3835530.0
2023-06-05 16:00:00,347.941055395,348.313499341,347.705827639,347.84304383,4717593.0
2023-06-06 10:00:00,347.235372127,347.274576753,345.912216001,346.891939604,5641726.0
2023-06-06 10:30:00,346.89233165,347.745032265,346.412172994,347.460700715,3976178.0
2023-06-06 11:00:00,347.449919443,348.342902811,347.25497444,347.990061177,2898079.0
2023-06-06 11:30:00,348.00966349,348.230189511,346.764916616,347.294179066,3731177.0
2023-06-06 12:00:00,347.294179066,348.548727097,347.243801122,348.440914375,2315500.0
2023-06-06 12:30:00,348.450715532,348.744750227,347.803839204,347.999862333,1746362.0
2023-06-06 13:00:00,347.999862333,348.166481994,346.461080765,346.578694642,2871157.0
2023-06-06 13:30:00,346.588495799,347.725429952,346.539490016,347.519605665,2628296.0
2023-06-06 14:00:00,347.509804509,347.705827639,346.745314303,347.049150154,2085387.0
2023-06-06 14:30:00,347.049150154,347.588213761,346.872729337,347.578412604,1418522.0
2023-06-06 15:00:00,347.578412604,347.901850769,347.274576753,347.833242673,1387893.0
2023-06-06 15:30:00,347.84304383,348.264493559,347.84304383,347.931842307,2470934.0
2023-06-06 16:00:00,347.950856551,348.225288933,347.245173284,347.784236891,5394706.0
2023-06-07 10:00:00,348.068470429,350.01890057,348.068470429,348.988504989,6523853.0
2023-06-07 10:30:00,348.970176826,349.166199956,346.637501581,347.039348997,5577879.0
2023-06-07 11:00:00,347.034448419,347.343184849,344.638065657,345.24201292,5764144.0
2023-06-07 11:30:00,345.260439094,345.77499981,344.706673753,345.559374367,3470771.0
2023-06-07 12:00:00,345.554473789,346.088636818,344.089200894,344.206814772,4370407.0
2023-06-07 12:30:00,344.216615928,344.843889944,342.864056333,343.20709681,4513941.0
2023-06-07 13:00:00,343.226699123,344.148007833,343.079681775,343.256102592,3907889.0
2023-06-07 13:30:00,343.261003171,343.726558104,342.354396195,342.849354598,4528112.0
2023-06-07 14:00:00,342.854255176,343.060471509,342.08976497,342.903260959,4543067.0
2023-06-07 14:30:00,342.903260959,343.706955791,342.805249394,343.139272807,3404884.0
2023-06-07 15:00:00,343.148289871,343.197295653,342.08976497,342.873857489,3727258.0
2023-06-07 15:30:00,342.873857489,343.079681775,342.001554562,342.442606604,4016752.0
2023-06-07 16:00:00,342.447507182,342.64843089,341.256666668,341.883940684,10749362.0
2023-06-08 10:00:00,342.177975378,343.584441335,341.952548779,343.128687558,6716527.0
2023-06-08 10:30:00,343.138488714,344.187212459,342.84445402,343.971587016,4637526.0
2023-06-08 11:00:00,343.986288751,345.068336427,343.559938443,345.010509604,3520991.0
2023-06-08 11:30:00,345.02031076,345.873011375,344.941901509,345.814204436,3491319.0
2023-06-08 12:00:00,345.814204436,346.382671513,345.529970898,345.912216001,3161338.0
2023-06-08 12:30:00,345.912216001,346.588495799,345.520169741,346.539490016,2281784.0
2023-06-08 13:00:00,346.534589438,346.568893486,345.343748925,345.596324727,2697408.0
2023-06-08 13:30:00,345.588777837,345.863210219,344.922299196,345.088918856,2265238.0
2023-06-08 14:00:00,345.088918856,345.160859345,344.148007833,344.765480692,2754862.0
2023-06-08 14:30:00,344.775281848,345.41235702,344.520353768,345.275140829,1939519.0
2023-06-08 15:00:00,345.275140829,345.784800967,345.275140829,345.65787599,1586517.0
2023-06-08 15:30:00,345.650035065,346.108239131,345.549573211,345.765198654,1889687.0
2023-06-08 16:00:00,345.77499981,346.407174404,345.618181306,346.127841444,5876573.0
2023-06-09 10:00:00,347.578412604,350.107110979,347.470599883,349.744468189,7410038.0
2023-06-09 10:30:00,349.773871658,350.548163021,349.519041589,350.126713292,4819557.0
2023-06-09 11:00:00,350.126713292,350.361941048,347.539207978,348.235090089,5983783.0
2023-06-09 11:30:00,348.244891246,349.519041589,347.274674765,347.333383692,4748101.0
2023-06-09 12:00:00,347.333383692,347.931254238,346.854499186,346.862928181,4243246.0
2023-06-09 12:30:00,346.882530494,347.529406822,346.186648383,346.549291173,3289489.0
2023-06-09 13:00:00,346.551741462,347.382389475,346.010227566,347.362787162,2759300.0
2023-06-09 13:30:00,347.362787162,348.119436443,347.25497444,348.097873898,2052070.0
2023-06-09 14:00:00,348.097579864,348.832960635,347.990061177,348.691823982,2509605.0
2023-06-09 14:30:00,348.685943288,348.832960635,348.068470429,348.37230628,1914766.0
2023-06-09 15:00:00,348.382107437,348.391908593,347.558810291,348.084152279,2167115.0
2023-06-09 15:30:00,348.097873898,348.146879681,347.205968658,347.627418387,2328187.0
2023-06-09 16:00:00,347.637219543,347.81364036,347.01004354,347.45099757,5443104.0
2023-06-12 10:00:00,349.107393017,349.440632337,348.56832941,348.881966418,4861021.0
2023-06-12 10:30:00,348.891767574,349.254410364,348.137078524,349.156398799,3352245.0
2023-06-12 11:00:00,349.166199956,349.758189808,348.813358322,348.9309722,2744469.0
2023-06-12 11:30:00,348.922543205,349.48963812,348.597732879,349.343502877,2303698.0
2023-06-12 12:00:00,349.352421929,350.312935265,349.352421929,350.175719074,2845121.0
2023-06-12 12:30:00,350.175719074,350.205122544,349.724865876,350.0420313,1310724.0
2023-06-12 13:00:00,350.058007185,350.391344517,349.960093631,350.254128326,1679685.0
2023-06-12 13:30:00,350.24432717,350.41094683,350.137200529,350.302153993,1047845.0
2023-06-12 14:00:00,350.312935265,351.224442819,350.195321387,351.195039349,2499214.0
2023-06-12 14:30:00,351.195039349,351.244045132,350.930408124,351.067624315,1709512.0
2023-06-12 15:00:00,351.067624315,352.145751529,351.038220845,352.08694459,2089379.0
2023-06-12 15:30:00,352.0963537,353.116066021,351.841915678,352.606405884,4047069.0
2023-06-12 16:00:00,352.577002414,353.419901872,352.400581597,353.321890308,7765631.0
2023-06-13 10:00:00,356.066214125,356.869908957,354.056977044,354.302005957,8544753.0
2023-06-13 10:30:00,354.326508848,354.948980296,352.871037109,353.606123846,5363469.0
2023-06-13 11:00:00,353.62082558,355.095899632,353.243481056,354.890075346,3111016.0
2023-06-13 11:30:00,354.899876502,356.409254602,354.48822793,355.909297609,3351195.0
2023-06-13 12:00:00,355.93879909,355.992705451,354.997888067,355.027291537,2899384.0
2023-06-13 12:30:00,355.04689385,355.826085791,354.645046434,355.399735483,2220327.0
2023-06-13 13:00:00,355.40953664,356.174026846,355.282121606,356.172654684,2370168.0
2023-06-13 13:30:00,356.174026846,356.477862697,355.252718136,355.887833077,2886556.0
2023-06-13 14:00:00,355.899594464,356.33084535,355.60555977,355.870190995,1952548.0
2023-06-13 14:30:00,355.875091573,356.017208342,354.115783983,354.409818678,3549568.0
2023-06-13 15:00:00,354.409818678,355.507548205,354.076579357,355.321326231,3605628.0
2023-06-13 15:30:00,355.321326231,355.958401403,355.193911197,355.40953664,3689873.0
2023-06-13 16:00:00,355.40953664,356.183828003,355.252718136,356.036810655,6960564.0
2023-06-14 10:00:00,356.046611812,356.742493923,355.056695006,356.634681201,5645430.0
2023-06-14 10:30:00,356.644482358,357.859825762,356.340646506,357.257054638,4512985.0
2023-06-14 11:00:00,357.291358686,358.026445423,357.232551747,357.330563312,4563967.0
2023-06-14 11:30:00,357.330563312,358.908549507,356.959785562,358.467497465,4363681.0
2023-06-14 12:00:00,358.477298621,358.634117125,357.712808415,357.928433858,2163455.0
2023-06-14 12:30:00,357.918632701,358.291076648,357.310960999,358.00684311,1879289.0
2023-06-14 13:00:00,358.015664151,358.055848892,357.644690377,358.001942531,2050703.0
2023-06-14 13:30:00,358.00684311,358.016644266,356.732692766,357.027609565,2342082.0
2023-06-14 14:00:00,357.041429195,357.271756373,356.595476575,357.046231762,2220127.0
2023-06-14 14:30:00,356.963510001,356.963510001,353.253282212,354.792063781,10506450.0
2023-06-14 15:00:00,354.792063781,357.820621136,354.243199018,356.997323991,8152730.0
2023-06-14 15:30:00,356.997323991,358.879146037,356.174222869,357.193347121,7045945.0
2023-06-14 16:00:00,357.212949434,358.634117125,356.16422569,358.624315969,10028316.0
2023-06-15 10:00:00,357.359966781,359.29079461,356.742493923,358.790935629,7316504.0
2023-06-15 10:30:00,358.800736785,360.427728763,358.389088213,360.305214307,5932112.0
2023-06-15 11:00:00,360.319916041,360.692359988,359.153578419,360.082630043,3290815.0
2023-06-15 11:30:00,360.084688286,360.986394683,359.731846652,360.976593526,4326828.0
2023-06-15 12:00:00,360.96679237,361.682276793,360.594348423,361.251025908,4466969.0
2023-06-15 12:30:00,361.251025908,361.563486777,360.809973866,361.094207404,2263476.0
2023-06-15 13:00:00,361.101264237,361.358838629,360.515939171,361.079505669,2554826.0
2023-06-15 13:30:00,361.084406248,361.251025908,360.202400175,361.231423595,2354992.0
2023-06-15 14:00:00,361.241224751,362.495772782,361.192120957,362.309550809,2548794.0
2023-06-15 14:30:00,362.309550809,362.574182034,361.594066385,362.397761217,3680265.0
2023-06-15 15:00:00,362.407562374,364.377594828,362.329153122,364.063957821,7036306.0
2023-06-15 15:30:00,364.073758977,364.279583263,363.103248461,363.720917343,5600374.0
2023-06-15 16:00:00,363.711116187,363.975747412,362.476170469,362.897620198,12674771.0
2023-06-16 10:00:00,365.308704695,365.436119729,362.035118427,362.679642478,8930443.0
2023-06-16 10:30:00,362.662392442,363.902238738,362.289948496,363.867934691,5112356.0
2023-06-16 11:00:00,363.853232956,363.946343943,362.289948496,362.97602945,13686489.0
2023-06-16 11:30:00,362.97602945,363.965946256,361.790187526,362.231141557,4454489.0
2023-06-16 12:00:00,362.25074387,362.97602945,361.917504549,362.946625981,2999775.0
2023-06-16 12:30:00,362.966130282,363.353373975,362.623187817,363.319069927,3398680.0
2023-06-16 13:00:00,363.328871084,363.92674163,363.113245641,363.632706935,2137401.0
2023-06-16 13:30:00,363.632706935,363.760121969,362.78000632,362.907323343,2671280.0
2023-06-16 14:00:00,362.907421355,363.147549689,362.456568156,362.936824824,2302845.0
2023-06-16 14:30:00,362.927023668,363.054340691,362.2213404,362.476170469,3313090.0
2023-06-16 15:00:00,362.485971626,362.485971626,361.466651351,361.515657133,3076739.0
2023-06-16 15:30:00,361.505855977,361.613570686,360.721763457,361.026089366,5034253.0
2023-06-16 16:00:00,361.074605091,361.77038919,360.172898694,360.613950736,15092108.0
2023-06-20 10:00:00,359.165266872,361.491326942,359.018047881,359.488657924,6452735.0
2023-06-20 10:30:00,359.479334055,360.068210022,357.231790781,357.49668682,4863924.0
2023-06-20 11:00:00,357.496784966,358.232879925,357.14336124,357.663633156,4784618.0
2023-06-20 11:30:00,357.678355056,358.625463903,357.671484836,358.291669375,2967360.0
2023-06-20 12:00:00,358.301582121,358.762868295,358.016958737,358.056217134,2533420.0
2023-06-20 12:30:00,358.046402535,359.930805629,357.899183543,359.852288834,2600991.0
2023-06-20 13:00:00,359.862103433,360.598198392,359.696040411,360.259594711,2229086.0
2023-06-20 13:30:00,360.27431661,360.882821776,359.862103433,360.460794,2285212.0
2023-06-20 14:00:00,360.470608599,360.765046583,359.626651192,359.728624881,1831304.0
2023-06-20 14:30:00,359.74432824,360.492200718,359.606923848,360.480423199,2244883.0
2023-06-20 15:00:00,360.479343593,360.509866997,359.577480049,360.017959272,1681014.0
2023-06-20 15:30:00,360.019137024,360.156541417,359.568254326,360.09765382,2051364.0
2023-06-20 16:00:00,360.09765382,360.917172874,359.842474234,360.09765382,7477625.0
2023-06-21 10:00:00,358.959160284,359.39100266,356.966796595,357.231790781,4993788.0
2023-06-21 10:30:00,357.226883481,357.457526568,356.034409648,356.633100214,4772044.0
2023-06-21 11:00:00,356.63467055,356.984364728,355.111837299,355.558401574,4216422.0
2023-06-21 11:30:00,355.543679675,355.759600863,354.267781747,355.310092208,5435951.0
2023-06-21 12:00:00,355.298314689,356.260145435,354.866472313,354.905730711,3659566.0
2023-06-21 12:30:00,354.905730711,356.368106029,354.827213915,355.906819855,3396703.0
2023-06-21 13:00:00,355.926449054,356.299403833,355.396460683,355.671269468,3439324.0
2023-06-21 13:30:00,355.681084068,356.015467471,355.200168694,355.406275283,2436163.0
2023-06-21 14:00:00,355.386646084,356.446622825,355.298314689,356.407364427,1541406.0
2023-06-21 14:30:00,356.417179026,357.388824372,356.181628639,357.379009772,3066191.0
2023-06-21 15:00:00,357.369195173,357.761779151,356.873557901,357.311583474,2646401.0
2023-06-21 15:30:00,357.280863778,357.290678377,356.405990383,356.505510421,4128993.0
2023-06-21 16:00:00,356.505510421,356.604245292,355.023505904,355.190354095,6701892.0
2023-06-22 10:00:00,353.943899965,356.682173211,353.541501387,356.352304524,5743147.0
2023-06-22 10:30:00,356.377920628,357.928627342,355.977484971,357.59983826,4780331.0
2023-06-22 11:00:00,357.59493096,357.732335353,355.710527866,356.328847631,4866551.0
2023-06-22 11:30:00,356.319033032,357.805944848,356.299403833,356.967091033,4294621.0
2023-06-22 12:00:00,356.976611195,358.6745369,356.770504606,358.13473393,2843222.0
2023-06-22 12:30:00,358.144548529,358.169085028,357.008017913,357.339751375,2880127.0
2023-06-22 13:00:00,357.369195173,357.928627342,357.172903184,357.388824372,1625141.0
2023-06-22 13:30:00,357.388824372,357.408453571,356.349065706,357.192532383,2064799.0
2023-06-22 14:00:00,357.202346982,358.075846333,357.084571789,358.021866036,1404240.0
2023-06-22 14:30:00,358.026773336,358.281952922,357.840295947,358.075846333,1480097.0
2023-06-22 15:00:00,358.066031734,358.900272687,357.60474556,358.85119969,2289765.0
2023-06-22 15:30:00,358.861014289,358.910087287,358.095475532,358.154363129,3176484.0
2023-06-22 16:00:00,358.159270429,359.538221651,357.874647045,359.38118806,7259200.0
2023-06-23 10:00:00,355.494606678,356.564398018,354.133027296,354.949896408,7830543.0
2023-06-23 10:30:00,354.954803708,356.152086695,354.473888335,355.582839927,6645654.0
2023-06-23 11:00:00,355.563308874,356.466252024,355.082393501,355.63201107,2869013.0
2023-06-23 11:30:00,355.64182567,355.946078253,354.650551125,354.91554531,2485254.0
2023-06-23 12:00:00,354.91554531,356.122741043,354.650649271,355.82339576,2527608.0
2023-06-23 12:30:00,355.828303059,357.123830187,355.818390314,357.094386388,2565347.0
2023-06-23 13:00:00,357.114015587,357.447711969,356.858836002,357.300492977,2023979.0
2023-06-23 13:30:00,357.300492977,358.115104731,357.031671098,357.845203246,2155790.0
2023-06-23 14:00:00,357.850110546,358.016958737,357.344658674,357.427984624,1606562.0
2023-06-23 14:30:00,357.42808277,357.59493096,356.691987811,356.927538198,1699274.0
2023-06-23 15:00:00,356.917723598,357.015771447,355.612381871,355.759600863,2302532.0
2023-06-23 15:30:00,355.759600863,356.456437424,355.180539496,355.916634454,3248035.0
2023-06-23 16:00:00,355.926449054,356.495695822,355.622981639,355.81848846,5732932.0
2023-06-26 10:00:00,355.28850009,357.796130249,355.072578902,357.732335353,4320620.0
2023-06-26 10:30:00,357.732335353,358.075846333,357.06494259,357.447711969,2945303.0
2023-06-26 11:00:00,357.437897369,357.496784966,355.200168694,356.417179026,4415640.0
2023-06-26 11:30:00,356.407364427,356.451530124,354.091118957,354.462110816,3455047.0
2023-06-26 12:00:00,354.454259136,355.170724896,353.983158363,354.807584716,3685023.0
2023-06-26 12:30:00,354.797770117,354.827213915,352.395646902,352.481524647,4435853.0
2023-06-26 13:00:00,352.491339246,352.692538535,351.608025296,352.471710047,3873511.0
2023-06-26 13:30:00,352.476617347,352.746518832,351.814131884,352.677816636,2903252.0
2023-06-26 14:00:00,352.687631235,352.815221028,352.020238473,352.139976586,2316592.0
2023-06-26 14:30:00,352.138013666,352.628743639,351.942408699,352.373171469,1845631.0
2023-06-26 15:00:00,352.363749453,353.276507202,352.314676456,352.84505741,2307882.0
2023-06-26 15:30:00,352.864294025,353.256878003,352.476617347,352.628743639,2357719.0
2023-06-26 16:00:00,352.618929039,352.893737824,350.960261732,351.048593127,9729165.0
2023-06-27 10:00:00,352.589485241,353.826124771,352.118384467,353.570945186,5352717.0
2023-06-27 10:30:00,353.50224299,354.964618308,351.863204881,352.903552423,3963773.0
2023-06-27 11:00:00,352.893737824,353.243922732,352.295047257,352.972254619,2537766.0
2023-06-27 11:30:00,353.001698418,354.081304357,351.903444739,354.071489758,2892940.0
2023-06-27 12:00:00,354.076397057,354.807584716,353.885895682,354.709438722,3492834.0
2023-06-27 12:30:00,354.719253321,355.185446795,354.552405131,355.165817596,2423607.0
2023-06-27 13:00:00,355.180539496,356.093297244,355.013691305,355.749786264,3793973.0
2023-06-27 13:30:00,355.739971664,356.446622825,355.327758487,356.230701637,3141364.0
2023-06-27 14:00:00,356.240516236,357.212161582,356.230701637,357.192532383,2541859.0
2023-06-27 14:30:00,357.207254282,357.515432705,356.868650601,357.42759204,2585080.0
2023-06-27 15:00:00,357.42808277,357.653818557,356.917723598,356.976611195,2670403.0
2023-06-27 15:30:00,356.986425794,357.810852148,356.986425794,357.790339635,2440396.0
2023-06-27 16:00:00,357.78140835,357.791222949,356.907908999,357.084571789,6475185.0
2023-06-28 10:00:00,355.268870891,357.143459386,355.194083643,356.741060808,6177595.0
2023-06-28 10:30:00,356.721431609,358.007144137,355.592752672,357.928627342,3289348.0
2023-06-28 11:00:00,357.938441941,359.430261057,357.77159375,358.753053695,3979020.0
2023-06-28 11:30:00,358.753053695,359.155452273,357.271049178,357.987514938,3653193.0
2023-06-28 12:00:00,357.997329538,358.978789483,357.899183543,358.901156001,2018827.0
2023-06-28 12:30:00,358.890458088,359.724699041,357.712706154,357.997329538,2398471.0
2023-06-28 13:00:00,357.997329538,358.007144137,355.965805598,356.633100214,4220225.0
2023-06-28 13:30:00,356.623285615,357.511506865,356.132555642,357.511506865,2522752.0
2023-06-28 14:00:00,357.516414165,357.801037549,356.642914814,357.06003529,2706526.0
2023-06-28 14:30:00,357.06494259,358.066031734,356.956981996,357.776402904,1659697.0
2023-06-28 15:00:00,357.791222949,357.918812742,357.104200988,357.447711969,1668948.0
2023-06-28 15:30:00,357.467341167,357.575301761,356.093297244,357.025684192,3072165.0
2023-06-28 16:00:00,357.015869593,357.830481347,356.770504606,357.78140835,6094835.0
2023-06-29 10:00:00,357.486970366,358.124919331,356.564398018,357.045313391,6598350.0
2023-06-29 10:30:00,357.06494259,357.840295947,355.553494275,356.181726785,4897684.0
2023-06-29 11:00:00,356.191443239,356.733209129,355.425904482,356.381650176,3834966.0
2023-06-29 11:30:00,356.395979491,357.928627342,356.250330836,357.820666748,2952815.0
2023-06-29 12:00:00,357.830383201,357.928627342,357.183601097,357.621921109,2098999.0
2023-06-29 12:30:00,357.624374759,358.016958737,356.78022106,357.506599565,2553660.0
2023-06-29 13:00:00,357.516414165,357.78140835,356.52268597,356.799948405,2211111.0
2023-06-29 13:30:00,356.819577604,357.153273985,356.122741043,357.005760555,2031508.0
2023-06-29 14:00:00,357.025684192,357.045215245,356.034409648,356.142370242,3105115.0
2023-06-29 14:30:00,356.132555642,356.52513962,355.563308874,356.426993626,4782314.0
2023-06-29 15:00:00,356.436808225,356.593841816,356.009873149,356.574114471,1573596.0
2023-06-29 15:30:00,356.574212617,356.799948405,356.098204544,356.574212617,1558430.0
2023-06-29 16:00:00,356.564398018,357.212161582,356.184965603,357.06494259,4528806.0
2023-06-30 10:00:00,360.735602784,362.561118282,360.421535602,362.207792702,7967219.0
2023-06-30 10:30:00,362.2470511,363.621095023,362.109646707,363.091008506,6579232.0
2023-06-30 11:00:00,363.081292053,363.464061431,362.325567895,362.620005879,5307632.0
2023-06-30 11:30:00,362.620005879,363.199067246,362.355011694,362.511947139,4142780.0
2023-06-30 12:00:00,362.502230685,362.502230685,361.471697743,362.129275906,3986790.0
2023-06-30 12:30:00,362.139090506,362.551303683,361.913845448,362.531674484,2181448.0
2023-06-30 13:00:00,362.531674484,363.238325644,362.497323386,363.149994249,4608303.0
2023-06-30 13:30:00,363.156275593,363.208881846,362.757410271,362.904629263,1903420.0
2023-06-30 14:00:00,362.904629263,363.277485896,362.889907364,363.159906994,1516462.0
2023-06-30 14:30:00,363.169623448,363.336471639,362.750049321,363.307125986,1651295.0
2023-06-30 15:00:00,363.30702784,363.346286238,362.678893475,362.94879496,2248925.0
2023-06-30 15:30:00,362.95370226,363.277584042,362.541489083,363.189252647,2494123.0
2023-06-30 16:00:00,363.189252647,363.49350523,362.512045285,362.570932881,7861253.0
2023-07-03 10:00:00,363.208881846,364.052937398,362.806483268,363.601465824,4166448.0
2023-07-03 10:30:00,363.630909622,363.984333348,362.992960658,363.246079178,2433980.0
2023-07-03 11:00:00,363.238325644,363.326657039,362.188261649,362.296124097,2711471.0
2023-07-03 11:30:00,362.315753296,362.737781072,362.158719705,362.462972287,2382728.0
2023-07-03 12:00:00,362.472786887,362.570932881,362.129275906,362.45924274,1719690.0
2023-07-03 12:30:00,362.453157688,363.012589857,362.336167663,362.884901918,1581859.0
2023-07-03 13:00:00,362.875185464,363.513232575,362.806483268,363.424803034,3439723.0
2023-07-05 10:00:00,361.859374421,364.268858586,361.825023323,363.778128614,5293577.0
2023-07-05 10:30:00,363.748684815,364.936251349,363.572022025,364.602554968,3097928.0
2023-07-05 11:00:00,364.606088223,365.112914139,364.092195796,364.705608262,2875784.0
2023-07-05 11:30:00,364.710515562,364.720330161,363.346286238,363.464061431,2588579.0
2023-07-05 12:00:00,363.464061431,363.895903807,363.110735851,363.228511045,2211192.0
2023-07-05 12:30:00,363.228511045,363.758499415,362.904629263,363.67016802,1636262.0
2023-07-05 13:00:00,363.66526072,363.797757813,362.94879496,363.513134429,1635198.0
2023-07-05 13:30:00,363.522949028,363.887070668,363.454246832,363.591062348,1101785.0
2023-07-05 14:00:00,363.591651224,363.709426418,363.267769442,363.66035342,863566.0
2023-07-05 14:30:00,363.66526072,364.072566597,362.575840181,363.032219056,3347943.0
2023-07-05 15:00:00,363.071477453,364.003864401,363.051161232,363.787943213,2203231.0
2023-07-05 15:30:00,363.787943213,364.069131487,363.640724221,364.033308199,1245712.0
2023-07-05 16:00:00,364.033308199,364.170712592,363.356100837,363.414988434,4516730.0
2023-07-06 10:00:00,359.714884441,360.156541417,358.173992328,358.85119969,9491477.0
2023-07-06 10:30:00,358.861014289,359.02786248,357.761779151,358.988604082,5678116.0
2023-07-06 11:00:00,359.018047881,359.283042066,357.967885739,358.046304389,3306512.0
2023-07-06 11:30:00,358.056217134,358.821755892,357.810852148,358.340840518,2742943.0
2023-07-06 12:00:00,358.351636578,359.273227466,358.340840518,358.890458088,3141410.0
2023-07-06 12:30:00,358.900272687,359.960249428,358.871515911,359.881732632,2357529.0
2023-07-06 13:00:00,359.881732632,360.323389607,359.842376088,360.234960066,2794045.0
2023-07-06 13:30:00,360.235058212,360.598198392,359.979387897,360.115025661,2445022.0
2023-07-06 14:00:00,360.117283019,360.750324683,359.646182245,360.750324683,1932745.0
2023-07-06 14:30:00,360.755231983,360.784675782,360.127097618,360.244872812,1554095.0
2023-07-06 15:00:00,360.235058212,361.088928364,360.195799815,360.990978662,2102515.0
2023-07-06 15:30:00,361.010313423,361.069299166,360.4509794,360.706158986,1802127.0
2023-07-06 16:00:00,360.715973585,360.912265574,360.362648005,360.647271389,5508115.0
2023-07-07 10:00:00,360.421535602,361.687618931,359.655996845,361.618916735,5130806.0
2023-07-07 10:30:00,361.618916735,361.736691928,360.264502011,360.273237004,3325540.0
2023-07-07 11:00:00,360.26940931,360.951425826,359.420446458,360.788896059,3321345.0
2023-07-07 11:30:00,360.755231983,361.324478751,360.686529787,361.029942622,2454097.0
2023-07-07 12:00:00,361.049669967,361.785764925,360.833748779,361.766135727,1784674.0
2023-07-07 12:30:00,361.766135727,362.335382495,361.746506528,362.158719705,2398606.0
2023-07-07 13:00:00,362.158719705,363.081292053,362.139090506,362.98383308,2954130.0
2023-07-07 13:30:00,362.992960658,363.591651224,362.929165761,363.563188886,2624571.0
2023-07-07 14:00:00,363.572022025,363.611280423,362.610191279,362.885000064,2425822.0
2023-07-07 14:30:00,362.892361013,362.938980361,362.561118282,362.835927067,1630790.0
2023-07-07 15:00:00,362.835927067,362.934073061,362.011500713,362.227421901,2083798.0
2023-07-07 15:30:00,362.2372365,362.271587598,361.000596969,361.069299166,2928616.0
2023-07-07 16:00:00,361.049669967,361.373453603,359.224154469,359.449890256,9216408.0
2023-07-10 10:00:00,359.175081472,360.244872812,357.182717783,357.879554344,6985869.0
2023-07-10 10:30:00,357.889074506,359.987337722,357.791222949,359.292758519,5043311.0
2023-07-10 11:00:00,359.292856665,359.500828027,358.31139672,358.654907701,3405059.0
2023-07-10 11:30:00,358.645093101,358.939531085,358.026773336,358.811941292,2472340.0
2023-07-10 12:00:00,358.826663191,359.302671265,357.751964551,357.908998143,2769770.0
2023-07-10 12:30:00,357.908998143,357.94825654,356.672358612,357.716337555,2974269.0
2023-07-10 13:00:00,357.732335353,358.85610699,357.575301761,358.694166099,2509593.0
2023-07-10 13:30:00,358.703980698,359.106379276,358.438986513,359.106379276,2789706.0
2023-07-10 14:00:00,359.106379276,359.430261057,358.556761706,358.753053695,1661186.0
2023-07-10 14:30:00,358.762868295,359.714884441,358.331025919,359.616738447,2696897.0
2023-07-10 15:00:00,359.616738447,359.685440643,358.978789483,359.606923848,2929569.0
2023-07-10 15:30:00,359.616738447,359.675626044,358.939531085,359.184896071,2011318.0
2023-07-10 16:00:00,359.176161078,359.675626044,358.703980698,359.56766545,5434300.0
2023-07-11 10:00:00,359.989693226,360.735602784,358.605736558,359.175081472,5742319.0
2023-07-11 10:30:00,359.175081472,359.410631859,357.859925145,359.351744262,3700586.0
2023-07-11 11:00:00,359.332115063,360.254687411,359.253598267,359.867010733,3228473.0
2023-07-11 11:30:00,359.881732632,360.470608599,359.225135929,359.489148654,2443371.0
2023-07-11 12:00:00,359.508777853,360.81411958,359.106379276,360.81411958,2731391.0
2023-07-11 12:30:00,360.80430498,361.128186762,359.518592452,359.80606207,3197575.0
2023-07-11 13:00:00,359.822845035,360.431350201,359.733335888,360.313575008,1892907.0
2023-07-11 13:30:00,360.313575008,360.519681596,359.587294649,359.891547232,1350193.0
2023-07-11 14:00:00,359.91117643,360.146726817,359.38118806,360.048580823,1246352.0
2023-07-11 14:30:00,360.038766223,360.156541417,359.086750077,359.433205437,1864081.0
2023-07-11 15:00:00,359.444982957,360.303760408,358.939531085,360.205614414,1525944.0
2023-07-11 15:30:00,360.195799815,360.480423199,359.891547232,360.401808257,1988022.0
2023-07-11 16:00:00,360.382277204,361.797542445,360.048580823,361.34410795,5564731.0
2023-07-12 10:00:00,365.436795921,366.369182869,364.91662215,366.192520078,9067735.0
2023-07-12 10:30:00,366.192520078,367.252496819,365.996228089,366.801025244,5112533.0
2023-07-12 11:00:00,366.810839844,367.154350825,365.849009098,366.133632482,3865780.0
2023-07-12 11:30:00,366.133632482,366.536031059,365.711604705,365.898082095,3628792.0
2023-07-12 12:00:00,365.898082095,366.094374084,363.434617633,363.832108911,5882448.0
2023-07-12 12:30:00,363.827201611,364.631998766,363.562207426,364.504408973,4462575.0
2023-07-12 13:00:00,364.484779774,365.544756515,364.37191188,365.061387492,3214515.0
2023-07-12 13:30:00,365.083470341,365.741048504,364.808661556,365.662531708,2489969.0
2023-07-12 14:00:00,365.672346308,366.182705479,365.594320242,366.035486487,2547502.0
2023-07-12 14:30:00,366.025671888,366.506587261,365.696882806,366.447699664,2188819.0
2023-07-12 15:00:00,366.447110788,366.570382157,365.726326605,365.976598891,2372992.0
2023-07-12 15:30:00,365.966784291,366.418255866,365.235596632,365.741048504,4001132.0
2023-07-12 16:00:00,365.721419305,366.271036874,365.603644111,365.907896694,7755611.0
2023-07-13 10:00:00,369.078012317,370.105404587,368.498950949,369.73559048,6294680.0
2023-07-13 10:30:00,369.755219679,369.901947941,368.636355342,368.695242938,4204023.0
2023-07-13 11:00:00,368.685428339,369.872994872,368.65598454,369.823921875,3375106.0
2023-07-13 11:30:00,369.833736474,370.108545259,369.20560211,369.598087942,2506610.0
2023-07-13 12:00:00,369.598186088,370.412797842,369.441152496,370.329373747,2076531.0
2023-07-13 12:30:00,370.324466447,370.942786212,370.187062055,370.687606627,3389753.0
2023-07-13 13:00:00,370.692513926,371.040932207,370.550202234,370.790659921,2341344.0
2023-07-13 13:30:00,370.795567221,371.148892801,370.45205624,371.011488408,2035757.0
2023-07-13 14:00:00,371.016395708,371.266667994,370.864269417,371.011488408,2043566.0
2023-07-13 14:30:00,371.011488408,371.621956494,370.923157013,371.207780397,2808367.0
2023-07-13 15:00:00,371.207780397,371.595457076,371.085097904,371.541476779,1935656.0
2023-07-13 15:30:00,371.541476779,372.468956427,371.462959983,372.395445077,3481872.0
2023-07-13 16:00:00,372.395346931,372.9449645,372.081279748,372.120538146,7224345.0
2023-07-14 10:00:00,372.547473222,374.690000282,372.542565923,374.593817208,6704851.0
2023-07-14 10:30:00,374.55455881,375.761754542,373.710503257,374.819552995,6124961.0
2023-07-14 11:00:00,374.848996793,375.339726766,373.288475481,374.093272636,5387851.0
2023-07-14 11:30:00,374.120949806,374.952050088,373.975497442,374.588909908,3430047.0
2023-07-14 12:00:00,374.593817208,375.16296583,374.490763913,374.780294597,2374840.0
2023-07-14 12:30:00,374.785201897,374.819552995,373.543655067,373.779205453,2589238.0
2023-07-14 13:00:00,373.789020053,374.215955129,373.332641178,373.571822967,2936104.0
2023-07-14 13:30:00,373.563284265,373.607449963,372.611268119,373.288475481,3130398.0
2023-07-14 14:00:00,373.288475481,373.602542663,372.915520702,372.984222898,2331935.0
2023-07-14 14:30:00,372.994037497,373.524124014,372.41006883,372.461104747,1932010.0
2023-07-14 15:00:00,372.464049127,372.748672511,371.87517316,371.934060757,2756529.0
2023-07-14 15:30:00,371.924246157,371.992948353,371.178336599,371.482589182,4417837.0
2023-07-14 16:00:00,371.502218381,372.130352746,371.168522,372.042021351,6024322.0
2023-07-17 10:00:00,372.758487111,374.014853986,372.277571737,373.023481296,7209083.0
2023-07-17 10:30:00,373.018573996,373.646708361,372.778116309,373.29878081,3157259.0
2023-07-17 11:00:00,373.317919279,373.789020053,372.994233789,373.366992276,2975850.0
2023-07-17 11:30:00,373.386621475,374.064515859,373.043110495,373.975497442,2300508.0
2023-07-17 12:00:00,373.975497442,374.691963202,373.828278451,374.603631807,2244552.0
2023-07-17 12:30:00,374.603631807,374.642988351,373.66143026,373.816402785,1615684.0
2023-07-17 13:00:00,373.808649252,374.357874237,373.504396669,374.338637622,1685354.0
2023-07-17 13:30:00,374.348452221,374.495671213,373.955868243,374.181604031,1357730.0
2023-07-17 14:00:00,374.211047829,374.947142788,374.152847254,374.90837512,1249282.0
2023-07-17 14:30:00,374.90788439,375.290653769,374.633075605,375.163063976,1664201.0
2023-07-17 15:00:00,375.153249376,375.261111824,374.721407001,375.055103382,2134165.0
2023-07-17 15:30:00,375.064917981,376.389888907,374.991308485,376.075821725,3258039.0
2023-07-17 16:00:00,376.056192526,376.066007125,375.221951572,375.516389556,6444615.0
2023-07-18 10:00:00,374.878440592,374.90788439,372.9547791,374.040470091,7107233.0
2023-07-18 10:30:00,374.02457044,374.289564625,373.425879873,373.739947056,3918627.0
2023-07-18 11:00:00,373.730132456,374.525115012,373.376806876,374.250306227,3073298.0
2023-07-18 11:30:00,374.260120826,374.701777802,374.063828837,374.083458036,2104153.0
2023-07-18 12:00:00,374.098179935,376.615624694,373.857722249,376.447598752,6631926.0
2023-07-18 12:30:00,376.448776504,377.081818168,376.115080122,377.081818168,4564996.0
2023-07-18 13:00:00,377.067096269,377.538197043,376.772658286,377.050117012,3555282.0
2023-07-18 13:30:00,377.067096269,377.925873721,377.018121418,377.739396331,2520690.0
2023-07-18 14:00:00,377.744303631,378.137869069,377.690323334,378.131980309,2171576.0
2023-07-18 14:30:00,378.136887609,379.37352714,378.048556214,379.226308148,3429351.0
2023-07-18 15:00:00,379.236122748,379.535468031,378.872982568,379.348990641,2875707.0
2023-07-18 15:30:00,379.353897941,379.952588507,378.892611767,379.452142081,2884473.0
2023-07-18 16:00:00,379.452043935,379.667965123,378.529471587,378.588359184,6666461.0
2023-07-19 10:00:00,379.648335924,380.197953494,378.799373072,379.36371254,6034279.0
2023-07-19 10:30:00,379.36861984,379.648335924,378.637432181,378.980943162,3790021.0
2023-07-19 11:00:00,378.961313963,380.354987085,378.686505178,379.353799795,3861450.0
2023-07-19 11:30:00,379.353897941,380.462947679,379.098718355,380.050734502,3430335.0
2023-07-19 12:00:00,380.060549101,380.467854978,379.677288993,379.913035672,3920703.0
2023-07-19 12:30:00,379.893700911,380.786829461,378.392067195,378.774836573,7300850.0
2023-07-19 13:00:00,378.774836573,379.069274557,378.073092713,378.685327426,3319285.0
2023-07-19 13:30:00,378.696319778,378.783964151,377.611806539,377.95041022,2965425.0
2023-07-19 14:00:00,377.959832235,378.401881794,377.557826242,378.028927015,2699617.0
2023-07-19 14:30:00,378.038741615,378.195775206,377.175056863,377.489124045,3138410.0
2023-07-19 15:00:00,377.484216746,378.225219004,377.469494847,378.156516808,2187004.0
2023-07-19 15:30:00,378.156516808,379.285195745,378.136887609,378.872982568,2767867.0
2023-07-19 16:00:00,378.853353369,378.887115591,378.156516808,378.500027789,5204288.0
2023-07-20 10:00:00,375.516389556,376.973857574,375.44768736,376.16415312,6929088.0
2023-07-20 10:30:00,376.173967719,376.262299114,373.420972573,373.641801061,7501909.0
2023-07-20 11:00:00,373.636893761,373.650928638,372.326644735,372.984321044,6208993.0
2023-07-20 11:30:00,372.984222898,373.916609846,372.886076903,373.376806876,3703639.0
2023-07-20 12:00:00,373.376806876,374.37789602,373.268846282,373.406250674,3103337.0
2023-07-20 12:30:00,373.416065274,374.319008423,372.649545057,372.670155715,3497292.0
2023-07-20 13:00:00,372.689784914,372.846818506,372.002762953,372.208869541,3341941.0
2023-07-20 13:30:00,372.189240342,372.59163892,371.894802359,372.532751323,3392497.0
2023-07-20 14:00:00,372.522936724,372.714321413,371.992948353,372.140167345,3741885.0
2023-07-20 14:30:00,372.120538146,372.130352746,370.30552427,370.314651847,4097803.0
2023-07-20 15:00:00,370.324466447,370.834433034,370.137989057,370.149766577,3468991.0
2023-07-20 15:30:00,370.157618256,370.481500038,368.754130535,368.886627627,6063274.0
2023-07-20 16:00:00,368.886627627,370.324466447,368.881720328,369.774848878,10624061.0
2023-07-21 10:00:00,372.149981945,372.876262304,370.540387635,370.550202234,9003497.0
2023-07-21 10:30:00,370.560016834,371.178336599,368.871905728,368.88142589,5992051.0
2023-07-21 11:00:00,368.881720328,370.520758436,368.84246193,369.617815287,4006595.0
2023-07-21 11:30:00,369.617815287,370.960452491,369.568742289,370.83453118,2818473.0
2023-07-21 12:00:00,370.825109165,371.050746806,369.450967096,370.26557885,5477875.0
2023-07-21 12:30:00,370.26557885,370.412797842,369.411708698,369.450967096,2520188.0
2023-07-21 13:00:00,369.460781695,369.784663477,368.979866322,369.529483891,2280869.0
2023-07-21 13:30:00,369.529483891,370.677792027,369.431337897,370.648348229,2134915.0
2023-07-21 14:00:00,370.648348229,371.354999389,370.530573035,371.207780397,2541100.0
2023-07-21 14:30:00,371.197965798,371.256853395,369.627629886,369.992438548,2116175.0
2023-07-21 15:00:00,370.000584665,370.432427041,369.441152496,369.500040093,2077043.0
2023-07-21 15:30:00,369.509854693,369.568742289,368.234938224,368.911164126,4063739.0
2023-07-21 16:00:00,368.960237123,369.323377303,368.341917358,368.66579914,10490229.0
2023-07-24 10:00:00,369.637444485,370.579646033,367.399715811,367.929704181,6807049.0
2023-07-24 10:30:00,367.910074982,369.91225327,367.723597593,369.686517483,5702630.0
2023-07-24 11:00:00,369.696332082,369.971140867,368.803203532,369.264489706,3051973.0
2023-07-24 11:30:00,369.264489706,369.980955466,368.606911543,369.058677556,2598447.0
2023-07-24 12:00:00,369.073105017,369.264489706,368.214327565,369.235045908,2464485.0
2023-07-24 12:30:00,369.235045908,369.686517483,368.626540742,369.131992614,2154291.0
2023-07-24 13:00:00,369.131992614,369.431337897,368.552931246,368.930891471,1829274.0
2023-07-24 13:30:00,368.940607924,369.244860507,368.646169941,369.068197717,1500732.0
2023-07-24 14:00:00,369.078012317,369.922067869,368.793388933,369.755219679,1543720.0
2023-07-24 14:30:00,369.755219679,370.069286861,369.54911309,369.617128265,1269407.0
2023-07-24 15:00:00,369.627629886,369.627629886,368.705057538,369.303748104,1998100.0
2023-07-24 15:30:00,369.303748104,369.507891773,368.366453857,368.420434154,1604808.0
2023-07-24 16:00:00,368.4205323,369.293933505,368.405712254,369.254675107,4378321.0
2023-07-25 10:00:00,369.961326267,371.826100163,369.941697068,371.68869577,4547712.0
2023-07-25 10:30:00,371.737768768,371.884987759,370.855436277,370.874084016,2923043.0
2023-07-25 11:00:00,370.883898616,371.080190605,370.295022649,370.530573035,2620153.0
2023-07-25 11:30:00,370.530573035,371.541476779,370.471685439,371.374628588,2030511.0
2023-07-25 12:00:00,371.374628588,372.218684141,371.305926392,371.826100163,2024100.0
2023-07-25 12:30:00,371.826100163,372.100908947,371.51694028,371.777027166,1523280.0
2023-07-25 13:00:00,371.772119866,372.503307525,371.492403781,372.462282499,1324266.0
2023-07-25 13:30:00,372.473863726,372.778116309,372.159796544,372.689784914,2062084.0
2023-07-25 14:00:00,372.6987162,372.783023609,372.189240342,372.336459334,1453961.0
2023-07-25 14:30:00,372.331552034,372.905706102,372.199054942,372.797745508,2949513.0
2023-07-25 15:00:00,372.792838209,373.416065274,372.277571737,372.29710279,2378154.0
2023-07-25 15:30:00,372.297200936,373.042129035,372.23831334,372.621082718,2625435.0
2023-07-25 16:00:00,372.611268119,372.797647362,371.727954168,371.757397967,5250239.0
2023-07-26 10:00:00,370.717050425,371.197965798,369.450967096,370.864269417,5457980.0
2023-07-26 10:30:00,370.864269417,371.060561406,370.245949651,370.383354044,2671050.0
2023-07-26 11:00:00,370.402983243,370.716952279,368.636355342,368.763945134,2915830.0
2023-07-26 11:30:00,368.763945134,369.254675107,368.224142165,369.058383118,2680938.0
2023-07-26 12:00:00,369.058383118,370.157618256,369.01912472,369.913823606,2531958.0
2023-07-26 12:30:00,369.922067869,370.204728334,369.218164797,369.235045908,1496739.0
2023-07-26 13:00:00,369.235045908,369.500040093,368.852178383,369.091752756,1315714.0
2023-07-26 13:30:00,369.087826916,369.411708698,368.901349527,369.348404532,1111342.0
2023-07-26 14:00:00,369.343006502,369.436245197,369.087826916,369.225231309,1173233.0
2023-07-26 14:30:00,369.20560211,370.393168643,368.734501336,369.284118905,3320829.0
2023-07-26 15:00:00,369.308655404,372.208869541,369.215416709,370.98204461,7418799.0
2023-07-26 15:30:00,371.001673809,371.305926392,368.351731957,369.627629886,7232931.0
2023-07-26 16:00:00,369.666790138,371.090005204,369.264489706,370.520758436,5408214.0
2023-07-27 10:00:00,375.967861131,377.57745544,375.680195221,376.787380185,8512860.0
2023-07-27 10:30:00,376.782472885,377.111261967,374.417154418,374.436783616,5525560.0
2023-07-27 11:00:00,374.476042014,375.948231932,374.240491627,374.471134715,3806835.0
2023-07-27 11:30:00,374.485856614,375.702866946,374.456412815,375.702866946,2657602.0
2023-07-27 12:00:00,375.702866946,376.124894722,374.691963202,374.917797135,2726529.0
2023-07-27 12:30:00,374.927513589,376.358482189,374.878440592,376.311077673,2181979.0
2023-07-27 13:00:00,376.316279411,376.458591103,375.61453555,375.938417332,1529120.0
2023-07-27 13:30:00,375.938417332,376.242669915,373.671244859,373.756533729,4736339.0
2023-07-27 14:00:00,373.739947056,373.848005795,372.915520702,373.337548478,3555786.0
2023-07-27 14:30:00,373.352270377,373.631986462,370.717050425,370.766123422,5780969.0
2023-07-27 15:00:00,370.756308823,371.217594997,369.19578751,369.19578751,6578473.0
2023-07-27 15:30:00,369.19578751,370.775938022,368.950422524,369.727051778,4878967.0
2023-07-27 16:00:00,369.745405079,370.539995051,368.351731957,369.637444485,7668267.0
2023-07-28 10:00:00,373.681059459,375.594906352,373.170700287,374.937328188,8727533.0
2023-07-28 10:30:00,374.947142788,375.830456738,374.741036199,375.09436178,5853185.0
2023-07-28 11:00:00,375.074732581,376.016934128,374.711592401,375.516585848,3317636.0
2023-07-28 11:30:00,375.536018755,376.910062678,375.472223858,376.649681354,3224112.0
2023-07-28 12:00:00,376.635253893,377.390978051,376.497849501,377.361534253,3102157.0
2023-07-28 12:30:00,377.356626953,377.361534253,376.448776504,377.268295558,3787433.0
2023-07-28 13:00:00,377.273202858,377.292832056,376.237762616,376.419332705,3144490.0
2023-07-28 13:30:00,376.409518106,376.409518106,375.683237747,375.791198341,2575804.0
2023-07-28 14:00:00,375.781383741,376.134709321,374.539836911,375.953139231,4086921.0
2023-07-28 14:30:00,375.953139231,376.576366297,375.859900537,376.519147182,2675972.0
2023-07-28 15:00:00,376.5076641,377.066899977,375.634164749,376.69414149,2921425.0
2023-07-28 15:30:00,376.684326891,377.037652471,376.193596918,376.223040716,2907946.0
2023-07-28 16:00:00,376.218133417,376.782472885,375.899158935,376.370259708,6798963.0
2023-07-31 10:00:00,376.674512291,377.744303631,375.398614363,375.928602733,7027577.0
2023-07-31 10:30:00,375.928504587,376.782472885,375.428058161,376.68923419,3683503.0
2023-07-31 11:00:00,376.684326891,376.998394073,375.918788133,376.694043344,2965384.0
2023-07-31 11:30:00,376.684425036,377.135798465,376.242669915,376.483127602,2144470.0
2023-07-31 12:00:00,376.497849501,376.714163273,375.756847242,376.306464812,2626902.0
2023-07-31 12:30:00,376.311372111,376.69414149,376.021841428,376.645068493,1944379.0
2023-07-31 13:00:00,376.625439294,376.723585288,375.811318269,375.884437035,1890899.0
2023-07-31 13:30:00,375.884437035,376.34081591,375.467316559,375.928602733,2149588.0
2023-07-31 14:00:00,375.908973534,376.586180896,375.879529736,376.173967719,2005988.0
2023-07-31 14:30:00,376.213127971,376.458591103,375.751939943,375.944306092,1519842.0
2023-07-31 15:00:00,375.9490171,376.635253893,375.742125343,376.458591103,4548338.0
2023-07-31 15:30:00,376.468111265,376.5076641,375.742125343,375.958046531,2131104.0
2023-07-31 16:00:00,375.958046531,376.743214487,375.251395371,376.566551697,6245506.0
2023-08-01 10:00:00,375.221951572,375.495778897,374.485856614,374.839182194,4712528.0
2023-08-01 10:30:00,374.878440592,375.653793948,373.631986462,374.858811393,6134192.0
2023-08-01 11:00:00,374.868625992,376.173967719,374.76527826,375.742125343,4358864.0
2023-08-01 11:30:00,375.751939943,376.012026828,375.192507774,375.845178638,2443012.0
2023-08-01 12:00:00,375.840271338,375.98749033,375.408428962,375.825549439,1873042.0
2023-08-01 12:30:00,375.820642139,375.889246189,375.035474183,375.201144622,1574451.0
2023-08-01 13:00:00,375.192507774,375.97767573,374.799923796,375.938417332,2181653.0
2023-08-01 13:30:00,375.928602733,376.33100131,375.693052346,375.761754542,1491447.0
2023-08-01 14:00:00,375.771569142,376.046377926,375.197415074,375.962953831,1311848.0
2023-08-01 14:30:00,375.98258303,376.399703506,375.869715136,376.036563327,1617645.0
2023-08-01 15:00:00,376.056192526,376.380074308,375.781383741,376.078766104,1450783.0
2023-08-01 15:30:00,376.085636324,376.448776504,375.908973534,376.105265523,2681496.0
2023-08-01 16:00:00,376.100358223,376.370259708,375.62435015,375.693052346,3800962.0
2023-08-02 10:00:00,372.22849874,372.22849874,370.216505853,370.697421226,12636243.0
2023-08-02 10:30:00,370.687606627,370.859362117,368.862189275,369.338099202,7112126.0
2023-08-02 11:00:00,369.323377303,369.647259085,367.929802327,368.067108573,4251266.0
2023-08-02 11:30:00,368.067108573,368.822832731,367.929704181,368.381175756,5081349.0
2023-08-02 12:00:00,368.356639257,368.803203532,367.016946432,367.026761032,5203819.0
2023-08-02 12:30:00,367.036575631,367.154350825,366.212149277,366.555660258,5336399.0
2023-08-02 13:00:00,366.555660258,367.895353083,366.428070465,367.787392489,3238537.0
2023-08-02 13:30:00,367.792299789,368.233956764,367.616912897,368.076923173,3422080.0
2023-08-02 14:00:00,368.076923173,368.47932175,367.321199015,367.537120203,2860309.0
2023-08-02 14:30:00,367.546934803,368.587282344,367.483139906,368.170161868,2283266.0
2023-08-02 15:00:00,368.175069167,368.30265896,367.654895397,368.057293974,2985809.0
2023-08-02 15:30:00,368.072015873,368.430248753,366.653806253,366.69306465,3448657.0
2023-08-02 16:00:00,366.722508449,367.851187386,366.634177054,367.448788808,9495282.0
2023-08-03 10:00:00,365.044211943,367.41934501,364.877363752,366.899171239,7042272.0
2023-08-03 10:30:00,366.87954204,367.625451598,364.965695147,364.995138946,4749543.0
2023-08-03 11:00:00,365.004953545,366.791210645,364.936251349,366.634177054,3367227.0
2023-08-03 11:30:00,366.629269754,367.900260383,366.418255866,367.507676405,2908835.0
2023-08-03 12:00:00,367.517392858,368.076923173,367.110185127,367.281940617,3030225.0
2023-08-03 12:30:00,367.283805391,367.967784827,367.026761032,367.782485189,2119550.0
2023-08-03 13:00:00,367.787392489,368.979866322,367.694153794,368.626540742,3103201.0
2023-08-03 13:30:00,368.626540742,368.783574333,368.117359323,368.238864064,2305057.0
2023-08-03 14:00:00,368.243869509,368.400804955,367.213238421,367.311384416,1936312.0
2023-08-03 14:30:00,367.311384416,367.929704181,366.977688034,367.645080797,1973502.0
2023-08-03 15:00:00,367.664709996,367.968962579,367.23286762,367.826650887,2076678.0
2023-08-03 15:30:00,367.851187386,367.880631184,366.428070465,367.036575631,2533780.0
2023-08-03 16:00:00,367.046390231,367.615636999,366.761766847,366.859912841,4280162.0
2023-08-04 10:00:00,368.783574333,370.471685439,367.085648628,367.262311419,8218358.0
2023-08-04 10:30:00,367.301569816,368.037566629,365.966784291,367.723597593,5745162.0
2023-08-04 11:00:00,367.694153794,369.166343712,367.664709996,368.935700625,3365172.0
2023-08-04 11:30:00,368.940607924,369.73068318,368.793388933,369.509854693,3226300.0
2023-08-04 12:00:00,369.509854693,370.402983243,369.058383118,370.177247455,2411250.0
2023-08-04 12:30:00,370.147803657,370.667977428,369.627629886,370.62871903,3118743.0
2023-08-04 13:00:00,370.638533629,371.090005204,370.427519741,370.731772324,1956029.0
2023-08-04 13:30:00,370.736679624,370.80538182,369.274304306,369.696233936,2389815.0
2023-08-04 14:00:00,369.686517483,370.147803657,368.881720328,369.078012317,2195432.0
2023-08-04 14:30:00,369.073105017,369.073105017,366.477143463,366.688157351,5264313.0
2023-08-04 15:00:00,366.69306465,367.007131833,365.171801736,365.521790352,4947411.0
2023-08-04 15:30:00,365.515312716,366.359368269,365.230689332,365.603644111,4712081.0
2023-08-04 16:00:00,365.642902509,365.947155092,364.641813365,365.142357937,9196020.0
2023-08-07 10:00:00,366.948244236,367.900260383,365.544756515,365.868638297,5785288.0
2023-08-07 10:30:00,365.8097507,367.105277827,365.152172537,366.771581446,3601205.0
2023-08-07 11:00:00,366.742137648,367.203423822,365.819565299,366.025671888,2373869.0
2023-08-07 11:30:00,366.030579188,366.172792734,364.73014476,365.225782033,4311997.0
2023-08-07 12:00:00,365.201245534,366.594918656,364.622184166,366.51640186,2852784.0
2023-08-07 12:30:00,366.536031059,366.798375302,366.065519162,366.702486666,2872526.0
2023-08-07 13:00:00,366.681287131,366.840283642,365.966882437,366.733304508,1756915.0
2023-08-07 13:30:00,366.742137648,367.124907026,366.555660258,366.761766847,1292315.0
2023-08-07 14:00:00,366.761766847,367.291755217,366.403533967,367.252496819,1402707.0
2023-08-07 14:30:00,367.262311419,367.5960078,366.678342751,366.840283642,2371070.0
2023-08-07 15:00:00,366.850098242,367.605822399,366.830469043,367.321199015,1301880.0
2023-08-07 15:30:00,367.350642814,367.694153794,367.134721626,367.223053021,1441885.0
2023-08-07 16:00:00,367.173980023,368.332102759,367.016946432,368.233956764,4219922.0
2023-08-08 10:00:00,365.731233904,365.750863103,363.257954843,363.73877207,6251356.0
2023-08-08 10:30:00,363.719241017,364.052937398,362.580747481,363.557300126,5636208.0
2023-08-08 11:00:00,363.562207426,363.787943213,362.227421901,362.266680298,4765900.0
2023-08-08 11:30:00,362.276494898,363.051848254,362.021315312,362.943887661,3621944.0
2023-08-08 12:00:00,362.95860956,363.189252647,361.982056914,362.335382495,3145318.0
2023-08-08 12:30:00,362.340289794,363.405173835,362.207792702,363.120550451,2135430.0
2023-08-08 13:00:00,363.120550451,363.709426418,362.786854069,363.248140243,1819972.0
2023-08-08 13:30:00,363.267769442,364.0234936,362.997867957,363.547485527,1993237.0
2023-08-08 14:00:00,363.513134429,363.984235202,363.061662854,363.895903807,1887333.0
2023-08-08 14:30:00,363.895903807,364.590286718,363.542578227,364.136361494,2420087.0
2023-08-08 15:00:00,364.170712592,364.946065948,363.807572412,364.710711853,1939865.0
2023-08-08 15:30:00,364.700700962,364.867549153,364.308116984,364.661442564,1769149.0
2023-08-08 16:00:00,364.661442564,365.544756515,364.20015639,365.10309954,5000799.0
2023-08-09 10:00:00,365.387722924,365.544756515,363.071477453,363.446100714,5048624.0
2023-08-09 10:30:00,363.473876031,363.979327902,362.943887661,363.532763628,2998349.0
2023-08-09 11:00:00,363.513134429,363.709426418,361.687618931,361.726877329,3758980.0
2023-08-09 11:30:00,361.708425882,362.197978102,360.387184504,360.873007177,4898631.0
2023-08-09 12:00:00,360.873007177,361.422624746,360.333204207,360.794490381,3346759.0
2023-08-09 12:30:00,360.794490381,361.766135727,360.686529787,361.481512342,3068202.0
2023-08-09 13:00:00,361.481512342,362.021315312,361.275405754,361.324478751,2099755.0
2023-08-09 13:30:00,361.319571452,362.840834366,361.108557563,362.629918624,2109046.0
2023-08-09 14:00:00,362.649449677,363.076384753,362.615098579,362.719133333,1751055.0
2023-08-09 14:30:00,362.727966473,363.785882147,362.53177263,363.733962916,3268999.0
2023-08-09 15:00:00,363.738870216,364.092195796,363.199067246,363.267769442,2783148.0
2023-08-09 15:30:00,363.277584042,363.385544636,362.291216797,362.747595672,3315047.0
2023-08-09 16:00:00,362.723059173,362.884509334,360.765046583,361.088928364,9543251.0
2023-08-10 10:00:00,364.092195796,367.046390231,363.455620876,366.977688034,8858859.0
2023-08-10 10:30:00,366.997317233,367.41934501,366.123817882,366.423163166,5955317.0
2023-08-10 11:00:00,366.418255866,366.938429637,364.259043987,364.857734553,5442645.0
2023-08-10 11:30:00,364.867549153,365.014768144,363.199067246,364.038215499,4479019.0
2023-08-10 12:00:00,364.033308199,364.73014476,361.923169318,362.644542377,4607005.0
2023-08-10 12:30:00,362.639635078,362.894814663,361.638545934,362.561118282,3015464.0
2023-08-10 13:00:00,362.541489083,363.650538821,361.721970029,362.050759111,3132923.0
2023-08-10 13:30:00,362.050759111,362.521859884,361.363737149,361.736691928,6772012.0
2023-08-10 14:00:00,361.726877329,361.87409632,360.230150913,360.431350201,3844500.0
2023-08-10 14:30:00,360.426442902,362.443343089,360.357740705,361.942798517,3903501.0
2023-08-10 15:00:00,361.932983917,362.855556265,361.412810146,362.806483268,6243890.0
2023-08-10 15:30:00,362.806483268,362.875185464,361.688109661,361.854467122,3748396.0
2023-08-10 16:00:00,361.854467122,361.997563982,361.118372163,361.756321127,6955918.0
2023-08-11 10:00:00,359.20452527,359.811067516,358.281952922,358.743239096,5295891.0
2023-08-11 10:30:00,358.807033992,361.17725976,358.733424496,360.504959697,5745710.0
2023-08-11 11:00:00,360.519681596,360.961338572,359.278134766,359.440075657,3203599.0
2023-08-11 11:30:00,359.440075657,359.803215837,358.360469717,358.399728115,3210676.0
2023-08-11 12:00:00,358.399728115,359.057306278,357.928627342,359.024231078,4141770.0
2023-08-11 12:30:00,359.008233281,359.867010733,358.615649303,358.988604082,3099245.0
2023-08-11 13:00:00,358.992726214,359.322300463,358.272138322,358.556761706,1854888.0
2023-08-11 13:30:00,358.566576306,359.56766545,358.301582121,359.49317264,1773659.0
2023-08-11 14:00:00,359.469519455,359.606923848,358.537132507,359.046902803,4606402.0
2023-08-11 14:30:00,359.047491679,359.950434828,358.949345684,359.670718744,2567370.0
2023-08-11 15:00:00,359.646182245,360.293945809,359.39100266,360.107468419,2569880.0
2023-08-11 15:30:00,360.09765382,360.146628671,359.057306278,359.803215837,2936104.0
2023-08-11 16:00:00,359.803215837,360.087839221,358.968974883,359.449890256,4969880.0
2023-08-14 10:00:00,358.654907701,360.078024621,357.938441941,359.842474234,5537541.0
2023-08-14 10:30:00,359.852288834,361.187074359,359.494055954,360.558939994,3864746.0
2023-08-14 11:00:00,360.568754594,362.973331459,360.502015317,362.516952584,4382610.0
2023-08-14 11:30:00,362.541489083,362.610191279,361.717062729,362.335480641,2661050.0
2023-08-14 12:00:00,362.335382495,362.929165761,361.834837923,362.129275906,2075052.0
2023-08-14 12:30:00,362.134183206,362.521859884,361.17725976,361.589472936,2177770.0
2023-08-14 13:00:00,361.618916735,362.227421901,361.34410795,362.193070803,2439616.0
2023-08-14 13:30:00,362.207792702,362.914443862,362.110333729,362.546396383,1632612.0
2023-08-14 14:00:00,362.561118282,362.713244573,361.952613116,362.382492572,1640329.0
2023-08-14 14:30:00,362.384455492,362.477694187,361.694096567,362.168534304,1527719.0
2023-08-14 15:00:00,362.183256203,362.355011694,361.550214539,362.160486332,2177409.0
2023-08-14 15:30:00,362.188163503,362.698522674,361.963114737,362.40899199,1991673.0
2023-08-14 16:00:00,362.404084691,363.601465824,362.296124097,363.48369063,6599036.0
2023-08-15 10:00:00,362.512045285,363.30604638,361.314566006,361.480629028,5950662.0
2023-08-15 10:30:00,361.471697743,361.491326942,359.842474234,360.392091804,6292057.0
2023-08-15 11:00:00,360.392091804,360.99078237,359.73451364,360.392091804,4649805.0
2023-08-15 11:30:00,360.392091804,361.471697743,360.392091804,361.23801213,2368335.0
2023-08-15 12:00:00,361.236147356,361.825023323,361.044762667,361.790672225,2005521.0
2023-08-15 12:30:00,361.805394124,362.090017508,361.044762667,361.510857995,1983148.0
2023-08-15 13:00:00,361.52077074,361.609102135,360.666900588,361.010411569,1751510.0
2023-08-15 13:30:00,360.976060471,361.529407588,360.666900588,361.335765541,1103140.0
2023-08-15 14:00:00,361.334293351,361.398088247,360.441164801,360.873007177,1536949.0
2023-08-15 14:30:00,360.873007177,361.069299166,360.470608599,360.63745679,1711554.0
2023-08-15 15:00:00,360.666900588,361.34410795,360.598296538,361.010411569,1211696.0
2023-08-15 15:30:00,361.000596969,361.059484566,359.243783668,359.263412867,2730013.0
2023-08-15 16:00:00,359.263412867,359.940620229,358.959160284,359.626553046,8394203.0
2023-08-16 10:00:00,359.086750077,360.225243613,358.429171914,359.616738447,5065320.0
2023-08-16 10:30:00,359.587294649,360.617827591,358.870828889,359.655996845,3457028.0
2023-08-16 11:00:00,359.626553046,360.431350201,359.420446458,360.205614414,2059327.0
2023-08-16 11:30:00,360.215429013,360.529496196,359.341929662,359.55981377,2283346.0
2023-08-16 12:00:00,359.538221651,359.56766545,358.007144137,358.252509123,2631300.0
2023-08-16 12:30:00,358.252509123,358.576292759,357.369195173,357.457526568,4230212.0
2023-08-16 13:00:00,357.447711969,358.169085028,357.359380573,357.565487162,3027290.0
2023-08-16 13:30:00,357.555672562,357.889368944,356.898094399,357.536043364,2338788.0
2023-08-16 14:00:00,357.536043364,358.762868295,357.349565974,358.340840518,1934334.0
2023-08-16 14:30:00,358.331025919,359.037677079,356.839206803,358.813119044,4651213.0
2023-08-16 15:00:00,358.811941292,359.253598267,357.575301761,357.928627342,2846693.0
2023-08-16 15:30:00,357.938441941,357.938441941,355.99515125,356.397549827,5807728.0
2023-08-16 16:00:00,356.407364427,356.8882798,355.720342465,355.81848846,8141502.0
2023-08-17 10:00:00,357.212161582,357.555672562,355.160910297,355.671171322,6529153.0
2023-08-17 10:30:00,355.666362168,356.013798989,354.552405131,354.699624123,5091491.0
2023-08-17 11:00:00,354.670180324,355.470070179,353.963529164,354.73888252,4179267.0
2023-08-17 11:30:00,354.758511719,355.003876705,354.091118957,354.238337948,3826137.0
2023-08-17 12:00:00,354.257967147,355.165817596,354.002787562,355.1020227,3040258.0
2023-08-17 12:30:00,355.111837299,356.083482645,354.39537154,355.931356353,3453736.0
2023-08-17 13:00:00,355.936263653,356.240516236,355.347387686,356.230701637,2465393.0
2023-08-17 13:30:00,356.230701637,356.337288187,355.023505904,355.111837299,2234052.0
2023-08-17 14:00:00,355.092208101,355.093091414,354.051860559,354.464073736,3799429.0
2023-08-17 14:30:00,354.483702935,354.57203433,353.590574385,354.002787562,2803907.0
2023-08-17 15:00:00,354.012602161,354.042045959,352.60911444,352.893737824,4427287.0
2023-08-17 15:30:00,352.903552423,353.148917409,351.519693901,352.481524647,5776031.0
2023-08-17 16:00:00,352.486431947,352.834850227,351.608025296,351.931907078,10171583.0
2023-08-18 10:00:00,348.67346006,350.214352174,348.437909673,348.889381248,8689501.0
2023-08-18 10:30:00,348.869752049,349.654920005,348.13365709,348.801049853,6198073.0
2023-08-18 11:00:00,348.781420654,350.273239771,348.742162256,349.832564255,5511719.0
2023-08-18 11:30:00,349.831582795,350.63637995,349.605847008,349.605847008,4493938.0
2023-08-18 12:00:00,349.605847008,351.293958113,349.075858638,351.166368321,3902552.0
2023-08-18 12:30:00,351.166368321,351.509781155,350.440087961,350.498975558,4178140.0
2023-08-18 13:00:00,350.518604757,351.436269805,350.391014964,350.64619455,2275002.0
2023-08-18 13:30:00,350.64619455,351.078036925,349.517515613,350.498975558,3546174.0
2023-08-18 14:00:00,350.498975558,351.117295323,350.126020779,350.99952013,2103692.0
2023-08-18 14:30:00,351.019149329,351.480435503,350.656009149,351.195812119,3030621.0
2023-08-18 15:00:00,351.195812119,352.172364764,351.127109923,351.462474786,2794163.0
2023-08-18 15:30:00,351.470620903,351.71009713,350.842486539,351.608025296,3612192.0
2023-08-18 16:00:00,351.608025296,352.746518832,351.063315026,351.490250102,6967810.0
2023-08-21 10:00:00,352.95262542,355.445533681,352.883923224,355.445533681,5656855.0
2023-08-21 10:30:00,355.45534828,355.887190656,353.384467796,353.482613791,4760328.0
2023-08-21 11:00:00,353.482613791,354.365927741,353.256878003,353.50224299,3583299.0
2023-08-21 11:30:00,353.49242839,354.090137497,352.59929984,353.021327617,2805347.0
2023-08-21 12:00:00,353.021327617,353.590672531,352.491339246,352.986976518,2678899.0
2023-08-21 12:30:00,352.982069219,354.611292727,352.913367023,354.559667934,2800978.0
2023-08-21 13:00:00,354.56221973,355.234323501,354.326669343,355.151095697,2400758.0
2023-08-21 13:30:00,355.160812151,356.230701637,354.778239064,355.892097956,3576335.0
2023-08-21 14:00:00,355.887190656,356.622402301,355.798859261,356.16936039,2542660.0
2023-08-21 14:30:00,356.17672134,356.907908999,356.049131547,356.485881222,2068119.0
2023-08-21 15:00:00,356.554583419,357.329936775,356.363198729,357.035498792,1983402.0
2023-08-21 15:30:00,357.035498792,357.634189358,357.035498792,357.270951032,2687395.0
2023-08-21 16:00:00,357.271049178,357.830481347,356.986425794,357.153273985,7284411.0
2023-08-22 10:00:00,359.754142839,359.763957439,357.496784966,357.653818557,6066286.0
2023-08-22 10:30:00,357.653818557,358.919901886,357.545857963,357.830481347,3379645.0
2023-08-22 11:00:00,357.840394092,358.792312093,356.839206803,358.689258799,3215037.0
2023-08-22 11:30:00,358.694166099,358.879171298,357.712706154,358.046402535,2368884.0
2023-08-22 12:00:00,358.056217134,358.414450014,356.907908999,357.192532383,2473902.0
2023-08-22 12:30:00,357.201758106,357.300492977,355.979349745,356.677265912,2588974.0
2023-08-22 13:00:00,356.677265912,357.501299681,356.417179026,356.927538198,3256566.0
2023-08-22 13:30:00,356.927538198,357.114015587,356.024595048,356.633100214,2452210.0
2023-08-22 14:00:00,356.672358612,356.819577604,355.955892852,356.608858154,2257047.0
2023-08-22 14:30:00,356.593841816,357.172903184,356.122741043,357.084571789,2220337.0
2023-08-22 15:00:00,357.094386388,357.329936775,356.476066623,356.966796595,2201901.0
2023-08-22 15:30:00,356.966796595,357.810852148,356.662544013,356.858247126,2654118.0
2023-08-22 16:00:00,356.849021402,356.8882798,355.975522051,356.642914814,5152185.0
2023-08-23 10:00:00,357.820666748,360.117283019,357.60474556,359.805178756,5693856.0
2023-08-23 10:30:00,359.803215837,361.034948067,359.55785085,360.63745679,4141929.0
2023-08-23 11:00:00,360.62764219,361.972242315,360.558939994,361.825023323,3872900.0
2023-08-23 11:30:00,361.825023323,362.305938696,361.550214539,362.104739408,3370618.0
2023-08-23 12:00:00,362.148905105,362.492416086,361.628731334,362.353048774,3070720.0
2023-08-23 12:30:00,362.355011694,362.394270091,361.599287536,361.736691928,2238556.0
2023-08-23 13:00:00,361.766135727,362.384455492,361.618916735,361.815208724,1582417.0
2023-08-23 13:30:00,361.805394124,362.914443862,361.687618931,362.826210613,2636824.0
2023-08-23 14:00:00,362.845741666,363.356100837,362.76722487,363.218696445,2094236.0
2023-08-23 14:30:00,363.208881846,363.228118461,362.217607301,362.60037668,1850837.0
2023-08-23 15:00:00,362.580747481,362.698522674,362.011500713,362.482601486,1701449.0
2023-08-23 15:30:00,362.462972287,363.091106652,362.183256203,363.032219056,2900147.0
2023-08-23 16:00:00,363.032219056,363.14017965,361.991871514,362.266680298,6603160.0
2023-08-24 10:00:00,365.731233904,365.829379899,362.178447049,363.081292053,9803355.0
2023-08-24 10:30:00,363.100921252,363.356100837,359.498963254,359.509759313,7376158.0
2023-08-24 11:00:00,359.518592452,359.813030436,358.48805951,358.708887998,6091967.0
2023-08-24 11:30:00,358.723609897,358.733424496,357.576283221,358.212269266,4731279.0
2023-08-24 12:00:00,358.213250726,358.213250726,356.45555411,356.623285615,3729763.0
2023-08-24 12:30:00,356.633100214,358.046402535,356.574212617,357.634189358,3980845.0
2023-08-24 13:00:00,357.634189358,358.733424496,357.575301761,357.751964551,3353838.0
2023-08-24 13:30:00,357.747057252,358.075846333,356.844506686,357.055127991,2810645.0
2023-08-24 14:00:00,357.031572952,357.545857963,356.937352797,357.192532383,2248348.0
2023-08-24 14:30:00,357.202346982,357.938441941,356.907908999,357.055029845,2667153.0
2023-08-24 15:00:00,357.025684192,357.339751375,356.181628639,356.819773896,2833349.0
2023-08-24 15:30:00,356.839108657,357.006054993,355.809066444,355.916634454,3075231.0
2023-08-24 16:00:00,355.926449054,356.132555642,354.316854744,354.522961332,9222122.0
2023-08-25 10:00:00,355.357202286,356.755782707,355.268870891,356.584027217,7613829.0
2023-08-25 10:30:00,356.574212617,358.959160284,354.74869712,355.141281098,10729315.0
2023-08-25 11:00:00,355.144029186,355.612381871,351.980980075,352.079126069,7461835.0
2023-08-25 11:30:00,352.098755268,354.57203433,351.931907078,354.503332134,5357920.0
2023-08-25 12:00:00,354.494498994,355.229612493,352.923181622,353.227434205,4605378.0
2023-08-25 12:30:00,353.178361208,355.013691305,353.129288211,354.994062106,3426723.0
2023-08-25 13:00:00,355.003876705,355.396460683,354.248152548,355.043135103,3375438.0
2023-08-25 13:30:00,355.038227804,355.562131122,354.150006553,354.719253321,2804707.0
2023-08-25 14:00:00,354.73888252,355.092208101,353.953714564,354.997693508,2469550.0
2023-08-25 14:30:00,354.974432907,357.24160538,354.866472313,357.192630529,4346236.0
2023-08-25 15:00:00,357.202346982,357.77159375,356.70180241,357.702891554,3564375.0
2023-08-25 15:30:00,357.722520753,358.463523012,357.290678377,358.13473393,3397047.0
2023-08-25 16:00:00,358.144548529,358.31139672,357.045313391,357.271049178,7221142.0
2023-08-28 10:00:00,360.185985215,360.892636375,357.94825654,359.106379276,6530070.0
2023-08-28 10:30:00,359.126008474,360.127097618,358.762868295,360.068210022,3289659.0
2023-08-28 11:00:00,360.068210022,360.166356016,357.869739745,358.664820446,3424531.0
2023-08-28 11:30:00,358.6647223,358.821755892,357.977700339,358.301582121,2448256.0
2023-08-28 12:00:00,358.31139672,358.811941292,357.496784966,358.272236468,2696058.0
2023-08-28 12:30:00,358.262323723,358.409542715,357.732335353,357.997329538,1651368.0
2023-08-28 13:00:00,357.997329538,359.655996845,357.791222949,359.606923848,2111780.0
2023-08-28 13:30:00,359.606923848,360.372462605,359.587294649,359.833641095,2743006.0
2023-08-28 14:00:00,359.871918033,360.058395422,357.859925145,358.115104731,2552525.0
2023-08-28 14:30:00,358.124919331,358.566576306,357.997329538,358.458615712,1698681.0
2023-08-28 15:00:00,358.478244911,359.194710671,358.144548529,359.067120878,2160817.0
2023-08-28 15:30:00,359.076935477,359.538221651,358.591112804,358.964067584,2245674.0
2023-08-28 16:00:00,358.959160284,360.490237798,358.811941292,359.960249428,5532660.0
2023-08-29 10:00:00,359.763957439,362.090017508,359.441057117,361.672897032,4852789.0
2023-08-29 10:30:00,361.687618931,364.985324346,361.643453233,364.846349618,8395514.0
2023-08-29 11:00:00,364.847919954,365.721419305,364.789032357,365.10309954,6809488.0
2023-08-29 11:30:00,365.09328494,366.33973907,365.054026542,366.104188683,4134033.0
2023-08-29 12:00:00,366.118910583,367.105277827,366.074744885,366.668528152,3871457.0
2023-08-29 12:30:00,366.673435452,367.223053021,366.310295272,367.06601943,3245066.0
2023-08-29 13:00:00,367.075834029,367.164165424,366.388812067,366.928615037,2846466.0
2023-08-29 13:30:00,366.938429637,367.143554765,366.643991653,366.899171239,2907709.0
2023-08-29 14:00:00,366.908985838,367.458603408,366.428070465,366.772857344,2842374.0
2023-08-29 14:30:00,366.771581446,367.497861805,366.673435452,367.331013615,2372627.0
2023-08-29 15:00:00,367.340828214,367.723597593,367.252693111,367.537120203,3148633.0
2023-08-29 15:30:00,367.527305604,368.13581077,367.164165424,368.086737772,3176852.0
2023-08-29 16:00:00,368.076923173,368.175069167,367.517491004,367.821743587,7630191.0
2023-08-30 10:00:00,367.929704181,369.346834196,367.193609222,369.070847659,5030387.0
2023-08-30 10:30:00,369.087826916,370.079101461,366.928615037,367.674524595,5442106.0
2023-08-30 11:00:00,367.694153794,369.401894099,367.605822399,369.274304306,3519745.0
2023-08-30 11:30:00,369.303748104,369.362635701,368.322288159,369.048568518,2477837.0
2023-08-30 12:00:00,369.01912472,369.858272973,368.930793325,369.804292676,2498464.0
2023-08-30 12:30:00,369.804292676,370.324466447,369.598186088,370.147803657,1970735.0
2023-08-30 13:00:00,370.147803657,370.448817422,369.686517483,370.133081758,2975141.0
2023-08-30 13:30:00,370.137989057,370.245949651,369.72577588,369.81400913,1614655.0
2023-08-30 14:00:00,369.804292676,370.295022649,369.078012317,369.515350868,2041503.0
2023-08-30 14:30:00,369.516234182,369.568742289,368.724686737,368.879757408,2431188.0
2023-08-30 15:00:00,368.896442227,370.177247455,368.832647331,370.069286861,2044984.0
2023-08-30 15:30:00,370.08891606,370.373539444,369.627629886,369.755219679,2390756.0
2023-08-30 16:00:00,369.765034278,370.128174458,369.392079499,369.872994872,4686520.0
2023-08-31 10:00:00,369.951511668,371.752490667,369.882809472,371.727954168,5072098.0
2023-08-31 10:30:00,371.747583367,372.381606492,371.040932207,372.365903133,3841566.0
2023-08-31 11:00:00,372.375717732,372.678988855,371.315740991,372.100908947,2458970.0
2023-08-31 11:30:00,372.101890407,372.297200936,371.148892801,371.727954168,2613976.0
2023-08-31 12:00:00,371.708324969,371.914431558,371.080190605,371.678881171,1568541.0
2023-08-31 12:30:00,371.678881171,372.091094348,370.550202234,370.942786212,2298196.0
2023-08-31 13:00:00,370.952600812,371.148892801,369.971140867,370.766123422,2154931.0
2023-08-31 13:30:00,370.775938022,371.840822062,370.569831433,371.771138406,1533461.0
2023-08-31 14:00:00,371.777027166,371.904616958,371.080190605,371.462959983,1556411.0
2023-08-31 14:30:00,371.472774583,372.395346931,371.423701585,372.110723547,1810379.0
2023-08-31 15:00:00,372.130352746,372.189240342,371.286297193,371.404072386,1378312.0
2023-08-31 15:30:00,371.399165087,372.071465149,371.354999389,371.796656364,1675041.0
2023-08-31 16:00:00,371.813831913,372.331552034,370.834825618,370.98204461,5145228.0
2023-09-01 10:00:00,373.347363078,373.769390854,370.157618256,371.561105978,6813343.0
2023-09-01 10:30:00,371.541476779,372.385532331,370.295022649,372.179425743,4335884.0
2023-09-01 11:00:00,372.169611144,372.169611144,369.766015738,370.059472262,3517658.0
2023-09-01 11:30:00,370.064379561,370.815196419,369.853365673,370.353910245,2604250.0
2023-09-01 12:00:00,370.373539444,370.560016834,369.146714513,369.313562704,2376053.0
2023-09-01 12:30:00,369.293933505,370.393168643,369.107554261,370.147803657,1882013.0
2023-09-01 13:00:00,370.118359858,370.726865024,369.666888284,370.550202234,2060464.0
2023-09-01 13:30:00,370.550202234,370.687606627,369.931882469,369.931882469,1251404.0
2023-09-01 14:00:00,369.931882469,370.304837248,369.637444485,370.236135052,2169920.0
2023-09-01 14:30:00,370.255764251,370.393168643,369.303748104,369.470596295,1141231.0
2023-09-01 15:00:00,369.470596295,369.990770066,369.215416709,369.971140867,1395431.0
2023-09-01 15:30:00,369.961326267,370.491314638,369.843452928,370.471685439,1774733.0
2023-09-01 16:00:00,370.481500038,370.825011019,370.030028463,370.589460632,4281184.0
2023-09-05 10:00:00,369.784663477,370.363724845,368.930793325,369.313562704,3992924.0
2023-09-05 10:30:00,369.303748104,370.766123422,368.862091129,369.971140867,3497832.0
2023-09-05 11:00:00,369.980955466,371.168522,369.673365919,370.667977428,2633821.0
2023-09-05 11:30:00,370.677792027,372.032206751,370.677792027,370.972230011,2696990.0
2023-09-05 12:00:00,370.98204461,371.129263602,370.295022649,370.717050425,2319055.0
2023-09-05 12:30:00,370.697421226,371.502218381,370.619002576,371.207780397,1436030.0
2023-09-05 13:00:00,371.237224196,371.727954168,371.168522,371.477681882,1265389.0
2023-09-05 13:30:00,371.472774583,371.570920577,370.834825618,370.903527814,1228021.0
2023-09-05 14:00:00,370.893713215,371.462959983,370.795567221,371.443330784,1446011.0
2023-09-05 14:30:00,371.453145384,372.159796544,371.251946095,372.081279748,1681076.0
2023-09-05 15:00:00,372.091094348,372.276884715,371.639622773,372.248127939,1962945.0
2023-09-05 15:30:00,372.257942539,372.257942539,371.183243899,371.425468213,1720904.0
2023-09-05 16:00:00,371.433516185,371.929742333,370.942786212,371.060561406,4492172.0
2023-09-06 10:00:00,370.285208049,370.62871903,369.352821101,369.931882469,3869683.0
2023-09-06 10:30:00,369.91225327,369.91225327,367.566564001,367.586585784,6114304.0
2023-09-06 11:00:00,367.5861932,368.430248753,367.306477116,367.311384416,2800398.0
2023-09-06 11:30:00,367.311384416,367.821743587,366.683250051,367.654895397,3701814.0
2023-09-06 12:00:00,367.659802696,367.880631184,367.095463228,367.277033318,1988945.0
2023-09-06 12:30:00,367.281940617,367.625451598,366.34955367,366.437885065,2473331.0
2023-09-06 13:00:00,366.447699664,366.575289457,365.849009098,366.177798179,3269912.0
2023-09-06 13:30:00,366.16307628,367.016946432,365.790121501,366.668528152,2337350.0
2023-09-06 14:00:00,366.658713552,367.311384416,366.604733255,366.899171239,1855211.0
2023-09-06 14:30:00,366.908985838,367.262311419,366.634177054,367.213238421,2259164.0
2023-09-06 15:00:00,367.203423822,367.694153794,367.183794623,367.281940617,2140852.0
2023-09-06 15:30:00,367.272126018,367.478232606,366.722508449,366.958058836,2490564.0
2023-09-06 16:00:00,366.977688034,368.008220977,366.928615037,367.792299789,5731949.0
2023-09-07 10:00:00,363.346286238,364.278673186,362.305938696,363.14017965,8534547.0
2023-09-07 10:30:00,363.14017965,364.20015639,362.41389929,363.562207426,4104469.0
2023-09-07 11:00:00,363.572022025,365.250318531,363.002775257,364.121639595,3710634.0
2023-09-07 11:30:00,364.131454194,365.014768144,363.925347606,364.013679001,4159706.0
2023-09-07 12:00:00,364.013679001,364.872456452,363.258151135,363.445511838,2705004.0
2023-09-07 12:30:00,363.444432232,364.995138946,363.326657039,364.774310458,2081711.0
2023-09-07 13:00:00,364.784125057,365.044211943,364.190341791,364.278673186,2511111.0
2023-09-07 13:30:00,364.268858586,364.995138946,364.111824995,364.975509747,2403285.0
2023-09-07 14:00:00,365.004953545,365.407352122,364.485270504,365.220874733,1796678.0
2023-09-07 14:30:00,365.220874733,365.525225462,364.592740368,364.592838514,3197836.0
2023-09-07 15:00:00,364.59293666,365.63308791,364.425892177,365.443371702,2740732.0
2023-09-07 15:30:00,365.45642512,365.62327331,364.73995936,365.338649926,2771077.0
2023-09-07 16:00:00,365.309206128,365.937340493,364.868530613,365.161987136,7628136.0
2023-09-08 10:00:00,365.112914139,367.458603408,365.024582744,366.51640186,4420260.0
2023-09-08 10:30:00,366.536031059,367.900260383,366.329924471,367.541634919,3383747.0
2023-09-08 11:00:00,367.566564001,367.821743587,365.701790106,365.701790106,3576970.0
2023-09-08 11:30:00,365.691975507,367.203423822,365.45642512,367.056989998,2418074.0
2023-09-08 12:00:00,367.06601943,367.40953041,366.614547855,366.732323048,2022120.0
2023-09-08 12:30:00,366.742137648,367.262311419,366.359368269,366.684525949,1637812.0
2023-09-08 13:00:00,366.712693849,366.712693849,365.8097507,366.437885065,1879642.0
2023-09-08 13:30:00,366.428070465,366.596881576,365.780306902,366.203610576,1373114.0
2023-09-08 14:00:00,366.241593076,366.564297106,366.064930286,366.388812067,1179712.0
2023-09-08 14:30:00,366.398626667,366.770599986,365.289576929,365.642902509,2158864.0
2023-09-08 15:00:00,365.642902509,365.790121501,365.029490044,365.073655741,1773862.0
2023-09-08 15:30:00,365.044211943,365.220874733,364.710515562,364.906807551,1770695.0
2023-09-08 16:00:00,364.896992951,365.760677703,364.779217758,365.672346308,4683709.0
2023-09-11 10:00:00,368.695242938,369.333191902,367.06601943,367.350642814,6067418.0
2023-09-11 10:30:00,367.370272012,367.978777178,366.732323048,367.703968394,3503044.0
2023-09-11 11:00:00,367.713782993,367.959147979,366.811134282,367.183794623,2480712.0
2023-09-11 11:30:00,367.164165424,368.273215162,366.938724075,368.086737772,2327734.0
2023-09-11 12:00:00,368.086737772,368.165254568,367.311384416,367.429159609,1708581.0
2023-09-11 12:30:00,367.448788808,368.214327565,367.291755217,368.148667895,1750067.0
2023-09-11 13:00:00,368.155439968,368.253487817,367.630358898,368.067010427,1300949.0
2023-09-11 13:30:00,368.086737772,369.078012317,367.890445783,369.053475818,3061162.0
2023-09-11 14:00:00,369.058383118,369.823921875,369.058383118,369.784663477,3439132.0
2023-09-11 14:30:00,369.794478077,370.059472262,369.441152496,370.030028463,3603096.0
2023-09-11 15:00:00,370.030028463,370.167432856,369.765034278,369.980955466,2268018.0
2023-09-11 15:30:00,369.990770066,370.412797842,369.72577588,370.353910245,1692334.0
2023-09-11 16:00:00,370.368632144,370.491314638,369.686517483,369.980955466,4346796.0
2023-09-12 10:00:00,368.31247356,369.691424782,367.978777178,369.493268019,4259557.0
2023-09-12 10:30:00,369.490225494,369.593278788,367.852168845,367.900260383,2786917.0
2023-09-12 11:00:00,367.910074982,368.253585963,366.967873435,367.016946432,3164020.0
2023-09-12 11:30:00,366.997317233,367.517491004,366.378997468,367.026662886,2713772.0
2023-09-12 12:00:00,367.0275462,367.522398304,367.026761032,367.2309047,2356388.0
2023-09-12 12:30:00,367.24268222,367.77267059,367.241504468,367.458603408,2638692.0
2023-09-12 13:00:00,367.468418007,367.723499447,367.115092427,367.370272012,1201480.0
2023-09-12 13:30:00,367.370272012,368.675613739,367.193609222,368.351731957,2247043.0
2023-09-12 14:00:00,368.351731957,368.567653145,366.673435452,366.967873435,2306597.0
2023-09-12 14:30:00,366.948244236,367.046390231,366.437885065,366.850098242,2158912.0
2023-09-12 15:00:00,366.850098242,367.013020592,365.937340493,366.030579188,2104679.0
2023-09-12 15:30:00,366.045301087,366.143447081,365.593829512,365.795028801,3806641.0
2023-09-12 16:00:00,365.7999361,366.261222275,365.672346308,365.878452896,5712955.0
2023-09-13 10:00:00,366.114003283,367.497861805,365.868638297,367.154939701,5931022.0
2023-09-13 10:30:00,367.183794623,367.272126018,364.985324346,366.593152028,4628964.0
2023-09-13 11:00:00,366.614547855,367.733412192,366.594918656,367.389901211,3089162.0
2023-09-13 11:30:00,367.382540262,368.292844361,367.360457413,368.214327565,3362408.0
2023-09-13 12:00:00,368.233956764,368.485406802,366.938429637,367.959147979,4234697.0
2023-09-13 12:30:00,367.95424068,368.253684109,367.321199015,368.224142165,3032464.0
2023-09-13 13:00:00,368.224142165,368.557838546,367.706814628,368.204512966,1736012.0
2023-09-13 13:30:00,368.204512966,368.705057538,368.008220977,368.381175756,1575650.0
2023-09-13 14:00:00,368.400804955,368.871905728,368.204512966,368.499049095,1424217.0
2023-09-13 14:30:00,368.503858249,368.66579914,367.846280086,368.233956764,1779125.0
2023-09-13 15:00:00,368.233956764,368.270172636,366.614547855,367.306477116,2680876.0
2023-09-13 15:30:00,367.311384416,367.389901211,366.241593076,367.031668331,2843530.0
2023-09-13 16:00:00,367.046390231,367.478232606,366.859912841,367.272126018,5094834.0
2023-09-14 10:00:00,369.01912472,369.460781695,367.06601943,368.13581077,5022822.0
2023-09-14 10:30:00,368.145625369,368.273215162,366.958058836,368.12599617,3186991.0
2023-09-14 11:00:00,368.13581077,370.177247455,368.086737772,369.819014575,6088969.0
2023-09-14 11:30:00,369.823921875,370.775938022,369.823921875,369.971140867,3679949.0
2023-09-14 12:00:00,369.980955466,370.44224164,369.185972911,370.432427041,4627471.0
2023-09-14 12:30:00,370.422612441,370.874084016,369.936789769,370.177247455,3437905.0
2023-09-14 13:00:00,370.177247455,371.119449002,369.784663477,371.031117607,3209504.0
2023-09-14 13:30:00,371.021303008,371.027191768,370.520758436,370.717050425,1793550.0
2023-09-14 14:00:00,370.717050425,371.060561406,370.432427041,370.44224164,1405705.0
2023-09-14 14:30:00,370.4432231,370.550202234,369.941697068,370.000584665,1619725.0
2023-09-14 15:00:00,369.990770066,370.667977428,369.823921875,370.594367932,1881617.0
2023-09-14 15:30:00,370.604182531,371.256853395,370.383354044,370.422612441,2070393.0
2023-09-14 16:00:00,370.412797842,370.726865024,370.128174458,370.27539345,4855144.0
2023-09-15 10:00:00,368.940607924,369.343006502,366.133632482,366.683250051,6739497.0
2023-09-15 10:30:00,366.722508449,367.134721626,365.662531708,366.280851474,5101366.0
2023-09-15 11:00:00,366.290666073,366.52621646,364.56329657,364.573111169,6763673.0
2023-09-15 11:30:00,364.576840717,365.179653415,364.357189981,364.73995936,8708618.0
2023-09-15 12:00:00,364.73014476,365.122728738,364.308116984,364.797669205,4608501.0
2023-09-15 12:30:00,364.808661556,365.152074391,364.597647668,364.867549153,3186346.0
2023-09-15 13:00:00,364.882271052,365.602171922,364.749773959,365.466239719,1821802.0
2023-09-15 13:30:00,365.476054319,365.505498117,363.542578227,363.621095023,2696823.0
2023-09-15 14:00:00,363.620996877,364.072566597,363.189252647,363.876274608,2897347.0
2023-09-15 14:30:00,363.895903807,363.920440306,363.120550451,363.218696445,2638495.0
2023-09-15 15:00:00,363.208881846,363.719241017,363.002775257,363.444432232,5210781.0
2023-09-15 15:30:00,363.444432232,364.082381197,363.057638868,363.974420603,3643474.0
2023-09-15 16:00:00,363.994049802,364.313024284,363.356100837,363.935162205,10358661.0
2023-09-18 10:00:00,362.997053246,364.844866688,362.712018194,364.19685424,5826113.0
2023-09-18 10:30:00,364.186337429,364.962812226,363.685068889,364.12736466,3253522.0
2023-09-18 11:00:00,364.14702225,364.363255737,363.173971555,364.009320833,3106738.0
2023-09-18 11:30:00,363.999590326,364.579489225,363.714555274,364.520516456,2212787.0
2023-09-18 12:00:00,364.520516456,365.228189689,364.461543686,365.120072945,2071287.0
2023-09-18 12:30:00,365.120072945,365.306820048,364.613890007,365.159388124,2348861.0
2023-09-18 13:00:00,365.203617701,365.424765587,364.786876798,364.835037893,974992.0
2023-09-18 13:30:00,364.835037893,365.252761676,364.56966043,364.997213008,1043745.0
2023-09-18 14:00:00,365.002127406,365.326477638,364.776065123,364.844866688,1318788.0
2023-09-18 14:30:00,364.844866688,365.183960112,364.658119584,364.710703637,1463896.0
2023-09-18 15:00:00,364.717092354,364.982469816,363.517979376,363.871815992,2101627.0
2023-09-18 15:30:00,363.871815992,364.293471294,363.744041659,364.12736466,2945823.0
2023-09-18 16:00:00,364.12736466,364.412399712,363.685068889,364.314111763,5210513.0
2023-09-19 10:00:00,362.997053246,363.434434619,361.788111474,361.807670775,4729605.0
2023-09-19 10:30:00,361.817597858,362.1222905,361.090267036,361.748796294,4219211.0
2023-09-19 11:00:00,361.738967499,361.767471004,360.520196932,360.647971265,2919231.0
2023-09-19 11:30:00,360.63814247,361.345815703,360.569340906,361.306500524,1992282.0
2023-09-19 12:00:00,361.296671729,361.629867876,360.982150292,361.539049811,1755893.0
2023-09-19 12:30:00,361.548976894,361.552220396,360.765916804,361.365473293,1274478.0
2023-09-19 13:00:00,361.336576636,361.876570628,360.864204753,361.793025871,1372422.0
2023-09-19 13:30:00,361.817597858,362.60390145,361.689823525,362.258910749,3310516.0
2023-09-19 14:00:00,362.264808026,363.596609735,362.264808026,363.439349017,3355808.0
2023-09-19 14:30:00,363.449177812,363.704726479,363.14448517,363.193629144,2391237.0
2023-09-19 15:00:00,363.193629144,364.284625378,362.888936502,362.908594092,2452550.0
2023-09-19 15:30:00,362.898765297,363.301745888,362.615696004,363.183800349,1981657.0
2023-09-19 16:00:00,363.193629144,363.847244005,362.980737447,363.537636966,4059288.0
2023-09-20 10:00:00,364.599146815,364.952983431,363.537636966,364.417314109,2763084.0
2023-09-20 10:30:00,364.432057302,364.618018101,363.23264946,363.508150581,2460556.0
2023-09-20 11:00:00,363.508150581,363.930788762,363.095341195,363.252601914,1745272.0
2023-09-20 11:30:00,363.262430709,363.547465761,362.495784706,362.653045425,1894524.0
2023-09-20 12:00:00,362.608815848,363.576952145,362.456469527,363.557294556,1771601.0
2023-09-20 12:30:00,363.557294556,363.60643853,363.173971555,363.579900784,1075226.0
2023-09-20 13:00:00,363.58678094,363.773528043,363.400033837,363.714555274,1013195.0
2023-09-20 13:30:00,363.724384069,363.812843223,363.272357791,363.390205042,916503.0
2023-09-20 14:00:00,363.409862632,363.635924915,362.898765297,363.429520222,1123287.0
2023-09-20 14:30:00,363.400033837,363.400033837,361.453932447,362.574415066,6385819.0
2023-09-20 15:00:00,362.574415066,363.940617557,361.581706781,361.886399423,6584362.0
2023-09-20 15:30:00,361.866741833,362.368010373,360.009099597,360.687286445,5495850.0
2023-09-20 16:00:00,360.71677283,360.815060779,358.220258925,358.298889284,9264914.0
2023-09-21 10:00:00,354.622919992,355.409223584,353.281289488,353.345176655,10494662.0
2023-09-21 10:30:00,353.31569027,355.025900582,353.020826423,354.141309041,7339754.0
2023-09-21 11:00:00,354.151137836,355.369908404,353.925075554,354.042431365,5704902.0
2023-09-21 11:30:00,354.043021092,354.632748786,353.453293398,353.590896527,3485629.0
2023-09-21 12:00:00,353.581067732,354.315868439,353.453293398,353.659698091,3445878.0
2023-09-21 12:30:00,353.649869296,353.765849076,353.077145418,353.571238937,3170286.0
2023-09-21 13:00:00,353.571238937,354.269083375,353.423807014,353.699013271,2720093.0
2023-09-21 13:30:00,353.699013271,354.81949589,353.635126104,354.563947222,3265030.0
2023-09-21 14:00:00,354.583604812,354.937441428,354.31822735,354.416515299,3039721.0
2023-09-21 14:30:00,354.434600281,354.495145658,353.31569027,353.355005449,2820886.0
2023-09-21 15:00:00,353.345176655,353.826787605,353.050312808,353.138771962,2655688.0
2023-09-21 15:30:00,353.119114372,353.482779783,352.342639575,352.450756319,4997438.0
2023-09-21 16:00:00,352.460585114,352.780020948,351.566164778,351.733254291,10409744.0
2023-09-22 10:00:00,353.472950988,353.77764363,352.303324395,353.77764363,6307142.0
2023-09-22 10:30:00,353.782558028,354.112707248,352.883223294,353.8366164,3875044.0
2023-09-22 11:00:00,353.841530797,355.320764429,353.8366164,355.192990096,4403877.0
2023-09-22 11:30:00,355.202818891,355.369908404,354.554118427,355.212647686,2710586.0
2023-09-22 12:00:00,355.22247648,355.605799482,354.391943311,354.426245806,2709686.0
2023-09-22 12:30:00,354.426344094,355.24213407,354.27891217,355.065215762,1622753.0
2023-09-22 13:00:00,355.084873352,355.487853943,354.966927813,355.134017326,1710548.0
2023-09-22 13:30:00,355.138931724,355.183161301,353.443464604,353.669526886,2668791.0
2023-09-22 14:00:00,353.625297309,353.640040502,352.804592935,352.971682448,2747643.0
2023-09-22 14:30:00,352.961853653,353.158429551,351.782299977,352.322981985,3151139.0
2023-09-22 15:00:00,352.322981985,352.539215473,351.949487779,352.362297165,2038236.0
2023-09-22 15:30:00,352.362297165,354.426442381,352.244351626,353.797399508,3206286.0
2023-09-22 16:00:00,353.807130015,354.003705913,351.467876829,351.782398265,9254980.0
2023-09-25 10:00:00,350.819176365,352.539215473,349.836296875,352.047775728,6099574.0
2023-09-25 10:30:00,352.067433318,352.264009216,350.61768607,350.926211942,3567633.0
2023-09-25 11:00:00,350.907635519,351.802055855,350.671744442,350.671744442,2932700.0
2023-09-25 11:30:00,350.681573237,353.020826423,350.661915647,352.529386678,3822282.0
2023-09-25 12:00:00,352.539215473,353.119114372,352.431098729,352.627674627,1991323.0
2023-09-25 12:30:00,352.617845832,353.443464604,352.244351626,353.283746686,1642638.0
2023-09-25 13:00:00,353.31569027,353.345176655,351.782398265,352.214865241,1934829.0
2023-09-25 13:30:00,352.224694036,353.099456782,352.047775728,352.303324395,1570617.0
2023-09-25 14:00:00,352.35246837,352.70659985,351.920001394,352.676818601,1283863.0
2023-09-25 14:30:00,352.666989806,352.942196064,352.229608433,352.35246837,1246809.0
2023-09-25 15:00:00,352.35246837,353.001168833,351.900343804,352.028118138,1658611.0
2023-09-25 15:30:00,352.037946933,352.617845832,351.261472136,352.392963005,3745188.0
2023-09-25 16:00:00,352.391783549,353.541752553,352.185378856,353.453293398,3996779.0
2023-09-26 10:00:00,350.878149135,351.418732854,349.486293489,349.659280279,6009163.0
2023-09-26 10:30:00,349.629892182,350.023043978,348.558553538,349.531604233,6702914.0
2023-09-26 11:00:00,349.531604233,350.475168544,349.285884361,349.600405798,4322977.0
2023-09-26 11:30:00,349.600405798,349.796981696,348.627355103,348.637183897,2533854.0
2023-09-26 12:00:00,348.647012692,349.511946644,348.558553538,348.86324618,2937098.0
2023-09-26 12:30:00,348.873074975,349.679036157,348.519238359,349.551261823,2011387.0
2023-09-26 13:00:00,349.541924468,349.895269645,349.354685925,349.452973874,2150767.0
2023-09-26 13:30:00,349.443145079,349.929670427,348.892732565,348.892732565,2734397.0
2023-09-26 14:00:00,348.90256136,349.128623642,348.086771383,348.853515673,3158437.0
2023-09-26 14:30:00,348.86324618,348.86324618,348.067113793,348.175230537,2264130.0
2023-09-26 15:00:00,348.160487345,348.470094384,347.752592356,348.155572947,3134006.0
2023-09-26 15:30:00,348.140829755,348.214545717,347.192351047,347.354526163,3400971.0
2023-09-26 16:00:00,347.35944056,348.40129282,347.16296295,348.145744152,8852835.0
2023-09-27 10:00:00,349.295713156,350.524312518,349.197425207,349.521775438,4020350.0
2023-09-27 10:30:00,349.551261823,349.766512431,348.165401742,349.521775438,4725540.0
2023-09-27 11:00:00,349.492289054,349.718351336,347.614989228,347.762421151,3625902.0
2023-09-27 11:30:00,347.782078741,349.049698419,347.693619587,348.928312802,2707406.0
2023-09-27 12:00:00,348.951705334,348.991020514,347.37909815,347.634646818,3767705.0
2023-09-27 12:30:00,347.634646818,347.644475613,346.691082507,347.143207073,3592691.0
2023-09-27 13:00:00,347.143207073,347.644475613,346.87782961,346.999706667,2261261.0
2023-09-27 13:30:00,347.005603944,347.654304407,346.052210839,346.081697223,3022624.0
2023-09-27 14:00:00,346.071770141,346.39621866,345.344537606,346.140669993,2812074.0
2023-09-27 14:30:00,346.121012403,347.43807092,345.531284709,347.408584535,3605488.0
2023-09-27 15:00:00,347.408486247,349.295713156,347.408486247,348.941876539,6302779.0
2023-09-27 15:30:00,348.941876539,350.86832034,348.774787026,349.541433028,5481921.0
2023-09-27 16:00:00,349.551163535,349.747837721,348.057284998,348.961534129,8128188.0
2023-09-28 10:00:00,348.047456203,349.38417231,347.192351047,349.217082797,7557379.0
2023-09-28 10:30:00,349.226911591,349.924756029,348.516584584,348.814102206,4232250.0
2023-09-28 11:00:00,348.804273411,350.268763851,347.732934767,350.111503132,3848982.0
2023-09-28 11:30:00,350.101674338,351.192670571,349.531604233,351.192670571,3772399.0
2023-09-28 12:00:00,351.202499366,353.168258346,351.163184187,353.09955507,4336365.0
2023-09-28 12:30:00,353.119114372,354.003705913,352.79476414,353.890674771,3534982.0
2023-09-28 13:00:00,353.905417964,353.98896272,352.372125959,352.666989806,3453612.0
2023-09-28 13:30:00,352.676818601,353.040484013,351.939658984,352.283666805,2410948.0
2023-09-28 14:00:00,352.2934956,352.381856466,351.251643341,351.718511099,2472700.0
2023-09-28 14:30:00,351.713596701,352.519557883,351.31061611,352.33281078,2151842.0
2023-09-28 15:00:00,352.35246837,352.381954754,350.80934757,351.571079175,2838547.0
2023-09-28 15:30:00,351.571079175,353.217402321,351.448219239,353.119114372,2864191.0
2023-09-28 16:00:00,353.119114372,353.217402321,351.487534418,351.880686214,6247975.0
2023-09-29 10:00:00,355.350250814,356.342959099,354.691721556,356.077581637,8615712.0
2023-09-29 10:30:00,356.087410432,356.736110895,354.613091197,354.858811069,6653627.0
2023-09-29 11:00:00,354.868639864,355.930149713,354.81949589,355.114458024,3924294.0
2023-09-29 11:30:00,355.143846121,355.586141892,354.190453016,354.234682593,3411976.0
2023-09-29 12:00:00,354.224853798,354.426344094,353.148600757,353.929989951,3875050.0
2023-09-29 12:30:00,353.934904349,354.495145658,353.29603268,354.082336272,2342107.0
2023-09-29 13:00:00,354.111822657,354.337884939,352.657161012,352.883223294,2858891.0
2023-09-29 13:30:00,352.893052089,352.893052089,351.271300931,352.175550061,4410472.0
2023-09-29 14:00:00,352.175550061,352.35246837,351.084553828,351.094382622,2392063.0
2023-09-29 14:30:00,351.089468225,352.04286133,351.015752263,351.153355392,4971151.0
2023-09-29 15:00:00,351.163184187,353.089627987,350.907635519,353.060141602,3827631.0
2023-09-29 15:30:00,353.069970397,353.238829094,351.988802958,352.431098729,4404249.0
2023-09-29 16:00:00,352.440927524,353.645544627,351.56606649,352.136234882,8771647.0
2023-10-02 10:00:00,352.401612344,354.455830478,351.79222706,353.502339085,5327067.0
2023-10-02 10:30:00,353.492608578,355.212647686,353.178087141,353.79730122,5658164.0
2023-10-02 11:00:00,353.807130015,354.74086553,353.186539905,353.807130015,4271885.0
2023-10-02 11:30:00,353.807130015,356.470733433,353.767814835,356.293815125,3778289.0
2023-10-02 12:00:00,356.293815125,356.460020046,353.2567175,353.472950988,4447582.0
2023-10-02 12:30:00,353.482779783,353.846445194,352.696476191,353.335446148,4218378.0
2023-10-02 13:00:00,353.325519065,353.659698091,352.572436799,352.804592935,2050567.0
2023-10-02 13:30:00,352.804592935,353.463122193,352.254180421,353.345176655,2292186.0
2023-10-02 14:00:00,353.355005449,353.767814835,353.020826423,353.246888706,1742611.0
2023-10-02 14:30:00,353.246888706,354.396857709,352.558873063,352.588359447,2702072.0
2023-10-02 15:00:00,352.633965056,353.138771962,352.205036446,352.863565704,2304888.0
2023-10-02 15:30:00,352.85373691,353.767814835,352.264009216,353.462041026,2682311.0
2023-10-02 16:00:00,353.463122193,355.134017326,353.325519065,355.075044557,6147797.0
2023-10-03 10:00:00,352.637503422,354.829324684,352.465499511,354.269083375,5750553.0
2023-10-03 10:30:00,354.27891217,354.337884939,350.052530363,350.190133492,9700320.0
2023-10-03 11:00:00,350.199962287,351.005923468,349.374343515,349.502117849,4658531.0
2023-10-03 11:30:00,349.492289054,349.766217568,348.991020514,349.266226771,3457419.0
2023-10-03 12:00:00,349.276055566,349.581239648,348.639837672,349.079479668,3200253.0
2023-10-03 12:30:00,349.089308463,350.195047889,349.010678104,349.993557594,3546503.0
2023-10-03 13:00:00,350.013215183,350.199962287,349.541433028,349.895269645,2185589.0
2023-10-03 13:30:00,349.88544085,350.406366979,348.794346328,348.991020514,2791398.0
2023-10-03 14:00:00,348.991020514,349.059822078,348.155572947,348.322760749,2722659.0
2023-10-03 14:30:00,348.322662461,348.558553538,347.703448382,348.05718671,3410398.0
2023-10-03 15:00:00,348.027798614,348.774787026,347.958997049,348.36197764,3071971.0
2023-10-03 15:30:00,348.352148845,348.715814257,347.506872484,347.541273266,3174837.0
2023-10-03 16:00:00,347.575674048,348.92221895,347.226751829,348.84358859,8944054.0
2023-10-04 10:00:00,349.679036157,351.605479957,349.600405798,350.838932243,5983107.0
2023-10-04 10:30:00,350.819176365,351.202499366,349.217082797,349.335028335,5077547.0
2023-10-04 11:00:00,349.335028335,351.949487779,349.335028335,350.209791081,4323756.0
2023-10-04 11:30:00,350.190133492,352.116577292,349.84612567,351.703767906,3335553.0
2023-10-04 12:00:00,351.693939111,353.079799192,351.467975117,353.04539841,3204347.0
2023-10-04 12:30:00,353.020826423,353.109285577,352.127388966,352.686647396,2709903.0
2023-10-04 13:00:00,352.696476191,352.971682448,352.264009216,352.549044268,1977812.0
2023-10-04 13:30:00,352.54412987,352.627674627,351.526849598,351.585822367,1982225.0
2023-10-04 14:00:00,351.585822367,351.929830189,351.133697802,351.271300931,2417846.0
2023-10-04 14:30:00,351.251643341,351.910172599,350.88797793,351.772569471,2444135.0
2023-10-04 15:00:00,351.752911881,352.549044268,351.389246469,352.421269934,2094938.0
2023-10-04 15:30:00,352.431098729,353.856273989,352.322981985,353.541752553,4727341.0
2023-10-04 16:00:00,353.551581347,354.436172888,353.31569027,353.590896527,9193606.0
2023-10-05 10:00:00,353.581067732,353.984048323,351.448219239,351.878229016,4787707.0
2023-10-05 10:30:00,351.880686214,351.900343804,350.170475902,351.025581058,4385965.0
2023-10-05 11:00:00,351.015752263,351.104211417,349.059822078,349.487767808,4772879.0
2023-10-05 11:30:00,349.487374656,350.249106261,349.099137258,350.003386389,3345172.0
2023-10-05 12:00:00,350.013215183,350.88797793,349.511946644,350.261883694,3042823.0
2023-10-05 12:30:00,350.268763851,351.585822367,350.09341815,351.517119091,2606350.0
2023-10-05 13:00:00,351.517020803,351.782398265,350.701230826,351.104211417,1698123.0
2023-10-05 13:30:00,351.1141385,351.408904059,350.34739421,351.374503277,2308800.0
2023-10-05 14:00:00,351.399075264,352.470413908,350.908618399,352.322981985,3301402.0
2023-10-05 14:30:00,352.33281078,352.902880884,352.165721267,352.54894598,2409182.0
2023-10-05 15:00:00,352.553762089,353.522094963,352.460585114,353.337313619,2053896.0
2023-10-05 15:30:00,353.345176655,353.480126008,352.33281078,352.947110461,1969854.0
2023-10-05 16:00:00,352.952024859,353.069970397,352.264009216,352.549044268,4789423.0
2023-10-06 10:00:00,349.561090618,351.084553828,348.774787026,350.150818312,8617332.0
2023-10-06 10:30:00,350.199962287,352.128470134,348.873074975,352.047775728,5962255.0
2023-10-06 11:00:00,352.057604523,353.453293398,352.034900006,353.069970397,6371903.0
2023-10-06 11:30:00,353.083042695,354.613091197,353.009621597,354.003705913,5860658.0
2023-10-06 12:00:00,353.997808636,356.952344383,353.993877118,356.932686793,6274028.0
2023-10-06 12:30:00,356.932686793,357.453612923,356.26432874,356.755768485,4962053.0
2023-10-06 13:00:00,356.78525487,357.257037025,356.254499945,356.913029203,2181311.0
2023-10-06 13:30:00,356.913029203,358.121970976,356.716453305,357.866422309,3844442.0
2023-10-06 14:00:00,357.886079898,358.131799771,357.542072077,358.086095875,2011189.0
2023-10-06 14:30:00,358.092484591,358.809986619,357.72881918,358.780500234,3023923.0
2023-10-06 15:00:00,358.770671439,359.645434185,358.574095541,358.996733722,3816617.0
2023-10-06 15:30:00,359.001648119,359.43912778,358.701869875,359.389885518,3256077.0
2023-10-06 16:00:00,359.380056723,359.615947801,358.357862054,358.456150003,10168365.0
2023-10-09 10:00:00,356.097239227,357.30519812,354.603262402,357.080118717,7260444.0
2023-10-09 10:30:00,357.089947511,357.394345289,355.546826712,356.618165356,3699637.0
2023-10-09 11:00:00,356.618165356,356.825454641,355.320764429,355.595970687,2599567.0
2023-10-09 11:30:00,355.586141892,356.627994151,354.9914998,356.549363792,2514036.0
2023-10-09 12:00:00,356.549363792,357.001488357,356.323301509,356.981830768,2036055.0
2023-10-09 12:30:00,356.981830768,358.062998207,356.844227639,357.365153769,1781714.0
2023-10-09 13:00:00,357.365153769,357.627582592,356.913029203,357.296352204,1914393.0
2023-10-09 13:30:00,357.296352204,358.298889284,357.26686582,358.269402899,1537374.0
2023-10-09 14:00:00,358.289060489,360.333449828,358.289060489,360.313792239,3617689.0
2023-10-09 14:30:00,360.343278623,360.65780006,359.959955622,360.431737777,2769493.0
2023-10-09 15:00:00,360.451395367,360.824889573,359.733991627,360.480881752,3579546.0
2023-10-09 15:30:00,360.480881752,360.795403189,360.048414776,360.343278623,2560885.0
2023-10-09 16:00:00,360.348193021,360.372765008,359.73389334,360.284305854,6473132.0
2023-10-10 10:00:00,360.618484881,361.581706781,360.117216341,361.562049191,4286307.0
2023-10-10 10:30:00,361.562049191,362.839792528,361.501896966,362.702189399,4606288.0
2023-10-10 11:00:00,362.731675784,363.576952145,362.633387835,363.348924104,4024061.0
2023-10-10 11:30:00,363.350889863,364.348512545,363.173971555,364.166679839,3438698.0
2023-10-10 12:00:00,364.166679839,364.923497047,364.097878275,364.658021296,2882041.0
2023-10-10 12:30:00,364.64829079,364.736749944,364.147317113,364.60897561,2209688.0
2023-10-10 13:00:00,364.60897561,364.697434764,364.181423032,364.368170135,1680169.0
2023-10-10 13:30:00,364.373084532,364.373084532,361.877553507,362.711035315,5479221.0
2023-10-10 14:00:00,362.712018194,363.056026016,362.200920859,362.741504579,2056210.0
2023-10-10 14:30:00,362.751333374,363.006882041,362.112461705,362.358181578,2413354.0
2023-10-10 15:00:00,362.377839168,363.223115529,362.033831346,362.387667963,2797832.0
2023-10-10 15:30:00,362.397496757,362.947909272,362.309037603,362.653045425,2153245.0
2023-10-10 16:00:00,362.653045425,362.918422887,362.082975321,362.279551219,6046141.0
2023-10-11 10:00:00,363.60643853,365.053237139,363.409862632,363.714555274,4861935.0
2023-10-11 10:30:00,363.724384069,363.812843223,363.026539631,363.400033837,3330175.0
2023-10-11 11:00:00,363.419691427,364.559831635,363.016710836,364.362960874,2850708.0
2023-10-11 11:30:00,364.382913327,364.962812226,363.292015381,363.311574683,2361868.0
2023-10-11 12:00:00,363.310002076,363.714555274,362.800477348,363.321403478,2037834.0
2023-10-11 12:30:00,363.311574683,363.331232273,362.426983142,362.898765297,2888171.0
2023-10-11 13:00:00,362.928251682,363.245230318,362.436811937,363.095341195,1989704.0
2023-10-11 13:30:00,363.095341195,363.193629144,362.171434475,362.625131647,2183456.0
2023-10-11 14:00:00,362.613730245,362.721846989,361.886399423,362.574415066,2281111.0
2023-10-11 14:30:00,362.574415066,363.994675929,362.525271091,363.252601914,2487543.0
2023-10-11 15:00:00,363.252601914,363.866901595,363.129741977,363.60643853,1734258.0
2023-10-11 15:30:00,363.60643853,364.137193455,363.380376247,363.960668298,1341561.0
2023-10-11 16:00:00,363.960275147,365.021784996,363.832599101,364.864524277,4452698.0
2023-10-12 10:00:00,365.365792817,365.935862921,364.736749944,365.208532099,4585446.0
2023-10-12 10:30:00,365.218360894,366.997372771,364.962812226,365.965349306,4492889.0
2023-10-12 11:00:00,365.965349306,366.456789051,365.483738356,366.241833307,3213909.0
2023-10-12 11:30:00,366.250384358,367.341380592,365.562368715,365.994835691,2920615.0
2023-10-12 12:00:00,365.989921293,366.604220975,365.768773408,366.559991398,2526317.0
2023-10-12 12:30:00,366.564905795,367.164462284,366.196325986,367.012115963,1977643.0
2023-10-12 13:00:00,367.01703036,367.061259937,366.152096409,366.378158692,1442226.0
2023-10-12 13:30:00,366.387987487,366.437131461,363.311574683,363.400033837,4748285.0
2023-10-12 14:00:00,363.400033837,363.734212864,362.633387835,362.731479208,3140267.0
2023-10-12 14:30:00,362.746418976,362.93503355,361.208212575,362.387667963,4865244.0
2023-10-12 15:00:00,362.387667963,363.262430709,362.200920859,362.702189399,2975902.0
2023-10-12 15:30:00,362.702189399,363.6654113,362.628473438,363.252601914,2704412.0
2023-10-12 16:00:00,363.232944324,364.019247916,363.232944324,363.596609735,5851041.0
2023-10-13 10:00:00,364.225652609,364.805551508,363.294374292,364.283347635,3711381.0
2023-10-13 10:30:00,364.225652609,364.245310199,362.426983142,362.702189399,3896682.0
2023-10-13 11:00:00,362.692360604,363.14448517,360.559512111,360.897327792,3231383.0
2023-10-13 11:30:00,360.883862343,361.099211239,359.626268035,359.920640443,3716632.0
2023-10-13 12:00:00,359.920640443,360.294134649,358.75101385,358.967247337,3156065.0
2023-10-13 12:30:00,358.957418542,360.579169701,358.810084907,360.490710547,2867922.0
2023-10-13 13:00:00,360.480881752,360.903519933,359.645434185,360.042320923,2721602.0
2023-10-13 13:30:00,360.048414776,360.107387546,357.935223873,358.004025437,3199227.0
2023-10-13 14:00:00,358.004025437,359.242453595,357.630531231,358.927932158,3770389.0
2023-10-13 14:30:00,358.927932158,359.444730194,358.298889284,358.82001199,2105763.0
2023-10-13 15:00:00,358.829644209,359.547047948,358.534780362,359.249825191,2735670.0
2023-10-13 15:30:00,359.262111184,360.15653152,358.5458869,358.73135626,3669377.0
2023-10-13 16:00:00,358.73135626,359.21296721,358.087570194,359.026220107,9668089.0
2023-10-16 10:00:00,360.343278623,362.348352783,360.1958467,361.581706781,6044213.0
2023-10-16 10:30:00,361.571877986,363.291917093,361.1590686,363.242773119,4264031.0
2023-10-16 11:00:00,363.242773119,363.881644787,362.928251682,363.477877893,3754433.0
2023-10-16 11:30:00,363.478664196,363.798100031,362.770990964,363.331232273,2405899.0
2023-10-16 12:00:00,363.331232273,363.498321786,362.466298322,362.584243861,2072012.0
2023-10-16 12:30:00,362.584243861,362.918422887,362.259893629,362.849719611,1428382.0
2023-10-16 13:00:00,362.849621323,363.031454028,362.328695193,362.849621323,1336078.0
2023-10-16 13:30:00,362.859450118,363.78325855,361.21754993,362.441726334,3250204.0
2023-10-16 14:00:00,362.456469527,363.572037748,362.299208808,363.488492991,2008265.0
2023-10-16 14:30:00,363.498321786,363.822672018,363.10516999,363.356099124,1871047.0
2023-10-16 15:00:00,363.360718658,363.734212864,362.921371526,363.694897684,2167501.0
2023-10-16 15:30:00,363.714555274,364.08804948,363.213286734,364.048734301,3182920.0
2023-10-16 16:00:00,364.058563096,364.137193455,362.888936502,363.0855124,6066372.0
2023-10-17 10:00:00,359.547146236,359.596290211,357.433955333,358.141628566,7918758.0
2023-10-17 10:30:00,358.161286156,361.105010228,357.964808545,360.588998496,6023166.0
2023-10-17 11:00:00,360.588998496,361.886399423,360.500539342,361.022153487,4038563.0
2023-10-17 11:30:00,361.021465471,362.112461705,360.67745765,361.748796294,3059770.0
2023-10-17 12:00:00,361.758625089,362.987224451,361.740933258,362.721748701,3936362.0
2023-10-17 12:30:00,362.721846989,363.58678094,362.618644643,363.58678094,3058353.0
2023-10-17 13:00:00,363.576952145,363.58678094,362.535099886,362.751333374,2406767.0
2023-10-17 13:30:00,362.761162169,362.987224451,362.318866398,362.397496757,1780229.0
2023-10-17 14:00:00,362.377839168,362.417154347,360.785574394,361.090267036,2504020.0
2023-10-17 14:30:00,361.100095831,361.778282679,360.913348728,361.453932447,2273456.0
2023-10-17 15:00:00,361.44901805,361.965029782,360.500539342,360.844547163,2663588.0
2023-10-17 15:30:00,360.824889573,361.611193165,360.471052957,361.375302088,2872618.0
2023-10-17 16:00:00,361.404788473,362.063416019,361.021465471,361.896228218,5099825.0
2023-10-18 10:00:00,359.409543108,361.041123061,359.222796005,360.225333085,5054206.0
2023-10-18 10:30:00,360.225333085,361.611193165,359.222796005,360.048414776,4432615.0
2023-10-18 11:00:00,360.048414776,360.048414776,358.534682074,358.701869875,4163571.0
2023-10-18 11:30:00,358.71169867,360.058243571,358.657640298,359.399714313,2874090.0
2023-10-18 12:00:00,359.399714313,360.022270182,359.099641205,359.389885518,2778588.0
2023-10-18 12:30:00,359.360399133,360.500539342,358.8688611,358.986904927,3205717.0
2023-10-18 13:00:00,359.006562517,359.222796005,358.225173322,358.416834823,2286946.0
2023-10-18 13:30:00,358.397177233,360.402251393,357.994196642,359.773208519,3844405.0
2023-10-18 14:00:00,359.773208519,359.773208519,357.856593514,359.006562517,3129821.0
2023-10-18 14:30:00,359.006562517,359.586461416,358.17111495,358.646337184,2535963.0
2023-10-18 15:00:00,358.633068311,359.085094588,357.384811358,357.777963154,3527585.0
2023-10-18 15:30:00,357.777963154,357.797620744,356.863885229,356.981830768,3478383.0
2023-10-18 16:00:00,356.991659562,357.330752986,355.822032969,357.148920281,8956789.0
2023-10-19 10:00:00,358.564266746,359.080278479,356.991659562,357.856593514,7364011.0
2023-10-19 10:30:00,357.866422309,359.026220107,356.578850177,356.578850177,3967829.0
2023-10-19 11:00:00,356.647651741,357.70916159,356.421589458,356.824570049,3505110.0
2023-10-19 11:30:00,356.854056434,357.345496179,355.674601046,356.822899154,2849299.0
2023-10-19 12:00:00,356.795181952,357.994196642,356.608336561,357.345496179,2585791.0
2023-10-19 12:30:00,357.365153769,359.753550929,356.549363792,357.325838589,8949050.0
2023-10-19 13:00:00,357.374982564,358.180943745,354.74086553,357.797620744,9032527.0
2023-10-19 13:30:00,357.797620744,359.262111184,357.542072077,358.033511822,4918294.0
2023-10-19 14:00:00,358.053169412,358.544609157,355.812204174,356.293815125,3821820.0
2023-10-19 14:30:00,356.28398633,356.952344383,355.939978508,356.20535597,2560870.0
2023-10-19 15:00:00,356.220099163,356.220099163,353.77764363,353.964390733,5641058.0
2023-10-19 15:30:00,353.969305131,354.81949589,353.605639719,354.043021092,4205480.0
2023-10-19 16:00:00,354.043021092,354.49023126,353.010997628,353.807130015,8127026.0
2023-10-20 10:00:00,353.305861475,353.875931579,352.077262112,352.745620166,6965297.0
2023-10-20 10:30:00,352.706304986,353.285417582,350.878149135,351.001009071,4825516.0
2023-10-20 11:00:00,350.986265879,351.231985751,349.040164488,349.045078886,6151291.0
2023-10-20 11:30:00,349.049993283,350.013215183,348.666670282,348.892732565,6414499.0
2023-10-20 12:00:00,348.92221895,350.397127912,348.529067154,350.082016748,7173757.0
2023-10-20 12:30:00,350.091845543,350.249106261,349.167938822,349.620063387,3556880.0
2023-10-20 13:00:00,349.620063387,351.3302737,349.61033288,351.215669951,4135805.0
2023-10-20 13:30:00,351.212328161,351.929830189,350.317907825,351.300197588,3999284.0
2023-10-20 14:00:00,351.31061611,351.762740676,350.524312518,351.320444905,3180479.0
2023-10-20 14:30:00,351.320444905,351.399075264,349.551261823,349.679036157,2780744.0
2023-10-20 15:00:00,349.649549772,350.249106261,349.207745441,349.65397273,3550559.0
2023-10-20 15:30:00,349.659378567,350.190133492,348.961534129,349.38417231,3286306.0
2023-10-20 16:00:00,349.403731612,349.708522542,348.303004871,348.529067154,11629359.0
2023-10-23 10:00:00,347.212008637,348.135915358,345.10854824,347.998312229,8375131.0
2023-10-23 10:30:00,347.998312229,349.226911591,347.35944056,348.715814257,7549151.0
2023-10-23 11:00:00,348.705985462,349.531604233,347.954082652,349.521775438,3401590.0
2023-10-23 11:30:00,349.551261823,350.661915647,349.236838674,350.465339749,3598780.0
2023-10-23 12:00:00,350.465339749,351.084553828,350.140989517,350.883063532,4187526.0
2023-10-23 12:30:00,350.883063532,351.566164778,350.583285288,351.453133636,2948834.0
2023-10-23 13:00:00,351.477705624,353.069970397,351.104211417,353.060141602,3123918.0
2023-10-23 13:30:00,353.069970397,353.109285577,351.438390444,351.664452727,2928147.0
2023-10-23 14:00:00,351.674281522,352.666891518,351.389246469,351.81188465,2956030.0
2023-10-23 14:30:00,351.81188465,352.303324395,351.064896238,351.409002347,3288124.0
2023-10-23 15:00:00,351.448219239,351.836456637,350.927293109,351.340004207,3150103.0
2023-10-23 15:30:00,351.3302737,351.865943022,350.239277466,350.34739421,4232232.0
2023-10-23 16:00:00,350.357223005,350.3670518,349.423487489,349.580748208,8188558.0
2023-10-24 10:00:00,351.389246469,352.824250525,350.946950699,352.558873063,6488135.0
2023-10-24 10:30:00,352.539215473,353.065056,351.428561649,353.049821368,4104391.0
2023-10-24 11:00:00,353.040484013,353.748157245,352.637503422,353.000579105,4562764.0
2023-10-24 11:30:00,353.001168833,353.345176655,351.772569471,351.949487779,2584645.0
2023-10-24 12:00:00,351.959316574,352.450756319,351.389246469,352.401514056,2225257.0
2023-10-24 12:30:00,352.421269934,352.716133781,350.406366979,350.563627698,2420799.0
2023-10-24 13:00:00,350.563627698,350.735631609,349.698693747,350.111503132,3119262.0
2023-10-24 13:30:00,350.101674338,351.308355487,350.004369268,351.29095852,2171840.0
2023-10-24 14:00:00,351.29095852,351.680178798,350.937121904,351.271300931,1924547.0
2023-10-24 14:30:00,351.261472136,352.087090907,351.114040212,352.08217651,1450136.0
2023-10-24 15:00:00,352.087090907,352.784935345,352.047775728,352.549044268,2139951.0
2023-10-24 15:30:00,352.578530652,353.241974308,352.303324395,353.138771962,2170779.0
2023-10-24 16:00:00,353.148600757,353.355005449,352.745620166,352.981511243,5724927.0
2023-10-25 10:00:00,350.593114083,350.770032391,347.369269355,348.460265589,9190616.0
2023-10-25 10:30:00,348.460265589,348.460265589,347.182522252,347.546187664,4982430.0
2023-10-25 11:00:00,347.526530074,349.118794848,347.447899715,347.791907536,5320391.0
2023-10-25 11:30:00,347.791907536,349.276055566,347.439053799,348.165401742,4531292.0
2023-10-25 12:00:00,348.165401742,348.393429784,346.681253712,346.750055277,3419841.0
2023-10-25 12:30:00,346.750055277,347.103891893,346.35788636,346.769712866,2596980.0
2023-10-25 13:00:00,346.740226482,347.12846388,345.807670422,346.130841198,2281318.0
2023-10-25 13:30:00,346.121012403,346.327417096,344.803953886,345.036404886,4440343.0
2023-10-25 14:00:00,345.039844964,345.049673759,343.791588012,344.499261245,5006681.0
2023-10-25 14:30:00,344.504175642,345.08702318,344.254524251,344.548405219,3416899.0
2023-10-25 15:00:00,344.538576424,344.843269066,343.762101627,344.342000526,3368488.0
2023-10-25 15:30:00,344.361658116,344.636864373,343.771930422,344.597549194,3546565.0
2023-10-25 16:00:00,344.587720399,344.99070099,344.091366256,344.342000526,10335592.0
2023-10-26 10:00:00,343.142887548,344.076623064,340.607058464,341.010923647,9556246.0
2023-10-26 10:30:00,341.019769562,341.177128568,339.55537741,340.695517618,7882637.0
2023-10-26 11:00:00,340.695517618,342.277953597,339.497584096,341.54079398,5342858.0
2023-10-26 11:30:00,341.54079398,341.648910724,339.122910434,339.270342358,4481466.0
2023-10-26 12:00:00,339.280171153,339.928871616,338.582228427,339.506233435,4014777.0
2023-10-26 12:30:00,339.486575846,339.673322949,336.980233146,337.727221558,5376599.0
2023-10-26 13:00:00,337.737050353,337.835338302,336.596910145,336.754170863,3462222.0
2023-10-26 13:30:00,336.773828453,338.07122938,336.56742376,336.970404351,4262597.0
2023-10-26 14:00:00,336.980233146,338.611813099,336.488793401,338.493867561,4002746.0
2023-10-26 14:30:00,338.51352515,339.32440073,338.208832509,339.280269441,3265819.0
2023-10-26 15:00:00,339.284200959,340.7299184,338.945992126,340.725004003,4295972.0
2023-10-26 15:30:00,340.715175208,341.05918303,339.388287897,339.437431871,4191217.0
2023-10-26 16:00:00,339.447260666,339.466918256,337.397956929,337.776365533,10714215.0
2023-10-27 10:00:00,340.49894172,341.668568313,340.140190706,340.98055267,7603614.0
2023-10-27 10:30:00,340.98055267,342.012576135,340.204077873,340.970723875,5857176.0
2023-10-27 11:00:00,340.951066286,341.570280364,339.734752917,341.206614953,4737511.0
2023-10-27 11:30:00,341.206614953,342.867681291,340.951066286,342.435607467,5065411.0
2023-10-27 12:00:00,342.44504311,342.553159854,341.21152935,342.051891314,2538683.0
2023-10-27 12:30:00,342.04206252,342.317268777,340.666031234,341.147642184,2559644.0
2023-10-27 13:00:00,341.196786158,341.629253134,340.204077873,340.400653771,2413779.0
2023-10-27 13:30:00,340.430140156,340.597229669,338.887019357,339.319486332,5322609.0
2023-10-27 14:00:00,339.299828742,339.801981874,338.651128279,339.004964895,5519511.0
2023-10-27 14:30:00,338.975478511,339.525891025,338.248147688,338.621641894,3261469.0
2023-10-27 15:00:00,338.631470689,339.948529206,338.287462868,338.577412317,3884735.0
2023-10-27 15:30:00,338.57249792,339.398116691,338.405408407,339.280171153,3837266.0
2023-10-27 16:00:00,339.297371544,339.653665359,338.189174919,339.398116691,7412423.0
2023-10-30 10:00:00,341.874973006,344.538576424,341.167299773,343.919362345,7295825.0
2023-10-30 10:30:00,343.924276743,344.106109449,341.098006769,341.334389287,6575564.0
2023-10-30 11:00:00,341.345495825,342.02240493,340.51859931,341.411840191,4808560.0
2023-10-30 11:30:00,341.422848441,342.651447803,340.882264721,341.324462204,3436964.0
2023-10-30 12:00:00,341.324560492,342.671105393,341.196786158,342.602303829,2281063.0
2023-10-30 12:30:00,342.592475034,342.690762983,341.413019646,341.486735608,3683859.0
2023-10-30 13:00:00,341.471992415,342.032233725,340.616887259,341.069011824,2366845.0
2023-10-30 13:30:00,341.069011824,342.838194906,340.857692734,342.685848585,2384835.0
2023-10-30 14:00:00,342.680934188,343.4279226,342.248467212,343.329634651,2360115.0
2023-10-30 14:30:00,343.349292241,343.46723778,342.710420573,342.877510086,2432793.0
2023-10-30 15:00:00,342.867681291,343.94884873,342.862766894,343.585183319,3726271.0
2023-10-30 15:30:00,343.595012114,344.440288475,343.221517908,343.870218371,3960465.0
2023-10-30 16:00:00,343.880047166,344.037307884,343.029856407,343.221517908,5913989.0
2023-10-31 10:00:00,343.251004292,343.46723778,340.685688823,341.388447659,5820499.0
2023-10-31 10:30:00,341.363875671,343.168933855,340.931408696,342.710420573,4289831.0
2023-10-31 11:00:00,342.710420573,343.555696934,341.48182121,343.187117125,4392505.0
2023-10-31 11:30:00,343.201860318,343.595012114,342.243552815,342.307439982,2050178.0
2023-10-31 12:00:00,342.317268777,343.142887548,342.00274734,343.14278926,2257719.0
2023-10-31 12:30:00,343.137973151,343.187903429,342.071548904,342.710420573,2276816.0
2023-10-31 13:00:00,342.710420573,343.752272832,342.140350469,343.644156088,3015315.0
2023-10-31 13:30:00,343.653984883,343.870218371,343.113401164,343.565525729,2764620.0
2023-10-31 14:00:00,343.575354524,344.764638707,343.555696934,344.627035578,2694332.0
2023-10-31 14:30:00,344.646693168,344.862926656,343.791588012,343.7916863,3274909.0
2023-10-31 15:00:00,343.811245602,344.91207063,343.801515095,344.784296297,2223194.0
2023-10-31 15:30:00,344.803953886,345.236420862,344.577891604,344.833440271,3179344.0
2023-10-31 16:00:00,344.843269066,345.157790503,344.420630885,344.862926656,6059276.0
2023-11-01 10:00:00,345.698374222,347.153035868,345.600086273,346.347074686,5122475.0
2023-11-01 10:30:00,346.37656107,348.509409564,345.91460771,348.332491256,5704234.0
2023-11-01 11:00:00,348.322662461,348.755129436,347.929510665,348.13100096,3654632.0
2023-11-01 11:30:00,348.126086563,348.588039923,347.172693457,347.368876204,2801802.0
2023-11-01 12:00:00,347.339782971,348.047456203,347.035090329,347.831222716,1816268.0
2023-11-01 12:30:00,347.841051511,347.957719306,347.172693457,347.497043689,2470669.0
2023-11-01 13:00:00,347.477386099,347.88036669,346.691082507,347.261054323,2134163.0
2023-11-01 13:30:00,347.256238214,347.973740242,346.966288764,347.526530074,1836657.0
2023-11-01 14:00:00,347.506872484,347.813629173,347.123549483,347.683790792,1614024.0
2023-11-01 14:30:00,347.713277177,348.529067154,346.907315995,347.890195485,3296832.0
2023-11-01 15:00:00,347.90002428,349.36451472,346.592794558,349.000849309,8997255.0
2023-11-01 15:30:00,348.991020514,351.109125815,348.961534129,350.681573237,7731602.0
2023-11-01 16:00:00,350.681573237,351.408707483,350.524312518,350.84866275,8391093.0
2023-11-02 10:00:00,355.350250814,356.107068021,354.868639864,355.232600139,8047889.0
2023-11-02 10:30:00,355.232305275,355.704087431,354.131480247,355.536997917,5684625.0
2023-11-02 11:00:00,355.536997917,356.411760663,355.124188531,356.259414342,4245327.0
2023-11-02 11:30:00,356.274157535,356.549363792,355.586141892,355.812204174,5094668.0
2023-11-02 12:00:00,355.831861764,356.339813885,355.509477291,355.822032969,2842525.0
2023-11-02 12:30:00,355.838741921,355.959636098,355.409223584,355.80237538,2714086.0
2023-11-02 13:00:00,355.831861764,356.500219817,355.605799482,356.116896816,2261751.0
2023-11-02 13:30:00,356.126725611,356.809826857,355.890834534,356.578850177,2965279.0
2023-11-02 14:00:00,356.588678972,357.237379435,356.588678972,357.089947511,2429618.0
2023-11-02 14:30:00,357.089947511,357.163663473,356.686966921,357.060461127,2086584.0
2023-11-02 15:00:00,357.070289922,357.394640153,356.893371613,357.217721845,1768817.0
2023-11-02 15:30:00,357.198064255,357.424126538,356.922857998,357.070289922,2468452.0
2023-11-02 16:00:00,357.080118717,357.453612923,357.011317152,357.217721845,9058099.0
2023-11-03 10:00:00,358.505293977,360.603741688,358.279231694,360.264648264,6925068.0
2023-11-03 10:30:00,360.274477059,361.109924626,358.534780362,359.095021671,5740732.0
2023-11-03 11:00:00,359.104850466,360.018830104,358.800157824,359.950126827,3475443.0
2023-11-03 11:30:00,359.979613212,360.186017905,359.311255159,359.773208519,2620564.0
2023-11-03 12:00:00,359.792866109,360.991979087,359.743722134,360.687286445,3746629.0
2023-11-03 12:30:00,360.69711524,361.817597858,360.510368137,361.625936358,2834032.0
2023-11-03 13:00:00,361.630850755,361.886399423,361.522734011,361.719309909,2564327.0
2023-11-03 13:30:00,361.709481114,361.886399423,360.996893484,361.284189159,2700008.0
2023-11-03 14:00:00,361.277014139,362.112461705,361.095181433,361.825460894,2277638.0
2023-11-03 14:30:00,361.810029686,362.171434475,361.306500524,362.170353307,1854915.0
2023-11-03 15:00:00,362.16160568,362.456371239,361.87165623,362.348352783,2247652.0
2023-11-03 15:30:00,362.358181578,362.702189399,361.788111474,361.945372192,2974542.0
2023-11-03 16:00:00,361.925714602,362.004344961,361.414617267,361.414617267,6779351.0
2023-11-06 10:00:00,362.18126327,363.449177812,362.024002551,362.485955912,4841122.0
2023-11-06 10:30:00,362.515442296,362.770990964,361.719309909,362.377839168,3447339.0
2023-11-06 11:00:00,362.397496757,363.173971555,362.240236039,362.60390145,2180051.0
2023-11-06 11:30:00,362.594072655,363.056026016,362.485955912,362.584243861,2109571.0
2023-11-06 12:00:00,362.60390145,362.770499524,361.945372192,362.653045425,2365055.0
2023-11-06 12:30:00,362.653045425,362.68253181,361.886399423,362.171434475,1805814.0
2023-11-06 13:00:00,362.16160568,362.309037603,361.650508345,362.230407244,1945930.0
2023-11-06 13:30:00,362.230407244,362.238958296,360.628313675,361.011636677,2767748.0
2023-11-06 14:00:00,360.994436285,361.601364371,360.874033548,361.355644498,2139354.0
2023-11-06 14:30:00,361.375302088,361.483418832,360.736430419,361.473590037,2077016.0
2023-11-06 15:00:00,361.463761242,362.348352783,361.380216485,362.269722424,3072417.0
2023-11-06 15:30:00,362.274636821,362.426983142,361.984687372,362.225492847,2134149.0
2023-11-06 16:00:00,362.240236039,362.967566862,361.965029782,362.888936502,5858116.0
2023-11-07 10:00:00,363.930788762,364.594232418,362.726761387,364.461641974,5533894.0
2023-11-07 10:30:00,364.471372481,365.562368715,363.886559185,365.434594382,4516510.0
2023-11-07 11:00:00,365.424765587,366.79804481,365.365792817,366.585447976,4306451.0
2023-11-07 11:30:00,366.59439218,366.712337719,366.230726768,366.545248205,3393633.0
2023-11-07 12:00:00,366.545248205,366.958057591,365.837574972,366.299528333,3385279.0
2023-11-07 12:30:00,366.299528333,366.309357128,365.473909561,365.621341485,2503681.0
2023-11-07 13:00:00,365.63117028,366.348672307,365.238018484,366.241047003,2793789.0
2023-11-07 13:30:00,366.250384358,366.948228796,366.088209242,366.692680129,2336175.0
2023-11-07 14:00:00,366.692680129,367.085831925,366.663193744,366.918644123,2508140.0
2023-11-07 14:30:00,366.908913617,367.164462284,366.771310488,366.967886386,1744615.0
2023-11-07 15:00:00,366.997372771,367.184119874,366.437131461,366.564905795,3051426.0
2023-11-07 15:30:00,366.57473459,366.874512834,366.161925204,366.82536886,3365912.0
2023-11-07 16:00:00,366.830283257,367.076887721,365.817917383,366.319185923,7675861.0
2023-11-08 10:00:00,366.692680129,367.390524567,366.378158692,366.711649703,5046766.0
2023-11-08 10:30:00,366.722166513,366.84070178,365.523053536,365.778602203,3737699.0
2023-11-08 11:00:00,365.768773408,366.043979665,365.414936792,365.61151269,2396264.0
2023-11-08 11:30:00,365.606598292,366.181582794,365.316648843,365.680314254,2899338.0
2023-11-08 12:00:00,365.675399857,366.230726768,365.444423176,365.471845514,2213347.0
2023-11-08 12:30:00,365.473909561,365.542711125,364.274796583,364.933325842,2539157.0
2023-11-08 13:00:00,364.923497047,365.400193599,364.707263559,365.267701444,1345908.0
2023-11-08 13:30:00,365.238018484,365.975178101,365.041540873,365.915910468,2441678.0
2023-11-08 14:00:00,365.926034127,366.181582794,365.852318165,365.985006896,1383681.0
2023-11-08 14:30:00,365.980092498,366.564905795,365.847403767,366.496104231,2120333.0
2023-11-08 15:00:00,366.515761821,366.658279347,365.798259793,365.886325795,1651201.0
2023-11-08 15:30:00,365.886718947,366.338843512,365.867061357,366.240555563,1701025.0
2023-11-08 16:00:00,366.225812371,366.830283257,365.985006896,366.555077,3994925.0
2023-11-09 10:00:00,367.243092643,367.675559619,366.338843512,367.665730824,4004447.0
2023-11-09 10:30:00,367.675559619,367.911450696,366.024322076,366.250482646,3210895.0
2023-11-09 11:00:00,366.260213153,366.928571206,365.847502055,366.869598437,2960418.0
2023-11-09 11:30:00,366.849940847,367.891793107,366.82536886,367.330372342,2901643.0
2023-11-09 12:00:00,367.331551797,368.383232852,367.203777464,368.137512979,2683911.0
2023-11-09 12:30:00,368.142427376,368.166999364,366.889256027,366.987543976,2571946.0
2023-11-09 13:00:00,366.987543976,367.57727167,366.692680129,367.498641311,1840888.0
2023-11-09 13:30:00,367.508470105,367.55761408,364.894010662,366.663193744,6631061.0
2023-11-09 14:00:00,366.663193744,367.03668795,365.424765587,365.778602203,2745744.0
2023-11-09 14:30:00,365.768773408,365.778503915,364.14702225,365.120072945,4916627.0
2023-11-09 15:00:00,365.100415355,365.365792817,363.685068889,363.861987198,3632935.0
2023-11-09 15:30:00,363.842329608,364.127266372,363.321403478,363.704726479,3263468.0
2023-11-09 16:00:00,363.704726479,363.942583316,363.242773119,363.734212864,9316060.0
2023-11-10 10:00:00,365.454251971,366.899084822,364.923497047,366.643536154,6116788.0
2023-11-10 10:30:00,366.633707359,366.692680129,365.326477638,365.61151269,5204082.0
2023-11-10 11:00:00,365.61151269,366.545248205,365.346135227,366.545248205,3268183.0
2023-11-10 11:30:00,366.545248205,368.324260082,366.505933026,368.03922503,4023017.0
2023-11-10 12:00:00,368.03922503,368.393061646,367.478983721,368.373404057,2486104.0
2023-11-10 12:30:00,368.368489659,369.208851623,368.25536023,369.02210452,2526110.0
2023-11-10 13:00:00,369.02210452,370.457108575,368.958905369,370.093443164,4051297.0
2023-11-10 13:30:00,370.093443164,370.614369294,369.602003419,370.407964601,3665027.0
2023-11-10 14:00:00,370.407964601,371.174610603,370.398135806,370.939014389,3272886.0
2023-11-10 14:30:00,370.94854832,371.361357706,370.801116397,371.223754578,3170199.0
2023-11-10 15:00:00,371.234074812,371.459645655,370.953462718,371.194268193,2675252.0
2023-11-10 15:30:00,371.204096988,371.793824682,371.125466629,371.734753624,2872112.0
2023-11-10 16:00:00,371.715194323,372.059202144,371.46947445,371.911770221,9946883.0
2023-11-13 10:00:00,370.339163037,370.565225319,368.815699827,369.405427521,6453188.0
2023-11-13 10:30:00,369.415256316,370.287070424,369.140050059,370.172073523,4670556.0
2023-11-13 11:00:00,370.162244728,370.801116397,370.014911093,370.496423755,3030249.0
2023-11-13 11:30:00,370.496423755,371.297470539,370.407964601,371.282727347,2547855.0
2023-11-13 12:00:00,371.282727347,371.803653477,371.02717868,371.341208677,2281874.0
2023-11-13 12:30:00,371.341700116,371.48913204,370.604540499,370.96820591,2627067.0
2023-11-13 13:00:00,370.978034705,371.164781808,370.673342063,371.046836269,1445588.0
2023-11-13 13:30:00,371.037007475,371.228668975,370.555396524,370.692999653,1825538.0
2023-11-13 14:00:00,370.712657243,371.607077579,370.555396524,371.066493859,2186538.0
2023-11-13 14:30:00,371.066493859,371.685806226,370.860089166,371.685707938,1811496.0
2023-11-13 15:00:00,371.685707938,371.774167092,371.164781808,371.346614514,2078574.0
2023-11-13 15:30:00,371.341700116,371.626735169,370.997692295,371.385929693,2000110.0
2023-11-13 16:00:00,371.381015296,371.420232188,370.653684473,370.751972422,5495092.0
2023-11-14 10:00:00,377.140689107,378.418432444,376.619762978,378.300978345,12497602.0
2023-11-14 10:30:00,378.300486906,378.900043395,377.985965469,378.801755446,5600703.0
2023-11-14 11:00:00,378.801755446,379.263708806,378.290658111,378.418432444,4395427.0
2023-11-14 11:30:00,378.418432444,379.027817728,378.290658111,378.494802181,3840872.0
2023-11-14 12:00:00,378.497062804,378.703467497,377.671444032,377.818875956,3290703.0
2023-11-14 12:30:00,377.82870475,378.202198957,377.612471263,377.750074391,3284217.0
2023-11-14 13:00:00,377.759903186,378.683809907,377.700930417,378.634469356,2404198.0
2023-11-14 13:30:00,378.634665932,378.791926651,378.433175637,378.708381894,2396113.0
2023-11-14 14:00:00,378.713296291,378.919700984,378.044741662,378.044938238,3162402.0
2023-11-14 14:30:00,378.054767033,378.172712572,377.342179403,378.133397392,2674171.0
2023-11-14 15:00:00,378.143226187,379.057402401,378.133397392,378.954101766,3051828.0
2023-11-14 15:30:00,378.949187369,379.647031807,378.85089942,379.430798319,3533428.0
2023-11-14 16:00:00,379.440627114,379.568401448,378.320144495,378.732953881,7669620.0
2023-11-15 10:00:00,380.620082502,381.013234298,379.382244072,379.671603794,6914785.0
2023-11-15 10:30:00,379.676518192,380.767514426,379.460284704,380.147514043,3937534.0
2023-11-15 11:00:00,380.187615526,381.111522247,379.738439599,380.698712861,3523722.0
2023-11-15 11:30:00,380.697926558,380.885459964,380.079498783,380.629911297,3105364.0
2023-11-15 12:00:00,380.639740092,380.639740092,379.088756257,379.224393626,3787249.0
2023-11-15 12:30:00,379.244051216,379.548743858,378.892180359,379.411140729,3048036.0
2023-11-15 13:00:00,379.401311934,379.666689397,378.959016164,379.042364345,2588041.0
2023-11-15 13:30:00,379.047475318,379.078337734,377.65670084,378.889035144,5286536.0
2023-11-15 14:00:00,378.880385805,379.470113499,378.732953881,379.460284704,2210734.0
2023-11-15 14:30:00,379.479942294,379.725662166,378.732953881,379.715833371,2410535.0
2023-11-15 15:00:00,379.706004576,379.941895654,379.194907242,379.509428678,2387699.0
2023-11-15 15:30:00,379.519257473,379.597887832,378.85089942,379.183112688,2448965.0
2023-11-15 16:00:00,379.185078447,379.558572653,378.624837137,379.017988933,7017861.0
2023-11-16 10:00:00,378.251342931,379.376739947,377.632128852,379.165519145,6516546.0
2023-11-16 10:30:00,379.175249652,379.558572653,378.143226187,378.841070625,3309436.0
2023-11-16 11:00:00,378.860728215,379.273537601,377.40606657,377.936919782,3526042.0
2023-11-16 11:30:00,377.946650289,378.256257329,377.278292236,377.337265005,3533950.0
2023-11-16 12:00:00,377.337265005,378.261171726,376.993257184,378.015451854,3971388.0
2023-11-16 12:30:00,378.025280648,378.919700984,377.88767752,378.841070625,3095726.0
2023-11-16 13:00:00,378.841070625,379.479942294,378.703467497,379.027817728,2196944.0
2023-11-16 13:30:00,379.047475318,379.106448087,378.133397392,378.654323522,2071928.0
2023-11-16 14:00:00,378.654323522,378.841070625,377.799218366,378.202198957,1999914.0
2023-11-16 14:30:00,378.193353041,378.693638702,378.035109443,378.359459675,2083621.0
2023-11-16 15:00:00,378.34963088,379.263708806,378.300486906,378.909872189,2332931.0
2023-11-16 15:30:00,378.909872189,378.959016164,378.585521958,378.841070625,1790968.0
2023-11-16 16:00:00,378.841070625,379.578230243,378.723125086,379.342339165,5744933.0
2023-11-17 10:00:00,378.615008342,379.027817728,377.86801993,378.87055701,4747347.0
2023-11-17 10:30:00,378.880385805,378.930512659,377.759903186,378.787012253,3095080.0
2023-11-17 11:00:00,378.782097856,378.841070625,377.976136674,378.615008342,1867767.0
2023-11-17 11:30:00,378.615008342,378.723125086,377.710759212,378.506891599,2381007.0
2023-11-17 12:00:00,378.516720393,379.027817728,378.320144495,379.022903331,7197370.0
2023-11-17 12:30:00,379.017988933,379.435712717,378.649409125,378.742782676,3478771.0
2023-11-17 13:00:00,378.762440266,379.322681575,378.673981112,379.322681575,1336944.0
2023-11-17 13:30:00,379.317767178,379.87309409,379.185078447,379.627275929,1743869.0
2023-11-17 14:00:00,379.627374217,379.971382039,379.342339165,379.726546758,1803312.0
2023-11-17 14:30:00,379.725662166,380.443164194,379.725662166,379.897666077,2069952.0
2023-11-17 15:00:00,379.892751679,380.040183603,379.420969524,379.755148551,1732338.0
2023-11-17 15:30:00,379.764977346,380.177786732,379.499599883,379.710918974,2586459.0
2023-11-17 16:00:00,379.706004576,379.755148551,378.81158424,379.430798319,7069543.0
2023-11-20 10:00:00,379.440627114,381.868339454,379.440627114,381.829024275,5188975.0
2023-11-20 10:30:00,381.848681865,381.996113788,380.472650579,381.003405503,3424348.0
2023-11-20 11:00:00,381.003405503,381.937141019,380.590596117,381.937141019,2398491.0
2023-11-20 11:30:00,381.937141019,382.369607994,381.937141019,382.192689686,2945662.0
2023-11-20 12:00:00,382.202518481,382.428580764,381.966627403,382.251564167,2095329.0
2023-11-20 12:30:00,382.251662455,382.693958226,382.025600173,382.379436789,2151094.0
2023-11-20 13:00:00,382.399094379,382.497382328,382.173032096,382.212347276,1573152.0
2023-11-20 13:30:00,382.222176071,383.74563928,382.173032096,383.637522536,4647203.0
2023-11-20 14:00:00,383.637522536,383.72598169,383.450775433,383.637522536,1812307.0
2023-11-20 14:30:00,383.627693741,383.794783255,383.342658689,383.608036152,2816052.0
2023-11-20 15:00:00,383.617864947,384.256736615,383.617864947,384.187935051,2838110.0
2023-11-20 15:30:00,384.192849448,384.70886118,384.089647102,384.463141308,2960554.0
2023-11-20 16:00:00,384.453312513,384.502456488,383.740724883,384.050331922,7213403.0
2023-11-21 10:00:00,382.349950404,382.566183892,381.583304402,381.730638038,5405524.0
2023-11-21 10:30:00,381.720907531,382.153374506,380.207273116,380.31538986,4048907.0
2023-11-21 11:00:00,380.325218655,380.837298869,380.079498783,380.698712861,3076870.0
2023-11-21 11:30:00,380.708541656,380.944432734,380.325218655,380.826487195,2960245.0
2023-11-21 12:00:00,380.8166584,381.170495016,380.394020219,381.131179837,2749454.0
2023-11-21 12:30:00,381.141008632,381.460444466,380.964090324,381.396557299,2210061.0
2023-11-21 13:00:00,381.391642902,381.83885307,381.27861176,381.750393916,1758199.0
2023-11-21 13:30:00,381.740565121,381.778700845,380.688884066,380.964090324,1892011.0
2023-11-21 14:00:00,380.973919118,381.691421146,380.846144785,381.475187658,1372526.0
2023-11-21 14:30:00,381.470273261,381.858510659,381.072207067,381.452286566,1997040.0
2023-11-21 15:00:00,381.416313177,381.740565121,381.190152606,381.720907531,1886176.0
2023-11-21 15:30:00,381.720907531,382.074744147,381.652007679,381.848681865,2203882.0
2023-11-21 16:00:00,381.863425057,381.897825839,381.416214889,381.81919548,8792688.0
2023-11-22 10:00:00,383.883242409,386.340441134,383.067452432,383.814440845,8924222.0
2023-11-22 10:30:00,383.794783255,383.948702183,382.379436789,383.699935384,5164211.0
2023-11-22 11:00:00,383.706324101,384.590915642,382.890534124,383.185299683,3279717.0
2023-11-22 11:30:00,383.195226766,383.981530358,383.077281227,383.762446519,2245266.0
2023-11-22 12:00:00,383.775125665,384.26656541,383.667008921,384.217421435,1809711.0
2023-11-22 12:30:00,384.217421435,384.640059616,383.986444755,384.286223,1968577.0
2023-11-22 13:00:00,384.296051795,384.355024564,383.617864947,383.956958371,1495370.0
2023-11-22 13:30:00,383.952043973,384.640059616,383.843927229,384.611850975,1541069.0
2023-11-22 14:00:00,384.640059616,384.718689975,384.217421435,384.384510949,1787907.0
2023-11-22 14:30:00,384.384510949,384.620402026,384.178106256,384.276394205,2097672.0
2023-11-22 15:00:00,384.268531169,384.286223,382.536697508,383.568622684,3640320.0
2023-11-22 15:30:00,383.549063382,383.74563928,383.3230011,383.588378562,2838130.0
2023-11-22 16:00:00,383.58847685,383.696495306,383.285946543,383.381973869,4220837.0
2023-11-24 10:00:00,382.978993278,383.568720972,382.34012161,382.938400355,2997166.0
2023-11-24 10:30:00,382.939678098,383.185397971,382.064915352,382.177946494,2693091.0
2023-11-24 11:00:00,382.182860891,382.5514407,381.848681865,382.354864802,1749882.0
2023-11-24 11:30:00,382.359779199,382.595670277,382.192689686,382.507211123,1421375.0
2023-11-24 12:00:00,382.507112835,382.870876534,382.290977635,382.728359008,1397953.0
2023-11-24 12:30:00,382.723444611,382.841390149,382.536697508,382.635083744,1185605.0
2023-11-24 13:00:00,382.634985457,382.841390149,382.389265584,382.841390149,2732829.0
2023-11-27 10:00:00,382.349950404,383.236507704,381.632448377,382.546526302,4650504.0
2023-11-27 10:30:00,382.556355097,383.519576998,382.32046402,382.689043828,3332872.0
2023-11-27 11:00:00,382.703787021,383.563806575,382.703787021,383.318086702,2422828.0
2023-11-27 11:30:00,383.3230011,383.3230011,382.497382328,383.01339406,1560402.0
2023-11-27 12:00:00,383.008479663,383.888156806,382.841390149,383.637522536,2126701.0
2023-11-27 12:30:00,383.657180126,383.952043973,383.480556682,383.76529687,1876645.0
2023-11-27 13:00:00,383.770211267,384.128962281,383.653248608,384.05524632,1499200.0
2023-11-27 13:30:00,384.05524632,384.453214225,383.76529687,383.91960895,2154484.0
2023-11-27 14:00:00,383.922557588,384.020845537,383.401631459,383.588378562,1416985.0
2023-11-27 14:30:00,383.617864947,383.716054608,383.136253996,383.273857125,1348254.0
2023-11-27 15:00:00,383.293514715,383.362316279,382.28114884,382.939678098,2067822.0
2023-11-27 15:30:00,382.929849304,383.293514715,382.787331777,383.24437074,2177493.0
2023-11-27 16:00:00,383.24437074,383.460604228,382.310635225,382.507211123,6052680.0
2023-11-28 10:00:00,381.76022271,382.566183892,381.406386094,381.602961992,4119425.0
2023-11-28 10:30:00,381.60689351,382.394179981,381.563646812,382.040343365,4201278.0
2023-11-28 11:00:00,382.025600173,383.529405792,381.701249941,382.683834567,3832587.0
2023-11-28 11:30:00,382.684129431,383.480261818,382.408923174,383.352487484,1951814.0
2023-11-28 12:00:00,383.352487484,384.089647102,383.313172305,383.686568223,1915955.0
2023-11-28 12:30:00,383.696495306,383.788885978,383.362316279,383.372145074,1315205.0
2023-11-28 13:00:00,383.381973869,383.386888266,382.566183892,382.941643857,1606558.0
2023-11-28 13:30:00,382.959335688,382.964250086,381.652105967,382.434478041,2965550.0
2023-11-28 14:00:00,382.438311271,382.733175118,382.290977635,382.443323956,1356725.0
2023-11-28 14:30:00,382.448238353,382.595670277,382.173032096,382.330292815,1551483.0
2023-11-28 15:00:00,382.34012161,383.037966047,382.035428968,382.880705329,1596674.0
2023-11-28 15:30:00,382.890534124,382.920020509,382.153374506,382.526868713,2141358.0
2023-11-28 16:00:00,382.517039918,383.627693741,382.507211123,383.509748203,4780011.0
2023-11-29 10:00:00,385.966946928,387.392122188,385.957118133,387.077600751,4883910.0
2023-11-29 10:30:00,387.087429546,387.293834239,384.482798898,385.043040207,5022414.0
2023-11-29 11:00:00,385.052869002,385.627853504,384.586001244,385.318246464,4704770.0
2023-11-29 11:30:00,385.308417669,385.367390439,383.401631459,383.539234587,3114192.0
2023-11-29 12:00:00,383.544148985,384.148619871,383.234541945,384.069989512,2325330.0
2023-11-29 12:30:00,384.069989512,384.609786928,383.745737568,384.581086847,1748550.0
2023-11-29 13:00:00,384.590915642,384.76783395,384.502456488,384.644974014,1551410.0
2023-11-29 13:30:00,384.649888411,384.836635514,384.050331922,384.541771667,1901047.0
2023-11-29 14:00:00,384.541771667,384.551600462,383.848841627,384.286223,1168295.0
2023-11-29 14:30:00,384.276394205,384.482798898,383.868499216,384.084732704,1841210.0
2023-11-29 15:00:00,384.094561499,384.094561499,383.3230011,384.001187948,1708482.0
2023-11-29 15:30:00,384.011016743,384.030674332,382.880705329,382.988822073,1778735.0
2023-11-29 16:00:00,382.99373647,383.200141163,382.792246175,383.136253996,4088021.0
2023-11-30 10:00:00,383.401631459,383.863584819,381.367070914,382.094401737,5436417.0
2023-11-30 10:30:00,382.094401737,382.634985457,380.738028041,381.426043684,5173865.0
2023-11-30 11:00:00,381.445701274,381.83885307,379.843607705,380.738028041,6264310.0
2023-11-30 11:30:00,380.733113643,380.993576708,380.059841193,380.138471552,3204371.0
2023-11-30 12:00:00,380.138471552,380.246588296,379.440627114,379.460284704,2584051.0
2023-11-30 12:30:00,379.470113499,380.234597166,379.322681575,379.735490961,1938782.0
2023-11-30 13:00:00,379.715833371,380.54636654,379.676518192,380.384191424,2404843.0
2023-11-30 13:30:00,380.364533835,380.364533835,379.509428678,379.519257473,1960798.0
2023-11-30 14:00:00,379.529086268,379.961553244,379.214564831,379.686346987,1787413.0
2023-11-30 14:30:00,379.676518192,380.37436263,379.656860602,379.976296436,1778875.0
2023-11-30 15:00:00,379.961553244,380.949347131,379.837710428,380.860887977,2125014.0
2023-11-30 15:30:00,380.85597358,380.880545567,379.548743858,379.863265295,2803991.0
2023-11-30 16:00:00,379.863265295,382.438409559,379.81412132,382.173032096,10375636.0
2023-12-01 10:00:00,381.111522247,381.347413325,379.715833371,380.620082502,3670913.0
2023-12-01 10:30:00,380.639740092,381.809366685,379.676518192,379.843607705,3887413.0
2023-12-01 11:00:00,379.843607705,380.718370451,379.46284019,380.654483284,2437030.0
2023-12-01 11:30:00,380.669226477,382.290977635,379.932066859,381.76022271,5567753.0
2023-12-01 12:00:00,381.7798803,383.106767612,381.180323811,382.53178311,4118749.0
2023-12-01 12:30:00,382.536697508,383.224614863,382.192689686,383.175569176,2614302.0
2023-12-01 13:00:00,383.170654779,383.853756024,382.82173256,383.579532646,2172377.0
2023-12-01 13:30:00,383.578549767,383.676837716,382.880705329,382.900362919,2799812.0
2023-12-01 14:00:00,382.900362919,383.057623637,382.34012161,382.546526302,1417477.0
2023-12-01 14:30:00,382.576012687,383.205055561,382.438409559,383.105195005,1600642.0
2023-12-01 15:00:00,383.106767612,383.445861036,382.849842913,383.431117843,1532450.0
2023-12-01 15:30:00,383.421289049,383.499919408,382.736713484,383.431117843,2108467.0
2023-12-01 16:00:00,383.426203446,383.568720972,382.82173256,383.26402833,4570682.0
2023-12-04 10:00:00,379.479942294,379.804292525,378.536377983,378.928645188,5947640.0
2023-12-04 10:30:00,378.909872189,379.681432589,376.688564542,376.855654055,6824894.0
2023-12-04 11:00:00,376.855654055,377.111202723,376.108665643,376.496903041,5715668.0
2023-12-04 11:30:00,376.491988644,377.278292236,376.285583951,377.278292236,3170967.0
2023-12-04 12:00:00,377.268463441,378.688724304,377.052229953,378.60026515,3008613.0
2023-12-04 12:30:00,378.605179548,379.185078447,378.379117265,378.880385805,3338269.0
2023-12-04 13:00:00,378.8902146,379.578230243,378.855813817,379.470703226,2619325.0
2023-12-04 13:30:00,379.479942294,379.489771089,378.447918829,378.452833227,2042618.0
2023-12-04 14:00:00,378.447918829,378.87055701,378.36928847,378.506891599,1923937.0
2023-12-04 14:30:00,378.506891599,378.782097856,377.863105533,378.654323522,2003009.0
2023-12-04 15:00:00,378.644494727,378.949187369,378.423346842,378.592008962,2207559.0
2023-12-04 15:30:00,378.585521958,378.81158424,378.146174826,378.81158424,2037132.0
2023-12-04 16:00:00,378.81158424,379.976296436,378.664152317,379.706004576,7661639.0
2023-12-05 10:00:00,377.809047161,379.538915063,377.632128852,379.319438073,4815535.0
2023-12-05 10:30:00,379.283366396,381.27861176,379.194907242,380.208157708,5671763.0
2023-12-05 11:00:00,380.217101911,381.83885307,380.113899565,381.632448377,4123871.0
2023-12-05 11:30:00,381.632448377,381.848681865,379.411140729,379.858350897,3867469.0
2023-12-05 12:00:00,379.8534365,380.483167389,378.801755446,379.656860602,2294693.0
2023-12-05 12:30:00,379.676518192,380.33504745,379.546483235,380.070652867,2055175.0
2023-12-05 13:00:00,380.089327577,380.138471552,378.693638702,379.764879058,1813166.0
2023-12-05 13:30:00,379.755148551,380.207273116,379.33251037,379.81412132,1744835.0
2023-12-05 14:00:00,379.823950115,380.030354808,379.475027896,379.750234153,2189120.0
2023-12-05 14:30:00,379.760062948,380.502136963,379.401311934,380.231845103,2359315.0
2023-12-05 15:00:00,380.226930706,380.462821784,379.521223232,380.384191424,2167142.0
2023-12-05 15:30:00,380.37436263,380.595510515,380.118813962,380.29573227,1618676.0
2023-12-05 16:00:00,380.285903475,380.679055271,380.000868423,380.659397682,4995459.0
2023-12-06 10:00:00,383.588378562,383.686666511,381.322841337,381.622619582,5099769.0
2023-12-06 10:30:00,381.593133197,382.182860891,379.902580474,380.37436263,4391229.0
2023-12-06 11:00:00,380.384191424,381.543989223,380.33504745,381.300038533,2562334.0
2023-12-06 11:30:00,381.308098145,381.642080596,380.502136963,380.669226477,2035249.0
2023-12-06 12:00:00,380.688884066,380.865802375,379.60280223,380.855580428,3307968.0
2023-12-06 12:30:00,380.846144785,381.042720683,380.246588296,380.37436263,1808335.0
2023-12-06 13:00:00,380.384191424,380.79700081,379.617545422,379.708265199,1988750.0
2023-12-06 13:30:00,379.696175781,380.118125946,379.155592062,379.941895654,2130122.0
2023-12-06 14:00:00,379.951724449,380.183684008,379.306562352,380.089327577,1758697.0
2023-12-06 14:30:00,380.089327577,380.197346033,379.445541511,379.558572653,1838868.0
2023-12-06 15:00:00,379.558572653,380.160193189,379.558572653,379.686346987,1553296.0
2023-12-06 15:30:00,379.696175781,379.806258284,378.536377983,378.718210689,3651079.0
2023-12-06 16:00:00,378.713296291,379.116276882,378.113739803,378.457747624,6445660.0
2023-12-07 10:00:00,381.426043684,382.566085604,380.33504745,380.797099098,6642573.0
2023-12-07 10:30:00,380.787172015,382.910191714,380.728199246,382.811903765,4699309.0
2023-12-07 11:00:00,382.811903765,383.154044115,382.556355097,382.919922221,3258344.0
2023-12-07 11:30:00,382.910191714,383.234541945,381.35724212,382.271320045,4057036.0
2023-12-07 12:00:00,382.26149125,383.637522536,382.241833661,383.598207357,2795241.0
2023-12-07 12:30:00,383.608036152,384.364853359,383.214884356,384.15156851,3565622.0
2023-12-07 13:00:00,384.158448666,384.26656541,383.608036152,383.78495446,1939099.0
2023-12-07 13:30:00,383.78495446,384.217421435,383.436032241,383.608036152,1742709.0
2023-12-07 14:00:00,383.617864947,383.863584819,383.372145074,383.80461205,1706548.0
2023-12-07 14:30:00,383.80461205,384.571258052,383.681752113,384.384510949,3688803.0
2023-12-07 15:00:00,384.384510949,384.413997333,383.53432019,383.558892177,1869659.0
2023-12-07 15:30:00,383.568720972,384.22725023,383.470433023,383.961872768,2284962.0
2023-12-07 16:00:00,383.96993238,384.148619871,383.637522536,383.74563928,5850894.0
2023-12-08 10:00:00,382.015771378,383.716152896,381.829122563,382.971916546,7796102.0
2023-12-08 10:30:00,382.998650868,385.790028619,382.99373647,385.436192003,4982906.0
2023-12-08 11:00:00,385.455849593,385.672083081,383.58847685,385.608195914,4688564.0
2023-12-08 11:30:00,385.622939106,385.75071344,383.744361537,384.364853359,4501523.0
2023-12-08 12:00:00,384.374682154,384.566343654,383.3230011,383.72598169,2487733.0
2023-12-08 12:30:00,383.716152896,384.581086847,382.852594976,384.384609237,2322336.0
2023-12-08 13:00:00,384.394339744,384.74817636,384.050331922,384.699032386,1571693.0
2023-12-08 13:30:00,384.699032386,385.121670566,384.51719968,384.944752258,1324605.0
2023-12-08 14:00:00,384.954581053,385.165900143,384.531942872,385.131499361,1143172.0
2023-12-08 14:30:00,385.141328156,385.534479952,385.013553822,385.426363208,1507345.0
2023-12-08 15:00:00,385.426363208,385.898145363,385.298588874,385.785114222,1583854.0
2023-12-08 15:30:00,385.790028619,385.819515004,385.180643336,385.672083081,2229572.0
2023-12-08 16:00:00,385.662254286,385.878487774,385.347732849,385.455849593,5813173.0
2023-12-11 10:00:00,385.033211412,387.067771956,384.826806719,386.989141597,8363416.0
2023-12-11 10:30:00,386.989141597,387.313491829,386.566503417,386.640219378,3395525.0
2023-12-11 11:00:00,386.635304981,387.912753454,386.389585108,387.372759462,3072628.0
2023-12-11 11:30:00,387.382293393,387.598526881,386.315869147,386.792565699,3139455.0
2023-12-11 12:00:00,386.802394494,387.067771956,386.075063672,387.027179033,3184459.0
2023-12-11 12:30:00,387.018627982,387.69681483,386.67462016,387.647572568,1868644.0
2023-12-11 13:00:00,387.647670856,388.021165062,387.529725317,387.972021087,1704141.0
2023-12-11 13:30:00,387.972021087,388.551919986,387.637842061,388.473289627,2883673.0
2023-12-11 14:00:00,388.473289627,388.96964377,388.419231255,388.777883981,1537159.0
2023-12-11 14:30:00,388.758324679,389.013873347,388.502776012,388.758324679,1486750.0
2023-12-11 15:00:00,388.758324679,388.866441423,388.335686499,388.502776012,1362611.0
2023-12-11 15:30:00,388.512604807,388.748495884,388.188156287,388.345417005,2136599.0
2023-12-11 16:00:00,388.325857704,388.935242987,388.306101826,388.748495884,4577856.0
2023-12-12 10:00:00,388.787811064,389.333309181,387.65749965,389.328394783,4675974.0
2023-12-12 10:30:00,389.338223578,389.898464888,389.033530936,389.328394783,4017203.0
2023-12-12 11:00:00,389.348150661,390.085211991,389.161206982,390.055725606,2102636.0
2023-12-12 11:30:00,390.050811209,390.517678966,389.849320913,390.036068016,2033974.0
2023-12-12 12:00:00,390.036068016,390.330931863,389.691372179,389.800176939,1463481.0
2023-12-12 12:30:00,389.810005734,389.967266452,389.308737194,389.898563176,1885011.0
2023-12-12 13:00:00,389.915960143,390.217900722,389.760861759,390.055725606,1580684.0
2023-12-12 13:30:00,390.060640003,390.488192582,389.908293683,390.208071927,1878427.0
2023-12-12 14:00:00,390.222815119,390.920659557,390.085211991,390.832200403,1739955.0
2023-12-12 14:30:00,390.822371608,390.969803532,390.655576959,390.881344378,1416530.0
2023-12-12 15:00:00,390.901001967,391.302409951,390.832298691,391.245009789,2539912.0
2023-12-12 15:30:00,391.254838584,391.687305559,391.12706425,391.613589598,2275864.0
2023-12-12 16:00:00,391.6086752,391.962511817,391.362955328,391.844566278,6361556.0
2023-12-13 10:00:00,392.778301793,393.928270797,392.522753126,392.837274563,5019462.0
2023-12-13 10:30:00,392.837274563,393.466317436,392.65052746,393.241238033,2211915.0
2023-12-13 11:00:00,393.250083949,393.702208514,392.984706486,393.250083949,1940236.0
2023-12-13 11:30:00,393.254998346,393.525290206,392.5718971,392.758644204,1804230.0
2023-12-13 12:00:00,392.768472998,393.043679256,392.503095536,392.59155469,2034521.0
2023-12-13 12:30:00,392.61121228,392.847103358,392.336006023,392.660356255,1390623.0
2023-12-13 13:00:00,392.660356255,392.704585832,392.296985707,392.404807587,1073705.0
2023-12-13 13:30:00,392.414636382,392.434293972,392.011557503,392.119477671,1181340.0
2023-12-13 14:00:00,392.12960133,392.699671434,392.100114945,392.296690843,1765707.0
2023-12-13 14:30:00,392.365492408,395.412418827,392.365492408,394.862006312,8947976.0
2023-12-13 15:00:00,394.871835107,397.08331396,394.252621028,396.621360599,7918455.0
2023-12-13 15:30:00,396.631189394,397.437150576,394.517998491,395.432076416,6962184.0
2023-12-13 16:00:00,395.436990814,396.906395651,395.102811787,396.827765292,7815705.0
2023-12-14 10:00:00,398.04653586,399.343936787,397.830302372,398.695138035,5937565.0
2023-12-14 10:30:00,398.685407528,398.714893913,397.191430703,397.388006601,5240237.0
2023-12-14 11:00:00,397.388006601,398.00722068,396.739306138,397.830302372,3837583.0
2023-12-14 11:30:00,397.840131167,397.933603006,396.267523983,396.758963728,4091518.0
2023-12-14 12:00:00,396.778621318,397.348691422,396.218380008,397.093142754,2567673.0
2023-12-14 12:30:00,397.093142754,397.821554744,397.014512395,397.810644782,2506874.0
2023-12-14 13:00:00,397.790987192,398.014985428,396.031632905,396.051290495,3130016.0
2023-12-14 13:30:00,396.06111929,396.06111929,394.783375953,394.82760553,6813671.0
2023-12-14 14:00:00,394.822691133,395.293686984,393.485975026,394.439368131,3345440.0
2023-12-14 14:30:00,394.419710542,395.785913033,394.409881747,395.774904782,3012674.0
2023-12-14 15:00:00,395.766255443,396.149578444,395.456648404,396.0414617,2276800.0
2023-12-14 15:30:00,396.051290495,396.277352778,395.825228212,395.938259354,2569250.0
2023-12-14 16:00:00,395.943173751,396.513243855,395.844885802,396.483757471,6551176.0
2023-12-15 10:00:00,397.260232268,398.626434759,396.886738062,398.06619345,7079106.0
2023-12-15 10:30:00,398.076022244,399.098216914,397.781158397,399.039244145,6252847.0
2023-12-15 11:00:00,399.039244145,399.334107992,398.577290784,398.921298606,8710954.0
2023-12-15 11:30:00,398.931127401,399.397995158,398.439687656,399.334107992,2501400.0
2023-12-15 12:00:00,399.334107992,399.579729576,398.714893913,399.019586555,3556101.0
2023-12-15 12:30:00,399.02941535,399.196504863,398.48883163,399.039244145,2307974.0
2023-12-15 13:00:00,399.04907294,399.068730529,397.510866538,397.579668102,2882404.0
2023-12-15 13:30:00,397.589496897,398.410201271,397.510866538,398.398898157,2554017.0
2023-12-15 14:00:00,398.400372476,398.528048522,396.660675779,397.093142754,5218793.0
2023-12-15 14:30:00,397.08331396,397.840131167,396.857251677,397.324119435,2203819.0
2023-12-15 15:00:00,397.348691422,398.233282963,397.329033832,397.889275141,2673370.0
2023-12-15 15:30:00,397.884360744,398.479002835,397.722185628,398.321742117,2620861.0
2023-12-15 16:00:00,398.321742117,399.147360889,397.918761526,398.400372476,10511645.0
2023-12-18 10:00:00,398.792596254,399.659258355,398.467597966,399.560774025,4510040.0
2023-12-18 10:30:00,399.560774025,400.181225302,399.413047531,400.102437839,5093978.0
2023-12-18 11:00:00,400.112286272,400.15660422,399.24562417,399.319487418,2539391.0
2023-12-18 11:30:00,399.314563201,400.102437839,399.004337563,400.042165429,2496161.0
2023-12-18 12:00:00,400.043347241,400.388042395,400.033498808,400.161528437,2180858.0
2023-12-18 12:30:00,400.17137687,400.929706208,400.166452653,400.714025526,2677790.0
2023-12-18 13:00:00,400.722889116,400.910009342,400.575162621,400.80167658,1854342.0
2023-12-18 13:30:00,400.811525013,401.302469396,400.555465755,401.200538115,3071529.0
2023-12-18 14:00:00,401.214719858,401.407355207,401.047887404,401.343340393,3202784.0
2023-12-18 14:30:00,401.353188826,401.806216743,401.254704496,401.386673498,3253127.0
2023-12-18 15:00:00,401.392582558,401.79636831,401.185765465,401.491066887,3541897.0
2023-12-18 15:30:00,401.50091532,401.766823011,401.264552929,401.702808196,2329621.0
2023-12-18 16:00:00,401.717580846,401.722505062,400.910009342,400.910009342,6998352.0
2023-12-19 10:00:00,401.363037259,402.336653342,401.170992816,401.993336969,4019901.0
2023-12-19 10:30:00,402.003185402,402.377425855,401.363037259,402.259244659,3007695.0
2023-12-19 11:00:00,402.249396226,402.672878844,401.628944949,402.465963267,2631401.0
2023-12-19 11:30:00,402.475910184,402.741817875,402.121366598,402.406971154,2169984.0
2023-12-19 12:00:00,402.416819587,402.701242331,402.003086918,402.014412616,1847777.0
2023-12-19 12:30:00,402.013033835,402.150911896,401.658490248,402.081972866,3211483.0
2023-12-19 13:00:00,402.072124433,402.525053865,402.037654917,402.320600397,1177867.0
2023-12-19 13:30:00,402.318335257,402.397122721,401.648641815,402.234623577,1499262.0
2023-12-19 14:00:00,402.249396226,402.574394514,402.003185402,402.298638391,2015672.0
2023-12-19 14:30:00,402.308486824,402.682727277,402.298638391,402.59409138,1828126.0
2023-12-19 15:00:00,402.59409138,402.643333545,402.269093092,402.457789068,1540690.0
2023-12-19 15:30:00,402.466061752,402.584242947,402.111518165,402.406971154,2327478.0
2023-12-19 16:00:00,402.397122721,403.076664596,402.200154061,402.9584834,5243944.0
2023-12-20 10:00:00,402.160760329,403.076664596,401.786519877,402.909339719,3561961.0
2023-12-20 10:30:00,402.919089668,403.78575177,402.781211607,403.746358038,2793296.0
2023-12-20 11:00:00,403.736509605,404.248529635,403.391814451,403.736509605,3550022.0
2023-12-20 11:30:00,403.726661172,403.815297068,403.234239523,403.478480661,1765721.0
2023-12-20 12:00:00,403.480450347,403.716812739,403.17524741,403.460753481,1364931.0
2023-12-20 12:30:00,403.470601914,403.815297068,403.460753481,403.529692512,1234987.0
2023-12-20 13:00:00,403.529692512,404.002417295,403.027422431,403.943326697,1462678.0
2023-12-20 13:30:00,403.933478264,404.031962594,403.608479976,403.870448293,1411963.0
2023-12-20 14:00:00,403.874387666,404.006356668,403.214542657,403.411511317,1712318.0
2023-12-20 14:30:00,403.401662884,403.509995646,402.69257571,402.725370992,2564646.0
2023-12-20 15:00:00,402.731969442,402.751666308,398.575930728,398.733899593,7824952.0
2023-12-20 15:30:00,398.738429872,399.393350665,397.463057803,397.581238998,9404171.0
2023-12-20 16:00:00,397.641117471,398.595627594,396.793364361,396.970636154,10868383.0
2023-12-21 10:00:00,400.890312476,401.737277712,399.979332427,400.181225302,6323080.0
2023-12-21 10:30:00,400.161528437,401.097129569,398.999413346,399.821757499,3924630.0
2023-12-21 11:00:00,399.836530149,400.663798518,399.403199098,399.722288326,2636053.0
2023-12-21 11:30:00,399.713424736,400.317133677,399.432744397,400.289558065,2237122.0
2023-12-21 12:00:00,400.289065644,400.836146095,399.738045819,399.866075447,3016249.0
2023-12-21 12:30:00,399.866075447,399.866075447,398.694111924,398.930474315,2931403.0
2023-12-21 13:00:00,398.960019614,399.585395108,398.590703378,398.861535285,1724547.0
2023-12-21 13:30:00,398.866459501,399.688803654,398.339568337,399.541077159,2331594.0
2023-12-21 14:00:00,399.548955906,399.925166045,399.156988274,399.905469179,1682731.0
2023-12-21 14:30:00,399.915317612,400.200922168,399.541077159,399.905469179,2087936.0
2023-12-21 15:00:00,399.896802558,400.555465755,399.600167757,400.003953509,1974876.0
2023-12-21 15:30:00,400.013801942,401.33349196,399.738045819,401.313795094,2459723.0
2023-12-21 16:00:00,401.303946661,401.953943237,401.06758427,401.589551217,7305184.0
2023-12-22 10:00:00,402.800908473,403.756206471,402.574394514,403.342572286,4332615.0
2023-12-22 10:30:00,403.342572286,403.617343566,402.869847503,403.391814451,2078787.0
2023-12-22 11:00:00,403.401662884,403.584843737,402.672878844,402.682727277,1882005.0
2023-12-22 11:30:00,402.682727277,402.988028699,402.052427567,402.751666308,2118593.0
2023-12-22 12:00:00,402.751666308,403.096361462,402.357728989,402.539924999,1357993.0
2023-12-22 12:30:00,402.554697648,402.938786534,402.032730701,402.515303916,1518190.0
2023-12-22 13:00:00,402.544849215,402.997778648,402.333107906,402.948634967,842419.0
2023-12-22 13:30:00,402.928938101,403.224292606,402.771363174,403.104929598,847345.0
2023-12-22 14:00:00,403.106209895,403.258860606,402.800908473,402.845226421,1031547.0
2023-12-22 14:30:00,402.850150637,402.899294318,400.644101652,400.767207064,3132318.0
2023-12-22 15:00:00,400.791828147,402.456213319,400.317823068,402.451289102,3754862.0
2023-12-22 15:30:00,402.475910184,402.59409138,402.032730701,402.5103797,1903830.0
2023-12-22 16:00:00,402.520228133,402.535000782,401.747126145,402.190305628,5170455.0
2023-12-26 10:00:00,403.047119297,404.022114161,402.948634967,403.756206471,2835074.0
2023-12-26 10:30:00,403.766054904,404.100901625,403.630146529,403.795600202,1471847.0
2023-12-26 11:00:00,403.815297068,404.194461738,403.32287542,403.746259553,1764774.0
2023-12-26 11:30:00,403.746358038,403.99207644,403.381966018,403.652797924,1438731.0
2023-12-26 12:00:00,403.647873708,404.041811027,403.647873708,403.95317513,749479.0
2023-12-26 12:30:00,403.943326697,404.073326012,403.726661172,403.801509262,735730.0
2023-12-26 13:00:00,403.800524419,404.100901625,403.60857846,403.825145501,984904.0
2023-12-26 13:30:00,403.830069718,404.228931253,403.775903337,404.100901625,583889.0
2023-12-26 14:00:00,404.110750058,404.189537521,403.800524419,403.865721045,793281.0
2023-12-26 14:30:00,403.86946345,404.228931253,403.825145501,404.164916439,655798.0
2023-12-26 15:00:00,404.169840655,404.465293644,404.130446923,404.435452893,1320537.0
2023-12-26 15:30:00,404.435748346,405.302410447,404.396354614,405.066048056,1461059.0
2023-12-26 16:00:00,405.085744922,405.322107313,404.345832153,404.652413871,4883570.0
2023-12-27 10:00:00,404.934069663,405.62874911,404.924216053,405.485871777,2388078.0
2023-12-27 10:30:00,405.485871777,405.686885405,404.076805663,404.668022214,2412792.0
2023-12-27 11:00:00,404.668022214,404.687729433,404.145780927,404.608900559,1785086.0
2023-12-27 11:30:00,404.59904695,404.628607778,404.283731456,404.599145486,1516735.0
2023-12-27 12:00:00,404.618754168,405.062166582,404.559632513,404.865094398,2106703.0
2023-12-27 12:30:00,404.865094398,405.032605754,404.697583042,404.904508835,1604443.0
2023-12-27 13:00:00,404.894655226,405.052312973,404.35270672,404.579339732,1261606.0
2023-12-27 13:30:00,404.569486123,405.759309432,404.569486123,405.338067639,3863305.0
2023-12-27 14:00:00,405.347921249,405.663236743,405.101581019,405.254311961,1622232.0
2023-12-27 14:30:00,405.249385157,405.298653203,404.219682996,405.072020191,3167451.0
2023-12-27 15:00:00,405.072020191,405.09172741,404.411828375,404.668022214,1498723.0
2023-12-27 15:30:00,404.677875824,405.050440787,404.530071686,404.796119134,3163930.0
2023-12-27 16:00:00,404.786265525,405.495725386,404.569486123,405.476018168,4229616.0
2023-12-28 10:00:00,406.628890443,406.875230673,405.81104088,406.0546221,2395234.0
2023-12-28 10:30:00,406.027820283,406.146063593,405.515432605,406.126356375,1583274.0
2023-12-28 11:00:00,406.136209984,406.505720328,406.008113064,406.136209984,2148099.0
2023-12-28 11:30:00,406.136209984,406.146063593,405.554847042,405.771626444,1685877.0
2023-12-28 12:00:00,405.781480053,406.027820283,405.605888737,405.746992421,1022389.0
2023-12-28 12:30:00,405.742065616,406.022893478,405.663335279,405.889869754,909436.0
2023-12-28 13:00:00,405.884942949,406.233859251,405.801187271,406.180551225,1132031.0
2023-12-28 13:30:00,406.17562442,406.195331639,405.269092375,405.871147897,3475609.0
2023-12-28 14:00:00,405.860308926,406.313476413,405.673090352,405.796260467,1048742.0
2023-12-28 14:30:00,405.791333662,406.077088329,405.781480053,406.023878839,869193.0
2023-12-28 15:00:00,406.008113064,406.155917202,405.687870766,405.796260467,2014104.0
2023-12-28 15:30:00,405.801187271,405.968698628,405.180409892,405.441530536,1941257.0
2023-12-28 16:00:00,405.441530536,405.81104088,404.924216053,405.278945984,4283901.0
2023-12-29 10:00:00,405.259238766,405.613968697,404.884801617,405.352848053,2752969.0
2023-12-29 10:30:00,405.352848053,405.565686012,405.032605754,405.283872789,1697109.0
2023-12-29 11:00:00,405.288799593,405.303580007,403.091444744,403.515149939,3617742.0
2023-12-29 11:30:00,403.525003548,403.712222123,401.662671411,401.726719871,3665903.0
2023-12-29 12:00:00,401.731646676,402.746568422,401.613403366,402.52978902,2858205.0
2023-12-29 12:30:00,402.52978902,402.904226169,401.731646676,401.938572469,2271439.0
2023-12-29 13:00:00,401.92871886,402.983055043,401.899158032,402.923933388,1574286.0
2023-12-29 13:30:00,402.914079779,403.593978813,402.766275641,403.002762261,2731948.0
2023-12-29 14:00:00,403.012615871,403.914221111,402.973201434,403.62353964,1665546.0
2023-12-29 14:30:00,403.628466445,403.889587088,403.416613847,403.446174675,1244357.0
2023-12-29 15:00:00,403.465881893,404.126073709,403.465881893,404.037391226,1972290.0
2023-12-29 15:30:00,404.042318031,404.224609801,403.396906629,403.874806675,3707420.0
2023-12-29 16:00:00,403.86987987,403.899440698,402.736714813,403.525003548,7594735.0
2024-01-02 10:00:00,399.898875366,400.145215596,396.607769897,397.67195969,10160179.0
2024-01-02 10:30:00,397.667032885,398.248395827,396.588062679,396.745818962,4251544.0
2024-01-02 11:00:00,396.745720426,396.755574035,395.859683887,396.464892564,4197826.0
2024-01-02 11:30:00,396.464892564,397.67195969,396.430404932,397.652252471,3914190.0
2024-01-02 12:00:00,397.642398862,398.233615413,397.593130816,398.056250448,2255669.0
2024-01-02 12:30:00,398.056250448,398.263176241,397.466511938,397.612838034,1975396.0
2024-01-02 13:00:00,397.612838034,398.243567559,396.628659548,396.681671966,2199748.0
2024-01-02 13:30:00,396.69645238,397.218693667,396.292454403,396.962499828,1846184.0
2024-01-02 14:00:00,396.962499828,397.17927923,395.947479545,396.144650265,2093146.0
2024-01-02 14:30:00,396.144650265,396.282600794,395.454897622,396.193918311,2904350.0
2024-01-02 15:00:00,396.193918311,396.381136886,395.090314082,395.149435737,2933007.0
2024-01-02 15:30:00,395.159289346,395.267679047,394.38085422,394.903095507,6368250.0
2024-01-02 16:00:00,394.903095507,396.794988472,394.685133672,396.69645238,7695650.0
2024-01-03 10:00:00,394.075392335,394.893241898,393.415200519,394.213342864,7012069.0
2024-01-03 10:30:00,394.173928427,395.129728519,392.873252014,393.40534691,5488560.0
2024-01-03 11:00:00,393.40534691,393.858612933,392.567790129,393.770028986,4169979.0
2024-01-03 11:30:00,393.779784059,394.321732565,393.516002941,393.671394358,2886108.0
2024-01-03 12:00:00,393.661540749,393.927588197,392.902812842,393.001348933,2238373.0
2024-01-03 12:30:00,393.011202543,393.420127324,392.695887049,393.415200519,2318679.0
2024-01-03 13:00:00,393.40534691,394.01627068,393.257444236,393.907880979,1551923.0
2024-01-03 13:30:00,393.89802737,394.361147002,393.534330655,393.636906726,1820049.0
2024-01-03 14:00:00,393.631979922,393.720662404,393.210738129,393.53344383,1293626.0
2024-01-03 14:30:00,393.523590221,394.577926404,392.252474635,394.321732565,4202311.0
2024-01-03 15:00:00,394.341439783,394.56314599,393.641833531,393.681247968,2625529.0
2024-01-03 15:30:00,393.681247968,393.829052105,392.636765393,392.942227278,3028772.0
2024-01-03 16:00:00,392.937300474,393.434907738,392.06525606,392.498814865,5676332.0
2024-01-04 10:00:00,390.636482728,391.740086957,390.392901509,390.803994084,5051626.0
2024-01-04 10:30:00,390.794140475,392.537145405,390.459117762,391.937159141,4967415.0
2024-01-04 11:00:00,391.927305532,392.755008704,391.818915831,392.346083922,2253675.0
2024-01-04 11:30:00,392.360864336,393.740369623,392.360864336,393.306810818,3027077.0
2024-01-04 12:00:00,393.316664428,393.513736611,392.114524106,392.321548435,2491003.0
2024-01-04 12:30:00,392.331303509,392.449546819,391.818915831,392.341157118,2016897.0
2024-01-04 13:00:00,392.360864336,392.380571554,391.355796199,391.937159141,2280051.0
2024-01-04 13:30:00,391.927305532,392.232668881,391.631697256,392.173645762,1113710.0
2024-01-04 14:00:00,392.183499371,392.479107646,391.82876944,391.918437283,1354580.0
2024-01-04 14:30:00,391.927305532,392.153938543,391.237552888,391.286820934,1626601.0
2024-01-04 15:00:00,391.276967325,391.740086957,390.98135905,391.482119469,1775993.0
2024-01-04 15:30:00,391.488819923,392.060329256,391.104529164,391.414917854,2332159.0
2024-01-04 16:00:00,391.439551877,391.784428198,390.262045579,390.478824981,6005555.0
2024-01-05 10:00:00,390.646336337,391.749940566,390.360581671,391.198138452,5851616.0
2024-01-05 10:30:00,391.207992061,393.16886029,391.207992061,392.755008704,5205555.0
2024-01-05 11:00:00,392.764862313,393.464468565,392.518522083,393.336371646,3465299.0
2024-01-05 11:30:00,393.346225255,393.710808795,392.270900884,392.291790536,3304952.0
2024-01-05 12:00:00,392.301742681,392.597350957,391.71052613,392.232767417,2301226.0
2024-01-05 12:30:00,392.222913807,392.282035463,390.646336337,390.833456376,2479358.0
2024-01-05 13:00:00,390.794140475,391.434625072,390.636482728,391.128276363,1690601.0
2024-01-05 13:30:00,391.104529164,391.188284843,390.222631142,391.178431233,2089354.0
2024-01-05 14:00:00,391.168577624,391.956866359,391.16365082,391.562721992,1937517.0
2024-01-05 14:30:00,391.572575601,392.055402451,391.124236383,391.316381762,2094998.0
2024-01-05 15:00:00,391.286820934,391.572575601,389.907315648,390.035412567,2626813.0
2024-01-05 15:30:00,390.045266176,390.321167234,389.552585717,389.927022866,2065877.0
2024-01-05 16:00:00,389.900615194,391.178431233,389.572292935,390.941944613,5631079.0
2024-01-08 10:00:00,392.163792152,395.050899645,392.015889478,394.952363553,5809755.0
2024-01-08 10:30:00,394.942509944,395.312512969,394.568072795,395.22826461,3220522.0
2024-01-08 11:00:00,395.23811822,395.937133256,395.22826461,395.612555369,2091739.0
2024-01-08 11:30:00,395.622408978,395.9672853,395.208557392,395.405629576,1852971.0
2024-01-08 12:00:00,395.405629576,396.134796656,395.385922357,396.055967782,2009007.0
2024-01-08 12:30:00,396.08552861,396.528941023,396.006699736,396.257966771,1852467.0
2024-01-08 13:00:00,396.262893575,397.06103592,396.20377192,397.016694678,1666115.0
2024-01-08 13:30:00,397.021621483,397.130011184,396.765427644,396.937865805,1220048.0
2024-01-08 14:00:00,396.947719414,397.642398862,396.893524564,397.593130816,1703048.0
2024-01-08 14:30:00,397.593130816,398.03654323,397.366497805,397.957714356,2329948.0
2024-01-08 15:00:00,397.967567965,398.854392792,397.967567965,398.63761339,2476950.0
2024-01-08 15:30:00,398.627759781,398.834685574,398.33707831,398.509516471,2513451.0
2024-01-08 16:00:00,398.514443275,399.307658815,398.420833988,399.021904149,9417081.0
2024-01-09 10:00:00,396.026406955,397.100450357,395.829334771,396.883670954,7981916.0
2024-01-09 10:30:00,396.883670954,397.859178264,396.351576058,397.405912241,4185168.0
2024-01-09 11:00:00,397.405912241,397.967567965,397.031475092,397.553716379,2534091.0
2024-01-09 11:30:00,397.548789575,398.814978356,397.524155552,398.645003597,2527947.0
2024-01-09 12:00:00,398.657320609,399.889021757,398.509516471,399.888036396,2295560.0
2024-01-09 12:30:00,399.879168148,400.046383896,399.475170171,399.742400053,1619810.0
2024-01-09 13:00:00,399.751071229,400.233898079,399.455462953,400.185911002,1504356.0
2024-01-09 13:30:00,400.194385106,400.736432148,399.780632056,399.831181071,1586238.0
2024-01-09 14:00:00,399.829900102,400.430970263,399.081025804,400.066386723,2149257.0
2024-01-09 14:30:00,400.086093941,400.440823872,399.322439229,399.49487739,1492163.0
2024-01-09 15:00:00,399.504730999,399.928436194,399.250113737,399.751071229,1309957.0
2024-01-09 15:30:00,399.770778447,400.105801159,399.12044024,399.721510401,1855671.0
2024-01-09 16:00:00,399.711656792,400.056533114,398.608052563,399.810192884,5279504.0
2024-01-10 10:00:00,400.125508378,400.943357941,399.523551392,400.086093941,4064542.0
2024-01-10 10:30:00,400.076240332,400.726578538,399.238683551,400.568920791,3364668.0
2024-01-10 11:00:00,400.573847596,401.411404377,400.465457895,401.362136331,2747015.0
2024-01-10 11:30:00,401.376916745,401.493583478,400.490091918,400.751212561,1444808.0
2024-01-10 12:00:00,400.785700194,401.229112607,400.549213573,401.07145486,1281163.0
2024-01-10 12:30:00,401.081308469,401.4360384,400.83496824,401.327648699,999413.0
2024-01-10 13:00:00,401.327648699,401.899158032,401.288234262,401.820329159,1149278.0
2024-01-10 13:30:00,401.830182768,402.313009618,401.238966216,401.662671411,1872480.0
2024-01-10 14:00:00,401.672525021,402.214473526,401.624045263,402.145498262,2254666.0
2024-01-10 14:30:00,402.150425066,403.101298353,402.086376607,402.766177105,2750150.0
2024-01-10 15:00:00,402.77612925,403.495344185,402.598764285,403.465881893,1577490.0
2024-01-10 15:30:00,403.465881893,403.520076744,402.086376607,402.46574056,2997821.0
2024-01-10 16:00:00,402.490374583,402.785982859,401.386770354,402.519935411,4926481.0
2024-01-11 10:00:00,403.791050997,405.180804037,402.450467466,403.160420008,6519671.0
2024-01-11 10:30:00,403.199834445,403.263882905,400.017118677,401.603549756,6154190.0
2024-01-11 11:00:00,401.602564395,402.431252928,400.411263044,400.743329674,3393897.0
2024-01-11 11:30:00,400.746285757,401.002479596,398.874100011,399.337219643,4003417.0
2024-01-11 12:00:00,399.337219643,399.746144424,398.324268618,398.805124746,4765019.0
2024-01-11 12:30:00,398.805124746,399.893948562,398.76571031,399.081025804,2709686.0
2024-01-11 13:00:00,399.085952608,400.810334217,399.085952608,400.361994998,2929718.0
2024-01-11 13:30:00,400.332434171,401.761207503,400.273312516,401.465599228,2267442.0
2024-01-11 14:00:00,401.485306446,402.667739549,401.386770354,402.598764285,2144017.0
2024-01-11 14:30:00,402.603691089,403.012615871,402.155351871,402.914079779,2227142.0
2024-01-11 15:00:00,402.914079779,403.781197387,402.707153986,403.559491181,1973383.0
2024-01-11 15:30:00,403.601270484,403.653100468,402.401692101,402.904226169,2300405.0
2024-01-11 16:00:00,402.914079779,403.584125204,402.490374583,403.357492192,5333928.0
2024-01-12 10:00:00,404.392121157,405.229677938,403.62353964,403.904367502,4607616.0
2024-01-12 10:30:00,403.938855134,404.342853111,402.726861204,403.426467456,4902081.0
2024-01-12 11:00:00,403.472877956,403.988024644,402.175059089,402.919006583,3423789.0
2024-01-12 11:30:00,402.923933388,404.126073709,402.687446767,403.800904606,2084248.0
2024-01-12 12:00:00,403.810758215,403.953635548,402.381984882,402.534715825,2056119.0
2024-01-12 12:30:00,402.559349848,403.287728639,402.28344879,402.89437256,1618880.0
2024-01-12 13:00:00,402.914079779,403.396906629,402.598764285,403.130859181,1551483.0
2024-01-12 13:30:00,403.150566399,403.682661295,403.132829903,403.50529633,1661714.0
2024-01-12 14:00:00,403.525003548,403.850172652,403.368331162,403.741782951,1136307.0
2024-01-12 14:30:00,403.741782951,404.076805663,403.308224146,403.593880277,1477887.0
2024-01-12 15:00:00,403.593978813,403.603832422,402.89437256,403.071737526,1453984.0
2024-01-12 15:30:00,403.071737526,403.283590123,402.628325112,403.14071279,2011260.0
2024-01-12 16:00:00,403.14071279,403.75163656,403.071737526,403.564417985,5695647.0
2024-01-16 10:00:00,402.332716836,403.032323089,400.874382676,402.273595181,6728039.0
2024-01-16 10:30:00,402.268668377,404.372413939,401.756083627,404.106366491,4998281.0
2024-01-16 11:00:00,404.1162201,405.101581019,403.653100468,404.603973755,2809843.0
2024-01-16 11:30:00,404.618754168,404.84538718,402.785982859,404.175341755,5500110.0
2024-01-16 12:00:00,404.204902582,404.72714387,402.914079779,403.121005572,2380274.0
2024-01-16 12:30:00,403.116078767,403.377199411,402.244034354,402.381984882,2540858.0
2024-01-16 13:00:00,402.381984882,402.726861204,401.80062194,401.889304423,1970149.0
2024-01-16 13:30:00,401.899158032,403.091444744,401.761207503,402.874665342,2367780.0
2024-01-16 14:00:00,402.884518951,403.101199817,401.741500285,402.007547733,2353586.0
2024-01-16 14:30:00,402.017401342,402.175059089,401.061601251,401.721793067,2391568.0
2024-01-16 15:00:00,401.721793067,402.687446767,401.485306446,402.608617894,1440324.0
2024-01-16 15:30:00,402.598665748,403.002762261,402.450960147,402.598764285,1664103.0
2024-01-16 16:00:00,402.618471503,403.584125204,402.450960147,403.525003548,4594709.0
2024-01-17 10:00:00,400.22404447,400.657603274,397.366497805,397.455180287,9506226.0
2024-01-17 10:30:00,397.445326678,398.785417528,397.021621483,398.489809252,5693194.0
2024-01-17 11:00:00,398.479955643,399.347073252,397.947860747,398.952928884,4061823.0
2024-01-17 11:30:00,398.933221666,400.320412768,398.913514447,400.076240332,3687460.0
2024-01-17 12:00:00,400.086093941,400.613262033,399.701803183,399.889021757,3693933.0
2024-01-17 12:30:00,399.898875366,400.204238715,399.209024187,399.376634079,2164334.0
2024-01-17 13:00:00,399.396242762,400.026972286,399.00219693,399.839753711,2495726.0
2024-01-17 13:30:00,399.829900102,400.22404447,398.598198953,398.869173206,2460178.0
2024-01-17 14:00:00,398.864246402,398.933024594,398.066104057,398.726295873,2819558.0
2024-01-17 14:30:00,398.724817831,399.780632056,398.578491735,399.672242355,2436913.0
2024-01-17 15:00:00,399.662388746,400.632969251,399.657461941,400.283166125,3148602.0
2024-01-17 15:30:00,400.293019734,400.371848608,399.553999045,399.721510401,2680621.0
2024-01-17 16:00:00,399.721510401,401.61833017,399.672143819,401.248819825,6421226.0
2024-01-18 10:00:00,404.510364467,405.830748099,404.48080364,405.200018575,7397274.0
2024-01-18 10:30:00,405.200117111,405.525286214,404.214756192,405.308506812,4514482.0
2024-01-18 11:00:00,405.32821403,406.42196465,404.71729026,405.860308926,4712467.0
2024-01-18 11:30:00,405.889869754,406.619036834,405.160702674,406.550160106,3796805.0
2024-01-18 12:00:00,406.559915179,406.942333752,406.086941938,406.384422399,4394811.0
2024-01-18 12:30:00,406.382550213,406.466305892,404.332999502,405.131240382,4114029.0
2024-01-18 13:00:00,405.140995456,405.170556283,404.313292284,404.559632513,2335322.0
2024-01-18 13:30:00,404.569486123,404.583281175,403.170372154,403.485589112,3979047.0
2024-01-18 14:00:00,403.475735502,405.052312973,403.465881893,404.914263908,2288363.0
2024-01-18 14:30:00,404.914362444,406.78654819,404.90943564,406.737280144,3697170.0
2024-01-18 15:00:00,406.727426535,407.141278121,406.077088329,406.875230673,4873121.0
2024-01-18 15:30:00,406.885084282,407.229960604,406.510647133,407.093093972,3246347.0
2024-01-18 16:00:00,407.092010075,407.520642075,406.579622397,406.944205937,6193451.0
2024-01-19 10:00:00,409.141560787,409.663802074,408.55527104,409.624387637,7322517.0
2024-01-19 10:30:00,409.644094855,410.117068096,408.619910716,409.732777338,3841009.0
2024-01-19 11:00:00,409.722923729,410.343701108,409.185902028,409.970446392,2750441.0
2024-01-19 11:30:00,409.988971177,411.013746533,409.653948465,410.67872382,7161220.0
2024-01-19 12:00:00,410.698431039,410.964478487,409.959410349,410.876584293,4375968.0
2024-01-19 12:30:00,410.875796004,411.53598782,410.185944825,411.400008013,3229737.0
2024-01-19 13:00:00,411.4078909,412.284862118,411.338915636,412.279935314,3879638.0
2024-01-19 13:30:00,412.275008509,413.033736417,411.831596096,412.895785888,5753806.0
2024-01-19 14:00:00,412.895785888,413.950122071,412.881005474,413.930414853,3742318.0
2024-01-19 14:30:00,413.940268462,414.9453366,413.822025152,414.393534485,6492398.0
2024-01-19 15:00:00,414.403388094,414.758118025,413.674221014,414.728557197,4642198.0
2024-01-19 15:30:00,414.723630393,415.171969611,414.413241703,414.758118025,3428373.0
2024-01-19 16:00:00,414.767971634,415.162116002,414.620167496,415.014311864,8405622.0
2024-01-22 10:00:00,417.211666713,418.509879724,416.305134668,417.477714161,6781579.0
2024-01-22 10:30:00,417.477714161,417.721098308,416.117916093,416.20650004,4500466.0
2024-01-22 11:00:00,416.206598576,416.255866622,415.024165473,415.30006653,7093366.0
2024-01-22 11:30:00,415.319773749,416.52191407,415.06357991,416.354402714,2573880.0
2024-01-22 12:00:00,416.354402714,416.817522346,416.019380001,416.766283578,1807007.0
2024-01-22 12:30:00,416.7682543,416.807668737,415.575967588,416.295281059,1617985.0
2024-01-22 13:00:00,416.295281059,416.472646024,415.782893381,416.098208875,1373489.0
2024-01-22 13:30:00,416.108062484,416.108062484,414.955190209,415.06357991,2153359.0
2024-01-22 14:00:00,415.073532055,416.186891358,415.024165473,416.018985857,2326620.0
2024-01-22 14:30:00,416.019380001,416.206598576,415.13265371,415.640016047,1343935.0
2024-01-22 15:00:00,415.644942852,415.881429473,415.349334576,415.773039772,1477794.0
2024-01-22 15:30:00,415.782893381,416.264439262,415.42816345,416.177037748,2109862.0
2024-01-22 16:00:00,416.186891358,416.226305794,415.418309841,415.556260369,6574132.0
2024-01-23 10:00:00,416.246013013,416.255866622,414.413241703,415.945477932,4643828.0
2024-01-23 10:30:00,415.940551128,416.186891358,414.836946899,415.704064507,3130695.0
2024-01-23 11:00:00,415.743478944,416.009526392,415.221237657,415.442943864,2392500.0
2024-01-23 11:30:00,415.457724277,416.073574852,415.043872691,415.201530439,1758447.0
2024-01-23 12:00:00,415.199264108,415.812454208,414.866507726,415.79274699,1541722.0
2024-01-23 12:30:00,415.777473896,415.832161427,415.18182322,415.398602622,944904.0
2024-01-23 13:00:00,415.392690457,416.413524369,415.240944875,416.319915082,1337876.0
2024-01-23 13:30:00,416.324841886,416.384062077,415.960258346,415.999672783,2028263.0
2024-01-23 14:00:00,416.019380001,416.265720231,415.620308829,416.138017456,1399691.0
2024-01-23 14:30:00,416.132696507,416.254092972,415.763186162,415.9109903,1247485.0
2024-01-23 15:00:00,415.920843909,416.581035725,415.725742447,416.433231587,1525565.0
2024-01-23 15:30:00,416.433231587,417.093423403,416.324841886,416.787961518,1991323.0
2024-01-23 16:00:00,416.787961518,417.49742138,416.492353242,417.280641978,5580518.0
2024-01-24 10:00:00,421.182671217,421.281207309,419.881994804,420.66042993,5131844.0
2024-01-24 10:30:00,420.670283539,421.823155814,419.93126285,421.764034159,3923212.0
2024-01-24 11:00:00,421.803448596,422.936613653,421.596522803,422.217300182,4054973.0
2024-01-24 11:30:00,422.246861009,422.424225975,421.106896962,421.576815584,2545234.0
2024-01-24 12:00:00,421.61524466,422.641005377,421.428715838,422.552322894,2650178.0
2024-01-24 12:30:00,422.552322894,423.0942714,422.217300182,422.828223952,1990735.0
2024-01-24 13:00:00,422.84793117,423.557391032,422.84793117,423.370172457,3376596.0
2024-01-24 13:30:00,423.380026066,423.380026066,421.842863033,422.759248687,3037148.0
2024-01-24 14:00:00,422.778955906,422.808516733,421.281207309,421.724619722,2282057.0
2024-01-24 14:30:00,421.714766113,421.813302205,419.763751494,420.118481424,3035853.0
2024-01-24 15:00:00,420.12843357,421.182671217,419.921409241,420.522479401,2814871.0
2024-01-24 15:30:00,420.53233301,420.985599033,419.349899908,419.409021563,3470934.0
2024-01-24 16:00:00,419.418875172,420.54445295,419.103559678,419.596240137,5599792.0
2024-01-25 10:00:00,422.089203262,422.177885745,420.601308275,420.808234068,5807127.0
2024-01-25 10:30:00,420.808234068,422.384811538,420.345114436,422.247255154,3172035.0
2024-01-25 11:00:00,422.256714619,422.439006389,420.995452642,421.714766113,2849863.0
2024-01-25 11:30:00,421.714766113,422.192666159,421.182671217,422.108910481,1913641.0
2024-01-25 12:00:00,422.128617699,422.759248687,421.616230021,422.099056872,2336128.0
2024-01-25 12:30:00,422.099155408,422.296129055,420.77867324,421.034867079,2798096.0
2024-01-25 13:00:00,421.034867079,421.192721898,419.941116459,420.384528872,2951276.0
2024-01-25 13:30:00,420.394875162,421.103842343,419.418875172,419.852433976,3104506.0
2024-01-25 14:00:00,419.839919893,420.236724735,418.46307508,418.610879218,2955568.0
2024-01-25 14:30:00,418.610879218,418.689708092,417.773322437,418.536977149,3253397.0
2024-01-25 15:00:00,418.591172,419.389314344,418.167466805,419.389314344,2165185.0
2024-01-25 15:30:00,419.359753517,419.615947356,418.931121517,419.113413287,2417344.0
2024-01-25 16:00:00,419.123266896,420.108627815,418.995169977,420.108627815,5318099.0
2024-01-26 10:00:00,418.22658846,418.541903954,417.280641978,418.039369885,4239474.0
2024-01-26 10:30:00,418.039369885,418.813863568,416.985033702,418.768536965,3342333.0
2024-01-26 11:00:00,418.788244184,419.872141195,418.729122529,419.872141195,3229844.0
2024-01-26 11:30:00,419.862287585,419.93126285,419.093706069,419.477996827,2357849.0
2024-01-26 12:00:00,419.468143218,419.788385516,418.699561701,419.463216413,1973851.0
2024-01-26 12:30:00,419.468143218,419.970677286,419.07399885,419.182388551,1675895.0
2024-01-26 13:00:00,419.172534942,419.172534942,417.241129005,417.536835817,3138231.0
2024-01-26 13:30:00,417.536835817,418.037793308,417.211666713,417.896492552,1763231.0
2024-01-26 14:00:00,417.891565747,418.039369885,416.955472874,417.320056414,1698241.0
2024-01-26 14:30:00,417.329910024,417.960541012,417.260934759,417.546689426,1487463.0
2024-01-26 15:00:00,417.556543035,418.620732827,417.221520322,418.364538989,2422875.0
2024-01-26 15:30:00,418.354685379,418.468001885,417.684639954,417.788102851,1673442.0
2024-01-26 16:00:00,417.783176046,417.901419357,417.25108115,417.605811081,4549624.0
2024-01-29 10:00:00,418.059077104,418.896633885,417.645225518,418.325124552,3436859.0
2024-01-29 10:30:00,418.315270943,418.581318391,417.556543035,418.118198759,2888784.0
2024-01-29 11:00:00,418.118198759,418.433514253,417.586103863,417.645225518,2536106.0
2024-01-29 11:30:00,417.635371908,418.364538989,417.408738897,418.305417333,1944547.0
2024-01-29 12:00:00,418.325124552,418.866974521,418.221661655,418.83751223,1716872.0
2024-01-29 12:30:00,418.83751223,419.468143218,418.729122529,419.163075477,2249467.0
2024-01-29 13:00:00,419.171451045,419.517411264,418.83751223,419.221802988,2356986.0
2024-01-29 13:30:00,419.241510206,419.310386935,418.788244184,419.226729793,1810029.0
2024-01-29 14:00:00,419.221802988,419.38941288,418.95575554,419.010048927,1133864.0
2024-01-29 14:30:00,419.024730804,419.881994804,418.902743122,419.753897884,2028106.0
2024-01-29 15:00:00,419.763751494,420.098774206,419.667678804,419.921409241,2942516.0
2024-01-29 15:30:00,419.93126285,422.079349653,419.93126285,421.783741377,4847310.0
2024-01-29 16:00:00,421.783741377,422.010374389,421.222085654,421.882277469,6274718.0
2024-01-30 10:00:00,420.847648504,421.419157837,420.689990757,421.044720688,3055084.0
2024-01-30 10:30:00,421.044720688,421.093988734,419.813019539,420.724576926,3641317.0
2024-01-30 11:00:00,420.735120287,421.015159861,419.813019539,420.345114436,2226892.0
2024-01-30 11:30:00,420.354968045,420.611161884,420.010091723,420.394382482,1633302.0
2024-01-30 12:00:00,420.423943309,420.709697976,420.138188643,420.3450159,1168996.0
2024-01-30 12:30:00,420.354968045,420.54218662,419.014975731,419.093706069,2068955.0
2024-01-30 13:00:00,419.093706069,419.211949379,418.541903954,418.778390575,3127259.0
2024-01-30 13:30:00,418.748829747,419.354826712,418.334978161,419.324280524,2034546.0
2024-01-30 14:00:00,419.330192689,419.448435999,418.502489517,418.693353927,1710880.0
2024-01-30 14:30:00,418.70941531,419.078925655,418.167466805,419.005023586,2045261.0
2024-01-30 15:00:00,419.014877195,419.428728781,418.975462758,419.172534942,1451799.0
2024-01-30 15:30:00,419.142974115,419.596240137,418.83751223,419.379460735,1585450.0
2024-01-30 16:00:00,419.389314344,419.443509195,418.82765862,419.07399885,5484194.0
2024-01-31 10:00:00,414.689142761,415.359188186,413.47714883,413.999390117,6967144.0
2024-01-31 10:30:00,413.999390117,414.314705611,412.782469382,412.905639497,3575748.0
2024-01-31 11:00:00,412.905639497,413.092858072,411.939985797,412.393251819,3962828.0
2024-01-31 11:30:00,412.38339821,413.546124095,412.363690992,413.230808601,2793735.0
2024-01-31 12:00:00,413.230808601,413.555977704,412.816957015,413.299783865,1898831.0
2024-01-31 12:30:00,413.299783865,413.999390117,413.24066221,413.708708646,1908207.0
2024-01-31 13:00:00,413.708708646,414.028950945,413.122418899,414.009342263,2006531.0
2024-01-31 13:30:00,414.0189988,414.787580316,413.900854025,414.137340646,2418678.0
2024-01-31 14:00:00,414.147194255,414.57089945,413.96982929,414.373827267,1559171.0
2024-01-31 14:30:00,414.393534485,414.787678853,412.570518249,413.083004463,4725253.0
2024-01-31 15:00:00,413.102711681,416.679473281,412.738128141,414.196462301,8474182.0
2024-01-31 15:30:00,414.226023129,414.354120048,410.954624878,412.2651549,8956754.0
2024-01-31 16:00:00,412.284862118,412.393251819,410.68857743,410.865942395,10795289.0
2024-02-01 10:00:00,412.659299268,413.427782248,412.215788318,412.688860095,5130951.0
2024-02-01 10:30:00,412.600177612,414.181681887,411.723206394,414.157047864,5102671.0
2024-02-01 11:00:00,414.166901474,414.235876738,411.908651319,411.930132187,3497563.0
2024-02-01 11:30:00,411.915351774,412.521348739,411.693645567,412.077936325,3623428.0
2024-02-01 12:00:00,412.063155912,413.349051911,412.063155912,413.102711681,2121826.0
2024-02-01 12:30:00,413.11256529,414.69899637,413.068224049,413.585538531,3553145.0
2024-02-01 13:00:00,413.575783458,415.218774255,413.35890552,414.531485014,3189240.0
2024-02-01 13:30:00,414.541338623,414.57089945,413.250515819,414.285144784,1993908.0
2024-02-01 14:00:00,414.294998393,414.93548299,413.506709658,414.286130145,2608783.0
2024-02-01 14:30:00,414.304852002,415.171674003,414.294998393,414.787678853,2350524.0
2024-02-01 15:00:00,414.807386071,415.782893381,414.462608285,415.704064507,2445800.0
2024-02-01 15:30:00,415.704064507,416.127769702,415.359188186,415.842015036,2349112.0
2024-02-01 16:00:00,415.861722254,416.191818162,415.024165473,415.704064507,5951935.0
2024-02-02 10:00:00,417.595957472,420.374675263,416.600742944,419.606093746,8303934.0
2024-02-02 10:30:00,419.56667931,420.305699999,418.936146858,419.428728781,5069020.0
2024-02-02 11:00:00,419.43858239,421.350182573,418.581318391,420.709697976,4311207.0
2024-02-02 11:30:00,420.729405194,421.576815584,419.941116459,421.478279493,2787700.0
2024-02-02 12:00:00,421.478279493,422.572030113,421.448718665,422.207545109,3087297.0
2024-02-02 12:30:00,422.227153791,423.380026066,421.99066717,423.320904411,2356351.0
2024-02-02 13:00:00,423.340611629,423.498269377,421.291060918,422.394665147,4465172.0
2024-02-02 13:30:00,422.404518756,423.074564181,421.921691906,422.36510432,3732600.0
2024-02-02 14:00:00,422.35525071,422.916906434,421.714766113,422.838077561,1840322.0
2024-02-02 14:30:00,422.857784779,423.798804457,422.828223952,423.296270388,2790885.0
2024-02-02 15:00:00,423.301197193,423.94168179,423.133685836,423.636219905,2576856.0
2024-02-02 15:30:00,423.636219905,423.902267353,422.976028089,423.724902388,2529742.0
2024-02-02 16:00:00,423.724902388,423.921974572,422.72968786,422.72968786,8473739.0
2024-02-05 10:00:00,422.788809515,423.133685836,421.685205286,422.375056465,5664436.0
2024-02-05 10:30:00,422.374957929,422.374957929,419.881994804,420.492918574,4897434.0
2024-02-05 11:00:00,420.492918574,420.650576321,418.778390575,419.704629838,3368243.0
2024-02-05 11:30:00,419.704629838,420.670283539,419.506276685,420.152969057,2335809.0
2024-02-05 12:00:00,420.148042252,421.360036182,420.148042252,421.291060918,2535782.0
2024-02-05 12:30:00,421.291060918,421.980813561,421.162963998,421.951252734,2377545.0
2024-02-05 13:00:00,421.951252734,422.700127032,421.951252734,422.128617699,2468317.0
2024-02-05 13:30:00,422.148324917,422.739541469,421.734473332,421.764132695,1939508.0
2024-02-05 14:00:00,421.783741377,422.246861009,421.714766113,422.177885745,1487100.0
2024-02-05 14:30:00,422.207446573,422.670566205,421.835275754,422.562176503,2029917.0
2024-02-05 15:00:00,422.552322894,423.320904411,422.512908458,423.0942714,2000104.0
2024-02-05 15:30:00,423.099198204,423.123832227,421.616230021,422.591737331,2630652.0
2024-02-05 16:00:00,422.591737331,422.95760184,422.118862626,422.177885745,4022301.0
2024-02-06 10:00:00,423.320904411,423.921974572,421.172817608,421.212232044,5125809.0
2024-02-06 10:30:00,421.231939263,421.310768136,419.891848413,420.483064964,4229462.0
2024-02-06 11:00:00,420.483064964,421.291060918,420.221944321,420.827941286,2192421.0
2024-02-06 11:30:00,420.818087677,421.330475355,420.463357746,421.241792872,2278737.0
2024-02-06 12:00:00,421.251646481,421.419157837,419.409021563,419.586386528,2593121.0
2024-02-06 12:30:00,419.606093746,420.039652551,418.995169977,420.000238114,3167587.0
2024-02-06 13:00:00,420.010091723,420.290919585,419.448435999,419.704629838,1725597.0
2024-02-06 13:30:00,419.714483448,420.285992781,419.635654574,420.128335034,1364347.0
2024-02-06 14:00:00,420.128335034,420.699844367,420.010091723,420.655503125,1302245.0
2024-02-06 14:30:00,420.650576321,420.680137148,419.03468295,419.783458712,1987981.0
2024-02-06 15:00:00,419.783458712,420.867355723,419.68492262,420.768819631,1487632.0
2024-02-06 15:30:00,420.768819631,421.182671217,420.621015493,420.758966022,1849927.0
2024-02-06 16:00:00,420.773746435,421.438865056,419.911555631,421.330475355,4361644.0
2024-02-07 10:00:00,424.109193146,424.207729238,422.808516733,423.463781744,4624396.0
2024-02-07 10:30:00,423.439147721,426.325959606,422.971101285,426.276987168,4810339.0
2024-02-07 11:00:00,426.276987168,426.49376657,425.449283996,425.518160724,3935824.0
2024-02-07 11:30:00,425.508405651,425.971525283,424.927042709,425.370455123,2923162.0
2024-02-07 12:00:00,425.40001595,425.971525283,424.779238571,425.754745881,2090334.0
2024-02-07 12:30:00,425.766668748,425.981378892,425.114162748,425.123228068,1619541.0
2024-02-07 13:00:00,425.15367572,425.212797376,424.247143675,425.173284403,1939348.0
2024-02-07 13:30:00,425.173382939,425.872989191,424.463923077,425.856238056,2411028.0
2024-02-07 14:00:00,425.863135582,426.12918303,425.409869559,425.941964456,1530913.0
2024-02-07 14:30:00,425.951818065,426.060207766,425.606941743,425.665964862,1851494.0
2024-02-07 15:00:00,425.685770617,426.168597467,425.46406441,426.001086111,1657697.0
2024-02-07 15:30:00,426.001086111,426.286840777,425.76459949,426.030646938,1765867.0
2024-02-07 16:00:00,426.01093972,426.094695398,425.449283996,425.666063398,4741165.0
2024-02-08 10:00:00,425.784306709,426.168597467,425.104407674,426.143963444,4207915.0
2024-02-08 10:30:00,426.158743858,426.474059352,425.735038663,425.873087727,2034915.0
2024-02-08 11:00:00,425.872989191,427.114543949,425.51825926,427.045568685,2218892.0
2024-02-08 11:30:00,427.045568685,427.153958386,426.405084088,426.434644915,2513388.0
2024-02-08 12:00:00,426.414937697,427.045568685,426.326255214,426.976593421,1761546.0
2024-02-08 12:30:00,426.966739811,427.213080041,426.424791306,427.045568685,1444103.0
2024-02-08 13:00:00,427.045568685,427.110898114,426.099622203,426.267133559,1307418.0
2024-02-08 13:30:00,426.267133559,426.996300639,426.158743858,426.873130524,2309903.0
2024-02-08 14:00:00,426.878057329,427.124397558,426.409025531,426.571610083,1353602.0
2024-02-08 14:30:00,426.572595444,426.730253191,425.902550019,425.941964456,1505639.0
2024-02-08 15:00:00,425.941964456,426.562741835,425.578563349,426.434546379,1508390.0
2024-02-08 15:30:00,426.434644915,426.809082064,426.390303674,426.612009881,2037517.0
2024-02-08 16:00:00,426.612009881,426.735179995,426.070061375,426.454352134,3919428.0
2024-02-09 10:00:00,427.58751719,428.405366753,426.799326991,428.336391489,4093263.0
2024-02-09 10:30:00,428.346245098,429.05570496,427.922539903,429.04585135,3354025.0
2024-02-09 11:00:00,429.05570496,429.676482339,428.868486385,429.587799856,2749162.0
2024-02-09 11:30:00,429.607507074,429.932676178,429.180057508,429.351313235,2634635.0
2024-02-09 12:00:00,429.361166845,429.863700913,428.968007838,429.568092638,1870916.0
2024-02-09 12:30:00,429.577946247,429.809506063,429.242923534,429.799652454,1668652.0
2024-02-09 13:00:00,429.814432867,430.390869005,429.568092638,430.326820545,2294110.0
2024-02-09 13:30:00,430.326820545,430.720964913,430.228284453,430.602721603,2147448.0
2024-02-09 14:00:00,430.602721603,430.819501005,430.376187127,430.652975009,2099832.0
2024-02-09 14:30:00,430.651989648,430.967206606,430.454917465,430.956466172,1763587.0
2024-02-09 15:00:00,430.957451533,431.435351579,430.898329878,431.065841234,2968488.0
2024-02-09 15:30:00,431.075694844,431.100328867,430.528523925,430.765306154,1916881.0
2024-02-09 16:00:00,430.75052574,430.927890706,430.489405097,430.651989648,5119178.0
2024-02-12 10:00:00,430.543599947,431.046134016,429.992389049,430.775159763,3319074.0
2024-02-12 10:30:00,430.799793786,430.832310697,430.179016407,430.602721603,2040990.0
2024-02-12 11:00:00,430.602721603,431.819642337,430.494331901,431.716179441,1952930.0
2024-02-12 11:30:00,431.721106246,432.139884636,431.351595901,432.056128958,1426310.0
2024-02-12 12:00:00,432.070909372,432.711393969,431.834422751,432.21871351,1965560.0
2024-02-12 12:30:00,432.248274337,432.415785693,431.440278384,431.657057786,2294778.0
2024-02-12 13:00:00,431.676765004,432.33695682,431.637350567,432.307395992,1213600.0
2024-02-12 13:30:00,432.297542383,432.434507551,431.105255671,431.144768644,1392024.0
2024-02-12 14:00:00,431.154523717,431.154523717,429.637067902,430.326820545,3376701.0
2024-02-12 14:30:00,430.316966936,430.415503028,428.287123443,429.29219158,3546025.0
2024-02-12 15:00:00,429.29219158,429.54759713,428.449707994,428.641853374,2081096.0
2024-02-12 15:30:00,428.641853374,429.472118484,428.582731719,429.184393096,2235111.0
2024-02-12 16:00:00,429.193655488,429.371020454,428.671414201,428.967022477,4143187.0
2024-02-13 10:00:00,421.02501347,422.389738343,420.039652551,422.148916134,9718913.0
2024-02-13 10:30:00,422.143398113,423.774170434,421.123549562,423.769243629,4965433.0
2024-02-13 11:00:00,423.764316825,424.956603537,423.380026066,423.399733285,5421058.0
2024-02-13 11:30:00,423.409586894,424.601873606,423.409586894,424.020510664,2786269.0
2024-02-13 12:00:00,424.020510664,424.385094204,423.143539446,423.281489974,2335026.0
2024-02-13 12:30:00,423.271636365,423.360318848,422.424225975,422.552322894,2626080.0
2024-02-13 13:00:00,422.572030113,423.439147721,421.911838297,422.138471308,2258704.0
2024-02-13 13:30:00,422.138471308,422.709980641,421.951252734,422.365202856,2143608.0
2024-02-13 14:00:00,422.35525071,422.522762067,421.517693929,421.749253745,2450113.0
2024-02-13 14:30:00,421.744326941,421.744326941,420.207163907,420.719551585,4353658.0
2024-02-13 15:00:00,420.709697976,421.557108366,419.665215402,419.872141195,4004173.0
2024-02-13 15:30:00,419.872141195,420.108627815,419.104052358,419.735471635,4381594.0
2024-02-13 16:00:00,419.744044275,422.286275446,419.537118482,422.276421837,10728316.0
2024-02-14 10:00:00,424.946749927,425.64635618,423.833292089,424.966457146,4727431.0
2024-02-14 10:30:00,424.976310755,426.316401605,424.631434433,426.079914984,3564699.0
2024-02-14 11:00:00,426.109475812,426.20811044,423.872706526,423.882560135,3125530.0
2024-02-14 11:30:00,423.871425557,424.266850893,422.931686848,424.06977871,3783916.0
2024-02-14 12:00:00,424.06977871,424.444215859,423.375099262,423.488415767,2584522.0
2024-02-14 12:30:00,423.498269377,424.325972548,422.601492404,424.30626533,2460357.0
2024-02-14 13:00:00,424.316118939,424.897481881,424.247143675,424.651141652,1781037.0
2024-02-14 13:30:00,424.67084887,425.005871583,423.739682802,424.247143675,2064672.0
2024-02-14 14:00:00,424.256997284,425.52811287,424.158461192,424.870877137,2011381.0
2024-02-14 14:30:00,424.867921054,424.907335491,423.557391032,424.749677744,2293372.0
2024-02-14 15:00:00,424.759531353,425.148748916,424.55260556,425.133968502,2244348.0
2024-02-14 15:30:00,425.143822111,426.227719122,424.838360226,426.089768593,2903489.0
2024-02-14 16:00:00,426.094695398,427.301762524,425.784306709,426.878057329,7992721.0
2024-02-15 10:00:00,427.567809972,427.922539903,425.705477835,425.853281973,4084834.0
2024-02-15 10:30:00,425.853281973,426.976593421,425.404942755,425.902550019,3490067.0
2024-02-15 11:00:00,425.941964456,426.809082064,425.715331444,426.582449053,3433338.0
2024-02-15 11:30:00,426.612009881,426.730253191,425.015725192,426.242499536,3006515.0
2024-02-15 12:00:00,426.247426341,426.690838754,425.794160318,426.306547996,1821723.0
2024-02-15 12:30:00,426.326255214,427.213080041,425.932209383,427.099467927,1897081.0
2024-02-15 13:00:00,427.124397558,427.439713053,426.690838754,426.7401068,1603598.0
2024-02-15 13:30:00,426.730253191,428.38073273,426.661277927,428.346245098,3035435.0
2024-02-15 14:00:00,428.356098707,428.612292546,427.745174937,428.109758477,2380067.0
2024-02-15 14:30:00,428.109758477,428.415220362,427.389164037,428.040783213,2826343.0
2024-02-15 15:00:00,428.045710018,428.494049236,427.937320317,427.991515167,1972369.0
2024-02-15 15:30:00,428.001368776,428.149172914,427.188446018,427.735222792,2388772.0
2024-02-15 16:00:00,427.725467719,428.247709006,427.410152225,428.149172914,4220487.0
2024-02-16 10:00:00,428.523610063,428.622146155,424.414655031,424.936896318,5437709.0
2024-02-16 10:30:00,424.867921054,425.360601513,423.557391032,424.720116916,4668834.0
2024-02-16 11:00:00,424.759531353,426.016851885,424.109193146,425.715331444,4593752.0
2024-02-16 11:30:00,425.715331444,427.341176961,425.636502571,427.016007857,3449580.0
2024-02-16 12:00:00,427.025861467,427.725467719,426.587375858,427.390445007,5121363.0
2024-02-16 12:30:00,427.370737788,427.607224409,426.779521237,427.434786248,3186606.0
2024-02-16 13:00:00,427.429859443,427.548102754,426.62186349,426.897764547,1486315.0
2024-02-16 13:30:00,426.887910938,426.917471765,425.597088134,426.306547996,2961802.0
2024-02-16 14:00:00,426.316401605,427.35103057,426.168597467,427.336250156,1400007.0
2024-02-16 14:30:00,427.341176961,427.991515167,427.341176961,427.6366867,1907397.0
2024-02-16 15:00:00,427.631858432,427.735321328,424.808799399,425.311333467,4315933.0
2024-02-16 15:30:00,425.331040686,425.488698433,424.631434433,425.252211812,2518202.0
2024-02-16 16:00:00,425.252211812,425.390162341,423.69534156,424.266850893,7536365.0
2024-02-20 10:00:00,422.276421837,423.784024043,419.458289609,419.921409241,7653996.0
2024-02-20 10:30:00,419.901702022,419.980530896,418.502489517,418.630586437,4798601.0
2024-02-20 11:00:00,418.630586437,420.256431953,417.999955448,420.207163907,3938903.0
2024-02-20 11:30:00,420.207163907,420.768819631,419.744044275,420.157895861,3049561.0
2024-02-20 12:00:00,420.16774947,420.177603079,418.523477705,418.551757563,2592505.0
2024-02-20 12:30:00,418.551757563,418.729122529,417.453080138,417.783176046,2940802.0
2024-02-20 13:00:00,417.793029656,418.788244184,417.300349196,418.522196736,2741204.0
2024-02-20 13:30:00,418.522196736,419.212047915,417.970394621,418.2482664,3155224.0
2024-02-20 14:00:00,418.246591287,419.220817627,417.852151311,419.177461747,2029420.0
2024-02-20 14:30:00,419.19224216,419.537118482,418.561611172,419.399167953,2462137.0
2024-02-20 15:00:00,419.399167953,420.256431953,419.00995039,420.088920597,2419679.0
2024-02-20 15:30:00,420.098774206,420.621015493,419.679995815,420.463357746,2314505.0
2024-02-20 16:00:00,420.473211355,421.103842343,419.152827724,421.064427907,8924598.0
2024-02-21 10:00:00,418.334978161,418.738976138,417.246154345,417.852151311,4592992.0
2024-02-21 10:30:00,417.832444092,419.073900314,417.576250253,417.842297701,2918401.0
2024-02-21 11:00:00,417.842297701,418.147759586,417.37917807,417.714200782,2557831.0
2024-02-21 11:30:00,417.733908,418.906487494,417.684639954,418.231515264,2306248.0
2024-02-21 12:00:00,418.246295678,418.77346377,417.86200492,418.609893857,3840520.0
2024-02-21 12:30:00,418.620732827,418.660147264,416.980106897,417.172350813,2783121.0
2024-02-21 13:00:00,417.191959495,418.068930713,416.935765656,417.935906989,2420249.0
2024-02-21 13:30:00,417.950687403,418.118198759,416.758400691,417.408738897,3914605.0
2024-02-21 14:00:00,417.418592506,417.74376161,417.211666713,417.339763633,1284199.0
2024-02-21 14:30:00,417.339763633,418.147759586,415.925770714,416.359329518,3480430.0
2024-02-21 15:00:00,416.354402714,416.531767679,415.457724277,416.265818767,3272780.0
2024-02-21 15:30:00,416.246013013,416.665284084,415.684357289,416.571182116,2684016.0
2024-02-21 16:00:00,416.590889334,419.468143218,416.571182116,419.379460735,7628639.0
2024-02-22 10:00:00,428.129465696,429.898188545,427.360884179,428.740389466,8239192.0
2024-02-22 10:30:00,428.750243075,429.607507074,428.189178568,429.597653465,5265089.0
2024-02-22 11:00:00,429.597653465,430.001651442,428.149172914,428.543317282,4075081.0
2024-02-22 11:30:00,428.5630245,430.02135866,428.365952316,429.53853181,2450423.0
2024-02-22 12:00:00,429.548385419,430.139601971,429.233069925,429.459702936,2186275.0
2024-02-22 12:30:00,429.469556546,430.415503028,429.075412178,430.346527764,2198920.0
2024-02-22 13:00:00,430.346527764,431.075694844,429.952481932,431.056086161,1877449.0
2024-02-22 13:30:00,431.055987625,431.302327855,430.681550476,431.154523717,2130999.0
2024-02-22 14:00:00,431.184084545,431.942812452,431.031353602,431.89344587,2021940.0
2024-02-22 14:30:00,431.878763993,432.691686751,431.795008314,432.652567922,2610562.0
2024-02-22 15:00:00,432.662125923,432.691686751,431.440278384,431.819642337,2808914.0
2024-02-22 15:30:00,431.795008314,432.553736222,431.588082522,432.031494935,3682058.0
2024-02-22 16:00:00,432.031494935,432.652173778,431.647204177,431.657057786,9635697.0
2024-02-23 10:00:00,433.213928038,434.140167302,432.149738245,432.603004268,5415070.0
2024-02-23 10:30:00,432.612857877,432.89871108,431.755593878,431.85412997,3632145.0
2024-02-23 11:00:00,431.85412997,432.435492912,431.021499993,431.110182476,3096440.0
2024-02-23 11:30:00,431.11510928,431.302229319,429.410434891,430.868769051,4354773.0
2024-02-23 12:00:00,430.868769051,431.60778974,430.3859422,431.578228912,2052112.0
2024-02-23 12:30:00,431.578228912,432.199006291,430.883549464,431.174230936,2029673.0
2024-02-23 13:00:00,431.169304131,431.745740269,430.563307166,431.72603305,1319579.0
2024-02-23 13:30:00,431.72603305,432.15466505,431.440278384,431.952666062,1560170.0
2024-02-23 14:00:00,431.962519671,432.09061659,431.341742292,431.553594889,1269951.0
2024-02-23 14:30:00,431.588082522,431.60778974,430.435210246,430.602425994,2210234.0
2024-02-23 15:00:00,430.63228243,431.272767027,430.525863451,431.055987625,1544164.0
2024-02-23 15:30:00,431.055987625,431.17915774,429.922822568,430.031212269,2361419.0
2024-02-23 16:00:00,430.041065879,431.095402062,429.843993695,430.3859422,5544275.0
2024-02-26 10:00:00,431.193938154,431.982226889,429.96716381,430.415601564,5173652.0
2024-02-26 10:30:00,430.415503028,431.740813464,430.031212269,431.253059809,3418314.0
2024-02-26 11:00:00,431.262913418,431.72603305,430.937744315,431.174329472,2157156.0
2024-02-26 11:30:00,431.203791763,431.48954643,430.573160775,431.174230936,1962544.0
2024-02-26 12:00:00,431.184084545,432.159591855,431.11510928,431.85412997,2381580.0
2024-02-26 12:30:00,431.878763993,432.130031027,431.238279395,431.960647485,1740160.0
2024-02-26 13:00:00,431.967446475,432.179299073,431.184084545,431.410717556,1689571.0
2024-02-26 13:30:00,431.420571165,431.824569142,430.622428821,430.736730687,1836504.0
2024-02-26 14:00:00,430.76037935,431.292474246,430.297259718,431.12496289,2030388.0
2024-02-26 14:30:00,431.11510928,431.6718382,430.898329878,431.517727752,1959074.0
2024-02-26 15:00:00,431.499400039,431.755593878,431.085548453,431.134816499,1253390.0
2024-02-26 15:30:00,431.144670108,431.60778974,430.918037097,431.105255671,1561261.0
2024-02-26 16:00:00,431.11510928,431.253059809,430.129748361,430.159309189,4048453.0
2024-02-27 10:00:00,431.262913418,431.47969282,429.430142109,430.573160775,4277664.0
2024-02-27 10:30:00,430.573160775,431.578228912,430.297259718,431.065841234,3073608.0
2024-02-27 11:00:00,431.075694844,431.459985602,430.346527764,431.134717963,2261225.0
2024-02-27 11:30:00,431.134816499,431.193938154,430.188870017,430.257845281,1666422.0
2024-02-27 12:00:00,430.238138062,430.962378338,430.001651442,430.839208223,1944867.0
2024-02-27 12:30:00,430.849061832,431.065841234,429.972090614,430.228284453,3293600.0
2024-02-27 13:00:00,430.238138062,430.445063855,428.967022477,429.120837316,1718857.0
2024-02-27 13:30:00,429.104973006,430.041065879,428.656633787,429.407971488,2048952.0
2024-02-27 14:00:00,429.4202885,430.14945558,429.311898799,430.110041143,1553415.0
2024-02-27 14:30:00,430.119894752,431.011646384,430.095260729,430.967206606,1767060.0
2024-02-27 15:00:00,430.967305143,431.52886233,430.918037097,431.459887066,2102363.0
2024-02-27 15:30:00,431.455058797,431.548668085,430.918037097,431.42549797,1718342.0
2024-02-27 16:00:00,431.430424774,431.48954643,430.858915441,431.193938154,4661594.0
2024-02-28 10:00:00,429.05570496,429.597653465,427.942247121,428.405366753,4254723.0
2024-02-28 10:30:00,428.395513144,429.04585135,428.011222386,428.5630245,2784430.0
2024-02-28 11:00:00,428.582731719,429.223216316,428.523610063,429.168036104,1773218.0
2024-02-28 11:30:00,429.17394827,430.110041143,429.17394827,429.942529787,1839805.0
2024-02-28 12:00:00,429.962237005,430.277552499,429.775018431,430.001651442,1269421.0
2024-02-28 12:30:00,430.011505051,430.080480315,429.114826615,429.233069925,1544711.0
2024-02-28 13:00:00,429.233168461,429.242923534,428.415220362,428.917754431,1900610.0
2024-02-28 13:30:00,428.898047213,429.469556546,428.356098707,429.400679817,1808009.0
2024-02-28 14:00:00,429.430142109,429.814432867,429.282337971,429.675201369,1604567.0
2024-02-28 14:30:00,429.666628729,429.78487204,428.612292546,428.730831465,2369527.0
2024-02-28 15:00:00,428.730535856,428.858731312,428.114685282,428.829071948,2348213.0
2024-02-28 15:30:00,428.838925557,429.17394827,428.425073972,429.10989981,1852247.0
2024-02-28 16:00:00,429.095119396,429.218289511,428.292050247,428.898047213,3798476.0
2024-02-29 10:00:00,431.814715533,432.839490889,431.568375303,432.356664038,5076403.0
2024-02-29 10:30:00,432.356664038,432.731101188,430.622428821,431.48954643,3524130.0
2024-02-29 11:00:00,431.499400039,431.962519671,430.804720591,431.17915774,2303667.0
2024-02-29 11:30:00,431.184084545,431.420571165,430.297259718,430.57454028,1779935.0
2024-02-29 12:00:00,430.582423168,430.76037935,428.651706983,430.691404085,3574515.0
2024-02-29 12:30:00,430.681550476,431.12496289,430.326820545,430.39579581,3628433.0
2024-02-29 13:00:00,430.3859422,431.627496958,430.366629126,431.548668085,2212220.0
2024-02-29 13:30:00,431.548668085,432.228567119,431.509253648,432.130031027,2150900.0
2024-02-29 14:00:00,432.139884636,432.248274337,431.593009326,431.957592866,1361006.0
2024-02-29 14:30:00,431.942812452,432.450273326,431.415644361,431.681691809,2183424.0
2024-02-29 15:00:00,431.696472223,431.952666062,431.233352591,431.952666062,1469297.0
2024-02-29 15:30:00,431.942812452,432.287688774,431.538814476,432.248274337,1524630.0
2024-02-29 16:00:00,432.238420728,433.647486842,432.110323809,432.573443441,7786245.0
2024-03-01 10:00:00,433.460268268,434.613140543,433.401146612,434.356946704,3784978.0
2024-03-01 10:30:00,434.376653922,435.825134473,434.061338428,435.430990106,4119639.0
2024-03-01 11:00:00,435.450697324,436.012353048,434.573726106,435.73645199,2723553.0
2024-03-01 11:30:00,435.726598381,436.918885093,435.657623117,436.623572426,2822992.0
2024-03-01 12:00:00,436.633130427,437.07654284,436.091181921,436.859763438,1869423.0
2024-03-01 12:30:00,436.859763438,437.628344955,436.445911852,437.490394426,1736812.0
2024-03-01 13:00:00,437.490394426,438.101318196,437.263761415,437.963367667,3028133.0
2024-03-01 13:30:00,437.973221277,438.791070839,437.854977966,438.751656403,8538011.0
2024-03-01 14:00:00,438.751656403,439.451262655,438.613705874,439.382287391,2244114.0
2024-03-01 14:30:00,439.382287391,439.973503942,439.303458517,439.934089505,2872830.0
2024-03-01 15:00:00,439.934089505,440.042479207,439.09160592,439.894675069,2809525.0
2024-03-01 15:30:00,439.894675069,439.894675069,438.810778058,439.362580172,2768264.0
2024-03-01 16:00:00,439.372433782,439.436482241,438.997996632,439.086679115,6784218.0
2024-03-04 10:00:00,439.086679115,439.204922425,438.081610978,438.29839038,4663107.0
2024-03-04 10:30:00,438.308243989,438.692534747,437.923953231,438.17029346,2453131.0
2024-03-04 11:00:00,438.17029346,439.185215207,438.091464587,438.924094563,2153034.0
2024-03-04 11:30:00,438.929021368,439.032484265,438.396926472,438.505316173,1383056.0
2024-03-04 12:00:00,438.505316173,438.860341712,437.963367667,438.791070839,1566153.0
2024-03-04 12:30:00,438.761510012,438.997996632,438.327951207,438.993069828,1371997.0
2024-03-04 13:00:00,438.988143023,439.066971897,438.258975943,438.486889924,1845902.0
2024-03-04 13:30:00,438.490535759,438.682779674,437.697320219,438.052247222,1627859.0
2024-03-04 14:00:00,438.061903759,438.564437828,438.022489323,438.465901736,1237390.0
2024-03-04 14:30:00,438.456048127,438.692534747,438.150586242,438.41663369,1637834.0
2024-03-04 15:00:00,438.41663369,439.480823483,438.36243884,439.165507989,3121232.0
2024-03-04 15:30:00,439.165507989,439.51038431,438.811763419,438.89946054,2595252.0
2024-03-04 16:00:00,438.89946054,439.106386333,437.273615024,437.519955254,6426788.0
2024-03-05 10:00:00,434.485043623,434.494897233,431.893544406,432.297542383,7565926.0
2024-03-05 10:30:00,432.317249602,433.322317739,430.179016407,430.405649419,5516525.0
2024-03-05 11:00:00,430.39579581,430.39579581,429.164094661,429.873554522,5263200.0
2024-03-05 11:30:00,429.90311535,430.51403912,429.262630753,430.238138062,3408135.0
2024-03-05 12:00:00,430.228284453,430.3859422,429.105268614,429.853847304,3684891.0
2024-03-05 12:30:00,429.822315755,430.718994191,429.809604599,430.69633089,2374604.0
2024-03-05 13:00:00,430.716038108,430.789940177,429.883408132,430.183943212,1842031.0
2024-03-05 13:30:00,430.188870017,430.218430844,429.154241052,429.479410155,1775535.0
2024-03-05 14:00:00,429.449849327,429.81334897,428.356098707,428.434927581,2911299.0
2024-03-05 14:30:00,428.425073972,429.193655488,428.365952316,428.789756048,2500450.0
2024-03-05 15:00:00,428.789657512,428.858632776,427.646638846,427.902832684,2459382.0
2024-03-05 15:30:00,427.892979075,428.533463673,427.370737788,427.498834708,3923705.0
2024-03-05 16:00:00,427.498834708,429.770091626,427.301762524,429.666628729,8986028.0
2024-03-06 10:00:00,433.874119854,434.376653922,432.169445464,432.514321785,6590236.0
2024-03-06 10:30:00,432.514321785,432.563589831,430.494331901,431.785154705,3981590.0
2024-03-06 11:00:00,431.795008314,433.420853831,431.391010338,433.214026574,3541460.0
2024-03-06 11:30:00,433.204074429,433.952948727,433.199147624,433.686901279,2722390.0
2024-03-06 12:00:00,433.711535302,434.485043623,432.829637279,434.283044635,2335337.0
2024-03-06 12:30:00,434.28797144,435.293039577,434.258410612,435.056552956,2073703.0
2024-03-06 13:00:00,435.081186979,435.519672588,434.15987452,434.534311669,1765553.0
2024-03-06 13:30:00,434.534311669,435.214210703,434.243630198,434.997431301,1397161.0
2024-03-06 14:00:00,435.01713852,435.095967393,432.110323809,433.253342475,4797007.0
2024-03-06 14:30:00,433.223781647,433.406073417,431.519107257,433.263196084,3316564.0
2024-03-06 15:00:00,433.282903302,433.55880436,431.430424774,432.051202153,2428570.0
2024-03-06 15:30:00,432.041348544,432.553736222,431.203791763,431.804861924,2566383.0
2024-03-06 16:00:00,431.84427636,432.878905325,430.99686597,432.366517648,5274804.0
2024-03-07 10:00:00,435.943377783,436.938592312,434.40621475,436.170010795,5268817.0
2024-03-07 10:30:00,436.179864404,437.273615024,435.766012818,437.253907806,3598710.0
2024-03-07 11:00:00,437.263761415,438.308243989,436.800641783,437.549516081,3373352.0
2024-03-07 11:30:00,437.554442886,438.573503148,437.342590288,438.41663369,2243322.0
2024-03-07 12:00:00,438.41663369,438.879753322,437.776149093,438.78121723,1999751.0
2024-03-07 12:30:00,438.771363621,439.421701828,438.533793103,438.919167759,2583069.0
2024-03-07 13:00:00,438.919167759,439.140873966,438.401853276,438.963509,1899087.0
2024-03-07 13:30:00,438.958582196,439.392141,438.534877,439.392141,1530827.0
2024-03-07 14:00:00,439.401994609,440.180429735,439.234483253,440.012918379,2350753.0
2024-03-07 14:30:00,440.022771988,440.12130808,439.520237919,439.717310103,1866643.0
2024-03-07 15:00:00,439.711397938,440.081893643,439.27389769,439.382287391,1669942.0
2024-03-07 15:30:00,439.382287391,439.387214195,438.465901736,438.830485276,2675366.0
2024-03-07 16:00:00,438.830485276,439.712383299,438.78121723,438.929021368,7997355.0
2024-03-08 10:00:00,439.283751299,440.96014583,438.554584219,440.909596815,5179658.0
2024-03-08 10:30:00,440.919450424,442.032908263,440.751939068,441.904712807,3576634.0
2024-03-08 11:00:00,441.924518562,442.0723227,439.889748264,440.73223185,4064546.0
2024-03-08 11:30:00,440.692817413,440.85047516,436.219278841,436.377921949,8890429.0
2024-03-08 12:00:00,436.376936588,437.145518105,435.194503485,435.834988082,7100784.0
2024-03-08 12:30:00,435.825134473,436.7119593,434.701823026,436.140449967,4643141.0
2024-03-08 13:00:00,436.189718013,436.382750217,432.888758935,433.194220819,4192460.0
2024-03-08 13:30:00,433.154806383,434.179581738,432.671979532,433.046416682,4764003.0
2024-03-08 14:00:00,432.957734199,433.332171348,431.923105234,432.726174383,3539182.0
2024-03-08 14:30:00,432.750808406,434.682115807,432.607931073,434.403652811,3457412.0
2024-03-08 15:00:00,434.406116214,435.834988082,434.396361141,435.061479761,3516443.0
2024-03-08 15:30:00,435.056552956,435.667476726,432.721247578,432.839490889,4878869.0
2024-03-08 16:00:00,432.854271302,433.814998198,432.553736222,432.593150659,9658186.0
2024-03-11 10:00:00,431.105255671,431.716179441,429.282337971,429.311898799,6823728.0
2024-03-11 10:30:00,429.311898799,430.316966936,429.065558569,430.001651442,3917610.0
2024-03-11 11:00:00,430.011505051,432.2088599,429.942529787,431.716179441,3720728.0
2024-03-11 11:30:00,431.686618613,432.100470199,429.972090614,430.031212269,3102226.0
2024-03-11 12:00:00,430.041065879,431.765447487,429.735603994,431.647204177,2428563.0
2024-03-11 12:30:00,431.637350567,431.675681107,430.405649419,431.046134016,2171060.0
2024-03-11 13:00:00,431.075694844,431.637350567,430.829354614,431.430424774,1758843.0
2024-03-11 13:30:00,431.440278384,431.706325832,430.39579581,431.499400039,2026092.0
2024-03-11 14:00:00,431.469839211,431.85412997,430.257845281,431.055987625,2472270.0
2024-03-11 14:30:00,431.065841234,431.588082522,430.691404085,431.504326843,1531119.0
2024-03-11 15:00:00,431.519107257,432.238420728,430.977158752,431.696472223,3080026.0
2024-03-11 15:30:00,431.686618613,431.696472223,430.543599947,430.671696867,2627037.0
2024-03-11 16:00:00,430.671696867,431.450131993,430.405649419,430.987012361,6035382.0
2024-03-12 10:00:00,433.292756911,433.952948727,430.070626706,432.903539348,6824862.0
2024-03-12 10:30:00,432.88383213,434.593433324,432.445346521,434.534311669,4993568.0
2024-03-12 11:00:00,434.544165279,436.465619071,434.544165279,435.844841692,5308248.0
2024-03-12 11:30:00,435.884256128,436.7119593,435.342307623,436.662691254,2494450.0
2024-03-12 12:00:00,436.682398473,436.704174949,435.125528221,435.86454891,2590310.0
2024-03-12 12:30:00,435.874402519,435.972938611,434.780651899,435.017237056,2166233.0
2024-03-12 13:00:00,435.022065324,435.13538183,433.627779624,434.356946704,3480146.0
2024-03-12 13:30:00,434.366800313,435.490111761,433.627779624,434.997431301,3606361.0
2024-03-12 14:00:00,434.990041094,435.628062289,434.918996572,435.431088642,3139282.0
2024-03-12 14:30:00,435.440843715,436.450838657,435.312746795,436.41950418,2608057.0
2024-03-12 15:00:00,436.42226319,436.978006748,435.588647853,436.672544864,2811817.0
2024-03-12 15:30:00,436.672544864,437.095264698,436.219278841,437.007567576,3589833.0
2024-03-12 16:00:00,437.017421185,437.519955254,436.7119593,437.165225323,7545561.0
2024-03-13 10:00:00,436.170010795,436.189718013,433.987436359,434.06330915,4979356.0
2024-03-13 10:30:00,434.071192037,434.544165279,433.223781647,434.150020911,3179356.0
2024-03-13 11:00:00,434.140167302,435.133411108,433.489829095,433.9233879,3076739.0
2024-03-13 11:30:00,433.9233879,434.672262198,433.519389923,433.627779624,1767165.0
2024-03-13 12:00:00,433.627779624,434.051484819,432.691686751,433.943095118,3021234.0
2024-03-13 12:30:00,433.943095118,434.268264221,433.627779624,433.903680681,2040249.0
2024-03-13 13:00:00,433.91353429,434.52445806,433.54895075,434.297825049,1339095.0
2024-03-13 13:30:00,434.307678658,435.263478749,434.297825049,435.076260175,2314952.0
2024-03-13 14:00:00,435.086113784,435.37186845,434.583579715,435.115674612,1762292.0
2024-03-13 14:30:00,435.125528221,435.283185968,434.622994152,435.00728491,1279886.0
2024-03-13 15:00:00,435.026992129,435.49996537,434.849627163,434.933382842,1644905.0
2024-03-13 15:30:00,434.918602428,435.155089048,432.790222843,433.381439394,2861256.0
2024-03-13 16:00:00,433.381439394,434.278019294,433.213928038,433.805144589,6530736.0
2024-03-14 10:00:00,435.036845738,435.559087025,431.60778974,431.873837188,6593628.0
2024-03-14 10:30:00,431.824569142,433.686901279,430.987012361,433.61299921,4367220.0
2024-03-14 11:00:00,433.588365187,434.27811783,432.721247578,433.273049693,3828194.0
2024-03-14 11:30:00,433.322317739,434.169728129,432.450273326,432.770515624,3258638.0
2024-03-14 12:00:00,432.800076452,433.499682704,432.425639303,433.332171348,1910920.0
2024-03-14 12:30:00,433.332171348,433.598218796,431.923105234,432.809930061,2461368.0
2024-03-14 13:00:00,432.795445256,433.381439394,432.061055763,432.149836781,2179027.0
2024-03-14 13:30:00,432.179299073,432.277835165,431.174230936,431.72603305,2858139.0
2024-03-14 14:00:00,431.72603305,433.154806383,431.410717556,433.105538337,1975641.0
2024-03-14 14:30:00,433.125245555,433.992363164,433.115391946,433.263196084,2646760.0
2024-03-14 15:00:00,433.253342475,433.509536314,432.100470199,432.130031027,3771285.0
2024-03-14 15:30:00,432.130031027,432.130031027,430.257845281,430.730818522,4773088.0
2024-03-14 16:00:00,430.740672131,432.790222843,430.001651442,432.711393969,8396227.0
2024-03-15 10:00:00,429.686335948,430.3859422,427.863418248,428.503902845,9020633.0
2024-03-15 10:30:00,428.464488408,429.242923534,426.956886202,428.750243075,5328426.0
2024-03-15 11:00:00,428.769950293,430.297259718,428.484195627,429.17394827,7671391.0
2024-03-15 11:30:00,429.203509098,429.302045189,428.149172914,428.671414201,3352288.0
2024-03-15 12:00:00,428.671414201,428.848779167,427.410152225,427.750101742,5407493.0
2024-03-15 12:30:00,427.745174937,428.030929604,426.779521237,427.213080041,3336945.0
2024-03-15 13:00:00,427.203226432,427.853564638,426.406759201,426.513473789,3536305.0
2024-03-15 13:30:00,426.513473789,427.932393512,426.464205743,427.444639857,2347785.0
2024-03-15 14:00:00,427.449566662,428.247709006,427.134251168,428.159026523,3158834.0
2024-03-15 14:30:00,428.168880133,428.395513144,427.252494478,427.577663581,3356661.0
2024-03-15 15:00:00,427.567809972,428.622146155,427.528395535,428.208294569,3167557.0
2024-03-15 15:30:00,428.19844096,428.720682247,427.646638846,428.31668427,3012266.0
2024-03-15 16:00:00,428.316585734,428.434927581,427.218006846,427.567809972,12220186.0
2024-03-18 10:00:00,432.879470956,434.704800934,432.72160458,432.968270793,7914494.0
2024-03-18 10:30:00,432.978137441,435.158666767,432.928804199,434.941699165,5007088.0
2024-03-18 11:00:00,434.951467147,435.129066821,434.320198975,434.606134449,3633240.0
2024-03-18 11:30:00,434.625867746,434.793600771,433.234670303,433.747736027,2821630.0
2024-03-18 12:00:00,433.747736027,433.767469324,432.731471228,433.165603764,3584491.0
2024-03-18 12:30:00,433.165603764,433.619469596,432.5834715,433.086670575,2125918.0
2024-03-18 13:00:00,433.096537224,433.333336789,432.006272561,432.080272425,2501330.0
2024-03-18 13:30:00,432.090139074,433.017604036,431.774406321,432.98800409,1887631.0
2024-03-18 14:00:00,433.037337333,433.096537224,432.001339237,432.65253804,2002652.0
2024-03-18 14:30:00,432.662404689,433.551685721,432.504538312,433.530669759,1660242.0
2024-03-18 15:00:00,433.530669759,433.560269705,432.238138802,432.780804471,1520382.0
2024-03-18 15:30:00,432.800537768,433.234670303,432.569362193,432.830137714,2615093.0
2024-03-18 16:00:00,432.840004362,433.106403872,431.409340325,431.64613989,5591910.0
2024-03-19 10:00:00,429.643210238,429.880009803,427.55148075,428.449345766,6068517.0
2024-03-19 10:30:00,428.429612469,429.317610837,427.926413394,428.094146419,3038861.0
2024-03-19 11:00:00,428.084279771,429.761610021,427.896813449,429.051211327,2813468.0
2024-03-19 11:30:00,429.070944624,429.653076887,428.774945168,429.389144039,1919062.0
2024-03-19 12:00:00,429.416277322,430.314142338,429.416277322,430.052676152,2211946.0
2024-03-19 12:30:00,430.047742828,431.093607572,429.781343318,430.945607844,3489046.0
2024-03-19 13:00:00,430.965341141,432.65253804,430.965341141,432.059848463,3340917.0
2024-03-19 13:30:00,432.070405777,433.037337333,431.794139618,432.228272153,2364576.0
2024-03-19 14:00:00,432.24800545,432.889337605,432.129605668,432.544004906,1622773.0
2024-03-19 14:30:00,432.553871555,433.026385353,432.021072534,432.642375392,1950831.0
2024-03-19 15:00:00,432.65253804,433.126137169,432.326938639,432.573604852,2110975.0
2024-03-19 15:30:00,432.553871555,432.790671119,431.409340325,431.784272969,2357708.0
2024-03-19 16:00:00,431.774406321,433.027470684,431.651073214,432.72160458,6607769.0
2024-03-20 10:00:00,433.915469052,434.290401696,432.218405505,432.542031576,3723942.0
2024-03-20 10:30:00,432.563738203,433.619469596,432.366405233,433.441869922,1944552.0
2024-03-20 11:00:00,433.432003274,433.58986965,432.322005314,432.622938094,1346480.0
2024-03-20 11:30:00,432.61800477,433.353070086,432.517364955,433.175470412,1236187.0
2024-03-20 12:00:00,433.155737115,433.39253668,432.450271745,433.037337333,1076462.0
2024-03-20 12:30:00,433.007737387,433.195203709,432.415738475,433.017604036,1919922.0
2024-03-20 13:00:00,433.027470684,433.284003546,432.504538312,433.284003546,1096336.0
2024-03-20 13:30:00,433.293870194,433.313603492,432.435471772,432.61800477,1113011.0
2024-03-20 14:00:00,432.603204797,432.93748685,432.238138802,432.899204253,1412699.0
2024-03-20 14:30:00,432.889337605,435.967731946,432.889337605,435.188266712,5506587.0
2024-03-20 15:00:00,435.198133361,437.131996473,433.175470412,436.313064645,7063799.0
2024-03-20 15:30:00,436.313064645,438.029861489,436.184798214,437.921328355,4762597.0
2024-03-20 16:00:00,437.911461706,438.187727865,436.796530423,437.852261815,6949984.0
2024-03-21 10:00:00,442.894119214,443.328251749,441.414121935,441.94455296,5899479.0
2024-03-21 10:30:00,441.927187658,442.879319241,441.542388366,442.233053763,2711894.0
2024-03-21 11:00:00,442.233053763,442.469853327,441.325322098,441.877854416,3352331.0
2024-03-21 11:30:00,441.867987767,442.361320194,441.256255558,442.173853871,1824926.0
2024-03-21 12:00:00,442.18372052,443.219718616,442.035720792,442.765852783,2144755.0
2024-03-21 12:30:00,442.765852783,443.347985047,442.599303756,443.25918521,1710536.0
2024-03-21 13:00:00,443.25918521,443.347985047,442.667186298,442.933585808,2785225.0
2024-03-21 13:30:00,442.92371916,442.943452457,442.173853871,442.331720248,1297078.0
2024-03-21 14:00:00,442.282387005,442.331720248,441.10825583,441.280922179,2221644.0
2024-03-21 14:30:00,441.236522261,441.364788692,440.457057027,441.231588937,2077471.0
2024-03-21 15:00:00,441.226655613,441.226655613,439.726925036,440.198649502,2478534.0
2024-03-21 15:30:00,440.200524165,440.782656429,439.855191467,440.516256918,2624009.0
2024-03-21 16:00:00,440.516256918,440.871456265,439.726925036,439.924258007,5566211.0
2024-03-22 10:00:00,439.411192283,439.638125199,438.562660509,439.263192555,3340172.0
2024-03-22 10:30:00,439.263192555,440.091991032,438.799460074,439.327325771,2131039.0
2024-03-22 11:00:00,439.351992392,439.440792229,438.631727049,438.848793317,1220136.0
2024-03-22 11:30:00,438.819193371,439.914391358,438.789593426,439.815724873,1399362.0
2024-03-22 12:00:00,439.825591521,440.015919171,439.421058932,439.943991304,1679895.0
2024-03-22 12:30:00,439.963724601,440.161057571,439.332259095,439.824999522,1108434.0
2024-03-22 13:00:00,439.855191467,440.486656973,439.23359261,440.457057027,1548337.0
2024-03-22 13:30:00,440.447190379,441.118122479,440.39775847,440.871357599,1407968.0
2024-03-22 14:00:00,440.871456265,441.522655068,440.674123295,441.433361899,1855722.0
2024-03-22 14:30:00,441.423988583,441.493055123,440.442257054,441.128383793,1730337.0
2024-03-22 15:00:00,441.149103755,441.192122343,440.498990283,440.782656429,1318839.0
2024-03-22 15:30:00,440.778709769,440.812256374,439.657858496,440.23999076,2034243.0
2024-03-22 16:00:00,440.230124111,441.029322642,439.973591249,440.427457082,4571175.0
2024-03-25 10:00:00,437.635195548,438.345594242,436.638664046,438.148261271,4320144.0
2024-03-25 10:30:00,438.128527974,439.618391902,437.862128464,438.937593154,2587991.0
2024-03-25 11:00:00,438.937593154,439.312525798,438.611993752,439.154659421,1890566.0
2024-03-25 11:30:00,439.154659421,439.618391902,438.996793045,439.297232493,1673909.0
2024-03-25 12:00:00,439.322392446,439.884791412,439.055992936,439.524658741,1712905.0
2024-03-25 12:30:00,439.519725417,439.539458714,438.907993208,439.21336598,1134329.0
2024-03-25 13:00:00,439.213859312,439.549325362,438.888259911,439.312525798,977481.0
2024-03-25 13:30:00,439.342125743,439.736791685,438.996793045,439.662791821,1057982.0
2024-03-25 14:00:00,439.677591793,439.973591249,439.519725417,439.865058115,1183327.0
2024-03-25 14:30:00,439.865058115,440.230124111,439.761458306,440.022924492,1414255.0
2024-03-25 15:00:00,440.022924492,440.309057299,439.756524982,440.200524165,1121453.0
2024-03-25 15:30:00,440.215324138,440.259724057,439.23359261,439.371725689,2074563.0
2024-03-25 16:00:00,439.36185904,439.911727363,438.769860129,438.82906002,4979311.0
2024-03-26 10:00:00,440.348523893,440.950389454,439.90452471,440.817189699,3382949.0
2024-03-26 10:30:00,440.817189699,441.261188882,439.845324818,440.003191195,3177718.0
2024-03-26 11:00:00,440.022924492,440.23999076,439.490125471,440.17092422,2561952.0
2024-03-26 11:30:00,440.200524165,440.575555476,439.884791412,440.309057299,1393899.0
2024-03-26 12:00:00,440.309057299,440.634656701,439.983457898,440.585323458,1426058.0
2024-03-26 12:30:00,440.595190107,440.792523077,439.795991576,440.111625662,1361657.0
2024-03-26 13:00:00,440.113697658,440.180790868,439.529592065,439.707191739,1095923.0
2024-03-26 13:30:00,439.69732509,439.973591249,439.401325635,439.850258143,1162738.0
2024-03-26 14:00:00,439.855191467,440.042657789,439.43092558,439.598559939,1094334.0
2024-03-26 14:30:00,439.578925308,440.136094951,439.56905866,440.082124383,1025636.0
2024-03-26 15:00:00,440.072257735,440.17092422,439.56905866,439.963724601,1348416.0
2024-03-26 15:30:00,439.973591249,439.983457898,438.695860265,438.947459802,1994365.0
2024-03-26 16:00:00,438.947459802,438.977059748,437.181329715,437.408262631,9396479.0
2024-03-27 10:00:00,440.486656973,440.585323458,437.605200936,437.705248752,4866174.0
2024-03-27 10:30:00,437.694395439,437.881861761,436.036798486,436.865596962,4484672.0
2024-03-27 11:00:00,436.895196908,437.556262359,436.589330803,436.993863393,2755215.0
2024-03-27 11:30:00,436.993863393,437.230662958,436.530130912,436.549765543,1575021.0
2024-03-27 12:00:00,436.569597506,437.161596418,436.303197996,436.426531103,2506901.0
2024-03-27 12:30:00,436.421597778,437.427995929,436.332797942,437.363862713,1652371.0
2024-03-27 13:00:00,437.368796037,437.773328627,437.279996201,437.477329171,1380052.0
2024-03-27 13:30:00,437.48719582,437.615462251,436.67813064,437.145809781,1724235.0
2024-03-27 14:00:00,437.181329715,437.408262631,437.023463339,437.201063012,1112319.0
2024-03-27 14:30:00,437.201063012,437.940666986,436.855532981,437.783195276,1916336.0
2024-03-27 15:00:00,437.802928573,437.901595058,436.796530423,436.954396799,1891246.0
2024-03-27 15:30:00,436.944530151,437.477329171,436.372264536,437.289862849,3023159.0
2024-03-27 16:00:00,437.299729498,439.046126287,437.102396527,438.898126559,8046376.0
2024-03-28 10:00:00,438.848793317,439.667725145,437.842395167,439.105227512,3406873.0
2024-03-28 10:30:00,439.105326179,439.69732509,438.217327811,438.539572552,2988428.0
2024-03-28 11:00:00,438.552793861,439.16452607,438.404794133,438.888259911,2052087.0
2024-03-28 11:30:00,438.888259911,439.115192827,438.463994024,438.967193099,3002490.0
2024-03-28 12:00:00,438.966009101,439.144792773,438.42452743,439.065859585,1689270.0
2024-03-28 12:30:00,439.076712898,439.09545953,438.079194732,438.572527158,1745357.0
2024-03-28 13:00:00,438.572527158,438.592556455,438.177861217,438.394927484,1637716.0
2024-03-28 13:30:00,438.394927484,438.454127376,437.814077885,438.05847477,1331543.0
2024-03-28 14:00:00,438.049594786,438.454127376,437.896661734,438.177861217,1297160.0
2024-03-28 14:30:00,438.197594514,438.444260727,437.733862033,438.315994296,1769304.0
2024-03-28 15:00:00,438.315994296,439.09545953,437.773328627,438.927726505,2020275.0
2024-03-28 15:30:00,438.942526478,439.213859312,438.345594242,438.957425117,2746992.0
2024-03-28 16:00:00,438.957326451,439.144792773,437.901595058,438.08906138,7868007.0
2024-04-01 10:00:00,439.036259639,441.562121663,438.621860401,441.078655885,5656715.0
2024-04-01 10:30:00,441.068789236,441.502329772,439.411192283,439.874826097,4110782.0
2024-04-01 11:00:00,439.884791412,440.052524438,438.311060972,438.700793589,3654315.0
2024-04-01 11:30:00,438.69092694,438.838926668,437.358929389,438.42452743,3718249.0
2024-04-01 12:00:00,438.434394079,438.562660509,437.270129552,437.348076075,2454677.0
2024-04-01 12:30:00,437.358929389,438.621860401,437.112263176,438.523292582,2215558.0
2024-04-01 13:00:00,438.552793861,438.907993208,438.335924926,438.38999416,1867605.0
2024-04-01 13:30:00,438.38999416,438.473860673,437.368796037,437.970661598,1802798.0
2024-04-01 14:00:00,437.970661598,438.315994296,437.802928573,438.276527702,1313553.0
2024-04-01 14:30:00,438.261727729,438.631727049,437.960794949,438.429460754,1244870.0
2024-04-01 15:00:00,438.414660782,438.699806924,438.227194459,438.385060836,1250835.0
2024-04-01 15:30:00,438.375194187,438.809326723,438.098928029,438.385060836,1563442.0
2024-04-01 16:00:00,438.394927484,439.450658877,438.128527974,439.016526342,5778022.0
2024-04-02 10:00:00,434.211468508,434.320001642,432.701871283,433.471469868,7156252.0
2024-04-02 10:30:00,433.461603219,433.9253357,432.188805559,433.05707063,5392264.0
2024-04-02 11:00:00,433.062003954,433.362936734,432.336805287,432.539170248,3302081.0
2024-04-02 11:30:00,432.544004906,433.856269161,432.455205069,433.757504009,2919055.0
2024-04-02 12:00:00,433.747736027,434.152268617,432.840004362,432.928804199,2670363.0
2024-04-02 12:30:00,432.91893755,433.432003274,432.889337605,433.422037959,1454220.0
2024-04-02 13:00:00,433.412269977,434.280535047,433.353070086,434.26080175,1734036.0
2024-04-02 13:30:00,434.280535047,434.497601315,433.861202485,434.023903519,2085323.0
2024-04-02 14:00:00,434.024002186,434.32986829,433.772402648,433.950100988,1549926.0
2024-04-02 14:30:00,433.954935646,434.408801478,433.905602403,434.073335428,1340585.0
2024-04-02 15:00:00,434.083202077,434.320001642,433.72800273,433.974668943,1220071.0
2024-04-02 15:30:00,433.964802294,434.81215007,433.9253357,434.635734395,2902813.0
2024-04-02 16:00:00,434.66533434,435.543466059,434.527201261,435.227733306,7601268.0
2024-04-03 10:00:00,433.106403872,434.157201941,433.096537224,433.836535864,3663943.0
2024-04-03 10:30:00,433.885869106,437.319462795,433.856269161,437.092628545,4850734.0
2024-04-03 11:00:00,437.102396527,437.669728818,436.934663502,437.566129008,3498427.0
2024-04-03 11:30:00,437.575995656,438.039728137,437.497062468,437.862128464,2816642.0
2024-04-03 12:00:00,437.871995112,438.079194732,436.845863665,436.964263448,2193707.0
2024-04-03 12:30:00,436.974130096,437.516795765,436.34266459,437.501995792,2775515.0
2024-04-03 13:00:00,437.497062468,437.793061924,436.194664862,437.15172977,3478260.0
2024-04-03 13:30:00,437.161596418,437.467462523,437.033329987,437.388529334,1577233.0
2024-04-03 14:00:00,437.408262631,437.605595602,437.053063284,437.260262904,954750.0
2024-04-03 14:30:00,437.269044221,437.615363584,437.023463339,437.062929933,1278194.0
2024-04-03 15:00:00,437.056023279,437.482262495,436.67813064,436.81626372,1538287.0
2024-04-03 15:30:00,436.806397071,436.826130368,434.586401152,435.296799846,3351991.0
2024-04-03 16:00:00,435.306666495,436.34266459,434.892267256,436.204531511,6161622.0
2024-04-04 10:00:00,440.378123839,440.989856048,439.549917361,439.825591521,5566408.0
2024-04-04 10:30:00,439.825591521,440.131457626,439.09545953,439.638125199,2359833.0
2024-04-04 11:00:00,439.638125199,439.722978377,439.134926124,439.450658877,1921415.0
2024-04-04 11:30:00,439.450658877,439.647991848,438.977059748,439.490125471,1402777.0
2024-04-04 12:00:00,439.490125471,440.249857408,439.401325635,440.249857408,1382424.0
2024-04-04 12:30:00,440.249857408,440.930656157,440.165990896,440.674123295,2379699.0
2024-04-04 13:00:00,440.68408861,440.969136086,440.555723513,440.748123159,1381261.0
2024-04-04 13:30:00,440.733323186,440.777723104,440.36825719,440.397857136,1456670.0
2024-04-04 14:00:00,440.387990488,440.466923676,439.134926124,439.371725689,2469377.0
2024-04-04 14:30:00,439.381592337,439.381592337,435.37079971,435.553332708,6155471.0
2024-04-04 15:00:00,435.533599411,435.533599411,432.593338149,433.027470684,7595282.0
2024-04-04 15:30:00,432.98800409,432.98800409,430.185875908,430.23520915,7843756.0
2024-04-04 16:00:00,430.245075799,430.994941087,429.307744188,429.534677105,12257075.0
2024-04-05 10:00:00,430.955474493,433.145870467,430.146409313,432.622938094,6048434.0
2024-04-05 10:30:00,432.622938094,433.688536136,431.873072806,432.514404961,3881200.0
2024-04-05 11:00:00,432.534138258,435.069768263,432.277605396,435.030499002,3223143.0
2024-04-05 11:30:00,435.040266984,435.326399792,433.205070358,434.368644219,3988706.0
2024-04-05 12:00:00,434.369334884,436.313064645,434.13253532,436.066398431,3251825.0
2024-04-05 12:30:00,436.07626508,436.530130912,435.938132,436.046665134,3432116.0
2024-04-05 13:00:00,436.056531783,437.230662958,435.553332708,437.102495194,2846562.0
2024-04-05 13:30:00,437.102396527,437.260262904,435.721065733,436.322931293,2654441.0
2024-04-05 14:00:00,436.332797942,436.737330531,434.250935102,434.497601315,3258140.0
2024-04-05 14:30:00,434.507467964,435.730932381,433.58986965,434.241068453,3348978.0
2024-04-05 15:00:00,434.359468236,435.198133361,433.678669487,434.231201805,2933358.0
2024-04-05 15:30:00,434.241068453,434.744267528,434.024002186,434.46800137,2818425.0
2024-04-05 16:00:00,434.46800137,435.494132817,434.349601587,434.5962678,8138378.0
2024-04-08 10:00:00,435.523732762,435.711199084,433.343203437,434.882400608,3587892.0
2024-04-08 10:30:00,434.862667311,435.80986557,434.280535047,435.790132273,2493385.0
2024-04-08 11:00:00,435.795065597,436.599197452,435.760630993,436.352432572,2170297.0
2024-04-08 11:30:00,436.352531239,436.530130912,435.434932925,435.681599139,1914116.0
2024-04-08 12:00:00,435.651999193,435.651999193,434.339734939,434.868981966,1699467.0
2024-04-08 12:30:00,434.892267256,434.892267256,433.718136081,434.408801478,2023417.0
2024-04-08 13:00:00,434.408801478,435.237599955,434.290500362,435.208000009,1189103.0
2024-04-08 13:30:00,435.208000009,435.257333252,434.576534503,435.109333524,1364665.0
2024-04-08 14:00:00,435.119200173,435.119200173,434.350193586,434.981067093,1069458.0
2024-04-08 14:30:00,435.020533687,435.395466331,434.842934014,435.123146832,1379933.0
2024-04-08 15:00:00,435.153338776,435.252399928,434.487734667,435.252399928,849551.0
2024-04-08 15:30:00,435.257333252,435.33626644,434.625867746,435.178400064,1422218.0
2024-04-08 16:00:00,435.178400064,435.563199356,434.46800137,434.724534231,5188023.0
2024-04-09 10:00:00,437.053063284,437.329329443,435.721065733,435.888798758,4201768.0
2024-04-09 10:30:00,435.888798758,436.540194894,434.201601859,434.46800137,2664966.0
2024-04-09 11:00:00,434.487734667,434.507467964,431.606673296,432.948537496,5938528.0
2024-04-09 11:30:00,432.928804199,433.856269161,432.642671391,433.131070494,2726346.0
2024-04-09 12:00:00,433.126137169,434.300268345,432.733839224,433.984535592,2015424.0
2024-04-09 12:30:00,433.964802294,434.93173385,433.846402512,434.507467964,1849528.0
2024-04-09 13:00:00,434.527201261,434.971200445,433.874621127,434.024002186,1520348.0
2024-04-09 13:30:00,434.033868834,434.802283422,433.767469324,434.349601587,1651774.0
2024-04-09 14:00:00,434.339734939,434.764000825,433.806935918,433.836535864,1532739.0
2024-04-09 14:30:00,433.826669215,434.507467964,433.432003274,433.9253357,1705930.0
2024-04-09 15:00:00,433.945068997,434.112703356,433.491203165,433.737869378,1909337.0
2024-04-09 15:30:00,433.72800273,435.612532599,432.879569623,435.543466059,2523780.0
2024-04-09 16:00:00,435.513866114,436.431464427,434.645601043,436.332797942,6891488.0
2024-04-10 10:00:00,431.172540761,432.820271065,430.462142066,432.139472316,10215571.0
2024-04-10 10:30:00,432.159205614,432.810404416,431.399473677,432.060539128,6076265.0
2024-04-10 11:00:00,432.109872371,433.382670031,431.093607572,431.636273241,5142676.0
2024-04-10 11:30:00,431.656006538,432.178938911,430.945607844,432.178938911,3312061.0
2024-04-10 12:00:00,432.178642911,432.218405505,430.856808008,431.320540488,1846796.0
2024-04-10 12:30:00,431.31067384,431.853339509,430.896274602,431.468540216,1473198.0
2024-04-10 13:00:00,431.478406865,432.65253804,431.369873731,432.425605124,2105716.0
2024-04-10 13:30:00,432.435471772,433.185337061,430.629875091,432.021072534,4119531.0
2024-04-10 14:00:00,431.971739291,432.800537768,430.5706752,431.817030242,4102994.0
2024-04-10 14:30:00,431.813872915,432.544004906,431.113340869,431.251473949,3904790.0
2024-04-10 15:00:00,431.271207246,432.307205341,430.846941359,430.935741196,2543189.0
2024-04-10 15:30:00,430.935741196,433.076803927,430.698941631,432.198672208,3647554.0
2024-04-10 16:00:00,432.198672208,433.205070358,431.458673568,432.524271609,7309321.0
2024-04-11 10:00:00,434.389068181,434.606134449,433.402403328,434.300268345,4692696.0
2024-04-11 10:30:00,434.300268345,434.369334884,432.119739019,433.05707063,3427092.0
2024-04-11 11:00:00,433.086670575,434.369334884,432.909070902,433.708269433,2743797.0
2024-04-11 11:30:00,433.737869378,434.684080972,433.698402784,433.930269025,1963804.0
2024-04-11 12:00:00,433.945068997,435.721065733,433.846402512,435.60266595,2203936.0
2024-04-11 12:30:00,435.612532599,435.80986557,435.030400336,435.060000281,1846356.0
2024-04-11 13:00:00,435.06986693,435.750665678,434.912000553,435.360933061,1340403.0
2024-04-11 13:30:00,435.40533298,438.118661326,434.990933742,437.82266187,4468908.0
2024-04-11 14:00:00,437.832528518,438.562660509,437.388529334,438.394927484,3755873.0
2024-04-11 14:30:00,438.404794133,439.894658061,438.315994296,439.83545817,3118286.0
2024-04-11 15:00:00,439.83545817,440.190657517,439.351992392,439.391458986,3216622.0
2024-04-11 15:30:00,439.401325635,440.106791004,439.401325635,439.958791276,2152746.0
2024-04-11 16:00:00,439.963724601,440.378123839,439.43092558,439.43092558,6882988.0
2024-04-12 10:00:00,435.217866658,436.34266459,434.862667311,436.263731402,5453819.0
2024-04-12 10:30:00,436.263731402,436.332797942,434.369334884,434.714667583,3863810.0
2024-04-12 11:00:00,434.714667583,435.040266984,432.811391081,432.923870875,4722088.0
2024-04-12 11:30:00,432.938670847,434.487734667,432.830137714,434.46800137,3131139.0
2024-04-12 12:00:00,434.507467964,435.129066821,434.181868562,434.290401696,2434889.0
2024-04-12 12:30:00,434.310134993,434.553446546,432.948537496,432.997870739,2075214.0
2024-04-12 13:00:00,433.007737387,433.155737115,431.700406457,431.962563308,4439615.0
2024-04-12 13:30:00,431.971739291,432.692004634,431.182407409,431.488174847,3005113.0
2024-04-12 14:00:00,431.473473541,432.790671119,431.133074166,432.039621833,2678290.0
2024-04-12 14:30:00,432.040805831,432.671778005,431.567206702,432.218405505,2012024.0
2024-04-12 15:00:00,432.208538856,432.257872099,431.320540488,431.369775065,2597012.0
2024-04-12 15:30:00,431.369873731,431.868139482,431.054140978,431.488273513,3840320.0
2024-04-12 16:00:00,431.498041496,432.859737659,431.37974038,432.425605124,9100379.0
2024-04-15 10:00:00,436.165064917,436.253864753,434.39893483,435.454666223,5294996.0
2024-04-15 10:30:00,435.454666223,435.947998649,432.741337877,433.649069542,4135706.0
2024-04-15 11:00:00,433.649069542,434.13253532,432.277605396,432.297338693,3482978.0
2024-04-15 11:30:00,432.287472044,432.899204253,431.98160594,432.859737659,3068201.0
2024-04-15 12:00:00,432.859737659,433.530669759,432.524271609,433.234670303,2086864.0
2024-04-15 12:30:00,433.234670303,433.619469596,431.221874003,431.458673568,2214406.0
2024-04-15 13:00:00,431.468540216,431.468540216,430.23520915,430.846941359,2263549.0
2024-04-15 13:30:00,430.827208062,431.369873731,426.920015244,427.018681729,5834604.0
2024-04-15 14:00:00,427.038415026,427.038415026,425.301884885,426.407048187,8173601.0
2024-04-15 14:30:00,426.426682818,426.456282763,425.193351751,425.676817529,4252420.0
2024-04-15 15:00:00,425.676817529,426.781882165,425.084818617,425.558417747,2959146.0
2024-04-15 15:30:00,425.548551098,425.696550826,424.473086409,424.877618998,4497679.0
2024-04-15 16:00:00,424.917085592,425.982683634,424.828285756,425.311751534,10108368.0
2024-04-16 10:00:00,425.153885157,426.168669959,424.048820522,425.844550554,5696337.0
2024-04-16 10:30:00,425.844550554,426.643749085,424.897352295,424.897352295,3399636.0
2024-04-16 11:00:00,424.887485647,425.499217856,424.334953329,424.996018781,3586448.0
2024-04-16 11:30:00,425.025618726,426.347749629,424.749352567,426.170149956,2734445.0
2024-04-16 12:00:00,426.170149956,426.762148868,425.509084504,425.666950881,2032065.0
2024-04-16 12:30:00,425.666950881,426.436549466,424.996018781,425.898817121,2007944.0
2024-04-16 13:00:00,425.864283851,426.61414914,425.701484151,426.189883253,1558279.0
2024-04-16 13:30:00,426.199749901,426.584549194,425.588017693,425.884017148,2170137.0
2024-04-16 14:00:00,425.903750445,426.337882981,423.969887334,425.617617638,5039551.0
2024-04-16 14:30:00,425.647217584,427.975746637,424.60135284,424.877618998,4542773.0
2024-04-16 15:00:00,424.877618998,427.117348215,424.838152404,427.107481566,3169794.0
2024-04-16 15:30:00,427.117348215,427.2160147,426.170149956,426.969348487,2316180.0
2024-04-16 16:00:00,426.929881893,426.939748541,425.242684994,425.351218128,6411231.0
2024-04-17 10:00:00,427.324547834,427.344281131,425.361084776,425.765617366,4562965.0
2024-04-17 10:30:00,425.814950609,425.844550554,423.802154309,424.79868581,4156663.0
2024-04-17 11:00:00,424.79868581,424.986152132,422.746422916,423.634421284,2844849.0
2024-04-17 11:30:00,423.644287932,424.788819162,422.815489456,422.815489456,3429331.0
2024-04-17 12:00:00,422.815489456,422.943755886,421.838789918,422.332023678,3119605.0
2024-04-17 12:30:00,422.332023678,422.401090217,420.556026942,420.782959858,4106332.0
2024-04-17 13:00:00,420.77309321,420.950692883,419.233896039,419.8357616,3877083.0
2024-04-17 13:30:00,419.885094842,421.572291741,419.717361817,421.542691795,4083580.0
2024-04-17 14:00:00,421.562425092,422.341890326,421.03949272,422.20365858,2770077.0
2024-04-17 14:30:00,422.203757247,422.243223841,421.069092666,421.473625256,2322728.0
2024-04-17 15:00:00,421.532825147,423.52588815,420.896426317,421.305892231,4541718.0
2024-04-17 15:30:00,421.296025582,421.296025582,420.047894543,420.188099619,2922523.0
2024-04-17 16:00:00,420.181094298,421.552558444,420.003494625,420.161361001,9805015.0
2024-04-18 10:00:00,420.802693155,420.921092938,417.882165191,419.312829227,7286463.0
2024-04-18 10:30:00,419.29309593,420.713893319,418.641897127,420.309360729,3575019.0
2024-04-18 11:00:00,420.329094026,422.174157301,420.294560756,421.71042482,2925491.0
2024-04-18 11:30:00,421.71042482,422.529356648,421.266425636,421.567358417,2995163.0
2024-04-18 12:00:00,421.572291741,421.789358008,421.049359369,421.266425636,1828617.0
2024-04-18 12:30:00,421.266425636,421.725224793,420.70402667,421.088233964,1944872.0
2024-04-18 13:00:00,421.088825963,421.148025854,419.115496257,419.29309593,2563754.0
2024-04-18 13:30:00,419.298029255,419.638428629,417.556565789,418.741944943,2997323.0
2024-04-18 14:00:00,418.750430261,418.898429989,417.576299086,418.148564701,2561222.0
2024-04-18 14:30:00,418.118964755,418.95762988,417.191499793,418.158431349,2430041.0
2024-04-18 15:00:00,418.168297998,418.207764592,417.221099739,417.487499249,1852282.0
2024-04-18 15:30:00,417.467765952,418.814563477,417.457899304,418.128831404,3816004.0
2024-04-18 16:00:00,418.158431349,418.878696692,417.369099467,417.763765408,6336628.0
2024-04-19 10:00:00,416.589634233,417.112566605,415.040570414,415.662169271,7167566.0
2024-04-19 10:30:00,415.652302623,416.07656851,412.938974277,413.786223386,6349087.0
2024-04-19 11:00:00,413.767772754,414.86297074,413.047507411,414.083505507,7181924.0
2024-04-19 11:30:00,414.044038912,414.073638858,412.455508499,412.771241252,2932645.0
2024-04-19 12:00:00,412.751507955,413.215240436,411.715509859,411.754976453,2984313.0
2024-04-19 12:30:00,411.745109805,412.416041905,409.76191345,409.801380045,6195482.0
2024-04-19 13:00:00,409.821113342,411.656309968,409.692846911,411.602043401,4680219.0
2024-04-19 13:30:00,411.587243428,412.356842014,410.955777923,411.044577759,3300577.0
2024-04-19 14:00:00,411.034711111,412.938974277,411.005111165,411.715509859,2749116.0
2024-04-19 14:30:00,411.705643211,411.764843102,409.840846639,409.840846639,3773482.0
2024-04-19 15:00:00,409.840846639,410.344045714,407.966183418,408.646982167,5087648.0
2024-04-19 15:30:00,408.597648924,409.722446856,407.74911715,409.140314593,5952216.0
2024-04-19 16:00:00,409.140314593,409.456047346,407.561650828,409.120581296,12807090.0
2024-04-22 10:00:00,411.745109805,412.751507955,411.153110893,411.597110077,5237628.0
2024-04-22 10:30:00,411.597110077,412.33701005,409.209381133,409.465913995,6629827.0
2024-04-22 11:00:00,409.46098067,410.50191209,408.814715192,409.293247645,3902464.0
2024-04-22 11:30:00,409.258714375,409.840846639,408.42004925,409.781646747,2783753.0
2024-04-22 12:00:00,409.801380045,410.926177977,409.692846911,410.857111437,2379207.0
2024-04-22 12:30:00,410.871615411,411.922610812,410.758444952,411.029777787,3276307.0
2024-04-22 13:00:00,411.034711111,411.449110349,410.477344135,411.409643755,1730413.0
2024-04-22 13:30:00,411.419510403,413.077995355,411.251777378,413.077995355,2056070.0
2024-04-22 14:00:00,413.057374059,414.764304255,413.017907465,414.349905017,2874533.0
2024-04-22 14:30:00,414.349905017,415.326703221,414.044038912,415.099770305,2549874.0
2024-04-22 15:00:00,415.114570278,415.563502786,413.974972373,414.680437743,3350510.0
2024-04-22 15:30:00,414.675504418,414.86297074,413.857855255,414.180889328,1891848.0
2024-04-22 16:00:00,414.162438695,414.280739811,412.65284147,413.234973733,5593606.0
2024-04-23 10:00:00,415.158970196,417.522032519,414.813637498,416.885633689,6437540.0
2024-04-23 10:30:00,416.905366986,418.553097291,416.293634777,418.444564157,4217523.0
2024-04-23 11:00:00,418.444564157,419.224029391,418.099231458,419.056395032,3386996.0
2024-04-23 11:30:00,419.066163014,419.411495713,417.862431894,418.947861898,4132619.0
2024-04-23 12:00:00,418.952696556,419.263495985,418.296564429,418.370564293,2072681.0
2024-04-23 12:30:00,418.375497617,419.608828683,418.375497617,419.401629064,1882472.0
2024-04-23 13:00:00,419.401629064,419.598962035,418.750430261,419.115496257,1796343.0
2024-04-23 13:30:00,419.115496257,419.569362089,418.592563885,419.243762688,1493108.0
2024-04-23 14:00:00,419.243762688,420.220560892,418.987229826,420.116961083,1551153.0
2024-04-23 14:30:00,420.121894407,420.477093754,419.766596393,420.408027214,1618903.0
2024-04-23 15:00:00,420.427760511,420.595493536,419.885094842,420.339059341,2169329.0
2024-04-23 15:30:00,420.338960675,420.408027214,419.520028847,419.855494897,2420088.0
2024-04-23 16:00:00,419.855494897,420.121894407,419.105629608,419.401629064,5965564.0
2024-04-24 10:00:00,422.489890054,423.999487279,422.016290925,422.598423188,6136465.0
2024-04-24 10:30:00,422.608289836,423.52588815,422.006424276,422.361623623,5648884.0
2024-04-24 11:00:00,422.38135692,422.71682297,421.18995911,421.562425092,4224764.0
2024-04-24 11:30:00,421.567358417,421.730158117,420.176160974,420.723759967,2554903.0
2024-04-24 12:00:00,420.743493264,421.286060267,419.381895767,419.490330234,2999951.0
2024-04-24 12:30:00,419.470695604,420.082427813,418.888563341,419.520028847,2541970.0
2024-04-24 13:00:00,419.520028847,420.042961219,418.543230642,419.875228194,2249768.0
2024-04-24 13:30:00,419.875228194,420.733626616,419.539762144,420.615226833,2256995.0
2024-04-24 14:00:00,420.625093482,421.858424548,420.595493536,421.700558172,2633112.0
2024-04-24 14:30:00,421.700558172,421.799224657,420.141627704,420.250160838,2271324.0
2024-04-24 15:00:00,420.240294189,420.447395142,419.589095386,419.638428629,1982341.0
2024-04-24 15:30:00,419.638428629,421.342102831,419.50029555,421.000026126,2662014.0
2024-04-24 16:00:00,421.019759423,421.414425364,420.733626616,420.822426453,4449220.0
2024-04-25 10:00:00,413.649372971,414.344971693,412.564041633,413.738172808,8599314.0
2024-04-25 10:30:00,413.767772754,415.908835485,413.096840654,415.548702813,4658164.0
2024-04-25 11:00:00,415.553636138,415.67203592,413.392840109,413.65923962,4216722.0
2024-04-25 11:30:00,413.669106268,415.015903793,413.600039729,414.941903929,3307089.0
2024-04-25 12:00:00,414.941903929,415.26750333,413.807239348,415.129370251,3211968.0
2024-04-25 12:30:00,415.080037008,416.313368074,414.73470431,416.195560291,2981615.0
2024-04-25 13:00:00,416.224568238,417.369099467,415.839768945,417.063233363,2848204.0
2024-04-25 13:30:00,417.043500066,417.61576568,416.294818775,417.043500066,2618224.0
2024-04-25 14:00:00,417.033633417,419.085896311,416.915529634,418.789896855,3156868.0
2024-04-25 14:30:00,418.799763504,419.145096202,417.428299358,417.457899304,1976282.0
2024-04-25 15:00:00,417.428299358,418.257097835,416.994166823,417.803232002,2167137.0
2024-04-25 15:30:00,417.803232002,419.648295277,417.744032111,419.490428901,2393109.0
2024-04-25 16:00:00,419.495362225,419.520028847,417.961098379,418.789896855,6331993.0
2024-04-26 10:00:00,421.917624439,424.46321976,421.226959042,424.088287116,8888193.0
2024-04-26 10:30:00,424.088287116,425.351218128,423.664021229,424.256020141,5060349.0
2024-04-26 11:00:00,424.275753438,425.780417339,423.910687442,425.637350935,2956067.0
2024-04-26 11:30:00,425.662017556,426.406949521,424.72961927,425.232818345,2752387.0
2024-04-26 12:00:00,425.252551643,426.170149956,424.93681889,425.523884477,1894046.0
2024-04-26 12:30:00,425.528817801,425.60775099,425.015752078,425.479484559,1145493.0
2024-04-26 13:00:00,425.499217856,426.328016332,425.213085048,426.328016332,1117809.0
2024-04-26 13:30:00,426.328016332,426.702948976,426.091216768,426.515482654,1608948.0
2024-04-26 14:00:00,426.525349303,426.781882165,425.849483879,426.189981919,1658907.0
2024-04-26 14:30:00,426.199749901,426.268816441,425.380818073,425.560391077,1199087.0
2024-04-26 15:00:00,425.568284395,425.972816985,425.222951697,425.962950337,1413444.0
2024-04-26 15:30:00,425.962950337,426.480949384,425.637350935,426.456282763,2288185.0
2024-04-26 16:00:00,426.446416115,426.47601606,425.232818345,425.252551643,6720848.0
2024-04-29 10:00:00,427.354147779,427.975746637,425.153885157,426.041883525,5078567.0
2024-04-29 10:30:00,426.041883525,426.989081784,425.953083688,426.700087648,2525346.0
2024-04-29 11:00:00,426.683215679,427.2160147,426.102070081,426.471082736,1996372.0
2024-04-29 11:30:00,426.505616006,426.61414914,425.8741505,426.288549738,1572381.0
2024-04-29 12:00:00,426.298416387,426.604282491,425.50947917,426.525349303,1271877.0
2024-04-29 12:30:00,426.550015924,427.008716414,426.406949521,427.008716414,1199017.0
2024-04-29 13:00:00,426.998948432,427.156814809,426.446416115,426.757215543,1213426.0
2024-04-29 13:30:00,426.752282219,427.423214319,426.219483198,427.403481022,1264232.0
2024-04-29 14:00:00,427.403481022,427.566576722,427.097614918,427.230814673,1028561.0
2024-04-29 14:30:00,427.196281403,427.196281403,426.426682818,426.530578627,1639609.0
2024-04-29 15:00:00,426.495749357,426.633882437,425.499217856,426.541135941,1632037.0
2024-04-29 15:30:00,426.535215951,426.535215951,424.246153492,425.583084368,3436933.0
2024-04-29 16:00:00,425.588017693,427.087748269,425.479484559,426.979215135,3916216.0
2024-04-30 10:00:00,425.40055137,426.594415843,425.124285212,426.20961655,2993075.0
2024-04-30 10:30:00,426.202808562,426.791748813,425.13415186,425.13415186,2078563.0
2024-04-30 11:00:00,425.124285212,426.406949521,424.956552187,425.449884613,1842755.0
2024-04-30 11:30:00,425.440017965,425.479484559,423.407488367,423.8613542,2932947.0
2024-04-30 12:00:00,423.871220848,423.910687442,422.933889238,423.703487823,2002355.0
2024-04-30 12:30:00,423.703487823,423.969394001,423.122934224,423.72322112,1623161.0
2024-04-30 13:00:00,423.72322112,423.72322112,421.759758063,422.272823786,2701400.0
2024-04-30 13:30:00,422.282690435,422.71682297,421.601891686,422.110024086,1685603.0
2024-04-30 14:00:00,422.095224113,423.052387687,421.971891006,422.845089401,1619641.0
2024-04-30 14:30:00,422.85495605,423.249621991,421.878157845,421.897989809,1380065.0
2024-04-30 15:00:00,421.927491088,422.677356376,421.424292013,421.730158117,2238695.0
2024-04-30 15:30:00,421.720784801,422.248157165,421.217092394,421.947224385,2982306.0
2024-04-30 16:00:00,421.966957682,422.341890326,418.849096747,418.928029935,12762379.0
2024-05-01 10:00:00,417.507232546,417.872298542,416.41203456,416.905366986,4874052.0
2024-05-01 10:30:00,416.875767041,417.309899576,415.681902568,416.698167367,3029938.0
2024-05-01 11:00:00,416.708034016,417.605899032,416.490967748,417.161899848,1654261.0
2024-05-01 11:30:00,417.161899848,417.285232955,415.356303167,416.313368074,2166419.0
2024-05-01 12:00:00,416.313368074,417.033238751,415.548702813,415.583236083,1817456.0
2024-05-01 12:30:00,415.573369435,416.67843407,415.050437062,416.560034288,1949828.0
2024-05-01 13:00:00,416.570098269,416.584700909,415.583236083,415.859502242,1376455.0
2024-05-01 13:30:00,415.859502242,416.303501426,415.385903113,416.222496241,1461644.0
2024-05-01 14:00:00,416.254168183,416.865900392,416.066701861,416.717900664,1386516.0
2024-05-01 14:30:00,416.717900664,419.02669642,416.530434342,418.888563341,4520513.0
2024-05-01 15:00:00,418.888563341,423.417355016,416.639066142,423.378184421,7433356.0
2024-05-01 15:30:00,423.417355016,424.404019869,421.631491632,422.645881767,5835895.0
2024-05-01 16:00:00,422.637889782,422.647756431,415.681902568,415.898968836,10661842.0
2024-05-02 10:00:00,419.62856198,420.082427813,417.28029963,417.68483222,5648160.0
2024-05-02 10:30:00,417.665098923,417.95123173,415.020837117,417.655232274,4410020.0
2024-05-02 11:00:00,417.635498977,418.62216383,416.372567966,418.385364266,2709863.0
2024-05-02 11:30:00,418.375497617,419.174696148,418.010431621,418.178164646,1903349.0
2024-05-02 12:00:00,418.188031295,419.381895767,417.438166007,419.140162878,1805238.0
2024-05-02 12:30:00,419.154962851,419.263495985,417.892031839,418.641897127,1169772.0
2024-05-02 13:00:00,418.612297182,418.661630424,417.538411156,418.434697508,1086092.0
2024-05-02 13:30:00,418.474164102,420.240294189,418.474164102,420.161361001,1706938.0
2024-05-02 14:00:00,420.181094298,420.447493808,419.490428901,419.954161382,1212797.0
2024-05-02 14:30:00,419.973894679,420.911226289,419.776561708,420.723759967,1443997.0
2024-05-02 15:00:00,420.763226561,421.769526045,420.674426725,421.611758335,1893209.0
2024-05-02 15:30:00,421.621624983,422.105090761,421.03949272,421.730158117,2328915.0
2024-05-02 16:00:00,421.700558172,421.8485579,420.36856062,421.207225745,5604520.0
2024-05-03 10:00:00,428.646678737,430.067476125,427.709347126,429.614300958,7621842.0
2024-05-03 10:30:00,429.63334359,430.659475037,426.850948704,428.252012796,6658518.0
2024-05-03 11:00:00,428.281612741,429.357077431,427.492280859,427.837613557,3346856.0
2024-05-03 11:30:00,427.857346854,428.459212415,427.117348215,428.330945984,2699285.0
2024-05-03 12:00:00,428.335879308,429.732010075,428.335879308,429.296397543,2824060.0
2024-05-03 12:30:00,429.288010891,429.613610293,429.021118049,429.307744188,2777133.0
2024-05-03 13:00:00,429.290872219,429.781343318,428.715745277,428.942678193,2011819.0
2024-05-03 13:30:00,428.952544841,429.70241013,428.883478302,429.337344134,1348101.0
2024-05-03 14:00:00,429.357077431,429.603743644,428.844011707,429.288010891,1528699.0
2024-05-03 14:30:00,429.287912225,430.215475853,429.287616225,429.998409585,1463973.0
2024-05-03 15:00:00,429.988542937,430.254942447,429.584010347,429.815876588,2081643.0
2024-05-03 15:30:00,429.83067656,430.185875908,429.584010347,430.013209558,4068693.0
2024-05-03 16:00:00,430.008276234,430.028009531,429.347210782,429.672810184,6464727.0
2024-05-06 10:00:00,431.468540216,432.31707199,430.698941631,432.302272017,3926273.0
2024-05-06 10:30:00,432.31707199,432.474938366,431.596806647,431.942139346,2311283.0
2024-05-06 11:00:00,431.952005994,432.346671936,431.804006266,432.040805831,2000660.0
2024-05-06 11:30:00,432.040805831,432.188805559,431.57707335,432.030939183,1226553.0
2024-05-06 12:00:00,432.040805831,432.65253804,431.976771282,432.371338557,1568702.0
2024-05-06 12:30:00,432.376271881,432.376271881,431.340273786,431.853339509,1668291.0
2024-05-06 13:00:00,431.853339509,432.544004906,431.774406321,432.504538312,1827462.0
2024-05-06 13:30:00,432.514404961,432.692004634,431.952005994,432.405871827,1302096.0
2024-05-06 14:00:00,432.38613853,432.859737659,432.272672072,432.785737795,1593433.0
2024-05-06 14:30:00,432.780804471,433.422136625,432.672172671,433.21987033,1951814.0
2024-05-06 15:00:00,433.21987033,433.362936734,432.849871011,433.190270385,1608355.0
2024-05-06 15:30:00,433.185337061,433.264270249,432.810404416,433.05707063,1926648.0
2024-05-06 16:00:00,433.05707063,434.46800137,432.840004362,434.379201533,5439282.0
2024-05-07 10:00:00,434.823200717,435.406714311,434.270668399,434.379201533,3871150.0
2024-05-07 10:30:00,434.408801478,435.109234857,434.112802022,434.280535047,2656277.0
2024-05-07 11:00:00,434.26080175,435.760532327,434.181868562,435.740207031,2359118.0
2024-05-07 11:30:00,435.735865706,436.026931837,435.503999465,435.622399248,2243005.0
2024-05-07 12:00:00,435.622399248,435.947998649,435.355999737,435.7753323,1296105.0
2024-05-07 12:30:00,435.80986557,436.046665134,435.691465787,435.869065461,942855.0
2024-05-07 13:00:00,435.869065461,435.933198676,435.217866658,435.464532871,3630781.0
2024-05-07 13:30:00,435.484266168,435.96763328,435.375733034,435.849233497,1937088.0
2024-05-07 14:00:00,435.839465515,436.07626508,434.13253532,434.359468236,2006172.0
2024-05-07 14:30:00,434.379201533,434.862667311,433.964802294,434.196668535,1819025.0
2024-05-07 15:00:00,434.191735211,434.438401424,433.718136081,434.389068181,1572073.0
2024-05-07 15:30:00,434.394001506,434.709734259,434.083202077,434.517334612,1375610.0
2024-05-07 16:00:00,434.517334612,435.010667039,434.221335156,434.448268072,3892426.0
2024-05-08 10:00:00,431.833606212,433.984535592,431.71520643,433.841469188,3345521.0
2024-05-08 10:30:00,433.846402512,434.852504663,433.451736571,434.685067637,2191421.0
2024-05-08 11:00:00,434.690000961,435.592799302,434.438401424,435.040266984,1580950.0
2024-05-08 11:30:00,435.064933606,435.415199628,433.915469052,434.270668399,1621746.0
2024-05-08 12:00:00,434.290401696,434.428534775,433.747736027,433.989468916,1274370.0
2024-05-08 12:30:00,433.989468916,434.379201533,433.797069269,434.093068725,1082448.0
2024-05-08 13:00:00,434.102935374,434.201601859,433.530669759,433.846402512,981218.0
2024-05-08 13:30:00,433.856269161,434.13253532,433.155737115,433.301763513,2074861.0
2024-05-08 14:00:00,433.274136897,434.102935374,433.195203709,434.06346878,1444449.0
2024-05-08 14:30:00,434.073335428,434.428534775,433.915469052,434.279449716,1264879.0
2024-05-08 15:00:00,434.280535047,434.448268072,433.846402512,433.935202349,795591.0
2024-05-08 15:30:00,433.9253357,434.305201669,433.530669759,434.206535183,1246177.0
2024-05-08 16:00:00,434.201601859,434.606134449,434.133521984,434.191735211,3599279.0
2024-05-09 10:00:00,434.458134721,434.882400608,432.613071446,433.777335972,3503060.0
2024-05-09 10:30:00,433.806935918,434.497601315,433.126137169,433.649069542,2335465.0
2024-05-09 11:00:00,433.649069542,435.306666495,433.639202893,435.064933606,2273659.0
2024-05-09 11:30:00,435.050133633,435.533599411,435.030400336,435.494132817,1438941.0
2024-05-09 12:00:00,435.503999465,435.666799166,434.102935374,434.290401696,1181065.0
2024-05-09 12:30:00,434.300268345,434.882400608,434.093068725,434.707662262,1110844.0
2024-05-09 13:00:00,434.724534231,435.286933198,434.354534911,435.129066821,905717.0
2024-05-09 13:30:00,435.137354806,435.563199356,434.517334612,435.286933198,2305412.0
2024-05-09 14:00:00,435.296799846,435.355999737,434.902133905,434.956400472,879844.0
2024-05-09 14:30:00,434.951467147,435.217866658,434.567161187,435.178400064,1308684.0
2024-05-09 15:00:00,435.188266712,435.711199084,435.050133633,435.543466059,1034590.0
2024-05-09 15:30:00,435.543466059,435.612433933,434.921867202,434.990933742,1523199.0
2024-05-09 16:00:00,434.981067093,435.277066549,434.69986761,435.13893347,3456402.0
2024-05-10 10:00:00,436.638664046,438.385060836,436.234131456,437.881861761,3708636.0
2024-05-10 10:30:00,437.881861761,437.891728409,435.484266168,435.627332572,3361810.0
2024-05-10 11:00:00,435.661865842,436.248931429,434.624881081,435.33626644,2859707.0
2024-05-10 11:30:00,435.355999737,435.878932109,435.129066821,435.790132273,1824668.0
2024-05-10 12:00:00,435.795065597,435.928166685,434.73440088,435.74079903,1692732.0
2024-05-10 12:30:00,435.74079903,435.898665406,435.079733578,435.721065733,1132810.0
2024-05-10 13:00:00,435.702023101,436.135464971,435.385599683,435.943065325,1030176.0
2024-05-10 13:30:00,435.938132,435.95835863,435.355999737,435.49403415,791250.0
2024-05-10 14:00:00,435.484266168,436.14533162,435.060000281,436.113758344,1153764.0
2024-05-10 14:30:00,436.105865026,436.362397887,435.770398975,436.086131728,927500.0
2024-05-10 15:00:00,436.07626508,436.224264808,435.553332708,436.219331484,1158319.0
2024-05-10 15:30:00,436.214398159,436.441331076,435.869065461,436.313064645,1374627.0
2024-05-10 16:00:00,436.322931293,436.539997561,435.938132,436.165064917,4414809.0
2024-05-13 10:00:00,438.069328083,438.167994568,436.184798214,436.993863393,3240127.0
2024-05-13 10:30:00,437.003730042,437.585862305,436.875463611,437.427995929,1492653.0
2024-05-13 11:00:00,437.398395983,437.398395983,436.786663774,437.15172977,3116368.0
2024-05-13 11:30:00,437.15172977,437.497062468,436.697863937,436.826130368,1493860.0
2024-05-13 12:00:00,436.796530423,437.220796309,436.34266459,437.161596418,1983567.0
2024-05-13 12:30:00,437.15172977,437.447827892,437.131996473,437.353996065,648291.0
2024-05-13 13:00:00,437.358929389,437.526662414,437.161596418,437.161596418,661855.0
2024-05-13 13:30:00,437.161596418,437.220796309,435.760532327,437.131996473,1943559.0
2024-05-13 14:00:00,437.15172977,437.171463067,436.609064101,436.92489552,818167.0
2024-05-13 14:30:00,436.914930205,437.023463339,436.535064237,436.900722231,1080558.0
2024-05-13 15:00:00,436.885330259,437.043196636,436.658397343,437.01359669,1102816.0
2024-05-13 15:30:00,437.01359669,437.215862985,436.668263992,437.018530015,939909.0
2024-05-13 16:00:00,437.033329987,437.319364128,436.929730178,437.171463067,2815316.0
2024-05-14 10:00:00,436.74719718,437.99138156,436.559730858,437.146796445,4672608.0
2024-05-14 10:30:00,437.122129824,439.036259639,436.757063828,438.883326587,3710155.0
2024-05-14 11:00:00,438.888259911,439.006659693,436.974130096,438.295965,2550846.0
2024-05-14 11:30:00,438.286394351,438.947459802,438.108794677,438.75999348,1873949.0
2024-05-14 12:00:00,438.764926804,438.769860129,437.48719582,437.852261815,1393839.0
2024-05-14 12:30:00,437.847328491,438.108794677,437.497062468,437.664795493,1197204.0
2024-05-14 13:00:00,437.654928845,437.783195276,437.329329443,437.772243296,1059135.0
2024-05-14 13:30:00,437.773328627,437.941061652,437.329329443,437.901595058,1022305.0
2024-05-14 14:00:00,437.911461706,438.296260999,437.85719514,438.098928029,1161643.0
2024-05-14 14:30:00,438.098928029,439.401325635,438.044661462,439.203893997,2176537.0
2024-05-14 15:00:00,439.203992664,440.091991032,439.006659693,439.953857952,2833028.0
2024-05-14 15:30:00,439.953857952,440.466923676,439.657858496,440.185724193,2401289.0
2024-05-14 16:00:00,440.180790868,440.511323594,439.973591249,439.983457898,5793659.0
2024-05-15 10:00:00,442.45012003,443.012518997,440.940522805,441.789054579,5232450.0
2024-05-15 10:30:00,441.808787876,443.219718616,441.789054579,442.928652484,2924894.0
2024-05-15 11:00:00,442.963185754,443.93011731,442.85465262,443.910384013,2905717.0
2024-05-15 11:30:00,443.910384013,444.778649083,443.870917419,444.472782979,2324841.0
2024-05-15 12:00:00,444.482649627,444.739182489,444.275450008,444.443183033,1875450.0
2024-05-15 12:30:00,444.46291633,444.877315569,444.053450416,444.857582272,1491450.0
2024-05-15 13:00:00,444.86744892,445.321314753,444.778649083,445.272080176,1795463.0
2024-05-15 13:30:00,445.301581455,445.883713719,445.262114861,445.883713719,3063713.0
2024-05-15 14:00:00,445.893580367,446.549712495,445.735713991,446.500379252,2223245.0
2024-05-15 14:30:00,446.505312576,446.998645003,446.367179497,446.594112413,2563115.0
2024-05-15 15:00:00,446.603979061,446.751978789,446.268513011,446.594112413,2065223.0
2024-05-15 15:30:00,446.585528429,447.107178136,446.381979469,446.821045329,2667961.0
2024-05-15 16:00:00,446.811178681,446.988778354,446.416512739,446.860511923,6820666.0
2024-05-16 10:00:00,446.673045601,447.569923953,446.495445928,447.393310944,3971205.0
2024-05-16 10:30:00,447.393310944,447.709043697,446.54477917,447.55117732,2934650.0
2024-05-16 11:00:00,447.565977293,448.370109148,447.413044241,448.330642554,2006588.0
2024-05-16 11:30:00,448.349882519,448.62664201,447.758376939,448.271442663,1727697.0
2024-05-16 12:00:00,448.271442663,448.508242228,447.837310128,448.172776178,1603197.0
2024-05-16 12:30:00,448.162909529,448.162909529,447.442644186,447.778110236,1626839.0
2024-05-16 13:00:00,447.768243588,448.019843125,447.373577647,447.985408522,987020.0
2024-05-16 13:30:00,447.995176504,448.162909529,446.515179225,446.939445111,2005858.0
2024-05-16 14:00:00,446.929578463,447.491977429,446.712512195,447.422910889,1443247.0
2024-05-16 14:30:00,447.432777538,447.432777538,446.238913066,446.589179089,2259837.0
2024-05-16 15:00:00,446.584245764,447.156511379,446.569445792,447.038111597,2492834.0
2024-05-16 15:30:00,447.028244948,447.225577919,446.811178681,446.88024522,3260156.0
2024-05-16 16:00:00,446.88024522,446.919711814,445.785047233,445.952780258,6761149.0
2024-05-17 10:00:00,446.081046689,446.446112685,445.331181401,445.755447288,3077210.0
2024-05-17 10:30:00,445.755447288,446.401712767,445.370647995,446.391846118,3378316.0
2024-05-17 11:00:00,446.396779442,446.68291225,446.219278435,446.406646091,1879637.0
2024-05-17 11:30:00,446.411579415,446.416512739,445.523581047,446.159979878,3891069.0
2024-05-17 12:00:00,446.150113229,446.17477985,445.370647995,446.12061195,1640996.0
2024-05-17 12:30:00,446.130379932,446.288246308,445.636948839,445.824513828,1433660.0
2024-05-17 13:00:00,445.814647179,445.921206983,445.045048594,445.813759181,1449875.0
2024-05-17 13:30:00,445.80478053,445.814647179,445.1683817,445.390381292,1619496.0
2024-05-17 14:00:00,445.400247941,445.558114317,445.074648539,445.217714943,1219459.0
2024-05-17 14:30:00,445.222648267,445.252248213,443.545219351,444.16198355,2359829.0
2024-05-17 15:00:00,444.147183577,445.370647995,444.117583632,445.265272189,2779583.0
2024-05-17 15:30:00,445.276914834,445.814647179,445.064781891,445.55860765,2613891.0
2024-05-17 16:00:00,445.567980966,445.814647179,445.247314889,445.735713991,6758280.0
2024-05-20 10:00:00,445.952780258,448.577308767,445.760380612,448.449042337,4218956.0
2024-05-20 10:30:00,448.458908985,448.646375307,448.052995065,448.537842173,2014989.0
2024-05-20 11:00:00,448.537842173,448.942374763,448.113576287,448.305975933,1413136.0
2024-05-20 11:30:00,448.305975933,448.577308767,447.965576559,448.508242228,867901.0
2024-05-20 12:00:00,448.537842173,448.750271116,448.044509747,448.275389322,977549.0
2024-05-20 12:30:00,448.271442663,448.636508659,448.251709366,448.379975797,618075.0
2024-05-20 13:00:00,448.3602425,449.504773729,448.330642554,449.43570719,1130914.0
2024-05-20 13:30:00,449.441627179,449.485040432,448.26394401,448.330642554,1316519.0
2024-05-20 14:00:00,448.301042609,448.547018156,448.104696303,448.341495868,1125298.0
2024-05-20 14:30:00,448.345442527,448.468775634,447.432777538,448.458514319,1220193.0
2024-05-20 15:00:00,448.449042337,448.853574926,448.389842445,448.399709094,1190609.0
2024-05-20 15:30:00,448.399709094,449.139707734,448.29117596,449.139609067,1433172.0
2024-05-20 16:00:00,449.139707734,449.246267538,448.22210942,448.843708278,4595144.0
2024-05-21 10:00:00,446.998645003,447.817576831,446.801312032,447.509737396,2741239.0
2024-05-21 10:30:00,447.501844078,448.093842989,447.393310944,448.069176368,1398489.0
2024-05-21 11:00:00,448.083976341,448.720375171,447.985309856,448.646375307,2240628.0
2024-05-21 11:30:00,448.646375307,448.853574926,448.410858407,448.61736736,1033692.0
2024-05-21 12:00:00,448.636508659,448.636508659,448.083976341,448.409575742,871649.0
2024-05-21 12:30:00,448.399709094,449.041041248,448.281309312,448.883076205,966223.0
2024-05-21 13:00:00,448.863441575,448.912774817,448.251709366,448.449042337,628441.0
2024-05-21 13:30:00,448.439175688,448.735175144,448.143176232,448.685841901,688795.0
2024-05-21 14:00:00,448.705575198,449.137043739,448.626740677,449.129841085,888762.0
2024-05-21 14:30:00,449.139707734,449.238374219,448.646375307,448.685841901,991702.0
2024-05-21 15:00:00,448.680908577,448.991708006,448.671041928,448.981841357,1131319.0
2024-05-21 15:30:00,448.971974709,449.356774001,448.843708278,449.090374491,2113257.0
2024-05-21 16:00:00,449.080507842,449.909306319,449.050907897,449.721839997,4825319.0
2024-05-22 10:00:00,449.978372859,450.521038528,449.544240323,450.392772097,2729592.0
2024-05-22 10:30:00,450.382905448,450.560505122,449.850106428,450.205305775,1228645.0
2024-05-22 11:00:00,450.215172423,450.353305503,449.840239779,450.303873594,865102.0
2024-05-22 11:30:00,450.30397226,450.728238147,450.165839181,450.619705013,774717.0
2024-05-22 12:00:00,450.629571662,450.698638201,449.800773185,450.274470981,1574570.0
2024-05-22 12:30:00,450.274372315,450.580238419,450.146105884,450.294105612,733004.0
2024-05-22 13:00:00,450.30397226,450.323705557,449.584002917,449.89943967,1005709.0
2024-05-22 13:30:00,449.889573022,450.412505394,449.830373131,450.225039072,710061.0
2024-05-22 14:00:00,450.215172423,450.215172423,448.518108876,449.124907761,1618706.0
2024-05-22 14:30:00,449.110107788,449.110107788,447.166378028,447.255177864,2873379.0
2024-05-22 15:00:00,447.205844622,448.197442799,447.038111597,448.123442935,1244854.0
2024-05-22 15:30:00,448.103709638,448.370010482,447.265044513,448.3602425,2177994.0
2024-05-22 16:00:00,448.3602425,449.63304016,447.748510291,449.63304016,3708450.0
2024-05-23 10:00:00,454.408498049,454.438097994,450.97490436,451.300503762,6557937.0
2024-05-23 10:30:00,451.300503762,452.770634393,451.201837276,452.287168615,5045339.0
2024-05-23 11:00:00,452.326635209,452.810100987,450.10663929,450.230268396,3168036.0
2024-05-23 11:30:00,450.244772369,452.395701749,450.205305775,452.326635209,2234097.0
2024-05-23 12:00:00,452.336501857,453.175068316,452.297035263,452.800234338,1554543.0
2024-05-23 12:30:00,452.801517003,453.242556192,452.129302238,453.037033903,1163253.0
2024-05-23 13:00:00,453.027167254,453.106100443,451.11303744,451.117970764,1361504.0
2024-05-23 13:30:00,451.103170791,451.478103435,450.451971988,451.172237331,1871007.0
2024-05-23 14:00:00,451.172237331,451.172237331,447.985309856,448.083976341,2741475.0
2024-05-23 14:30:00,448.044509747,448.281407978,446.88024522,447.195977973,2653839.0
2024-05-23 15:00:00,447.172298017,447.659710454,445.972513556,446.105713311,2161036.0
2024-05-23 15:30:00,446.090913338,446.840778626,445.824809827,446.515179225,2198312.0
2024-05-23 16:00:00,446.507483239,448.074109692,446.505312576,447.610377211,4439258.0
2024-05-24 10:00:00,449.218640922,449.810639834,448.518108876,448.942374763,2551613.0
2024-05-24 10:30:00,448.981841357,451.014370954,448.981841357,450.905837821,2177174.0
2024-05-24 11:00:00,450.943232418,451.675436406,450.432238691,451.567297938,1900023.0
2024-05-24 11:30:00,451.576769921,452.938367418,451.507703381,452.48943491,2335307.0
2024-05-24 12:00:00,452.494368234,452.839700932,451.991070492,452.405568397,2170324.0
2024-05-24 12:30:00,452.405568397,452.839700932,452.218102075,452.622634665,1162126.0
2024-05-24 13:00:00,452.637434638,452.731167799,452.089835644,452.109568941,1493678.0
2024-05-24 13:30:00,452.129302238,452.602901368,451.843169431,452.366101803,2001725.0
2024-05-24 14:00:00,452.356235154,452.711434501,451.931969268,452.563434774,1728808.0
2024-05-24 14:30:00,452.553568125,453.106100443,452.326635209,452.464768288,1908702.0
2024-05-24 15:00:00,452.464768288,452.484501585,451.754369594,451.774102891,1113689.0
2024-05-24 15:30:00,451.774102891,451.793836188,450.955171063,451.596503218,2034374.0
2024-05-24 16:00:00,451.586636569,452.079968996,451.423836868,451.843169431,3680103.0
2024-05-28 10:00:00,453.0567672,453.431699844,450.994637657,451.695169703,3273343.0
2024-05-28 10:30:00,451.665569757,452.583168071,451.152504034,452.415435046,1778557.0
2024-05-28 11:00:00,452.415435046,453.244233522,451.961569213,453.106100443,2616490.0
2024-05-28 11:30:00,453.115967091,453.175166982,452.484501585,453.150500361,1105282.0
2024-05-28 12:00:00,453.155433685,453.411966547,452.879167527,453.0567672,878424.0
2024-05-28 12:30:00,453.0567672,453.362633304,452.750901096,452.898900824,1113423.0
2024-05-28 13:00:00,452.908767472,453.540232978,452.760175745,453.027167254,1370303.0
2024-05-28 13:30:00,453.037033903,453.283700116,452.139168887,453.08932714,1269442.0
2024-05-28 14:00:00,453.096233794,453.579699572,452.308381909,452.583168071,967603.0
2024-05-28 14:30:00,452.543701476,453.165300334,451.951702565,451.971435862,1403678.0
2024-05-28 15:00:00,451.961569213,451.98130251,450.599971716,451.764236243,2584158.0
2024-05-28 15:30:00,451.764236243,452.65223461,451.636956477,452.01386245,1777328.0
2024-05-28 16:00:00,452.030635753,453.609299518,451.892502674,453.550099627,3928615.0
2024-05-29 10:00:00,449.406107244,451.399170247,449.267974165,450.935437766,3375664.0
2024-05-29 10:30:00,450.945304415,451.823436134,450.471705285,451.478103435,1457609.0
2024-05-29 11:00:00,451.487970084,452.129302238,451.409036896,451.862902728,1413602.0
2024-05-29 11:30:00,451.843169431,452.010902456,450.787438038,451.399170247,1069308.0
2024-05-29 12:00:00,451.37943695,451.557036623,450.861437902,451.428671526,4038509.0
2024-05-29 12:30:00,451.404103571,451.606369866,450.747971444,451.487970084,1003887.0
2024-05-29 13:00:00,451.497836732,452.070102347,451.359703653,451.922102619,1192286.0
2024-05-29 13:30:00,451.922102619,451.971435862,451.034104251,451.468236787,1454726.0
2024-05-29 14:00:00,451.468236787,451.754369594,450.609838365,451.626103163,1216024.0
2024-05-29 14:30:00,451.635969812,451.774102891,451.142637385,451.142637385,829538.0
2024-05-29 15:00:00,451.11303744,451.339970356,450.57037177,450.836771281,1439252.0
2024-05-29 15:30:00,450.817037984,451.705036351,450.596025057,451.354770329,2168769.0
2024-05-29 16:00:00,451.349837004,451.527535344,449.841226444,450.353305503,5261654.0
2024-05-30 10:00:00,449.425840541,449.56397362,447.84875544,448.784508387,2827707.0
2024-05-30 10:30:00,448.853574926,449.149475716,447.511710726,448.332319884,2917273.0
2024-05-30 11:00:00,448.29117596,448.439175688,446.584245764,446.900077184,1872521.0
2024-05-30 11:30:00,446.88024522,447.321777742,446.071180041,447.255177864,1505202.0
2024-05-30 12:00:00,447.245311216,447.827443479,447.097311488,447.117242118,1141956.0
2024-05-30 12:30:00,447.136778082,448.014909801,447.136778082,447.541310672,842898.0
2024-05-30 13:00:00,447.560945302,447.975443207,447.442644186,447.787976885,666124.0
2024-05-30 13:30:00,447.797843534,448.468775634,447.570910617,448.281210645,986571.0
2024-05-30 14:00:00,448.281309312,448.547708822,447.724830334,447.95570991,943370.0
2024-05-30 14:30:00,447.926109964,447.977416537,446.702645547,447.255177864,2066691.0
2024-05-30 15:00:00,447.255177864,447.600510563,446.860511923,447.166378028,985267.0
2024-05-30 15:30:00,447.166378028,447.265044513,445.745580639,446.307979606,2602025.0
2024-05-30 16:00:00,446.317846254,446.515179225,444.206383469,445.528514372,7384265.0
2024-05-31 10:00:00,445.755447288,446.446112685,444.009050498,444.354383197,3060458.0
2024-05-31 10:30:00,444.344516548,444.443183033,441.315455449,441.428921907,4798121.0
2024-05-31 11:00:00,441.384521989,441.384521989,439.875911429,440.595190107,4899692.0
2024-05-31 11:30:00,440.614923404,440.654389998,439.253325907,439.43092558,3051211.0
2024-05-31 12:00:00,439.43092558,439.578925308,438.42452743,438.572527158,2098286.0
2024-05-31 12:30:00,438.562660509,438.868526614,437.146796445,437.605595602,3129122.0
2024-05-31 13:00:00,437.595728954,438.483727321,437.447729226,438.385060836,3106799.0
2024-05-31 13:30:00,438.370260863,440.072257735,438.365327539,439.934124655,2682302.0
2024-05-31 14:00:00,439.934124655,440.151190923,439.322392446,439.529592065,1805284.0
2024-05-31 14:30:00,439.549325362,439.657858496,438.986926396,439.006659693,2032492.0
2024-05-31 15:00:00,439.016526342,440.131457626,438.809425389,439.795991576,2169550.0
2024-05-31 15:30:00,439.795991576,441.611454905,439.490125471,441.167455721,4892350.0
2024-05-31 16:00:00,441.137855776,445.735713991,440.955322778,444.699715895,12026840.0
2024-06-03 10:00:00,448.508242228,449.504773729,447.047978245,447.679443751,5105850.0
2024-06-03 10:30:00,447.728776994,448.873308223,446.899978517,448.143176232,2599548.0
2024-06-03 11:00:00,448.153042881,448.212242772,445.114115133,445.577748948,2715902.0
2024-06-03 11:30:00,445.597679578,446.505312576,444.966115405,446.229046417,2239752.0
2024-06-03 12:00:00,446.219179769,446.712512195,445.646914154,445.94291361,940633.0
2024-06-03 12:30:00,445.933046961,446.263579687,443.19011867,443.526571385,1461319.0
2024-06-03 13:00:00,443.52558472,443.883250729,442.686919595,443.070436223,1279363.0
2024-06-03 13:30:00,443.051985591,444.226116766,441.927187658,444.186650172,1787268.0
2024-06-03 14:00:00,444.176783523,445.331181401,444.147183577,444.818115677,1057414.0
2024-06-03 14:30:00,444.778649083,445.212781619,444.097850335,444.38151648,772054.0
2024-06-03 15:00:00,444.374116494,445.459447832,444.349449872,444.916683496,577346.0
2024-06-03 15:30:00,444.906915514,445.824513828,444.739182489,445.558212984,792607.0
2024-06-03 16:00:00,445.567980966,447.107178136,445.019395308,447.087444839,2048877.0
2024-06-04 10:00:00,446.830911978,447.107178136,445.419981238,445.952780258,2699097.0
2024-06-04 10:30:00,445.972513556,447.413044241,445.115200465,446.367179497,2324134.0
2024-06-04 11:00:00,446.327712903,447.166378028,445.756433953,445.903447016,1418340.0
2024-06-04 11:30:00,445.923180313,446.801312032,445.654018141,445.923180313,1255284.0
2024-06-04 12:00:00,445.90838034,446.002113501,445.281848158,445.53838102,1277951.0
2024-06-04 12:30:00,445.518647723,446.150113229,445.183181673,446.051446744,948252.0
2024-06-04 13:00:00,446.051446744,447.107178136,445.700194056,446.554645819,1194548.0
2024-06-04 13:30:00,446.534912522,446.870378572,445.755447288,446.801312032,1039597.0
2024-06-04 14:00:00,446.860511923,446.954245084,446.229046417,446.549712495,621149.0
2024-06-04 14:30:00,446.54477917,449.10024114,446.455979333,449.10024114,1840751.0
2024-06-04 15:00:00,449.10024114,449.499840405,448.340509203,448.537842173,1970715.0
2024-06-04 15:30:00,448.537842173,448.55757547,446.643445656,447.531444023,2209655.0
2024-06-04 16:00:00,447.511710726,448.577308767,446.870378572,448.310909257,2935114.0
2024-06-05 10:00:00,451.872769376,452.139168887,451.0439709,452.099702293,3059018.0
2024-06-05 10:30:00,452.099702293,452.938367418,450.678904904,452.908767472,2811811.0
2024-06-05 11:00:00,452.908767472,453.974365513,452.908767472,453.619166166,2162773.0
2024-06-05 11:30:00,453.619166166,455.010363609,453.609299518,454.625564316,3387531.0
2024-06-05 12:00:00,454.625564316,455.148496688,454.526897831,454.615697668,1594318.0
2024-06-05 12:30:00,454.615697668,455.010363609,454.388764752,454.822897287,808948.0
2024-06-05 13:00:00,454.813030638,455.641829115,454.640364289,455.54316263,1382274.0
2024-06-05 13:30:00,455.562895927,455.967428516,454.941297069,455.385296253,1846428.0
2024-06-05 14:00:00,455.414896199,456.132004214,455.385296253,456.061161677,1230316.0
2024-06-05 14:30:00,456.051295029,456.115428244,455.627029142,456.105857595,1227679.0
2024-06-05 15:00:00,456.115428244,456.54956078,456.006895111,456.394161065,1682325.0
2024-06-05 15:30:00,456.381827755,456.697560508,456.135161541,456.293027918,2206967.0
2024-06-05 16:00:00,456.283161269,457.427692499,455.997028462,457.348759311,7625120.0
2024-06-06 10:00:00,458.029558059,458.345290812,456.312761215,456.332494512,3640023.0
2024-06-06 10:30:00,456.342361161,457.654625415,456.312761215,457.516492336,1731094.0
2024-06-06 11:00:00,457.500705698,458.138091193,457.350633974,457.575692227,1464984.0
2024-06-06 11:30:00,457.536225633,457.89142498,457.141559691,457.250191492,838017.0
2024-06-06 12:00:00,457.240226177,457.407959202,456.855426884,457.121826394,979998.0
2024-06-06 12:30:00,457.111959746,457.437559147,456.539694131,456.954093369,909002.0
2024-06-06 13:00:00,456.963960018,457.072493152,456.441915644,456.954093369,952238.0
2024-06-06 13:30:00,456.934360072,457.644758766,456.766627047,457.536225633,880175.0
2024-06-06 14:00:00,457.526358984,457.782891846,457.215559555,457.358625959,932306.0
2024-06-06 14:30:00,457.348759311,457.477025741,456.026628408,456.845560236,1198212.0
2024-06-06 15:00:00,456.74689375,457.457292444,456.529827483,457.210626231,963400.0
2024-06-06 15:30:00,457.210626231,457.348759311,456.648227265,457.161292989,1294673.0
2024-06-06 16:00:00,457.15142634,457.41782585,456.608760671,457.190892934,4145868.0
2024-06-07 10:00:00,456.825826939,457.398092553,455.681295709,456.638360616,2551166.0
2024-06-07 10:30:00,456.628493968,457.131693043,456.332494512,456.766627047,1095796.0
2024-06-07 11:00:00,456.737027102,458.651156917,456.638360616,457.644758766,1528686.0
2024-06-07 11:30:00,457.674358712,457.689158685,456.233828027,457.442492472,1335879.0
2024-06-07 12:00:00,457.447425796,459.482579922,457.190892934,457.833211753,1403125.0
2024-06-07 12:30:00,457.851958386,458.591957025,457.55595893,458.542623783,1378868.0
2024-06-07 13:00:00,458.552490431,459.30235572,457.713825306,459.223422531,1842638.0
2024-06-07 13:30:00,459.232499848,459.529288636,458.56235708,458.82875659,905840.0
2024-06-07 14:00:00,458.818889942,459.154257325,458.572223728,458.572223728,565002.0
2024-06-07 14:30:00,458.572223728,458.601823674,455.779962194,456.894893478,2009588.0
2024-06-07 15:00:00,456.875160181,457.560793587,456.717293805,457.111959746,1156647.0
2024-06-07 15:30:00,457.092226449,457.477025741,455.819428788,456.983693315,1819261.0
2024-06-07 16:00:00,456.973826666,457.210626231,456.263427972,456.786360344,4051143.0
2024-06-10 10:00:00,455.661562412,456.490360888,455.375429605,455.730628952,1918599.0
2024-06-10 10:30:00,455.750362249,456.806093641,455.651695763,456.766627047,1360687.0
2024-06-10 11:00:00,456.766627047,457.565825578,456.44596097,457.48689239,1129164.0
2024-06-10 11:30:00,457.506625687,458.069024653,457.407959202,458.059158005,1243017.0
2024-06-10 12:00:00,458.098624599,458.611690322,457.881558331,458.002424776,1088954.0
2024-06-10 12:30:00,458.009824762,458.818889942,457.89142498,458.483423892,1067360.0
2024-06-10 13:00:00,458.483423892,458.715290132,458.202224408,458.434090649,834647.0
2024-06-10 13:30:00,458.439023973,458.512925171,457.407959202,457.407959202,947894.0
2024-06-10 14:00:00,457.407959202,458.700687492,457.177375626,458.325557515,1134321.0
2024-06-10 14:30:00,458.334338832,458.443957297,456.934360072,457.156359664,1957391.0
2024-06-10 15:00:00,457.11689307,458.039424708,456.697560508,457.743425252,1652007.0
2024-06-10 15:30:00,457.7532919,458.986622967,457.644758766,458.631423619,1885311.0
2024-06-10 16:00:00,458.641290268,458.695556835,457.940758222,458.631423619,3138960.0
2024-06-11 10:00:00,457.358625959,458.108491247,455.868762031,456.786360344,2751476.0
2024-06-11 10:30:00,456.766627047,458.197291084,456.638360616,458.08875795,1890147.0
2024-06-11 11:00:00,458.118357896,459.243155828,457.901784961,459.223422531,1651429.0
2024-06-11 11:30:00,459.193822586,459.272657107,458.315690867,458.779423347,1465431.0
2024-06-11 12:00:00,458.779423347,459.080356128,457.52142566,457.842091737,1377684.0
2024-06-11 12:30:00,457.861825034,458.503157189,457.792758494,458.305824218,692649.0
2024-06-11 13:00:00,458.305922884,458.661023565,458.196304419,458.365024109,579869.0
2024-06-11 13:30:00,458.374890758,459.391155556,458.08875795,458.848489887,1143918.0
2024-06-11 14:00:00,458.858356536,459.97328782,458.823823266,459.933821225,1378769.0
2024-06-11 14:30:00,459.933821225,461.088219103,459.647688418,461.068485806,1596918.0
2024-06-11 15:00:00,461.078352455,461.522351639,460.663953217,461.009285915,1655679.0
2024-06-11 15:30:00,461.009285915,461.305285371,460.496220192,460.634353271,1410788.0
2024-06-11 16:00:00,460.624486623,461.897284283,460.456753598,461.778884501,3032949.0
2024-06-12 10:00:00,465.695943967,468.132907487,465.00527857,467.807406752,4367973.0
2024-06-12 10:30:00,467.817273401,469.040737819,467.531140594,469.021004522,3130905.0
2024-06-12 11:00:00,469.03087117,469.090071061,467.698873619,468.083080912,2617737.0
2024-06-12 11:30:00,468.103406208,468.922338036,467.965273129,468.79900493,1225558.0
2024-06-12 12:00:00,468.838471524,468.848338172,468.103406208,468.377205705,1390411.0
2024-06-12 12:30:00,468.350072422,468.606605283,467.906073238,468.02447302,886840.0
2024-06-12 13:00:00,468.02447302,468.507938798,467.856739995,468.241539288,879642.0
2024-06-12 13:30:00,468.241539288,468.892738091,468.202072694,468.596738635,1295709.0
2024-06-12 14:00:00,468.567138689,468.616471932,467.797540104,468.443805583,1289555.0
2024-06-12 14:30:00,468.340205773,468.784204957,466.801008602,468.622589254,2182645.0
2024-06-12 15:00:00,468.725005066,469.001271225,467.195674544,468.448738907,2571783.0
2024-06-12 15:30:00,468.448738907,470.145802454,466.821037899,467.195674544,3275970.0
2024-06-12 16:00:00,467.215407841,468.705271769,466.41620931,467.827140049,5156229.0
2024-06-13 10:00:00,471.349533575,472.010599026,470.8463345,471.221267144,3966700.0
2024-06-13 10:30:00,471.241000441,471.684999625,468.912471388,469.849802998,2710432.0
2024-06-13 11:00:00,469.859669647,470.37273537,469.346603923,469.405803814,1606277.0
2024-06-13 11:30:00,469.445369075,470.313535479,469.16900425,469.987936078,1258084.0
2024-06-13 12:00:00,469.96820278,470.70820142,469.958336132,470.177869062,1139841.0
2024-06-13 12:30:00,470.185269048,470.20431168,468.09353956,468.279821884,1675849.0
2024-06-13 13:00:00,468.281005882,469.395937166,468.093638226,469.139404304,1565787.0
2024-06-13 13:30:00,469.139404304,470.126069157,469.011137873,469.83993635,1032819.0
2024-06-13 14:00:00,469.859669647,470.145802454,469.336737275,469.731304549,701975.0
2024-06-13 14:30:00,469.761003161,470.392074001,469.267670735,470.170469075,989048.0
2024-06-13 15:00:00,470.1754024,470.629169565,470.096469211,470.501001801,1241468.0
2024-06-13 15:30:00,470.481268504,470.954867633,470.135935805,470.540468395,1466062.0
2024-06-13 16:00:00,470.540468395,471.270600386,470.254335588,470.362868722,3371450.0
2024-06-14 10:00:00,470.165535751,471.763932813,469.70180327,471.665266328,2771234.0
2024-06-14 10:30:00,471.645533031,471.892199244,470.396415327,471.319933629,2670878.0
2024-06-14 11:00:00,471.349533575,471.527133248,470.10633586,471.428466763,1602729.0
2024-06-14 11:30:00,471.428466763,471.507399951,470.70820142,471.162067253,1683078.0
2024-06-14 12:00:00,471.152200604,471.477800006,469.849802998,471.162067253,1629306.0
2024-06-14 12:30:00,471.142333956,471.744199516,470.875934445,470.935134336,1152759.0
2024-06-14 13:00:00,470.925267688,471.615933085,470.757534663,471.487666654,721774.0
2024-06-14 13:30:00,471.507399951,472.355931725,471.37913352,472.168366736,1319314.0
2024-06-14 14:00:00,472.148732106,472.543398047,471.803399407,472.128998809,1093990.0
2024-06-14 14:30:00,472.079665566,472.395398319,471.418501448,472.077198904,1324716.0
2024-06-14 15:00:00,472.074732242,472.494064804,471.507399951,472.296731834,987766.0
2024-06-14 15:30:00,472.237531942,472.582864641,472.099398863,472.444040896,774327.0
2024-06-14 16:00:00,472.424998264,472.868997448,471.793532759,472.799930909,3551051.0
2024-06-17 10:00:00,473.066330419,473.421529766,471.763932813,472.987397231,3082669.0
2024-06-17 10:30:00,472.987397231,473.687929276,472.405264967,472.839397503,2584239.0
2024-06-17 11:00:00,472.878864097,473.579396142,472.780197612,473.5300629,1322577.0
2024-06-17 11:30:00,473.549796197,474.526594401,473.549796197,474.339128079,1793989.0
2024-06-17 12:00:00,474.334194755,474.635127535,474.122061812,474.408194619,1781467.0
2024-06-17 12:30:00,474.408194619,476.036191626,474.252400239,476.006591681,1300798.0
2024-06-17 13:00:00,476.016458329,476.776190266,475.720458873,476.258191218,2578992.0
2024-06-17 13:30:00,476.263913874,477.920721496,476.263913874,477.733156507,1554416.0
2024-06-17 14:00:00,477.743121822,479.558585152,477.674055282,479.464950657,3168433.0
2024-06-17 14:30:00,479.469785315,480.367650331,479.089919346,479.617785043,2973630.0
2024-06-17 15:00:00,479.627651691,479.746051474,479.16391921,479.553651827,2223951.0
2024-06-17 15:30:00,479.553651827,480.160450712,479.094852671,480.091384172,3288251.0
2024-06-17 16:00:00,480.071650875,480.071650875,478.354854031,478.591653596,6310072.0
2024-06-18 10:00:00,478.542320353,479.203385805,477.920721496,478.246320897,3407774.0
2024-06-18 10:30:00,478.256187546,479.065252725,477.999654684,478.275920843,1763223.0
2024-06-18 11:00:00,478.275920843,478.789775898,477.678988607,477.802321713,1504763.0
2024-06-18 11:30:00,477.817121686,478.209123632,476.983389885,477.693788579,1899011.0
2024-06-18 12:00:00,477.678988607,478.453520516,477.585255446,478.418987246,1451900.0
2024-06-18 12:30:00,478.414053922,478.660720135,478.009521332,478.15752106,1678829.0
2024-06-18 13:00:00,478.147654412,478.96658624,477.989788035,478.858053106,777396.0
2024-06-18 13:30:00,478.838319809,479.114585968,478.404187274,479.084986022,1230664.0
2024-06-18 14:00:00,479.094852671,479.420452072,478.700877395,478.798853215,1145636.0
2024-06-18 14:30:00,478.818586512,478.902551691,477.802321713,478.394320625,1217721.0
2024-06-18 15:00:00,478.364720679,478.769253269,478.167387709,478.736989329,908871.0
2024-06-18 15:30:00,478.729786675,478.779119918,478.236454249,478.581786947,1132668.0
2024-06-18 16:00:00,478.56205365,478.946852943,478.118054466,478.739653324,3843859.0
2024-06-20 10:00:00,479.933517796,480.34663437,478.798853215,479.667118285,3488948.0
2024-06-20 10:30:00,479.687739581,479.824984662,476.924189994,478.127921115,2966406.0
2024-06-20 11:00:00,478.088454521,479.257652371,477.930588144,479.252719047,1548519.0
2024-06-20 11:30:00,479.262585696,479.553651827,478.483120462,478.632501521,1634466.0
2024-06-20 12:00:00,478.650853487,479.149513904,477.851654956,478.024321305,1160771.0
2024-06-20 12:30:00,478.009521332,478.349920707,475.641920351,475.680992279,1686999.0
2024-06-20 13:00:00,475.646459009,476.559123999,474.488015806,476.085524869,2360343.0
2024-06-20 13:30:00,476.075658221,476.075658221,474.092461866,474.39832797,1630656.0
2024-06-20 14:00:00,474.408194619,475.029793476,473.224196795,475.010060179,1877321.0
2024-06-20 14:30:00,475.010060179,476.11413815,474.911393694,475.838858656,1684371.0
2024-06-20 15:00:00,475.838858656,475.94739179,474.46739451,474.506959771,1905074.0
2024-06-20 15:30:00,474.516727753,474.891660397,473.303129984,474.8719271,2890770.0
2024-06-20 16:00:00,474.8719271,475.759925468,474.546327698,475.049526773,6158423.0
2024-06-21 10:00:00,474.773260615,475.029793476,472.286865185,473.224196795,4239263.0
2024-06-21 10:30:00,473.224196795,474.53646105,473.115663662,473.520196251,2388256.0
2024-06-21 11:00:00,473.510329603,474.635127535,473.007130528,474.575927644,2231992.0
2024-06-21 11:30:00,474.595660941,475.355392878,474.191128351,474.299661485,4631449.0
2024-06-21 12:00:00,474.289794837,475.967125087,473.835830338,475.967125087,1510453.0
2024-06-21 12:30:00,475.976991735,476.100324842,475.13832661,475.394859472,1146432.0
2024-06-21 13:00:00,475.463926012,475.602059091,474.151661757,474.319394782,1773224.0
2024-06-21 13:30:00,474.260194891,474.664727481,473.451129712,473.760942475,1300543.0
2024-06-21 14:00:00,473.756995816,474.141795109,473.12553031,473.451129712,1797469.0
2024-06-21 14:30:00,473.451129712,474.388461322,473.342596578,474.339128079,1733554.0
2024-06-21 15:00:00,474.339128079,474.344061404,473.618862737,473.904995544,942428.0
2024-06-21 15:30:00,473.904995544,474.556194347,473.86552895,474.210861648,2826077.0
2024-06-21 16:00:00,474.220728297,474.635127535,473.589262791,473.776729113,7627603.0
2024-06-24 10:00:00,472.552803581,473.570682597,471.208807988,473.066684249,3830942.0
2024-06-24 10:30:00,473.096331211,474.282209676,471.604100809,471.851158823,2386910.0
2024-06-24 11:00:00,471.861041143,473.007390326,470.171164331,472.16739308,2732444.0
2024-06-24 11:30:00,472.177275401,472.789979274,471.386689758,472.285980927,2562478.0
2024-06-24 12:00:00,472.294479722,472.621979825,471.683159374,472.444098055,1405427.0
2024-06-24 12:30:00,472.434215735,472.532940117,471.555677439,472.058687554,1407607.0
2024-06-24 13:00:00,472.058687554,472.434215735,470.655398038,470.88269141,1392364.0
2024-06-24 13:30:00,470.87775025,471.237664364,469.716577586,470.11038806,2417782.0
2024-06-24 14:00:00,470.111870408,470.457751627,469.400343329,469.88843114,1846323.0
2024-06-24 14:30:00,469.914223997,470.062458805,469.034697469,469.2422262,1778270.0
2024-06-24 15:00:00,469.2422262,470.492339749,468.925991943,470.161282011,2512249.0
2024-06-24 15:30:00,470.166223171,470.951867654,470.062458805,470.448165776,2342314.0
2024-06-24 16:00:00,470.447869306,470.556574832,468.244111826,468.382464313,7225837.0
2024-06-25 10:00:00,470.467633947,470.961749974,469.528813496,470.477516268,2719002.0
2024-06-25 10:30:00,470.507163229,472.078452195,470.437986986,471.643630092,1729756.0
2024-06-25 11:00:00,471.643630092,472.137746119,471.011161577,471.307631193,2040105.0
2024-06-25 11:30:00,471.317513514,473.145742814,471.317513514,472.869037839,4505114.0
2024-06-25 12:00:00,472.869037839,473.531153315,472.779899307,473.491624033,2129535.0
2024-06-25 12:30:00,473.491624033,473.689270443,472.384804132,472.582450543,1171222.0
2024-06-25 13:00:00,472.592332863,472.592332863,471.080337821,471.500336444,1278681.0
2024-06-25 13:30:00,471.485512963,472.098216836,470.670221518,472.058687554,1319917.0
2024-06-25 14:00:00,472.068569875,472.878920159,471.633747771,472.699061925,756569.0
2024-06-25 14:30:00,472.71092071,473.62997652,472.631862146,473.6200942,1120367.0
2024-06-25 15:00:00,473.6200942,473.659623482,472.503391979,473.284095301,1311775.0
2024-06-25 15:30:00,473.303859942,474.035151662,472.918449441,474.015387021,1238061.0
2024-06-25 16:00:00,473.99562238,474.005504701,473.135860493,473.738682046,3852483.0
2024-06-26 10:00:00,472.918449441,474.618208574,472.701038389,473.965975418,2536641.0
2024-06-26 10:30:00,473.946210777,475.171618524,473.313742263,473.649839984,1524432.0
2024-06-26 11:00:00,473.679388123,474.815854985,473.659623482,473.994140032,1408093.0
2024-06-26 11:30:00,474.015387021,474.222915752,472.503391979,473.610113056,1700998.0
2024-06-26 12:00:00,473.580564917,475.221030127,473.223813146,475.003619075,1285341.0
2024-06-26 12:30:00,475.013501396,475.072795319,474.371150561,474.677601321,821754.0
2024-06-26 13:00:00,474.667620177,474.786208023,473.293977622,474.015387021,1083760.0
2024-06-26 13:30:00,473.98574006,474.242680394,473.08644889,473.758446687,787782.0
2024-06-26 14:00:00,473.738682046,474.390915202,473.521270994,474.252562714,616040.0
2024-06-26 14:30:00,474.252562714,474.252562714,473.6200942,473.906681495,831652.0
2024-06-26 15:00:00,473.901740335,474.277268515,473.402683148,473.471859391,1105999.0
2024-06-26 15:30:00,473.461977071,473.728799725,472.90362596,473.669604625,866663.0
2024-06-26 16:00:00,473.669505802,475.260559409,473.501506353,474.717031779,5008124.0
2024-06-27 10:00:00,474.469973766,477.078906389,474.469973766,476.100556655,3512904.0
2024-06-27 10:30:00,476.080792014,477.414905287,475.616619418,476.56502572,1783320.0
2024-06-27 11:00:00,476.5551434,476.663848926,474.756561062,475.395057792,1408409.0
2024-06-27 11:30:00,475.398911897,475.606440628,474.213033432,474.558914651,1163277.0
2024-06-27 12:00:00,474.54903233,474.588561612,473.659623482,474.479856087,1497160.0
2024-06-27 12:30:00,474.450209125,475.631146429,474.272327355,475.477970461,1096523.0
2024-06-27 13:00:00,475.497735102,476.110438976,475.385175471,475.45820582,1023662.0
2024-06-27 13:30:00,475.517499743,476.041262732,475.319754509,476.021498091,1653398.0
2024-06-27 14:00:00,476.021498091,476.327850028,475.566911346,475.566911346,1214534.0
2024-06-27 14:30:00,475.576793666,475.601499468,474.637973215,475.023383716,1001795.0
2024-06-27 15:00:00,474.993736755,475.863380962,474.805972664,475.794204718,880317.0
2024-06-27 15:30:00,475.813969359,476.18949754,475.557029025,476.00173345,2752956.0
2024-06-27 16:00:00,475.991851129,476.003709914,474.756561062,475.942439526,3788389.0
2024-06-28 10:00:00,476.73302517,478.57113679,476.00173345,478.541489828,2867560.0
2024-06-28 10:30:00,478.541489828,481.466656708,478.541489828,480.073249512,3448575.0
2024-06-28 11:00:00,480.073249512,480.829247033,477.869492032,478.373490379,2481947.0
2024-06-28 11:30:00,478.373490379,478.373490379,476.881259978,477.462933365,2397131.0
2024-06-28 12:00:00,477.454434569,478.156079327,477.246905838,477.64713982,1050659.0
2024-06-28 12:30:00,477.632316339,477.790433467,475.586675987,476.74290749,1848496.0
2024-06-28 13:00:00,476.73302517,476.891241121,474.736796421,475.922674885,1894755.0
2024-06-28 13:30:00,475.912792565,476.772554452,475.468088141,476.238909143,1549653.0
2024-06-28 14:00:00,476.238909143,476.495849477,475.754675436,475.983154687,849029.0
2024-06-28 14:30:00,475.927616046,476.752789811,475.181500845,475.369363758,1442926.0
2024-06-28 15:00:00,475.389029576,475.863380962,475.161736204,475.339716797,1736538.0
2024-06-28 15:30:00,475.359382615,475.448323499,474.776325703,474.835619626,1902025.0
2024-06-28 16:00:00,474.835619626,475.448323499,472.829508556,473.471859391,8416342.0
2024-07-01 10:00:00,474.390915202,474.746678741,471.332336995,472.463862696,3631948.0
2024-07-01 10:30:00,472.493509658,473.778211328,470.650456877,473.570682597,3058376.0
2024-07-01 11:00:00,473.600329558,473.906681495,471.880805785,472.913508281,2349309.0
2024-07-01 11:30:00,472.88880248,474.074680944,472.404568773,473.936921396,1289262.0
2024-07-01 12:00:00,473.916563816,474.558914651,473.298918782,474.529267689,1034919.0
2024-07-01 12:30:00,474.529267689,475.566911346,474.114210227,475.507617423,1999685.0
2024-07-01 13:00:00,475.487852782,475.744793116,475.151853883,475.424210637,1024338.0
2024-07-01 13:30:00,475.418676538,475.576694843,474.54903233,475.240794768,828395.0
2024-07-01 14:00:00,475.230912448,475.458106997,474.807949128,475.09255996,635714.0
2024-07-01 14:30:00,475.102442281,476.288320745,474.677502497,475.250677089,1128590.0
2024-07-01 15:00:00,475.230912448,475.557029025,474.875148908,475.433500019,1023230.0
2024-07-01 15:30:00,475.423617698,476.164791739,474.707149459,475.265500569,1446488.0
2024-07-01 16:00:00,475.260559409,476.812083734,475.161637381,476.248791463,3630083.0
2024-07-02 10:00:00,474.756561062,477.493963851,474.628090895,476.653966605,3223925.0
2024-07-02 10:30:00,476.683613567,477.306199761,475.616322949,476.56502572,1558900.0
2024-07-02 11:00:00,476.584790362,478.086903084,476.5551434,477.770372357,1579956.0
2024-07-02 11:30:00,477.780551147,478.235137892,477.167847273,478.116550045,1456075.0
2024-07-02 12:00:00,478.136314686,478.828077124,477.276552799,477.395140646,1532616.0
2024-07-02 12:30:00,477.335846723,477.741021865,476.703378208,477.652179803,976325.0
2024-07-02 13:00:00,477.65208098,478.185726289,477.503846172,478.175843968,524572.0
2024-07-02 13:30:00,478.181476891,479.596921662,478.01772684,479.322193151,1598071.0
2024-07-02 14:00:00,479.332075472,480.241248961,478.996076573,480.093014153,1229321.0
2024-07-02 14:30:00,480.073249512,480.567365539,479.974426307,480.428815405,1188050.0
2024-07-02 15:00:00,480.419130731,480.824305873,480.112778794,480.405295482,1322694.0
2024-07-02 15:30:00,480.389483769,480.676071065,480.152308076,480.493248135,1333744.0
2024-07-02 16:00:00,480.498189295,481.30853958,480.102896474,481.249245656,5364682.0
2024-07-03 10:00:00,480.498189295,482.118889864,480.498189295,481.950890415,2718394.0
2024-07-03 10:30:00,481.950890415,482.454888762,480.972540681,481.565479914,2136782.0
2024-07-03 11:00:00,481.555597593,482.998416392,481.357654713,482.805711141,1979735.0
2024-07-03 11:30:00,482.820534622,483.808766676,482.326517418,483.561708663,1765146.0
2024-07-03 12:00:00,483.581473304,484.42147055,483.166415841,484.362176627,1376042.0
2024-07-03 12:30:00,484.342411985,485.389937963,484.273235742,485.384996802,2001863.0
2024-07-03 13:00:00,485.380055642,485.389937963,484.125000934,485.261467796,4582658.0
2024-07-05 10:00:00,486.101465042,487.890165059,485.804995425,487.801224174,3497524.0
2024-07-05 10:30:00,487.850635777,488.522337104,486.611392781,487.880282739,2594677.0
2024-07-05 11:00:00,487.890165059,488.690633023,487.267578865,488.018635226,1986644.0
2024-07-05 11:30:00,488.008752906,489.066161204,487.71228329,488.858632472,1750682.0
2024-07-05 12:00:00,488.858632472,489.945687732,488.848750152,489.698629718,1858939.0
2024-07-05 12:30:00,489.708512039,490.187804585,489.37251314,490.153216463,1374861.0
2024-07-05 13:00:00,490.143334142,490.172981104,489.253925294,489.535571429,1308398.0
2024-07-05 13:30:00,489.520747948,490.28662779,489.234160653,490.124261264,1901542.0
2024-07-05 14:00:00,490.143334142,490.64733249,490.138392982,490.337719387,1677587.0
2024-07-05 14:30:00,490.365686355,490.46945072,489.807335244,489.845283355,1406203.0
2024-07-05 15:00:00,489.836982206,490.163098784,489.649218115,490.11922128,1410766.0
2024-07-05 15:30:00,490.10380486,490.588038567,489.995099334,490.335051161,1232114.0
2024-07-05 16:00:00,490.331098233,490.756038016,490.182863425,490.321215912,3850646.0
2024-07-08 10:00:00,490.686861772,491.19086012,489.946675964,490.775802657,3069223.0
2024-07-08 10:30:00,490.775802657,490.933919786,489.856746847,490.499097682,2027231.0
2024-07-08 11:00:00,490.499097682,490.716508734,489.668982757,490.163098784,1761610.0
2024-07-08 11:30:00,490.163098784,491.507094377,490.039569777,491.413212332,2229344.0
2024-07-08 12:00:00,491.418153492,491.625682223,490.805449619,491.557296565,1337989.0
2024-07-08 12:30:00,491.576270621,491.615799903,490.172981104,490.499097682,1485232.0
2024-07-08 13:00:00,490.489215361,490.933919786,490.222392707,490.781732049,863756.0
2024-07-08 13:30:00,490.805449619,491.171095479,490.617685528,491.151330838,692769.0
2024-07-08 14:00:00,491.151330838,491.596035262,490.993312532,491.260036363,931983.0
2024-07-08 14:30:00,491.250154043,491.299565646,490.726489877,491.19797539,708172.0
2024-07-08 15:00:00,491.19580128,491.19580128,490.182863425,491.067331113,1662680.0
2024-07-08 15:30:00,491.062389953,491.064366417,490.410156797,490.553450445,933129.0
2024-07-08 16:00:00,490.543568124,492.035798526,490.385450996,491.487329736,3001431.0
2024-07-09 10:00:00,492.999324778,493.952968711,492.890619253,493.628136834,2472570.0
2024-07-09 10:30:00,493.641675614,494.116027,492.268033059,492.515091072,2855366.0
2024-07-09 11:00:00,492.495326431,493.38473528,491.941916481,492.64573535,2281131.0
2024-07-09 11:30:00,492.613914277,493.048736381,491.704740788,492.129680571,1526315.0
2024-07-09 12:00:00,492.129581748,492.584267316,491.773917032,492.542267454,1031550.0
2024-07-09 12:30:00,492.534855713,492.821443009,492.149445212,492.396503226,904570.0
2024-07-09 13:00:00,492.396503226,492.505208751,491.062488776,491.858904988,1634546.0
2024-07-09 13:30:00,491.843093275,492.208739135,490.400274476,490.805449619,1590517.0
2024-07-09 14:00:00,490.785684978,491.55650598,490.727379286,491.462623935,808700.0
2024-07-09 14:30:00,491.447800454,491.684976147,491.101919235,491.191255412,1148356.0
2024-07-09 15:00:00,491.210624761,491.92215184,491.02286067,491.75415239,2770661.0
2024-07-09 15:30:00,491.75415239,491.92215184,491.319330287,491.5663883,1377979.0
2024-07-09 16:00:00,491.545635427,492.050622007,491.358859569,491.912269519,2974110.0
2024-07-10 10:00:00,493.829439704,494.30379109,492.959795496,493.967792191,2925556.0
2024-07-10 10:30:00,493.992497993,494.71291916,493.602146331,494.155556282,1712994.0
2024-07-10 11:00:00,494.155556282,494.195085564,493.032628199,493.164853648,1882149.0
2024-07-10 11:30:00,493.137677266,493.730616498,492.524973393,493.71648478,1394914.0
2024-07-10 12:00:00,493.725675338,494.086380038,493.592264011,494.046850756,1028539.0
2024-07-10 12:30:00,494.027086115,495.183317618,493.888733627,495.163552977,1534065.0
2024-07-10 13:00:00,495.183317618,495.988726742,494.993280594,495.944256299,2020406.0
2024-07-10 13:30:00,495.924491658,496.408725365,495.76637453,496.076679395,1656508.0
2024-07-10 14:00:00,496.112255749,496.724959622,495.973903261,496.566842493,1994022.0
2024-07-10 14:30:00,496.566842493,496.774371225,496.260490557,496.398941867,994815.0
2024-07-10 15:00:00,496.418607685,497.0510762,496.3296668,496.724959622,1089186.0
2024-07-10 15:30:00,496.715077302,496.715077302,496.092392284,496.483435708,1464864.0
2024-07-10 16:00:00,496.477901609,497.59460383,496.349431442,497.041193879,5121107.0
2024-07-11 10:00:00,497.149899405,497.357428137,495.420493311,496.561901333,4416151.0
2024-07-11 10:30:00,496.576724814,496.596588278,491.49731088,492.340865761,4608476.0
2024-07-11 11:00:00,492.312503501,493.157441907,490.182863425,490.262910221,3280537.0
2024-07-11 11:30:00,490.261921989,491.289683325,488.45345733,488.63628026,4265973.0
2024-07-11 12:00:00,488.6313391,488.908044075,487.218167263,487.300388169,4338367.0
2024-07-11 12:30:00,487.316990468,488.473221971,486.704286595,488.112517271,2470248.0
2024-07-11 13:00:00,488.08781147,488.749926946,486.328758414,486.516522504,2914218.0
2024-07-11 13:30:00,486.536287145,487.465225276,485.982877195,487.465225276,2329540.0
2024-07-11 14:00:00,487.445460635,487.445460635,485.15276227,485.261467796,2597906.0
2024-07-11 14:30:00,485.261467796,486.457228581,484.950174699,485.745701502,2067729.0
2024-07-11 15:00:00,485.735819182,487.17863798,485.695104021,487.109461737,2212315.0
2024-07-11 15:30:00,487.139108698,487.732047931,486.239817529,486.338640735,2766528.0
2024-07-11 16:00:00,486.318876093,487.603577764,486.052053439,486.140994324,7038444.0
2024-07-12 10:00:00,486.714168915,489.214396012,486.24969985,489.066161204,3921016.0
2024-07-12 10:30:00,489.085925845,490.10380486,488.581927497,489.204513691,3611080.0
2024-07-12 11:00:00,489.244042973,491.838152115,489.125455127,491.269918684,2622039.0
2024-07-12 11:30:00,491.260036363,491.961681122,490.943802106,491.724505429,1457814.0
2024-07-12 12:00:00,491.704740788,491.961681122,490.182863425,490.28168663,1164900.0
2024-07-12 12:30:00,490.222392707,490.736273375,489.347115577,490.064275578,1909625.0
2024-07-12 13:00:00,490.074157899,491.19086012,489.797452924,491.151330838,1142001.0
2024-07-12 13:30:00,491.146389677,492.040739686,490.973449068,492.030857366,1808715.0
2024-07-12 14:00:00,492.020975045,493.740498819,491.843883861,492.989442458,2713336.0
2024-07-12 14:30:00,493.01908942,493.335323677,492.337209302,492.84120765,1416612.0
2024-07-12 15:00:00,492.860972291,493.068501022,492.584267316,493.015136491,860143.0
2024-07-12 15:30:00,493.01908942,493.068501022,491.882622557,492.258150738,2314001.0
2024-07-12 16:00:00,492.228503776,492.238386097,488.285457881,488.99698496,7135513.0
2024-07-15 10:00:00,490.765920336,492.100033609,490.084040219,491.180977799,3761993.0
2024-07-15 10:30:00,491.220507081,492.554620354,491.111801555,492.445914828,1533714.0
2024-07-15 11:00:00,492.455797149,493.758286996,492.376738584,493.493440805,1869217.0
2024-07-15 11:30:00,493.503323126,495.114141374,493.434640998,493.641675614,2213203.0
2024-07-15 12:00:00,493.631793293,493.908498268,492.006151564,492.880736932,2165418.0
2024-07-15 12:30:00,492.85108997,492.949913176,490.548509285,491.991328083,3005463.0
2024-07-15 13:00:00,491.961681122,492.524973393,491.210624761,491.714623108,1683299.0
2024-07-15 13:30:00,491.724505429,491.734387749,490.182863425,490.64733249,1851614.0
2024-07-15 14:00:00,490.588038567,490.686861772,489.491100987,489.757923641,1676667.0
2024-07-15 14:30:00,489.787570603,490.568273926,489.253925294,490.528744643,1710904.0
2024-07-15 15:00:00,490.528744643,491.299565646,490.037395666,490.864743542,1290580.0
2024-07-15 15:30:00,490.904272824,491.507094377,490.59861265,491.00803719,1916242.0
2024-07-15 16:00:00,491.034719455,491.368741889,488.27557556,490.311333592,4848205.0
2024-07-16 10:00:00,491.764034711,492.574384995,489.767805962,490.074157899,3027678.0
2024-07-16 10:30:00,490.10380486,490.420039118,487.830871136,488.710397664,3072612.0
2024-07-16 11:00:00,488.700515344,490.044510937,488.404045727,489.155102088,1538586.0
2024-07-16 11:30:00,489.135337447,490.736273375,488.730162305,489.530630269,1352191.0
2024-07-16 12:00:00,489.515806788,489.955570052,488.789456228,489.392277781,1871875.0
2024-07-16 12:30:00,489.431807064,489.757923641,487.475107597,487.870400418,1622760.0
2024-07-16 13:00:00,487.869412186,489.332983858,487.34663743,489.265388786,1436544.0
2024-07-16 13:30:00,489.253925294,489.253925294,488.206399317,488.44357501,1203403.0
2024-07-16 14:00:00,488.45345733,488.977220319,488.068046829,488.779573908,1257968.0
2024-07-16 14:30:00,488.759809267,489.263807614,487.850635777,488.972279158,1201027.0
2024-07-16 15:00:00,488.947573357,490.291568951,488.80922087,490.291568951,1678613.0
2024-07-16 15:30:00,490.28168663,490.360745194,489.580041872,490.024746296,1358256.0
2024-07-16 16:00:00,490.024746296,490.884508183,489.639335795,490.499097682,3170954.0
2024-07-17 10:00:00,482.533947327,483.046246823,481.269010298,481.32336306,7326811.0
2024-07-17 10:30:00,481.30853958,481.367833503,478.660077675,479.460545639,5523281.0
2024-07-17 11:00:00,479.440780998,480.616777142,478.837959445,479.272781548,3137287.0
2024-07-17 11:30:00,479.253016907,479.934897025,478.511842867,479.450663318,2789848.0
2024-07-17 12:00:00,479.450663318,479.549486524,477.602669377,478.39325502,3142107.0
2024-07-17 12:30:00,478.413019661,478.482195905,476.960318542,477.177729594,2857492.0
2024-07-17 13:00:00,477.167847273,477.968315237,476.525496438,477.879176706,3654340.0
2024-07-17 13:30:00,477.800315788,477.928785955,476.624319644,477.444552249,2344544.0
2024-07-17 14:00:00,477.414905287,478.343843418,476.821966055,477.088788709,1651426.0
2024-07-17 14:30:00,477.09867103,478.067138443,476.644084285,477.741021865,1933985.0
2024-07-17 15:00:00,477.730546605,478.116550045,476.616907903,476.989965504,3133313.0
2024-07-17 15:30:00,476.970200863,477.83984507,476.268556104,477.65208098,3382317.0
2024-07-17 16:00:00,477.642198659,478.047373801,476.031380411,476.100556655,9084043.0
2024-07-18 10:00:00,479.816309178,479.994190948,476.881259978,478.01772684,4790669.0
2024-07-18 10:30:00,477.978197558,478.951606131,477.385258325,477.55128131,2569065.0
2024-07-18 11:00:00,477.533493133,477.533493133,473.827622931,476.110438976,4925793.0
2024-07-18 11:30:00,476.130203617,476.476084836,471.994452471,472.117981477,3986327.0
2024-07-18 12:00:00,472.117981477,473.086350067,471.25080785,471.544806886,3759792.0
2024-07-18 12:30:00,471.525042245,472.651626787,470.971632295,472.414451094,2544384.0
2024-07-18 13:00:00,472.404568773,474.341503599,472.108099157,474.311856637,2668320.0
2024-07-18 13:30:00,474.301974317,475.10303522,472.948096403,474.074680944,1775593.0
2024-07-18 14:00:00,474.084563265,474.815756162,473.106213531,473.363153866,1850235.0
2024-07-18 14:30:00,473.412565468,473.80785829,472.621979825,472.849174374,2848726.0
2024-07-18 15:00:00,472.789979274,473.017272647,471.663394733,472.770214633,1942593.0
2024-07-18 15:30:00,472.760332313,473.323624583,470.665280358,472.197040042,4026826.0
2024-07-18 16:00:00,472.187157721,475.468088141,471.920335067,473.847387572,6576494.0
2024-07-19 10:00:00,473.511388674,476.021498091,472.71092071,473.866262804,5148435.0
2024-07-19 10:30:00,473.877034534,474.628090895,471.841276502,471.900570426,2938403.0
2024-07-19 11:00:00,471.930217387,472.799861595,471.285297149,472.478686177,3435975.0
2024-07-19 11:30:00,472.503391979,473.639858841,470.497280909,470.59412765,1950122.0
2024-07-19 12:00:00,470.635633396,472.256333965,469.59798974,472.246451644,3699332.0
2024-07-19 12:30:00,472.206922362,472.463862696,470.378693062,470.596104114,1517879.0
2024-07-19 13:00:00,470.596104114,470.769044724,469.143402995,470.15139969,2220778.0
2024-07-19 13:30:00,470.161282011,470.200811293,468.362699672,469.261990841,1905437.0
2024-07-19 14:00:00,469.23234388,470.032811844,468.589993045,469.983400241,2098850.0
2024-07-19 14:30:00,469.97351792,470.556574832,469.301520124,469.317924776,1430930.0
2024-07-19 15:00:00,469.380578688,470.022929523,468.757992494,469.9636356,3064215.0
2024-07-19 15:30:00,469.956223859,471.455866001,469.884577035,471.0704555,2154099.0
2024-07-19 16:00:00,471.06057318,471.139631744,469.05446211,469.647401342,6220634.0
2024-07-22 10:00:00,475.497735102,477.177729594,473.797975969,475.870199763,5554067.0
2024-07-22 10:30:00,475.932557206,476.090674335,474.084563265,475.670675712,3841729.0
2024-07-22 11:00:00,475.705263833,477.009730145,474.924560511,475.512558583,3681792.0
2024-07-22 11:30:00,475.537264384,476.535378759,472.572568222,472.770214633,4274646.0
2024-07-22 12:00:00,472.770214633,473.62997652,472.137746119,473.427388949,2153839.0
2024-07-22 12:30:00,473.44221243,474.400797522,472.750449992,474.045033983,1249922.0
2024-07-22 13:00:00,474.054916303,475.972086488,473.788093649,475.695381513,1271870.0
2024-07-22 13:30:00,475.710204994,476.456320195,475.606440628,476.150067081,966130.0
2024-07-22 14:00:00,476.169732899,476.970200863,476.110438976,476.594672682,1400895.0
2024-07-22 14:30:00,476.604555003,477.6619633,476.436555553,477.088788709,1312177.0
2024-07-22 15:00:00,477.128317991,477.59288588,476.866436497,476.866436497,1378988.0
2024-07-22 15:30:00,476.871377657,477.167847273,476.140085937,476.525496438,1825528.0
2024-07-22 16:00:00,476.525496438,477.419846447,476.1944387,476.644084285,5672457.0
2024-07-23 10:00:00,475.744793116,477.592787057,475.211147806,476.901024619,2952751.0
2024-07-23 10:30:00,476.960318542,477.879374352,475.833734001,477.197494235,2140390.0
2024-07-23 11:00:00,477.197494235,477.266670479,475.043148357,476.01161577,2051244.0
2024-07-23 11:30:00,475.981968809,478.729253919,475.972086488,478.235137892,1659648.0
2024-07-23 12:00:00,478.254902533,478.463024203,477.394053591,477.553356598,896239.0
2024-07-23 12:30:00,477.543375454,477.725506621,475.290206371,475.942439526,1946136.0
2024-07-23 13:00:00,475.912792565,476.258673784,475.062912998,475.57689249,1309052.0
2024-07-23 13:30:00,475.566911346,476.159850578,474.805972664,475.893027924,1030558.0
2024-07-23 14:00:00,475.809028199,476.485967156,475.428558858,476.308085386,1113604.0
2024-07-23 14:30:00,476.288320745,476.703378208,475.487852782,475.833734001,991930.0
2024-07-23 15:00:00,475.863380962,476.535378759,475.743310768,476.209262181,773600.0
2024-07-23 15:30:00,476.19937986,476.653966605,475.991851129,476.476084836,719364.0
2024-07-23 16:00:00,476.456320195,476.456320195,474.489738407,474.964089793,2814184.0
2024-07-24 10:00:00,468.244111826,468.609757686,465.02247533,465.279415664,6242416.0
2024-07-24 10:30:00,465.269533343,465.526473677,464.202242725,464.66671179,3783956.0
2024-07-24 11:00:00,464.676594111,464.953299086,462.911611662,463.500597967,3425076.0
2024-07-24 11:30:00,463.490715646,463.668597416,461.90954436,462.512365913,2427284.0
2024-07-24 12:00:00,462.522248233,462.986717299,461.613074743,461.647662865,2546056.0
2024-07-24 12:30:00,461.678495705,461.830485795,460.753312856,460.990488549,2988537.0
2024-07-24 13:00:00,460.970723908,461.513658599,460.417412781,460.743430536,3505648.0
2024-07-24 13:30:00,460.743430536,462.146720053,460.45684324,461.336369768,2651214.0
2024-07-24 14:00:00,461.37589905,462.018249886,460.605078048,460.70686595,2587632.0
2024-07-24 14:30:00,460.713783574,460.960841588,459.873786328,459.997315335,2197937.0
2024-07-24 15:00:00,460.002256495,460.229549868,458.421085209,458.9942598,3071379.0
2024-07-24 15:30:00,458.999200961,459.16225925,458.124615593,458.26296808,4000989.0
2024-07-24 16:00:00,458.272850401,460.377784676,457.067207295,457.926969182,12927294.0
2024-07-25 10:00:00,458.26296808,458.490261453,453.470042618,453.796159196,5950248.0
2024-07-25 10:30:00,453.786276876,455.154978271,450.268170764,454.942508379,10923261.0
2024-07-25 11:00:00,454.952390699,458.311885567,454.092628813,458.243203439,4952902.0
2024-07-25 11:30:00,458.243203439,459.765080802,456.721424899,457.944757359,4314296.0
2024-07-25 12:00:00,457.936851503,458.757084107,456.543444306,458.727437146,2461560.0
2024-07-25 12:30:00,458.717554825,461.583427782,457.689793489,461.247428883,2983697.0
2024-07-25 13:00:00,461.277075845,461.711897949,460.308608432,461.069547114,2316997.0
2024-07-25 13:30:00,461.099194075,462.433307348,459.004142121,459.448747722,2689733.0
2024-07-25 14:00:00,459.488375827,460.338255394,458.957102275,460.012138816,1937232.0
2024-07-25 14:30:00,460.051569275,460.140608983,457.650264207,458.381555927,2058928.0
2024-07-25 15:00:00,458.381555927,458.954730518,455.742976343,456.142222092,2324941.0
2024-07-25 15:30:00,456.138269164,458.934965877,456.049328279,458.292615042,2327330.0
2024-07-25 16:00:00,458.233321119,458.450732171,452.659692334,452.877103386,8126463.0
2024-07-26 10:00:00,457.205559783,457.264853706,454.814038212,456.543444306,4405431.0
2024-07-26 10:30:00,456.582973589,457.917086861,454.448392352,456.61262055,3893073.0
2024-07-26 11:00:00,456.60273823,456.879443205,454.359451467,456.375444857,3413326.0
2024-07-26 11:30:00,456.385327178,457.195677462,455.565094573,455.970269715,1970681.0
2024-07-26 12:00:00,455.970269715,457.996145426,455.733094022,457.768852053,2834283.0
2024-07-26 12:30:00,457.778734374,459.300611737,457.600852604,458.895436595,3039767.0
2024-07-26 13:00:00,458.905318915,460.239432188,458.836142672,459.982491854,2138052.0
2024-07-26 13:30:00,459.982491854,460.44696092,459.458728866,460.26907915,2169628.0
2024-07-26 14:00:00,460.26907915,460.367902355,456.958501769,458.06532167,4079254.0
2024-07-26 14:30:00,457.986263105,458.668143223,457.304382988,457.602829068,1380655.0
2024-07-26 15:00:00,457.630499566,458.094968631,456.187680767,456.43473878,1342829.0
2024-07-26 15:30:00,456.454503422,457.917086861,455.861564189,457.719440451,2080290.0
2024-07-26 16:00:00,457.719440451,457.8874399,455.841799548,457.52179404,4470118.0
2024-07-29 10:00:00,460.229549868,462.166484694,458.737319466,461.968838283,3920948.0
2024-07-29 10:30:00,461.949073642,462.403660387,459.201788532,460.432137439,2433551.0
2024-07-29 11:00:00,460.45684324,461.109076396,458.648378581,458.757084107,1917616.0
2024-07-29 11:30:00,458.762025268,458.964612839,456.994078123,457.936851503,1838489.0
2024-07-29 12:00:00,457.946733823,459.893550969,456.182739607,459.616845994,1897321.0
2024-07-29 12:30:00,459.676139918,461.484604576,459.666257597,460.605078048,3027502.0
2024-07-29 13:00:00,460.607054512,461.55378082,460.348137714,460.69915774,1129203.0
2024-07-29 13:30:00,460.753312856,461.697074468,459.567434392,459.587199033,1104434.0
2024-07-29 14:00:00,459.597081353,460.526019484,459.231435493,459.46070533,1500001.0
2024-07-29 14:30:00,459.498258148,459.52790511,458.490261453,458.62861394,1185231.0
2024-07-29 15:00:00,458.628712764,458.79661339,457.838028297,458.658260902,1256871.0
2024-07-29 15:30:00,458.687907864,459.389552622,458.292615042,459.152376929,1213300.0
2024-07-29 16:00:00,459.152376929,459.760139642,458.124615593,458.44084985,3296224.0
2024-07-30 10:00:00,460.367902355,461.070535346,458.401320568,458.846024992,2881395.0
2024-07-30 10:30:00,458.865789633,459.300611737,457.294500667,457.432951978,2149154.0
2024-07-30 11:00:00,457.452617796,457.71449929,455.841799548,456.034504799,2569646.0
2024-07-30 11:30:00,455.990034356,456.24203353,452.936397309,454.05309953,3249917.0
2024-07-30 12:00:00,453.993805607,454.318933953,451.740636524,451.819695088,2442391.0
2024-07-30 12:30:00,451.829577409,452.857338745,451.30581442,451.987694537,1753716.0
2024-07-30 13:00:00,451.928400614,452.274281833,449.022998375,449.131703901,2204883.0
2024-07-30 13:30:00,449.131703901,451.335461382,448.805587324,451.325579061,2509466.0
2024-07-30 14:00:00,451.33140963,452.348596884,450.861109996,452.017341499,1836017.0
2024-07-30 14:30:00,452.066753102,453.49968958,451.681342601,452.857338745,1712513.0
2024-07-30 15:00:00,452.827691783,453.331690131,451.928400614,452.39286968,1946195.0
2024-07-30 15:30:00,452.39286968,452.39286968,451.315696741,451.958047576,2715938.0
2024-07-30 16:00:00,451.948165255,453.835688478,451.177443076,452.145811666,6544968.0
2024-07-31 10:00:00,462.364131104,463.38201012,460.921312306,462.82860017,7711914.0
2024-07-31 10:30:00,462.858247131,464.755652675,462.423425028,464.044125596,3370286.0
2024-07-31 11:00:00,464.054007917,465.289297984,463.332598517,464.29118361,2809997.0
2024-07-31 11:30:00,464.29118361,465.239886382,464.054007917,465.200357099,1545106.0
2024-07-31 12:00:00,465.180592458,465.813060973,464.231889687,464.726005714,1821492.0
2024-07-31 12:30:00,464.730946874,465.220121741,463.974949353,464.251654328,1480354.0
2024-07-31 13:00:00,464.212125045,464.5381428,463.658715095,463.73777366,1002660.0
2024-07-31 13:30:00,463.777302942,464.982847224,463.579656531,464.063890237,985095.0
2024-07-31 14:00:00,464.034243276,464.202242725,461.804396469,463.777302942,1882336.0
2024-07-31 14:30:00,463.787185262,465.091651574,463.026246581,464.814946598,2010169.0
2024-07-31 15:00:00,464.894005163,467.166938887,464.162713443,466.801293027,2986068.0
2024-07-31 15:30:00,466.830939989,467.22623281,463.525303768,464.024360955,3679733.0
2024-07-31 16:00:00,464.034243276,466.820958845,463.658715095,465.526473677,8094533.0
2024-08-01 10:00:00,466.208353795,469.953753279,465.753865873,469.123638354,4270680.0
2024-08-01 10:30:00,469.034697469,469.578225099,464.310948251,464.340595212,2990816.0
2024-08-01 11:00:00,464.390006815,464.923652124,461.553879643,461.870015077,3613296.0
2024-08-01 11:30:00,461.860132757,462.166484694,459.695904559,459.982491854,3370473.0
2024-08-01 12:00:00,460.022021137,460.466725561,457.215442103,457.610734925,3573638.0
2024-08-01 12:30:00,457.600852604,459.389552622,456.573091268,457.384429784,4148632.0
2024-08-01 13:00:00,457.368618072,457.442735476,455.545329932,455.930740433,2780271.0
2024-08-01 13:30:00,455.980152036,456.296386293,453.428536872,454.102511133,2634882.0
2024-08-01 14:00:00,454.112393454,454.280392903,451.681342601,454.201334338,4183891.0
2024-08-01 14:30:00,454.191452018,454.557097878,451.256896934,451.760401165,3717779.0
2024-08-01 15:00:00,451.740636524,452.313811115,450.614051982,451.127932651,3069213.0
2024-08-01 15:30:00,451.048874086,453.232866926,450.959933201,453.163690682,3648680.0
2024-08-01 16:00:00,453.173573002,455.209331034,452.541104488,454.250745941,8234478.0
2024-08-02 10:00:00,445.583950828,448.232412732,443.009606327,443.815015451,9105062.0
2024-08-02 10:30:00,443.80513313,444.813129825,439.239501041,441.690316535,8655611.0
2024-08-02 11:00:00,441.665610733,443.231958539,439.806350947,440.207968454,6358338.0
2024-08-02 11:30:00,440.207968454,442.33266737,439.723734747,441.500081864,5762935.0
2024-08-02 12:00:00,441.507493605,445.094775961,441.127024264,444.289366837,4460109.0
2024-08-02 12:30:00,444.289366837,445.030540877,442.530313781,444.16089667,3089546.0
2024-08-02 13:00:00,444.151014349,445.188658006,441.631022612,442.194314882,2931428.0
2024-08-02 13:30:00,442.214079523,443.419722629,441.532199406,441.631022612,2156443.0
2024-08-02 14:00:00,441.61125797,441.957139189,440.707025641,441.789238563,2007753.0
2024-08-02 14:30:00,441.795069133,443.320899424,440.889848571,443.281370142,2041474.0
2024-08-02 15:00:00,443.261605501,444.111485067,441.97196267,442.046080074,2515520.0
2024-08-02 15:30:00,442.090550517,443.518545835,441.739728138,443.266546661,2500737.0
2024-08-02 16:00:00,443.25172318,443.913838656,441.117141943,443.469134232,7808679.0
2024-08-05 10:00:00,419.712035654,429.090357846,418.466863266,427.440010316,13974967.0
2024-08-05 10:30:00,427.449892637,432.914815895,426.77789484,426.827306443,8033008.0
2024-08-05 11:00:00,426.837188763,432.124230252,426.649424673,428.882829115,5762046.0
2024-08-05 11:30:00,428.853182153,434.733162875,427.588245124,432.677640202,5899589.0
2024-08-05 12:00:00,432.667757882,434.64422199,431.402820853,432.756698767,5031144.0
2024-08-05 12:30:00,432.702346004,437.085155163,431.748702072,436.956684996,3971242.0
2024-08-05 13:00:00,436.941861515,436.941861515,430.681411453,431.215056762,3681971.0
2024-08-05 13:30:00,431.16564516,433.715283859,430.750587697,432.430582189,2658248.0
2024-08-05 14:00:00,432.430582189,434.179752924,431.709172789,432.069877489,3194707.0
2024-08-05 14:30:00,432.035289367,432.293514403,429.693179399,431.076704275,3277205.0
2024-08-05 15:00:00,431.027292672,431.699290469,427.637656727,427.953890984,4788947.0
2024-08-05 15:30:00,427.973655625,430.147766144,427.963773305,429.732708681,4405947.0
2024-08-05 16:00:00,429.693179399,430.908704826,428.121890433,430.246589349,11467204.0
2024-08-06 10:00:00,432.08470097,434.426810938,429.446121386,433.636225295,8166695.0
2024-08-06 10:30:00,433.616460654,435.74115957,432.736934126,434.150105963,5297647.0
2024-08-06 11:00:00,434.169870604,438.399503795,433.349637999,437.500113803,4829494.0
2024-08-06 11:30:00,437.490330305,438.31056291,434.65410431,434.713398234,3059911.0
2024-08-06 12:00:00,434.743045195,438.616914847,434.693633592,438.458797718,2714497.0
2024-08-06 12:30:00,438.468680039,439.358088887,437.836903287,438.241386666,2909768.0
2024-08-06 13:00:00,438.271033628,440.919495533,437.855976165,440.494555749,3559886.0
2024-08-06 13:30:00,440.514320391,440.998554097,439.526088337,440.385850224,2466658.0
2024-08-06 14:00:00,440.395732544,440.889848571,439.358088887,440.287224665,2549321.0
2024-08-06 14:30:00,440.356203262,441.344435316,439.491500215,441.176435867,1986407.0
2024-08-06 15:00:00,441.196200508,441.808904381,439.565617619,439.565617619,3231687.0
2024-08-06 15:30:00,439.59526458,439.644676183,436.6700977,438.439033077,5953530.0
2024-08-06 16:00:00,438.468680039,438.844208219,434.248929168,434.357634694,8572397.0
2024-08-07 10:00:00,441.23572979,443.716192246,440.899730892,442.836665717,5886777.0
2024-08-07 10:30:00,442.846548038,443.696427604,440.069615966,440.731731442,3795784.0
2024-08-07 11:00:00,440.791025366,443.409840309,440.31667398,442.609372345,2432160.0
2024-08-07 11:30:00,442.658783948,443.479016553,440.830554648,441.542081727,2389783.0
2024-08-07 12:00:00,441.532199406,442.026315433,438.577385565,439.96091044,2847421.0
2024-08-07 12:30:00,439.990557402,440.069615966,437.124684445,439.555636475,2360186.0
2024-08-07 13:00:00,439.506323695,439.77314635,436.581156816,437.134566766,6538301.0
2024-08-07 13:30:00,437.075272843,437.510094946,434.10069436,435.167984978,4394367.0
2024-08-07 14:00:00,435.153161498,436.29456952,432.687522523,433.240932473,4661754.0
2024-08-07 14:30:00,433.171756229,433.596696013,430.7999993,432.331758983,3510903.0
2024-08-07 15:00:00,432.302112022,432.331758983,430.424471119,431.086586595,4172959.0
2024-08-07 15:30:00,431.066821954,433.92281259,430.948234108,432.559052356,3659894.0
2024-08-07 16:00:00,432.549170035,433.132226947,429.258357295,429.653650117,5402081.0
2024-08-08 10:00:00,435.869629737,436.235275597,432.005642406,435.417513572,5920277.0
2024-08-08 10:30:00,435.494101556,439.694087786,435.00986785,439.516206016,4506011.0
2024-08-08 11:00:00,439.555735298,440.840436968,438.913384463,440.247497736,3075666.0
2024-08-08 11:30:00,440.287027018,440.395732544,438.152445781,439.545852978,2345779.0
2024-08-08 12:00:00,439.565617619,440.455026467,438.913384463,440.079498287,2164441.0
2024-08-08 12:30:00,440.079498287,441.591493329,439.95102812,440.850319289,1626458.0
2024-08-08 13:00:00,440.87008393,440.879966251,439.051736951,440.128909889,1710979.0
2024-08-08 13:30:00,440.178321492,442.303020408,438.992443027,442.273373447,2241379.0
2024-08-08 14:00:00,442.303020408,443.152899975,442.115256318,442.723019031,2141258.0
2024-08-08 14:30:00,442.727960192,443.706309925,442.303020408,442.688430909,1868140.0
2024-08-08 15:00:00,442.69831323,443.261605501,441.729845817,442.204197203,2193403.0
2024-08-08 15:30:00,442.164667921,442.658783948,440.850319289,441.008436418,2649508.0
2024-08-08 16:00:00,441.028201059,443.380193347,440.099262928,442.797136435,9834208.0
2024-08-09 10:00:00,441.482787803,443.340664065,440.820672327,441.038083379,4721964.0
2024-08-09 10:30:00,441.008436418,444.230072914,440.366085582,442.500666819,2965913.0
2024-08-09 11:00:00,442.559960742,444.043593525,441.146788905,443.25172318,2373797.0
2024-08-09 11:30:00,443.261605501,444.516660209,442.797136435,442.797136435,1581682.0
2024-08-09 12:00:00,442.856430359,443.775486169,441.927492228,442.125237462,1658330.0
2024-08-09 12:30:00,442.14490328,442.569843063,441.581611009,442.204197203,1392836.0
2024-08-09 13:00:00,442.164667921,443.340664065,442.095491677,443.320899424,1515912.0
2024-08-09 13:30:00,443.320899424,446.325124868,443.133135334,446.325124868,2183869.0
2024-08-09 14:00:00,446.325124868,446.740182331,444.734071261,445.188658006,2706788.0
2024-08-09 14:30:00,445.218304968,445.663009392,444.220190593,444.7044243,1335435.0
2024-08-09 15:00:00,444.7044243,445.317128173,444.131249708,444.852659108,1356882.0
2024-08-09 15:30:00,444.852659108,445.63336243,444.210308273,445.178775685,2059292.0
2024-08-09 16:00:00,445.173834525,445.781597238,444.437601645,445.109599442,4780333.0
2024-08-12 10:00:00,446.078066855,446.819240895,443.276033689,443.676662963,3817343.0
2024-08-12 10:30:00,443.686545284,448.123707206,443.459251911,447.382533166,2744546.0
2024-08-12 11:00:00,447.392415486,448.469588425,447.244180678,448.113824886,1981943.0
2024-08-12 11:30:00,448.113824886,449.022998375,444.556189491,445.821126521,3042592.0
2024-08-12 12:00:00,445.801361879,448.133589527,444.89218839,447.950766597,2737964.0
2024-08-12 12:30:00,447.945825437,448.222530412,446.878534818,447.347945044,1387285.0
2024-08-12 13:00:00,447.27382764,447.82723759,445.574068507,445.598774308,1134301.0
2024-08-12 13:30:00,445.616068369,447.204651396,445.020658557,446.339948349,1046332.0
2024-08-12 14:00:00,446.384418791,446.788803348,444.753835902,445.504892263,1319408.0
2024-08-12 14:30:00,445.514774584,446.117596137,445.060187839,445.62348011,1447206.0
2024-08-12 15:00:00,445.514774584,446.255948624,445.25783425,446.191713541,819484.0
2024-08-12 15:30:00,446.206537022,446.275713265,445.327010494,445.574068507,1001735.0
2024-08-12 16:00:00,445.593833148,446.206537022,444.635248056,446.068184534,3346379.0
2024-08-13 10:00:00,450.455934854,452.589527858,450.317582366,452.274281833,4896564.0
2024-08-13 10:30:00,452.284164154,452.817809463,451.602284036,452.402752,2443767.0
2024-08-13 11:00:00,452.39286968,453.49968958,451.259367514,453.282278528,2096865.0
2024-08-13 11:30:00,453.277337368,454.112393454,453.114279079,453.924629363,1735593.0
2024-08-13 12:00:00,453.894982402,454.636156442,453.647924388,454.217146051,1922016.0
2024-08-13 12:30:00,454.240863621,455.318036559,453.86533544,454.995774087,1939885.0
2024-08-13 13:00:00,454.982037661,456.444621101,454.59662716,456.414974139,2325878.0
2024-08-13 13:30:00,456.444621101,456.741090717,455.999916677,456.316150934,1661349.0
2024-08-13 14:00:00,456.326033255,456.632385191,454.804155891,456.029563638,1870613.0
2024-08-13 14:30:00,456.029563638,456.4199153,455.526948816,456.335915575,1440220.0
2024-08-13 15:00:00,456.345797896,456.691679115,456.128386844,456.642267512,2354990.0
2024-08-13 15:30:00,456.642267512,456.652149832,455.466271368,456.128386844,1916864.0
2024-08-13 16:00:00,456.108622203,457.403206193,455.930740433,457.136383539,8021956.0
2024-08-14 10:00:00,458.055439349,458.964612839,455.061096225,455.466271368,5305616.0
2024-08-14 10:30:00,455.486036009,456.088857562,453.974040966,454.977096501,3456592.0
2024-08-14 11:00:00,455.001802302,456.513797345,453.005573553,456.370503697,3149787.0
2024-08-14 11:30:00,456.405091819,457.373559232,456.0592106,457.34391227,1970502.0
2024-08-14 12:00:00,457.373559232,459.635918873,457.363676911,459.478493507,2756797.0
2024-08-14 12:30:00,459.468611186,459.508140468,455.812152586,456.528620826,2376265.0
2024-08-14 13:00:00,456.523976135,456.830031602,455.229095675,456.494032704,1607333.0
2024-08-14 13:30:00,456.474268063,457.225324424,456.069092921,456.810266961,1200023.0
2024-08-14 14:00:00,456.780619999,457.146364683,456.078975241,456.503915024,1609433.0
2024-08-14 14:30:00,456.503915024,456.938737128,455.87144651,456.889325525,1046127.0
2024-08-14 15:00:00,456.859678564,457.462500117,456.43473878,457.393323873,1589752.0
2024-08-14 15:30:00,457.373559232,457.383441552,455.723211702,456.167916126,1608587.0
2024-08-14 16:00:00,456.187680767,458.174027196,455.87144651,457.284618347,4174173.0
2024-08-15 10:00:00,463.243657633,465.852590255,462.868129452,465.832825614,5751215.0
2024-08-15 10:30:00,465.822943293,466.475176449,464.498712341,466.158942192,4343844.0
2024-08-15 11:00:00,466.188589153,467.127409605,465.961295781,466.31211816,2697424.0
2024-08-15 11:30:00,466.277530038,467.40411458,466.084824788,466.781528386,1775806.0
2024-08-15 12:00:00,466.821057668,467.875995386,466.583881975,467.374467618,1839931.0
2024-08-15 12:30:00,467.384349939,468.412111275,467.344820657,468.332953887,1578541.0
2024-08-15 13:00:00,468.333052711,468.382464313,467.068115682,467.656113754,1581524.0
2024-08-15 13:30:00,467.661054914,468.046465415,467.236115131,467.76976044,1368968.0
2024-08-15 14:00:00,467.759878119,468.787639455,467.759878119,468.748110173,1169025.0
2024-08-15 14:30:00,468.757992494,468.945756584,468.31328807,468.698698571,1374245.0
2024-08-15 15:00:00,468.718463212,468.886462661,468.342935031,468.757992494,1384670.0
2024-08-15 15:30:00,468.718463212,468.935874264,468.253994146,468.708580891,1874165.0
2024-08-15 16:00:00,468.698698571,469.23234388,467.789525081,468.837051058,7325497.0
2024-08-16 10:00:00,467.058233361,467.829054363,466.099648269,466.929763194,7516924.0
2024-08-16 10:30:00,466.821057668,469.212579239,466.771646065,468.659169288,3705515.0
2024-08-16 11:00:00,468.659169288,469.192814598,466.939645515,467.483173144,2919550.0
2024-08-16 11:30:00,467.473290824,468.095877018,466.919880873,467.720348837,3455923.0
2024-08-16 12:00:00,467.76976044,469.005050507,467.611643311,468.807404097,1445153.0
2024-08-16 12:30:00,468.817286417,469.864021809,468.520816801,469.716577586,1869015.0
2024-08-16 13:00:00,469.726459907,470.803632846,469.568342778,470.586221794,1345020.0
2024-08-16 13:30:00,470.660339198,470.665379181,469.943870959,470.269987536,995450.0
2024-08-16 14:00:00,470.260105216,470.477516268,469.449754932,470.032811844,919120.0
2024-08-16 14:30:00,470.042694164,470.052576485,469.153186492,469.706695266,1336550.0
2024-08-16 15:00:00,469.726459907,470.013047202,469.271873162,469.884577035,1172848.0
2024-08-16 15:30:00,469.904341677,469.943870959,469.271873162,469.41022565,1800938.0
2024-08-16 16:00:00,469.42010797,469.657283663,468.68881625,469.439872611,3474049.0
2024-08-19 10:00:00,469.578225099,470.072341126,468.1354063,469.153285315,3072619.0
2024-08-19 10:30:00,469.182932277,470.022929523,467.799407401,469.726459907,2069568.0
2024-08-19 11:00:00,469.746224548,470.912338372,469.291637803,470.744338922,1449801.0
2024-08-19 11:30:00,470.728329563,471.287866552,470.213263017,470.823397487,1082377.0
2024-08-19 12:00:00,470.813515166,471.337278155,469.924106318,470.349046101,912503.0
2024-08-19 12:30:00,470.358928421,470.96283703,469.948812119,470.96283703,908113.0
2024-08-19 13:00:00,470.912338372,471.80174722,470.541751351,471.643630092,1688757.0
2024-08-19 13:30:00,471.62386545,471.940099708,471.24339611,471.653512412,756701.0
2024-08-19 14:00:00,471.683159374,472.374921812,471.465748322,472.374921812,1239413.0
2024-08-19 14:30:00,472.367015955,472.88880248,472.295665601,472.834449717,821665.0
2024-08-19 15:00:00,472.839884993,473.867152213,472.789979274,473.491624033,1156311.0
2024-08-19 15:30:00,473.471859391,473.877034534,473.155625134,473.827721754,1142817.0
2024-08-19 16:00:00,473.80785829,475.64596991,473.333506904,475.606440628,4751527.0
2024-08-20 10:00:00,474.697267138,477.256788158,474.677502497,477.10855335,3737576.0
2024-08-20 10:30:00,477.118435671,477.217258876,474.321738958,474.845501947,3250175.0
2024-08-20 11:00:00,474.845501947,475.122206922,472.918449441,473.906681495,2668929.0
2024-08-20 11:30:00,473.916563816,474.855384267,473.62997652,474.054916303,1746751.0
2024-08-20 12:00:00,474.005504701,475.557029025,473.847387572,475.527382064,1396180.0
2024-08-20 12:30:00,475.547146705,475.685499192,474.301974317,474.54409117,1454672.0
2024-08-20 13:00:00,474.499620728,474.786208023,473.699152764,473.728799725,1254180.0
2024-08-20 13:30:00,473.758446687,474.124092547,473.017272647,473.99562238,1475054.0
2024-08-20 14:00:00,474.005504701,474.598443933,473.699152764,474.479856087,1030364.0
2024-08-20 14:30:00,474.460091445,475.865357426,474.321738958,475.477278699,1681260.0
2024-08-20 15:00:00,475.477970461,475.838675161,474.993736755,475.537264384,1585697.0
2024-08-20 15:30:00,475.527382064,475.655852231,474.766443382,474.835619626,1611387.0
2024-08-20 16:00:00,474.845501947,475.675616872,474.381032881,474.608326254,3451148.0
2024-08-21 10:00:00,475.389029576,476.36737931,474.697267138,476.229026822,2158188.0
2024-08-21 10:30:00,476.258673784,477.019612465,475.349500294,476.169831722,2334667.0
2024-08-21 11:00:00,476.18949754,478.669959995,474.440326804,475.181500845,3999870.0
2024-08-21 11:30:00,475.151853883,476.604555003,474.420562163,475.906863172,1808366.0
2024-08-21 12:00:00,475.952321847,476.049069765,474.608326254,474.924560511,1132498.0
2024-08-21 12:30:00,474.889972389,475.428558858,473.679388123,475.300088691,1170936.0
2024-08-21 13:00:00,475.290206371,476.238909143,475.211147806,476.060039141,1069219.0
2024-08-21 13:30:00,476.0760485,476.317967707,475.64596991,475.675715695,732914.0
2024-08-21 14:00:00,475.695381513,476.713458175,475.695381513,476.574908041,1122301.0
2024-08-21 14:30:00,476.594672682,477.582904736,476.238909143,477.493865028,1834992.0
2024-08-21 15:00:00,477.493963851,477.968315237,476.299191298,476.831848375,1763804.0
2024-08-21 15:30:00,476.792319093,476.989965504,475.09255996,476.011714593,1489008.0
2024-08-21 16:00:00,476.031380411,477.246905838,475.626205269,476.821966055,3329365.0
2024-08-22 10:00:00,479.134429061,479.826191499,477.899138993,478.679842316,2784149.0
2024-08-22 10:30:00,478.739136239,478.847841765,476.456320195,477.258764622,2383414.0
2024-08-22 11:00:00,477.232082357,477.232082357,475.774440077,476.317967707,1851937.0
2024-08-22 11:30:00,476.327850028,477.194924832,474.598443933,474.692325978,2139872.0
2024-08-22 12:00:00,474.697267138,474.786208023,471.189043347,472.335392529,3661502.0
2024-08-22 12:30:00,472.325510209,474.964089793,472.16739308,474.776325703,2218233.0
2024-08-22 13:00:00,474.796090344,475.170630292,471.870923464,472.226687003,2096069.0
2024-08-22 13:30:00,472.241510484,472.987625685,471.485512963,472.295764424,1812075.0
2024-08-22 14:00:00,472.266216286,472.449533332,469.350931726,469.854831251,3081591.0
2024-08-22 14:30:00,469.854930074,471.129749423,469.276814322,471.114925943,2108178.0
2024-08-22 15:00:00,471.114925943,471.445983681,469.775871509,469.933988638,1630767.0
2024-08-22 15:30:00,469.904341677,471.24833727,469.093991392,469.192814598,1979133.0
2024-08-22 16:00:00,469.222461559,469.993282561,468.234229505,469.261990841,7134925.0
2024-08-23 10:00:00,473.600329558,473.778211328,472.394686453,473.44221243,2984031.0
2024-08-23 10:30:00,473.531153315,477.059141747,473.491624033,476.513044714,5757616.0
2024-08-23 11:00:00,476.584790362,476.812083734,470.378693062,472.730685351,4882227.0
2024-08-23 11:30:00,472.72080303,474.647855536,471.366925116,473.886916854,2623463.0
2024-08-23 12:00:00,473.926446136,475.033266037,472.453980376,472.651626787,2184839.0
2024-08-23 12:30:00,472.661509107,472.809743915,470.615868755,471.327395834,1810967.0
2024-08-23 13:00:00,471.337278155,472.256333965,469.686930625,471.781982579,2061225.0
2024-08-23 13:30:00,471.79680606,473.037037288,471.43610136,472.839390877,956418.0
2024-08-23 14:00:00,472.8986848,473.847387572,472.770214633,472.977743364,1436244.0
2024-08-23 14:30:00,472.997508006,473.659623482,472.770214633,473.432330109,1913550.0
2024-08-23 15:00:00,473.45209475,473.778211328,472.760332313,473.135860493,1159679.0
2024-08-23 15:30:00,473.125978173,474.707149459,472.365039491,474.593502773,1708161.0
2024-08-23 16:00:00,474.618208574,474.885031229,472.869037839,474.35138592,4317016.0
2024-08-26 10:00:00,473.80785829,474.7269141,472.552803581,472.809743915,2763400.0
2024-08-26 10:30:00,472.829508556,472.996223304,470.092105767,470.349046101,2599351.0
2024-08-26 11:00:00,470.309516819,470.358928421,467.670937234,469.943870959,3654929.0
2024-08-26 11:30:00,469.933988638,470.714691961,469.489284214,470.15139969,2134597.0
2024-08-26 12:00:00,470.013047202,470.388575383,468.649286968,468.87658034,1657963.0
2024-08-26 12:30:00,468.817286417,470.378693062,468.540581442,470.314457979,1212098.0
2024-08-26 13:00:00,470.309516819,470.951867654,470.052576485,470.368810742,1102489.0
2024-08-26 13:30:00,470.368810742,470.546692512,469.469519573,469.775871509,1359135.0
2024-08-26 14:00:00,469.805518471,470.013047202,468.125523979,468.382464313,1469962.0
2024-08-26 14:30:00,468.392346634,469.499166534,467.858701325,469.41022565,1599356.0
2024-08-26 15:00:00,469.380578688,470.398457704,469.212579239,470.309516819,1232881.0
2024-08-26 15:30:00,470.289752178,470.489078583,469.548578137,469.593048579,1097004.0
2024-08-26 16:00:00,469.578225099,469.882304102,468.896344981,469.746224548,3821863.0
2024-08-27 10:00:00,468.115641659,469.222461559,466.158942192,468.550463763,3849833.0
2024-08-27 10:30:00,468.659169288,470.783868205,468.303405749,470.675162679,2464740.0
2024-08-27 11:00:00,470.675162679,471.722688656,470.497280909,471.633747771,2835927.0
2024-08-27 11:30:00,471.633747771,472.216804683,470.572979484,470.576339473,2852554.0
2024-08-27 12:00:00,470.566457153,470.675162679,469.459637252,470.230458254,1691360.0
2024-08-27 12:30:00,470.225517094,470.951867654,470.022929523,470.536810191,1054928.0
2024-08-27 13:00:00,470.536810191,471.095161302,469.588107419,470.556574832,1258560.0
2024-08-27 13:30:00,470.566457153,471.742453297,470.408340024,471.614872539,1483681.0
2024-08-27 14:00:00,471.663394733,472.127863798,470.912338372,472.048805234,1479364.0
2024-08-27 14:30:00,471.999393631,472.16245192,471.169278706,471.475630642,1103666.0
2024-08-27 15:00:00,471.416336719,471.633747771,470.951867654,471.317513514,1035899.0
2024-08-27 15:30:00,471.357042796,471.386689758,470.744338922,471.139631744,1035549.0
2024-08-27 16:00:00,471.129749423,471.633747771,470.734456602,471.149514065,2835804.0
2024-08-28 10:00:00,470.685044999,471.406454399,468.392346634,469.034697469,2707030.0
2024-08-28 10:30:00,469.074226751,469.884577035,468.016818453,469.578225099,2144713.0
2024-08-28 11:00:00,469.568342778,469.874694715,466.593764296,466.603646616,2506815.0
2024-08-28 11:30:00,466.593665472,466.593665472,463.806949903,464.963181407,3616462.0
2024-08-28 12:00:00,464.953299086,466.109530589,464.429536097,465.971079278,2060622.0
2024-08-28 12:30:00,465.902001858,466.252824237,464.380124495,465.21023942,1320709.0
2024-08-28 13:00:00,465.180592458,466.771646065,465.02247533,466.546329157,1066286.0
2024-08-28 13:30:00,466.524588052,466.900116232,465.546238318,465.971178102,1224487.0
2024-08-28 14:00:00,465.998058013,466.307177,462.670483041,462.798953208,3179889.0
2024-08-28 14:30:00,462.82365901,463.855768567,462.383895746,463.550009569,3028061.0
2024-08-28 15:00:00,463.510480287,466.109530589,463.223892991,466.010707384,2101986.0
2024-08-28 15:30:00,465.981060422,466.791410706,465.447415113,466.603646616,3139659.0
2024-08-28 16:00:00,466.603646616,467.206468169,465.467179754,465.803178652,4183066.0
2024-08-29 10:00:00,467.710466517,471.337278155,467.21635049,471.208807988,6259029.0
2024-08-29 10:30:00,471.208807988,472.147628439,468.481287519,470.098628098,3222817.0
2024-08-29 11:00:00,470.111870408,472.305745568,470.082223446,471.109984782,2745178.0
2024-08-29 11:30:00,471.179161026,472.187157721,469.9636356,470.773985884,2359887.0
2024-08-29 12:00:00,470.813515166,471.43610136,470.546692512,470.912437195,1357364.0
2024-08-29 12:30:00,470.912338372,472.216804683,470.823397487,471.702924015,1394329.0
2024-08-29 13:00:00,471.683159374,472.256333965,470.773985884,471.376807437,1300810.0
2024-08-29 13:30:00,471.386689758,471.396572078,470.131635049,470.526927871,1760909.0
2024-08-29 14:00:00,470.536810191,470.981514615,469.588107419,470.941985333,1997171.0
2024-08-29 14:30:00,470.941985333,470.941985333,467.4139969,467.70503124,2310442.0
2024-08-29 15:00:00,467.710466517,467.710466517,464.004596314,465.407885831,5183273.0
2024-08-29 15:30:00,465.378238869,466.198471474,463.84845565,465.437532792,2928234.0
2024-08-29 16:00:00,465.457297434,466.909998553,464.548123944,465.121298535,4861768.0
2024-08-30 10:00:00,469.449754932,470.51704555,468.392346634,470.260105216,3777897.0
2024-08-30 10:30:00,470.27996868,471.119867103,468.481287519,469.207638078,3127270.0
2024-08-30 11:00:00,469.202696918,470.566457153,467.265762092,467.295409054,2865222.0
2024-08-30 11:30:00,467.275644413,468.14528862,466.741999104,467.245997451,2564502.0
2024-08-30 12:00:00,467.21635049,467.522702426,466.020589704,467.147174246,2016812.0
2024-08-30 12:30:00,467.157056566,467.631407952,465.971178102,466.104589429,1378005.0
2024-08-30 13:00:00,466.139177551,467.295409054,464.973063727,467.176821207,2404142.0
2024-08-30 13:30:00,467.157056566,467.987171492,466.781528386,467.206468169,1363277.0
2024-08-30 14:00:00,467.255879772,467.759878119,466.583881975,466.786469546,1022770.0
2024-08-30 14:30:00,466.801293027,467.878465966,466.48505877,467.453526183,1074965.0
2024-08-30 15:00:00,467.463408503,468.965521225,467.443643862,468.619640006,1553872.0
2024-08-30 15:30:00,468.599875365,469.627636701,467.888348286,469.53879464,1571070.0
2024-08-30 16:00:00,469.553519297,471.287866552,468.540581442,470.665280358,6666970.0
2024-09-03 10:00:00,467.631407952,467.759878119,464.147889962,465.08167043,5548464.0
2024-09-03 10:30:00,465.062004612,465.417768151,462.976834978,463.787185262,3519775.0
2024-09-03 11:00:00,463.74765598,463.757538301,459.982491854,460.061550419,4414079.0
2024-09-03 11:30:00,460.076373899,461.810721154,459.745316161,460.906488825,3210456.0
2024-09-03 12:00:00,460.881783023,461.593310102,459.626728315,459.72555152,1952410.0
2024-09-03 12:30:00,459.735433841,461.069547114,459.458728866,460.170255945,1966178.0
2024-09-03 13:00:00,460.150491304,460.328373073,459.369787981,459.508140468,1471280.0
2024-09-03 13:30:00,459.508140468,460.44696092,459.221553173,460.278961471,1519782.0
2024-09-03 14:00:00,460.26907915,460.397549317,458.678025543,458.766966428,2067614.0
2024-09-03 14:30:00,458.776848748,458.895337772,456.899207846,457.037560333,2538119.0
2024-09-03 15:00:00,457.037560333,457.986263105,456.96838409,457.245089065,2027681.0
2024-09-03 15:30:00,457.235206744,457.8874399,456.750973038,456.97826641,2512617.0
2024-09-03 16:00:00,456.988148731,457.225324424,454.003786751,456.375444857,9138946.0
2024-09-04 10:00:00,453.272396208,456.009798997,452.847456424,455.584859214,4088427.0
2024-09-04 10:30:00,455.51568297,456.23709237,452.343458077,456.019681318,4655812.0
2024-09-04 11:00:00,456.009798997,458.529790735,455.634270817,458.44084985,2662830.0
2024-09-04 11:30:00,458.381555927,458.98437748,456.513797345,456.543444306,2414839.0
2024-09-04 12:00:00,456.592855909,456.998031051,455.713329381,456.421200001,2166914.0
2024-09-04 12:30:00,456.414974139,457.452617796,455.703447061,457.324147629,1352771.0
2024-09-04 13:00:00,457.274736026,458.292615042,456.642267512,457.788616694,1276801.0
2024-09-04 13:30:00,457.783675534,457.808381336,456.533561986,456.711443756,1055016.0
2024-09-04 14:00:00,456.681796794,457.126501218,456.138269164,456.326033255,1654312.0
2024-09-04 14:30:00,456.365562537,456.810168138,455.644153137,456.592855909,1539867.0
2024-09-04 15:00:00,456.573091268,456.948619449,454.616391801,454.715215007,1818450.0
2024-09-04 15:30:00,454.695450365,455.476153688,453.983923287,455.397095124,1880815.0
2024-09-04 16:00:00,455.367448162,456.681796794,454.893096776,455.189566392,3721636.0
2024-09-05 10:00:00,453.568865824,457.749087412,453.568865824,457.600852604,4373417.0
2024-09-05 10:30:00,457.590970284,459.883668649,456.923913647,458.825667412,3691717.0
2024-09-05 11:00:00,458.865789633,459.52790511,455.87144651,455.901093471,2619236.0
2024-09-05 11:30:00,455.932716897,456.108622203,453.084632117,453.193337643,3098119.0
2024-09-05 12:00:00,453.193337643,454.042228978,452.549998576,453.015455874,2084064.0
2024-09-05 12:30:00,452.975926591,455.100625508,452.926514989,454.991919982,1934034.0
2024-09-05 13:00:00,454.991919982,455.456389047,454.379216108,454.705332686,1396357.0
2024-09-05 13:30:00,454.725097327,455.061096225,453.657905532,453.717100632,1075400.0
2024-09-05 14:00:00,453.67757135,456.671914473,453.638042068,456.61756171,1740394.0
2024-09-05 14:30:00,456.632385191,456.958501769,455.891211151,456.118504523,1397133.0
2024-09-05 15:00:00,456.118504523,457.274736026,455.999916677,456.069092921,1358347.0
2024-09-05 15:30:00,456.098739882,456.098739882,454.04321721,455.436624406,1845644.0
2024-09-05 16:00:00,455.446506726,456.267431094,453.924629363,455.614506176,3593514.0
2024-09-06 10:00:00,454.912861417,455.792387945,450.376876289,450.485581815,5722632.0
2024-09-06 10:30:00,450.515228777,451.501484367,447.975472398,448.00511936,4805303.0
2024-09-06 11:00:00,448.00511936,448.469588425,444.694541979,445.425833699,4703293.0
2024-09-06 11:30:00,445.425833699,448.064413283,444.121367388,444.734071261,5253976.0
2024-09-06 12:00:00,444.743953582,445.80877362,443.291252462,443.696427604,3186952.0
2024-09-06 12:30:00,443.676662963,444.33877844,443.360428706,443.38029217,2296605.0
2024-09-06 13:00:00,443.390075668,444.53642485,442.915724282,443.419623806,2034505.0
2024-09-06 13:30:00,443.410334425,445.692656354,443.133135334,444.417837004,1910589.0
2024-09-06 14:00:00,444.398072363,444.625365735,443.399957988,444.012661862,1678400.0
2024-09-06 14:30:00,444.071955785,444.279484516,442.965135884,443.528428155,1772856.0
2024-09-06 15:00:00,443.538310476,444.446989849,443.222076219,444.136190868,1462615.0
2024-09-06 15:30:00,444.151014349,445.396186737,444.091720426,444.862541428,2064773.0
2024-09-06 16:00:00,444.872423749,445.376422096,443.044194449,443.409840309,9041100.0
2024-09-09 10:00:00,447.728414385,449.299703351,447.140416313,449.10205694,4735322.0
2024-09-09 10:30:00,449.11193926,449.882760262,447.333121563,447.540650294,2950631.0
2024-09-09 11:00:00,447.530767974,447.550532615,445.020658557,445.040423198,3049299.0
2024-09-09 11:30:00,445.040423198,446.305360227,444.529930189,446.255948624,1775368.0
2024-09-09 12:00:00,446.285595586,448.074295604,446.068184534,448.054530963,2403183.0
2024-09-09 12:30:00,448.054530963,448.934057491,447.787708308,448.837210749,1484611.0
2024-09-09 13:00:00,448.854998926,449.83334866,448.598058592,449.665843327,1710588.0
2024-09-09 13:30:00,449.65546689,450.100171314,449.378761915,449.764172416,1888454.0
2024-09-09 14:00:00,449.704878493,449.754290095,447.738296705,447.940884276,1473370.0
2024-09-09 14:30:00,447.886531513,448.014902857,446.878534818,446.957593383,1763387.0
2024-09-09 15:00:00,446.956605151,447.530767974,446.246066304,447.145357473,1792712.0
2024-09-09 15:30:00,447.135475152,448.143471847,446.582065202,448.123707206,1590109.0
2024-09-09 16:00:00,448.103942565,449.368879594,447.530767974,449.11193926,3586940.0
2024-09-10 10:00:00,450.870992316,452.432398962,450.040877391,451.038991766,3773929.0
2024-09-10 10:30:00,451.068638727,452.274281833,449.200880145,451.463931549,2716132.0
2024-09-10 11:00:00,451.463931549,451.562754754,448.894528208,450.189112199,1765565.0
2024-09-10 11:30:00,450.159465238,451.513343152,449.615937608,451.30581442,1070996.0
2024-09-10 12:00:00,451.355226023,451.651695639,447.669120462,447.708649744,1994283.0
2024-09-10 12:30:00,447.708649744,448.435000303,446.90818178,448.113824886,2132325.0
2024-09-10 13:00:00,448.074295604,449.942054186,447.985354719,449.225585947,1208423.0
2024-09-10 13:30:00,449.210762466,451.365108343,449.151468543,450.653581265,1980671.0
2024-09-10 14:00:00,450.633816624,451.785106966,450.525111098,451.592401716,1065074.0
2024-09-10 14:30:00,451.592401716,453.015455874,451.592401716,452.541104488,1929025.0
2024-09-10 15:00:00,452.541104488,452.896868027,452.244634872,452.462045923,2129583.0
2024-09-10 15:30:00,452.457104763,453.32180781,452.353340397,453.32180781,1489811.0
2024-09-10 16:00:00,453.32180781,453.766512235,452.817809463,453.262513887,4286470.0
2024-09-11 10:00:00,454.497803955,454.527450916,451.384872985,451.829577409,4524481.0
2024-09-11 10:30:00,451.829577409,452.382987359,448.291706656,448.54864699,4103528.0
2024-09-11 11:00:00,448.54864699,448.568411631,445.969361329,447.343003884,4388358.0
2024-09-11 11:30:00,447.323239243,449.704878493,446.493124317,449.345260848,3551839.0
2024-09-11 12:00:00,449.304644511,452.442281282,449.131703901,451.735695364,3518765.0
2024-09-11 12:30:00,451.770283486,454.725097327,451.612166357,454.685568045,3587561.0
2024-09-11 13:00:00,454.695450365,455.318036559,453.707218311,454.646038763,2396635.0
2024-09-11 13:30:00,454.665803404,456.652149832,454.576862519,456.414974139,2151143.0
2024-09-11 14:00:00,456.43473878,458.44084985,456.288875729,457.724381611,2599601.0
2024-09-11 14:30:00,457.670028848,459.873786328,457.551441002,459.656375277,5941180.0
2024-09-11 15:00:00,459.676041094,461.099194075,459.310494058,459.849080527,4567779.0
2024-09-11 15:30:00,459.844139367,461.622957064,459.16225925,461.603192423,3042967.0
2024-09-11 16:00:00,461.573545461,463.846479185,460.723665895,463.105305145,8012936.0
2024-09-12 10:00:00,463.134952107,463.806949903,461.355245001,463.085540504,4182168.0
2024-09-12 10:30:00,463.085540504,465.299180305,462.245543258,464.992729545,3156562.0
2024-09-12 11:00:00,465.002710689,465.674708485,463.134952107,463.619185813,2936747.0
2024-09-12 11:30:00,463.599421172,466.238000756,463.046011222,463.816832224,2421057.0
2024-09-12 12:00:00,463.866243827,464.251654328,462.838284844,463.248598793,2652695.0
2024-09-12 12:30:00,463.243657633,464.637064829,463.125069786,464.518476982,2471852.0
2024-09-12 13:00:00,464.567888585,466.112495285,463.688362057,466.050236666,1199382.0
2024-09-12 13:30:00,466.060118986,466.959410156,465.832825614,466.603646616,1989175.0
2024-09-12 14:00:00,466.613528937,468.14528862,466.376353244,468.056347736,2770408.0
2024-09-12 14:30:00,468.066230056,468.333052711,467.374467618,468.194700223,1620245.0
2024-09-12 15:00:00,468.165053261,468.461522878,465.486944395,467.759878119,3203131.0
2024-09-12 15:30:00,467.749995799,467.987171492,467.157056566,467.572114029,2025314.0
2024-09-12 16:00:00,467.572114029,468.026700774,466.712352142,467.651172593,6313547.0
2024-09-13 10:00:00,466.919880873,469.103873713,466.692587501,468.234229505,2971980.0
2024-09-13 10:30:00,468.31328807,469.78575383,467.04835104,468.174935582,3215857.0
2024-09-13 11:00:00,468.214464864,469.904341677,467.036689902,469.42010797,2739343.0
2024-09-13 11:30:00,469.432460871,470.072341126,469.192814598,469.558559281,2165645.0
2024-09-13 12:00:00,469.583166259,470.121752728,469.065629132,469.924106318,1598228.0
2024-09-13 12:30:00,469.894459356,470.526927871,468.757992494,469.04457979,1570745.0
2024-09-13 13:00:00,469.034697469,470.111870408,468.570228404,470.087164606,1362200.0
2024-09-13 13:30:00,470.092105767,470.69492732,469.9636356,470.615868755,1253404.0
2024-09-13 14:00:00,470.586221794,470.922220692,469.9636356,470.536810191,1270864.0
2024-09-13 14:30:00,470.536810191,470.833279807,469.143402995,469.390461008,1964895.0
2024-09-13 15:00:00,469.42010797,469.825283112,468.995168187,469.390461008,1339691.0
2024-09-13 15:30:00,469.380578688,469.993282561,468.916109623,469.785556184,1560221.0
2024-09-13 16:00:00,469.78575383,470.309516819,469.291637803,469.746224548,4292106.0
2024-09-16 10:00:00,467.621525632,468.283542285,464.992927191,467.434453304,3922499.0
2024-09-16 10:30:00,467.453526183,468.244111826,466.030472025,466.502748123,1978323.0
2024-09-16 11:00:00,466.465294129,466.514705731,464.360359854,465.348591908,2823256.0
2024-09-16 11:30:00,465.328827266,466.998939438,464.449300738,466.376353244,1597585.0
2024-09-16 12:00:00,466.350263917,466.751881424,465.042239971,466.020589704,1246795.0
2024-09-16 12:30:00,466.010707384,466.277530038,464.66671179,465.902001858,1165486.0
2024-09-16 13:00:00,465.902001858,466.475176449,465.213204116,466.425764846,829077.0
2024-09-16 13:30:00,466.435647167,466.702469822,465.75376705,466.406000205,790901.0
2024-09-16 14:00:00,466.435647167,467.631407952,466.376353244,467.428820381,1193488.0
2024-09-16 14:30:00,467.443643862,467.690701876,466.870469271,467.532584747,869430.0
2024-09-16 15:00:00,467.522702426,467.621525632,466.642187666,467.572212852,821585.0
2024-09-16 15:30:00,467.58199635,467.606702151,466.86058695,467.206468169,828486.0
2024-09-16 16:00:00,467.196585849,467.977289171,467.028685223,467.670937234,2318650.0
2024-09-17 10:00:00,470.685044999,471.43610136,468.649286968,469.825283112,3603689.0
2024-09-17 10:30:00,469.864812394,471.218690308,469.380578688,470.764103563,2036395.0
2024-09-17 11:00:00,470.754221243,471.97962899,469.509048855,470.062458805,2299334.0
2024-09-17 11:30:00,470.092105767,471.129749423,469.657283663,469.953753279,2188137.0
2024-09-17 12:00:00,469.943574489,470.279869857,469.370696367,470.159305546,1097996.0
2024-09-17 12:30:00,470.171164331,470.418123521,467.058233361,468.204582544,2483295.0
2024-09-17 13:00:00,468.174935582,468.412111275,465.981060422,466.85070463,2204727.0
2024-09-17 13:30:00,466.890233912,468.195984925,466.465294129,467.888348286,1570614.0
2024-09-17 14:00:00,467.838936684,468.263777644,465.427650472,467.473290824,1590400.0
2024-09-17 14:30:00,467.453526183,467.917995248,467.018704079,467.463408503,1043599.0
2024-09-17 15:00:00,467.468349663,467.771736904,466.247883077,466.919880873,1251339.0
2024-09-17 15:30:00,466.85564579,467.571323443,466.49494109,467.236115131,2467376.0
2024-09-17 16:00:00,467.206468169,467.977289171,466.771646065,467.917995248,3956467.0
2024-09-18 10:00:00,469.113756033,469.242127377,467.621525632,468.619640006,2284677.0
2024-09-18 10:30:00,468.639404647,468.797521776,467.176821207,468.410925396,1778453.0
2024-09-18 11:00:00,468.37189023,468.985285866,467.759878119,468.184817903,1240567.0
2024-09-18 11:30:00,468.184817903,468.609362393,466.890233912,467.59681983,1328160.0
2024-09-18 12:00:00,467.58199635,467.58199635,465.76364937,466.026716743,1069591.0
2024-09-18 12:30:00,466.000825063,467.809190899,465.704355447,467.740014655,1014085.0
2024-09-18 13:00:00,467.730231158,468.698698571,467.315173695,468.550463763,1017284.0
2024-09-18 13:30:00,468.560346083,468.67893393,467.799407401,468.530699121,1002313.0
2024-09-18 14:00:00,468.520816801,469.143402995,467.838936684,468.244111826,1318195.0
2024-09-18 14:30:00,468.1354063,473.195154416,467.03846872,471.136370578,7776376.0
2024-09-18 15:00:00,471.149514065,472.444098055,468.886462661,469.074226751,4727752.0
2024-09-18 15:30:00,469.05940327,470.250222895,465.872354896,469.578225099,5700694.0
2024-09-18 16:00:00,469.568441601,470.200811293,465.289297984,465.892119537,6460835.0
2024-09-19 10:00:00,476.93067158,477.375376005,474.835619626,475.972086488,6852931.0
2024-09-19 10:30:00,475.962204168,478.93678265,475.754675436,478.798430163,4464615.0
2024-09-19 11:00:00,478.778665521,479.48031028,477.088788709,477.246905838,4412716.0
2024-09-19 11:30:00,477.28149396,479.134429061,476.910906939,478.917018009,2652184.0
2024-09-19 12:00:00,478.917018009,479.401251715,477.800315788,478.096785404,2915505.0
2024-09-19 12:30:00,478.106667725,479.66807437,477.978197558,479.509957241,1794338.0
2024-09-19 13:00:00,479.519740739,479.796544537,479.193722984,479.421016357,1771450.0
2024-09-19 13:30:00,479.421016357,479.826191499,478.996175397,479.550573579,1773581.0
2024-09-19 14:00:00,479.564310004,480.508071616,479.396310555,480.270895923,1895623.0
2024-09-19 14:30:00,480.270895923,480.488306975,478.482195905,479.361722433,2474563.0
2024-09-19 15:00:00,479.371604754,479.421016357,478.235137892,479.213487625,3171994.0
2024-09-19 15:30:00,479.223369946,479.312310831,477.434669928,478.254902533,3751423.0
2024-09-19 16:00:00,478.274667174,478.986194253,477.266670479,477.671845621,10295617.0
2024-09-20 10:00:00,476.812083734,477.938668276,475.764557757,475.992048776,3094399.0
2024-09-20 10:30:00,476.01161577,476.59368445,475.339617974,476.00667461,2720598.0
2024-09-20 11:00:00,476.00667461,476.387143951,474.400797522,474.598443933,5119134.0
2024-09-20 11:30:00,474.588561612,474.608326254,472.671391428,473.788093649,2237196.0
2024-09-20 12:00:00,473.778211328,475.685499192,473.659623482,475.379147256,1884499.0
2024-09-20 12:30:00,475.389029576,476.466202515,475.240794768,476.406908592,1088509.0
2024-09-20 13:00:00,476.36737931,476.861495337,476.061027373,476.466202515,1242680.0
2024-09-20 13:30:00,476.456320195,476.73302517,475.794204718,476.110438976,2303721.0
2024-09-20 14:00:00,476.100556655,476.713260529,475.744793116,475.893027924,938122.0
2024-09-20 14:30:00,475.893027924,475.996792289,474.54903233,474.954207472,2029904.0
2024-09-20 15:00:00,474.91467819,476.100556655,474.479856087,475.962204168,1486218.0
2024-09-20 15:30:00,475.962204168,477.266670479,475.596558308,476.940158608,2324322.0
2024-09-20 16:00:00,476.92078926,477.997962199,476.505731797,476.762672131,4651735.0
2024-09-23 10:00:00,478.609642867,479.3231721,477.539349019,478.381709918,3096049.0
2024-09-23 10:30:00,478.391620046,479.640296203,477.876293378,479.199295497,2723096.0
2024-09-23 11:00:00,479.194340433,479.788948127,478.173597225,479.095239151,2093812.0
2024-09-23 11:30:00,479.095239151,479.095239151,477.945664276,479.015958125,1333352.0
2024-09-23 12:00:00,479.006047997,479.739397486,478.956497355,479.313261972,1019716.0
2024-09-23 12:30:00,479.293441715,479.3231721,477.747461711,478.361889662,1346872.0
2024-09-23 13:00:00,478.37179979,478.629463124,477.678090814,477.925844019,798150.0
2024-09-23 13:30:00,477.899780382,478.207093459,477.271775556,477.826742737,1020489.0
2024-09-23 14:00:00,477.846562994,478.659193509,477.578989531,478.581894508,908713.0
2024-09-23 14:30:00,478.579912483,478.837575817,478.193417482,478.431260559,1023420.0
2024-09-23 15:00:00,478.441170687,478.867306201,478.33315029,478.797935304,1259962.0
2024-09-23 15:30:00,478.771277059,478.897036586,478.213237738,478.64928338,1481875.0
2024-09-23 16:00:00,478.659193509,478.976317612,478.133956712,478.698834021,2594985.0
2024-09-24 10:00:00,480.10607223,480.532207744,478.867306201,479.006047997,2212154.0
2024-09-24 10:30:00,479.006047997,479.052724701,476.112290553,476.647437478,3143644.0
2024-09-24 11:00:00,476.66230267,478.728564406,475.854627219,478.690410412,2517080.0
2024-09-24 11:30:00,478.688923893,479.858319024,478.570002354,479.620475947,2029525.0
2024-09-24 12:00:00,479.630386075,481.959266209,479.570925306,481.305197746,2953474.0
2024-09-24 12:30:00,481.305197746,481.929535824,480.94843313,481.344838259,1809172.0
2024-09-24 13:00:00,481.354748387,481.889895311,480.690769796,480.740320437,1218129.0
2024-09-24 13:30:00,480.72050018,481.434029413,480.482657103,480.988073643,873021.0
2024-09-24 14:00:00,480.967262373,481.473669926,480.770050821,480.809691334,724789.0
2024-09-24 14:30:00,480.829511591,481.05744454,480.125892487,480.363735564,803130.0
2024-09-24 15:00:00,480.373645692,480.661039411,479.501554408,480.413286205,1088230.0
2024-09-24 15:30:00,480.393465949,480.730410309,480.27454441,480.512486589,1474474.0
2024-09-24 16:00:00,480.532207744,481.11690531,480.264634282,481.007893899,3236656.0
2024-09-25 10:00:00,480.383555821,482.553873903,480.324095051,482.543864673,2658725.0
2024-09-25 10:30:00,482.51423339,483.406144931,482.276390312,482.325940954,2834985.0
2024-09-25 11:00:00,482.335851082,482.870998006,481.850254799,482.399474105,1334708.0
2024-09-25 11:30:00,482.425042236,482.79171698,481.751153516,481.761063644,1104913.0
2024-09-25 12:00:00,481.741243388,482.692615698,481.235826848,481.887417779,1886042.0
2024-09-25 12:30:00,481.860164927,482.098008004,481.017804027,481.939445953,1322109.0
2024-09-25 13:00:00,481.930625939,482.033592171,481.077264797,481.216006592,960909.0
2024-09-25 13:30:00,481.196186335,481.453849669,480.205173512,481.285972097,1148670.0
2024-09-25 14:00:00,481.285377489,481.770973773,480.27454441,481.721423132,1472240.0
2024-09-25 14:30:00,481.711513003,481.870075055,480.423196333,481.671773389,1154721.0
2024-09-25 15:00:00,481.661962362,481.741243388,480.849331847,481.463759798,1188254.0
2024-09-25 15:30:00,481.463759798,481.67187249,481.077264797,481.285377489,2469916.0
2024-09-25 16:00:00,481.255647105,481.701602875,481.077264797,481.453849669,3851550.0
2024-09-26 10:00:00,488.935996483,489.243210458,486.587296093,487.132353145,4708450.0
2024-09-26 10:30:00,487.132353145,487.320645582,485.021495832,485.189968012,1947926.0
2024-09-26 11:00:00,485.25933891,485.680519359,481.879985183,482.070953354,3509294.0
2024-09-26 11:30:00,482.048457363,483.941291855,481.434029413,483.059290443,2841370.0
2024-09-26 12:00:00,482.999829673,484.645406466,482.385401723,484.605270447,1577354.0
2024-09-26 12:30:00,484.605270447,484.605270447,482.752076467,483.01964993,1423648.0
2024-09-26 13:00:00,483.079110699,483.35659429,482.405221979,482.950279032,785988.0
2024-09-26 13:30:00,482.930458776,483.18812211,481.473669926,482.892800288,1406027.0
2024-09-26 14:00:00,482.880908134,483.871920957,482.85117775,483.475515828,1583985.0
2024-09-26 14:30:00,483.485425957,485.19987814,483.485425957,485.170147756,2141932.0
2024-09-26 15:00:00,485.170147756,485.25933891,484.525989421,484.99424298,1098811.0
2024-09-26 15:30:00,484.991765447,485.566552885,484.595360318,485.180057884,1474570.0
2024-09-26 16:00:00,485.19363476,485.487271859,484.644910959,485.071046473,4284518.0
2024-09-27 10:00:00,486.091789681,486.230531476,484.506169164,484.829041142,2292119.0
2024-09-27 10:30:00,484.882754037,485.972868142,483.842190573,484.516079292,1788345.0
2024-09-27 11:00:00,484.516079292,484.952124935,483.534976598,484.347607113,1414801.0
2024-09-27 11:30:00,484.322831792,484.436798267,482.920548647,483.485425957,2211682.0
2024-09-27 12:00:00,483.505246213,483.851307891,482.603424544,482.702525826,1353550.0
2024-09-27 12:30:00,482.68270557,483.277313264,482.107918133,483.098930956,1479078.0
2024-09-27 13:00:00,483.089020827,483.475515828,482.950279032,483.326863905,685711.0
2024-09-27 13:30:00,483.326963006,483.891741214,482.638109993,482.638109993,1219769.0
2024-09-27 14:00:00,482.643065057,483.782729803,482.296210569,483.733179162,1165316.0
2024-09-27 14:30:00,483.74308929,484.050303266,481.820524414,481.870075055,1156449.0
2024-09-27 15:00:00,481.889895311,483.331818969,481.196186335,483.01964993,1490273.0
2024-09-27 15:30:00,483.01964993,483.138571468,482.286300441,482.781806852,1230238.0
2024-09-27 16:00:00,482.761986596,482.970000187,482.147558645,482.375491595,3345980.0
2024-09-30 10:00:00,481.414209156,483.406144931,481.166455951,482.038448134,2758326.0
2024-09-30 10:30:00,482.058367491,482.425042236,480.234903897,481.552950952,1720517.0
2024-09-30 11:00:00,481.582681336,482.157468774,481.037624284,481.441957515,1384989.0
2024-09-30 11:30:00,481.404299028,482.540990736,481.235826848,482.524143518,1089081.0
2024-09-30 12:00:00,482.563784031,482.742166339,481.156843126,482.088097876,2187730.0
2024-09-30 12:30:00,482.098008004,483.198032238,482.028637107,482.771896724,1025730.0
2024-09-30 13:00:00,482.761986596,482.870998006,482.137648517,482.216830442,706745.0
2024-09-30 13:30:00,482.211974479,482.323463422,481.196186335,481.354748387,1203933.0
2024-09-30 14:00:00,481.334928131,482.2367498,481.22591672,482.068376721,919651.0
2024-09-30 14:30:00,482.058367491,482.211974479,478.579912483,479.437138575,3068444.0
2024-09-30 15:00:00,479.422273382,481.354748387,478.956497355,480.69185991,2498592.0
2024-09-30 15:30:00,480.680859667,481.007893899,480.036701332,480.838628909,2366125.0
2024-09-30 16:00:00,480.819601463,484.020572881,480.561938129,483.683628521,6409608.0
2024-10-01 10:00:00,483.316953777,483.614257624,476.924921068,478.401530175,6305520.0
2024-10-01 10:30:00,478.401530175,479.243891074,474.635681447,475.220379013,5311532.0
2024-10-01 11:00:00,475.200558756,476.568156452,474.269006703,475.62669427,3409103.0
2024-10-01 11:30:00,475.666334783,475.725795552,473.1095217,474.908209973,3020037.0
2024-10-01 12:00:00,474.893344781,476.796089401,474.596040934,475.557323373,2103243.0
2024-10-01 12:30:00,475.51768286,477.291595813,475.260019526,476.295627926,1436223.0
2024-10-01 13:00:00,476.24112222,476.46905517,473.922152215,475.834707862,2686546.0
2024-10-01 13:30:00,475.79516645,475.834806963,473.753680035,473.912242086,1804742.0
2024-10-01 14:00:00,473.912242086,477.370876839,473.714039522,477.36096671,3186381.0
2024-10-01 14:30:00,477.301505941,478.797935304,477.291595813,478.718654278,2632695.0
2024-10-01 15:00:00,478.679013765,479.224070818,477.945664276,478.589822611,2577595.0
2024-10-01 15:30:00,478.542749502,478.847485945,477.767281968,478.257833315,1441982.0
2024-10-01 16:00:00,478.213237738,478.213237738,476.270852605,476.944741325,4072610.0
2024-10-02 10:00:00,476.042919656,476.597886837,473.426645803,475.369030936,3872133.0
2024-10-02 10:30:00,475.438401834,477.727641455,475.151503621,477.549259147,2401362.0
2024-10-02 11:00:00,477.52943889,478.758294791,476.974471709,477.331236326,2108009.0
2024-10-02 11:30:00,477.341146454,479.531284793,477.212314787,478.728564406,1845182.0
2024-10-02 12:00:00,478.807845432,479.134879664,478.133956712,478.827665688,1184820.0
2024-10-02 12:30:00,478.847485945,479.422273382,478.272698508,479.035778381,1149548.0
2024-10-02 13:00:00,479.045688509,479.045688509,476.905100812,476.95366044,917178.0
2024-10-02 13:30:00,476.964561581,477.955574404,476.801044465,477.846562994,1459985.0
2024-10-02 14:00:00,477.816832609,478.560092226,476.687077991,478.490721329,992222.0
2024-10-02 14:30:00,478.470901072,478.788025175,477.103402478,477.935754148,1165076.0
2024-10-02 15:00:00,477.886203507,478.252878251,477.499708506,478.009418113,473984.0
2024-10-02 15:30:00,477.995214917,478.570002354,477.831202295,478.510541585,893198.0
2024-10-02 16:00:00,478.550182098,478.788025175,477.50466357,477.618630044,2539924.0
2024-10-03 10:00:00,475.428491706,478.64928338,475.061816961,478.124046584,2282226.0
2024-10-03 10:30:00,478.074495943,480.19030832,476.033009528,476.677167863,3989883.0
2024-10-03 11:00:00,476.647437478,478.262788379,475.496574286,476.122200682,2235842.0
2024-10-03 11:30:00,476.122200682,477.806922481,475.814986706,477.365921774,1703728.0
2024-10-03 12:00:00,477.33619139,478.909424246,477.321326197,478.452369132,1296334.0
2024-10-03 12:30:00,478.451080816,478.748384663,477.995214917,478.262788379,672081.0
2024-10-03 13:00:00,478.292518764,478.292518764,475.230289141,475.656424655,2251744.0
2024-10-03 13:30:00,475.656424655,477.271775556,474.685232088,476.237752777,1787811.0
2024-10-03 14:00:00,476.201481707,476.954651453,475.62669427,476.657347606,814176.0
2024-10-03 14:30:00,476.66230267,476.974471709,475.775346194,476.389675043,1017499.0
2024-10-03 15:00:00,476.399585171,476.736628632,475.993369015,476.221301964,744959.0
2024-10-03 15:30:00,476.201481707,476.327835842,475.507772731,475.726191958,939955.0
2024-10-03 16:00:00,475.725795552,477.69791107,475.641559462,477.261865428,3263051.0
2024-10-04 10:00:00,483.069200571,483.336774033,479.442093639,479.739397486,4641759.0
2024-10-04 10:30:00,479.739397486,480.601578642,478.049720622,478.619552996,3459280.0
2024-10-04 11:00:00,478.659193509,480.799781206,478.183507353,480.730410309,2211301.0
2024-10-04 11:30:00,480.690769796,481.483580054,478.797935304,479.164610048,1883174.0
2024-10-04 12:00:00,479.124969535,481.027714155,478.54027197,481.017804027,1909682.0
2024-10-04 12:30:00,481.027714155,481.196186335,479.650206332,480.155622871,1009744.0
2024-10-04 13:00:00,480.10607223,481.969176337,479.947510178,481.305197746,1255315.0
2024-10-04 13:30:00,481.305197746,481.701602875,480.918702745,481.106995181,636888.0
2024-10-04 14:00:00,481.106995181,481.711513003,479.670026588,480.423196333,1460677.0
2024-10-04 14:30:00,480.462836846,481.186276207,479.93760005,481.126815438,946428.0
2024-10-04 15:00:00,481.126815438,481.73133326,480.90241644,481.721423132,1010411.0
2024-10-04 15:30:00,481.711513003,482.474592877,481.344838259,482.297300683,1258630.0
2024-10-04 16:00:00,482.296210569,483.495336085,482.167378902,482.940368904,4133524.0
2024-10-07 10:00:00,481.027714155,481.67187249,479.897959537,480.403376077,2456783.0
2024-10-07 10:30:00,480.403376077,482.048457363,480.244913127,481.998906722,1416272.0
2024-10-07 11:00:00,482.018726978,482.197109287,480.968253386,481.681782619,1417460.0
2024-10-07 11:30:00,481.642142106,481.681782619,480.61148877,481.602501593,1001439.0
2024-10-07 12:00:00,481.612411721,481.909715568,481.14168063,481.354748387,907569.0
2024-10-07 12:30:00,481.364658515,481.73133326,480.353825436,481.404299028,1247473.0
2024-10-07 13:00:00,481.424119285,481.483580054,480.581758385,480.997884669,606996.0
2024-10-07 13:30:00,481.007893899,481.632231978,480.750230565,480.77996095,585485.0
2024-10-07 14:00:00,480.77996095,481.324918901,480.492567231,481.324918901,749943.0
2024-10-07 14:30:00,481.285377489,481.403506218,480.065440704,480.294364666,2038873.0
2024-10-07 15:00:00,480.294364666,480.294364666,476.865460299,477.033932479,3395441.0
2024-10-07 15:30:00,477.033932479,478.277653572,476.835729914,477.678090814,1793525.0
2024-10-07 16:00:00,477.688000942,478.451080816,476.548336196,477.767281968,4527207.0
2024-10-08 10:00:00,480.304274795,481.513310439,479.496599344,481.493490182,2975011.0
2024-10-08 10:30:00,481.513310439,482.583604288,481.434029413,482.159946306,2537408.0
2024-10-08 11:00:00,482.167378902,484.258415958,482.048457363,483.445785444,3298732.0
2024-10-08 11:30:00,483.485425957,483.951201983,482.781806852,483.267403135,2006955.0
2024-10-08 12:00:00,483.316953777,483.901651342,482.986054595,483.862010829,876644.0
2024-10-08 12:30:00,483.852100701,483.857055765,482.524143518,483.391279738,1071489.0
2024-10-08 13:00:00,483.346684161,483.653898136,482.866042942,483.277313264,574453.0
2024-10-08 13:30:00,483.277214162,483.386324674,481.711513003,482.464682749,1829905.0
2024-10-08 14:00:00,482.504323262,483.316953777,482.29630967,483.287223392,1001392.0
2024-10-08 14:30:00,483.267403135,483.544886726,483.128760442,483.406144931,689351.0
2024-10-08 15:00:00,483.416055059,484.456618523,483.079110699,484.268326087,1825508.0
2024-10-08 15:30:00,484.238595702,484.788607819,483.842190573,484.635000831,1278597.0
2024-10-08 16:00:00,484.625090703,485.586373141,484.496259036,484.902574293,5306715.0
2024-10-09 10:00:00,484.605270447,484.981855319,483.564706982,484.203910253,2359045.0
2024-10-09 10:30:00,484.198955189,486.289992246,484.119674163,486.012508655,2529515.0
2024-10-09 11:00:00,486.032328912,486.508015067,485.36835032,486.476302656,1254230.0
2024-10-09 11:30:00,486.498104938,487.380106351,486.498104938,487.052477512,1582123.0
2024-10-09 12:00:00,487.043161991,488.470220456,487.013431606,488.429489829,2057598.0
2024-10-09 12:30:00,488.410759687,488.435535007,486.607116349,487.677410198,1709990.0
2024-10-09 13:00:00,487.662545005,487.915253275,486.904420196,487.241265454,2367758.0
2024-10-09 13:30:00,487.241364556,487.954794687,487.023341735,487.816151993,803839.0
2024-10-09 14:00:00,487.77651148,488.024264686,486.31972263,487.310735453,1161972.0
2024-10-09 14:30:00,487.310735453,488.78734456,487.122443017,488.677342136,1021644.0
2024-10-09 15:00:00,488.653557828,488.693198341,487.94498366,488.143186225,1487688.0
2024-10-09 15:30:00,488.133276096,488.539591354,487.489117761,488.153096353,1292989.0
2024-10-09 16:00:00,488.123365968,489.292761099,488.123365968,488.717973662,3397929.0
2024-10-10 10:00:00,486.438644169,487.181903786,485.130507243,486.468374554,3312871.0
2024-10-10 10:30:00,486.498104938,487.855792506,486.399003656,487.535695364,2008190.0
2024-10-10 11:00:00,487.558488659,487.954893788,486.577385964,487.053171221,1930971.0
2024-10-10 11:30:00,487.092712632,488.420669815,486.617026477,488.251206622,1291968.0
2024-10-10 12:00:00,488.242287507,489.302671228,487.895433019,489.263030715,1437222.0
2024-10-10 12:30:00,489.248165522,490.026110588,488.876535714,489.104468663,2857659.0
2024-10-10 13:00:00,489.144109176,489.198614881,487.895433019,488.410759687,2223014.0
2024-10-10 13:30:00,488.420669815,489.114378791,487.588219044,488.876535714,1255809.0
2024-10-10 14:00:00,488.876535714,489.203569945,486.973791093,488.557033179,1157808.0
2024-10-10 14:30:00,488.539591354,488.549501482,487.479207633,487.617949428,671215.0
2024-10-10 15:00:00,487.612994364,488.058950135,486.815229042,487.94498366,972446.0
2024-10-10 15:30:00,487.895433019,487.94498366,487.231454427,487.86074757,1122015.0
2024-10-10 16:00:00,487.855792506,488.549501482,487.43956712,488.163006481,2890436.0
2024-10-11 10:00:00,486.329632759,487.062982248,485.764755449,486.775588529,2191356.0
2024-10-11 10:30:00,486.726037888,489.659435844,486.220621348,489.084648406,2703500.0
2024-10-11 11:00:00,489.069783214,489.599975074,487.508938018,488.400849559,2224369.0
2024-10-11 11:30:00,488.410759687,489.253120586,487.865702634,488.410759687,1455810.0
2024-10-11 12:00:00,488.449210984,489.40177251,488.326523597,489.34231174,1232161.0
2024-10-11 12:30:00,489.34231174,489.391862382,488.381029302,488.708063534,1019170.0
2024-10-11 13:00:00,488.628782508,488.757614175,487.845882378,488.693198341,869549.0
2024-10-11 13:30:00,488.708063534,488.831940137,488.143186225,488.698153405,682740.0
2024-10-11 14:00:00,488.688243277,488.955816739,488.460310328,488.613917316,552117.0
2024-10-11 14:30:00,488.599052123,489.51078392,488.453967846,489.094459433,724302.0
2024-10-11 15:00:00,489.094558535,489.332401612,488.341388789,489.312581356,751772.0
2024-10-11 15:30:00,489.312581356,489.946829562,489.218435138,489.659435844,1192242.0
2024-10-11 16:00:00,489.619795331,489.808087767,488.836895201,488.926086355,2504809.0
2024-10-14 10:00:00,491.314427258,494.138813804,491.086494309,494.138813804,3589180.0
2024-10-14 10:30:00,494.148723932,494.346926497,492.310395145,493.494655469,2526657.0
2024-10-14 11:00:00,493.489700405,493.643307392,491.383798156,491.651272517,2969785.0
2024-10-14 11:30:00,491.681102003,492.226159055,490.828830975,491.303526117,2450900.0
2024-10-14 12:00:00,491.30451713,492.186518542,490.809010718,492.176608414,902999.0
2024-10-14 12:30:00,492.166698286,492.711755339,492.018046363,492.632474313,965382.0
2024-10-14 13:00:00,492.632474313,492.939688288,492.473912261,492.597788864,1737620.0
2024-10-14 13:30:00,492.602743928,493.058609827,492.374810979,492.691935082,1587031.0
2024-10-14 14:00:00,492.692926095,492.87031739,492.399586299,492.70184521,625764.0
2024-10-14 14:30:00,492.706800275,493.187342392,492.434271748,492.87031739,1407775.0
2024-10-14 15:00:00,492.890137647,493.474835212,492.791135466,493.132935788,1118874.0
2024-10-14 15:30:00,493.127980724,493.440248865,492.909957903,493.430239635,1371154.0
2024-10-14 16:00:00,493.415374443,494.109083419,492.810856621,493.028879442,3217707.0
2024-10-15 10:00:00,493.355913674,494.019892265,492.72265648,493.26672252,2497609.0
2024-10-15 10:30:00,493.296452904,493.702768162,490.432425846,490.551347385,2373390.0
2024-10-15 11:00:00,490.491886615,490.501796743,486.15125045,487.806241865,6081297.0
2024-10-15 11:30:00,487.806241865,488.945906611,487.043161991,487.756691224,2126685.0
2024-10-15 12:00:00,487.736870967,488.599052123,486.537745451,486.651711926,2195441.0
2024-10-15 12:30:00,486.676487247,488.063905199,486.3405339,487.429656992,1690541.0
2024-10-15 13:00:00,487.43956712,488.153096353,486.963880965,487.231454427,1526438.0
2024-10-15 13:30:00,487.211634171,487.538668403,486.240441604,486.607116349,1198306.0
2024-10-15 14:00:00,486.607116349,487.508938018,486.350346909,486.806409028,1057040.0
2024-10-15 14:30:00,486.82513917,487.49902789,486.527835323,486.904420196,1049740.0
2024-10-15 15:00:00,486.884599939,487.211634171,485.972868142,486.101699809,1144781.0
2024-10-15 15:30:00,486.171070707,486.240441604,484.58545019,485.254383846,2900440.0
2024-10-15 16:00:00,485.25933891,486.508015067,484.288146343,486.438644169,6672200.0
2024-10-16 10:00:00,486.765678401,486.815229042,483.406144931,483.614158522,3814141.0
2024-10-16 10:30:00,483.584527239,486.607116349,483.18812211,486.190890963,3108909.0
2024-10-16 11:00:00,486.190890963,486.458464426,484.129584291,484.758877434,1824269.0
2024-10-16 11:30:00,484.798517947,486.002499426,484.58545019,485.735025065,969300.0
2024-10-16 12:00:00,485.725114936,486.091789681,484.705957349,484.823293268,1052862.0
2024-10-16 12:30:00,484.803473011,485.616103526,484.724191985,485.492226923,913378.0
2024-10-16 13:00:00,485.497181987,486.289992246,485.289069294,486.23548654,999580.0
2024-10-16 13:30:00,486.240441604,486.517925195,485.487271859,485.695384552,753977.0
2024-10-16 14:00:00,485.686663639,486.3791834,485.626013654,486.270171989,1111548.0
2024-10-16 14:30:00,486.270171989,487.27109494,485.844036475,487.072892376,1104720.0
2024-10-16 15:00:00,487.043161991,487.27109494,486.65666699,486.844959426,1007047.0
2024-10-16 15:30:00,486.844959426,487.062982248,486.389093528,486.558259417,935696.0
2024-10-16 16:00:00,486.567475836,486.726037888,486.161160579,486.498104938,2801278.0
2024-10-17 10:00:00,491.97840585,492.027956491,487.915253275,488.638692636,5161338.0
2024-10-17 10:30:00,488.698153405,489.391862382,487.122542118,488.935897382,2570190.0
2024-10-17 11:00:00,488.981880377,489.18384879,487.370196223,487.895433019,1666118.0
2024-10-17 11:30:00,487.915253275,489.213480073,487.152173402,489.154019304,1562427.0
2024-10-17 12:00:00,489.134199048,490.481976487,488.966123273,490.432425846,1200426.0
2024-10-17 12:30:00,490.422515718,490.898201873,489.609885203,489.842773216,1246044.0
2024-10-17 13:00:00,489.837818152,489.996380204,489.015277509,489.451323151,1154266.0
2024-10-17 13:30:00,489.451323151,490.174762512,489.273039944,489.609885203,829546.0
2024-10-17 14:00:00,489.609885203,490.254043538,489.550424433,489.72870764,665510.0
2024-10-17 14:30:00,489.689166228,489.84772828,487.261184812,487.717050711,1777315.0
2024-10-17 15:00:00,487.717050711,488.628782508,487.053072119,488.594097059,1327598.0
2024-10-17 15:30:00,488.608962251,488.817074944,487.380106351,487.409836736,1573841.0
2024-10-17 16:00:00,487.409836736,487.598129172,486.77568763,486.835049298,3213272.0
2024-10-18 10:00:00,489.619795331,490.709909436,488.866625585,489.886675084,2918237.0
2024-10-18 10:30:00,489.976163542,490.987393027,489.699076357,490.442335974,1536923.0
2024-10-18 11:00:00,490.442335974,490.600898026,489.332401612,489.43348492,2886137.0
2024-10-18 11:30:00,489.441413023,490.818920847,489.411682638,490.739639821,2201864.0
2024-10-18 12:00:00,490.749549949,491.116224694,489.520694049,489.746149466,1903165.0
2024-10-18 12:30:00,489.73871687,489.808087767,489.114378791,489.560334562,1634541.0
2024-10-18 13:00:00,489.560334562,490.947752514,489.550424433,490.382875205,1115332.0
2024-10-18 13:30:00,490.372965076,490.992348091,490.145032127,490.244133409,1291141.0
2024-10-18 14:00:00,490.273863794,490.581077769,489.976559947,490.125211871,678738.0
2024-10-18 14:30:00,490.105391614,490.63062841,489.282850971,490.501796743,880405.0
2024-10-18 15:00:00,490.531527128,490.606745001,490.036020717,490.273863794,800538.0
2024-10-18 15:30:00,490.263953666,490.363054948,489.728806741,490.254043538,1296594.0
2024-10-18 16:00:00,490.234223281,490.244133409,489.441413023,490.026110588,4806001.0
2024-10-21 10:00:00,488.817074944,490.551347385,488.688243277,490.323414435,2580432.0
2024-10-21 10:30:00,490.382875205,491.770293157,490.214403025,490.699999308,2248407.0
2024-10-21 11:00:00,490.69008918,490.809010718,487.746781095,488.89635597,3396623.0
2024-10-21 11:30:00,488.826985072,489.025187637,486.894510068,487.232841845,2320228.0
2024-10-21 12:00:00,487.152173402,489.670535187,487.072892376,489.46519733,3066310.0
2024-10-21 12:30:00,489.431502895,489.685202177,488.938672218,489.134199048,1230214.0
2024-10-21 13:00:00,489.144109176,489.946829562,488.757614175,489.808087767,863696.0
2024-10-21 13:30:00,489.798177639,490.323414435,489.481053536,489.84772828,1334236.0
2024-10-21 14:00:00,489.857638408,490.461264319,489.84772828,490.343234692,962320.0
2024-10-21 14:30:00,490.35314482,490.452246102,489.441512124,489.771122989,1325595.0
2024-10-21 15:00:00,489.768447254,490.026110588,489.381952253,489.51078392,1369307.0
2024-10-21 15:30:00,489.520694049,490.382875205,489.243210458,490.006290332,1543736.0
2024-10-21 16:00:00,489.996380204,491.076584181,489.530604177,490.96757277,4162742.0
2024-10-22 10:00:00,488.301748276,490.125211871,487.548578531,489.669345972,3817825.0
2024-10-22 10:30:00,489.744662947,491.046853796,489.193659817,490.30369328,2195879.0
2024-10-22 11:00:00,490.343234692,490.85856136,489.40177251,490.422515718,1659625.0
2024-10-22 11:30:00,490.422515718,490.85856136,489.560334562,490.090526422,1457111.0
2024-10-22 12:00:00,490.065751101,490.382875205,489.820277225,489.964172287,680971.0
2024-10-22 12:30:00,489.947027765,489.976559947,488.955816739,489.114378791,1442653.0
2024-10-22 13:00:00,489.104468663,490.660358795,488.836895201,490.541437256,1628970.0
2024-10-22 13:30:00,490.541437256,490.759460077,490.125211871,490.650448667,1160217.0
2024-10-22 14:00:00,490.670268923,492.389676171,490.610907255,492.345080594,2312172.0
2024-10-22 14:30:00,492.345080594,492.974373737,491.601820977,491.819843798,2417780.0
2024-10-22 15:00:00,491.80993367,491.859484311,490.908112001,491.101359501,1056460.0
2024-10-22 15:30:00,490.987393027,491.829753926,490.958950959,491.700922259,1021100.0
2024-10-22 16:00:00,491.683579535,492.275709697,491.47298931,491.502719695,2978241.0
2024-10-23 10:00:00,489.154019304,489.808087767,488.519771097,489.124288919,2683768.0
2024-10-23 10:30:00,489.094558535,489.213480073,487.033251863,488.757614175,2857699.0
2024-10-23 11:00:00,488.737793918,489.676191889,488.123365968,488.143186225,2272652.0
2024-10-23 11:30:00,488.163006481,488.747704047,486.081879553,486.171070707,2924766.0
2024-10-23 12:00:00,486.141340322,487.390016479,486.032328912,487.310735453,1962414.0
2024-10-23 12:30:00,487.300825325,487.300825325,484.895240799,484.981855319,1918992.0
2024-10-23 13:00:00,484.961935961,485.526912372,484.342652048,484.734102113,2016168.0
2024-10-23 13:30:00,484.724191985,484.724191985,482.652975185,483.330134247,3199959.0
2024-10-23 14:00:00,483.307043648,483.307043648,481.721423132,481.830434542,2540943.0
2024-10-23 14:30:00,481.800704157,482.028637107,480.690769796,481.701602875,2822318.0
2024-10-23 15:00:00,481.691692747,483.307043648,481.543040823,483.029560058,2430636.0
2024-10-23 15:30:00,483.01964993,483.544886726,482.231794735,483.202987302,2519147.0
2024-10-23 16:00:00,483.207942366,484.228685574,482.811537237,483.97102224,5446166.0
2024-10-24 10:00:00,487.687320326,487.766601352,485.883676988,486.851202807,2988325.0
2024-10-24 10:30:00,486.854869555,487.804259839,486.180980835,486.31972263,2033899.0
2024-10-24 11:00:00,486.349453015,487.697230454,486.111609937,486.33359681,1443951.0
2024-10-24 11:30:00,486.338968099,487.548578531,486.081879553,486.953970837,1073339.0
2024-10-24 12:00:00,486.894510068,487.211634171,485.130507243,486.634369202,1234209.0
2024-10-24 12:30:00,486.626936605,486.884599939,485.041316089,486.597107119,1086836.0
2024-10-24 13:00:00,486.587296093,487.508938018,486.587296093,487.310735453,1188902.0
2024-10-24 13:30:00,487.300825325,488.040715499,487.023341735,487.350375966,1050538.0
2024-10-24 14:00:00,487.380106351,487.94498366,486.973791093,487.023341735,656129.0
2024-10-24 14:30:00,487.063081349,487.935073532,486.636846734,487.508938018,956426.0
2024-10-24 15:00:00,487.518848146,487.627859557,486.963880965,487.598129172,676109.0
2024-10-24 15:30:00,487.536289972,488.172916609,487.013431606,488.11345584,1131050.0
2024-10-24 16:00:00,488.053995071,488.569321739,487.731915903,487.895433019,3641297.0
2024-10-25 10:00:00,490.69008918,494.614499959,490.670268923,494.465848035,5406700.0
2024-10-25 10:30:00,494.446027779,495.78389509,494.228995971,495.456860858,4572023.0
2024-10-25 11:00:00,495.466770987,495.660018487,493.762228931,494.604589831,3006689.0
2024-10-25 11:30:00,494.594679702,495.080275986,493.920790983,494.109083419,2855970.0
2024-10-25 12:00:00,494.089263163,494.614499959,493.375833031,493.804346976,2454011.0
2024-10-25 12:30:00,493.782049187,494.743331626,493.515466738,494.743331626,1579237.0
2024-10-25 13:00:00,494.73441251,494.812702523,494.178454317,494.213139765,1252308.0
2024-10-25 13:30:00,494.247825214,494.267645471,492.188500568,492.483822389,2439497.0
2024-10-25 14:00:00,492.473912261,492.741485723,490.561257513,491.185595591,2851044.0
2024-10-25 14:30:00,491.175685463,492.027956491,489.986470075,491.780302386,2814978.0
2024-10-25 15:00:00,491.829753926,492.364900851,491.254966489,492.017154451,1075727.0
2024-10-25 15:30:00,491.948675465,491.963540657,490.809010718,491.279741809,1879858.0
2024-10-25 16:00:00,491.284696874,491.601820977,490.491886615,490.868471488,3474115.0
2024-10-28 10:00:00,493.980251752,494.039712521,491.691012131,492.265799568,2686436.0
2024-10-28 10:30:00,492.285619825,493.514475725,492.275709697,493.336093417,1617460.0
2024-10-28 11:00:00,493.346003545,493.752318803,492.543283159,492.751395852,1255551.0
2024-10-28 11:30:00,492.830676877,492.850497134,491.7504729,492.399586299,1252958.0
2024-10-28 12:00:00,492.394631235,492.444082775,491.482899438,491.747995368,1048254.0
2024-10-28 12:30:00,491.730652644,492.652294569,491.368932963,492.345080594,1195692.0
2024-10-28 13:00:00,492.335170466,492.374810979,491.423438669,491.730652644,935506.0
2024-10-28 13:30:00,491.710832387,492.245979312,491.145955078,491.869394439,1168161.0
2024-10-28 14:00:00,491.889214696,492.414451492,491.80993367,492.285619825,602805.0
2024-10-28 14:30:00,492.226159055,492.414451492,491.64146149,491.770194056,634342.0
2024-10-28 15:00:00,491.770293157,492.113282695,491.116224694,491.492809566,1525297.0
2024-10-28 15:30:00,491.522539951,491.90576461,491.13604495,491.66623681,1358168.0
2024-10-28 16:00:00,491.682489421,491.899124824,490.650448667,490.947752514,3360512.0
2024-10-29 10:00:00,491.264876617,491.621641233,489.411682638,491.398663348,2352824.0
2024-10-29 10:30:00,491.398663348,493.445005726,490.997303155,492.047776747,2449637.0
2024-10-29 11:00:00,492.027956491,493.455014956,492.027956491,493.316273161,1256567.0
2024-10-29 11:30:00,493.37573393,493.573936495,492.70184521,493.316273161,1688981.0
2024-10-29 12:00:00,493.316273161,493.940611239,492.92977816,493.910880854,1384701.0
2024-10-29 12:30:00,493.900970726,494.416297394,493.643307392,493.752318803,1620214.0
2024-10-29 13:00:00,493.752318803,494.77306201,493.058609827,494.515398677,1606927.0
2024-10-29 13:30:00,494.545129061,495.456860858,494.530263869,494.926668998,1535018.0
2024-10-29 14:00:00,494.94153419,495.373318477,494.723511369,495.099997141,1075623.0
2024-10-29 14:30:00,495.100096242,495.683208187,494.812702523,495.664973551,1040983.0
2024-10-29 15:00:00,495.655063423,496.101019193,495.536141884,495.61542291,1488990.0
2024-10-29 15:30:00,495.605512782,496.844278811,495.575782397,496.7352674,2052595.0
2024-10-29 16:00:00,496.725357272,496.834368682,495.298298807,495.664973551,4932735.0
2024-10-30 10:00:00,494.901893677,495.11000637,492.136967901,494.287465727,4066775.0
2024-10-30 10:30:00,494.237915086,495.853265988,493.930701111,495.610467846,1961257.0
2024-10-30 11:00:00,495.605512782,495.664973551,494.178454317,494.711123709,1632012.0
2024-10-30 11:30:00,494.6640506,495.466770987,493.673037777,495.44695073,1234794.0
2024-10-30 12:00:00,495.44695073,495.496501371,494.475758164,495.16946714,1172309.0
2024-10-30 12:30:00,495.139736755,495.427130474,494.38656701,494.6640506,747475.0
2024-10-30 13:00:00,494.654140472,495.11000637,494.38656701,494.555039189,517014.0
2024-10-30 13:30:00,494.545129061,494.753241754,493.861330213,493.900970726,1070708.0
2024-10-30 14:00:00,493.940611239,494.148723932,492.513552774,492.919868031,2246165.0
2024-10-30 14:30:00,492.909957903,493.940611239,492.909957903,493.395554187,1277987.0
2024-10-30 15:00:00,493.346003545,493.980251752,493.306363032,493.554116238,1240425.0
2024-10-30 15:30:00,493.554116238,493.559071302,492.394631235,492.771216108,2003144.0
2024-10-30 16:00:00,492.766261044,493.083385147,491.433348797,491.91894508,6469442.0
2024-10-31 10:00:00,487.954893788,488.004444429,482.831357493,483.227762623,5409909.0
2024-10-31 10:30:00,483.217852494,484.040393137,482.088097876,482.593514416,3591223.0
2024-10-31 11:00:00,482.573694159,482.980009417,480.958343258,481.364658515,2911746.0
2024-10-31 11:30:00,481.334928131,481.998906722,480.512387488,481.572771208,2409778.0
2024-10-31 12:00:00,481.543040823,481.780883901,479.818678511,480.908792617,2016383.0
2024-10-31 12:30:00,480.898882488,481.73133326,480.433106462,481.344838259,2391580.0
2024-10-31 13:00:00,481.344838259,481.751153516,480.88897236,481.315107874,1277225.0
2024-10-31 13:30:00,481.305197746,481.988996594,480.839421719,480.908792617,1659866.0
2024-10-31 14:00:00,480.88897236,481.027714155,479.868229153,480.10607223,1971074.0
2024-10-31 14:30:00,480.115982358,480.522297616,479.60065569,480.185353256,2138091.0
2024-10-31 15:00:00,480.185353256,480.542117872,479.471824023,480.403376077,2425320.0
2024-10-31 15:30:00,480.388510885,481.661962362,480.215083641,481.166455951,1769009.0
2024-10-31 16:00:00,481.166455951,482.405221979,479.402453126,479.501554408,7490721.0
2024-11-01 10:00:00,481.136725566,483.703448778,480.839421719,483.485425957,3660609.0
2024-11-01 10:30:00,483.505246213,485.943137758,482.68270557,485.942840454,3249570.0
2024-11-01 11:00:00,485.953047886,486.071969425,483.247582879,485.130507243,2916482.0
2024-11-01 11:30:00,485.099884946,486.340236596,484.635000831,486.240441604,1806439.0
2024-11-01 12:00:00,486.260261861,486.339542887,484.486348908,484.823293268,1222060.0
2024-11-01 12:30:00,484.783652755,485.546732628,484.675533256,484.744012242,653065.0
2024-11-01 13:00:00,484.745003255,485.526912372,484.075078586,484.526881332,928178.0
2024-11-01 13:30:00,484.555719805,485.507092115,483.554796854,485.378260448,1878074.0
2024-11-01 14:00:00,485.378260448,485.417900961,483.237672751,483.277313264,1772319.0
2024-11-01 14:30:00,483.267403135,483.782729803,482.563784031,483.35659429,2637677.0
2024-11-01 15:00:00,483.326963006,483.752999419,483.049380314,483.455695572,1442102.0
2024-11-01 15:30:00,483.445785444,484.337696984,483.198032238,483.277313264,1860462.0
2024-11-01 16:00:00,483.257493007,483.990842496,482.425042236,483.049380314,5479664.0
2024-11-04 10:00:00,482.444862492,482.940368904,479.902419095,482.778140105,2809393.0
2024-11-04 10:30:00,482.752076467,484.436798267,482.425042236,483.951301085,1623622.0
2024-11-04 11:00:00,483.941291855,484.555719805,483.425965187,484.010662753,1167098.0
2024-11-04 11:30:00,484.020572881,484.981855319,483.683628521,483.832280445,1458321.0
2024-11-04 12:00:00,483.832280445,483.901651342,480.859241976,481.443939541,1733680.0
2024-11-04 12:30:00,481.473669926,482.335751981,480.329050115,482.316030825,1943565.0
2024-11-04 13:00:00,482.306120697,483.079110699,482.012483598,482.633154929,862530.0
2024-11-04 13:30:00,482.633154929,483.544886726,481.632231978,482.870998006,1093080.0
2024-11-04 14:00:00,482.771896724,483.762909547,482.643065057,483.108841084,947895.0
2024-11-04 14:30:00,483.138571468,483.604248394,482.672795442,482.761986596,780350.0
2024-11-04 15:00:00,482.732256211,483.455695572,482.534053646,482.841267622,709941.0
2024-11-04 15:30:00,482.781806852,482.930458776,482.167378902,482.39600556,1561785.0
2024-11-04 16:00:00,482.375491595,482.434952364,481.265557233,481.642142106,4238933.0
2024-11-05 10:00:00,483.227762623,486.716127759,483.138571468,486.532889489,2969203.0
2024-11-05 10:30:00,486.468374554,487.191813915,485.764755449,485.923317501,1875308.0
2024-11-05 11:00:00,485.943137758,486.904420196,485.36835032,485.744935193,1574489.0
2024-11-05 11:30:00,485.695384552,487.062982248,485.160237627,486.706217631,1826801.0
2024-11-05 12:00:00,486.775588529,487.865702634,486.745858144,487.717050711,1151728.0
2024-11-05 12:30:00,487.726960839,488.4504002,487.409836736,487.895433019,1484085.0
2024-11-05 13:00:00,487.94498366,488.4504002,487.766601352,487.974714045,974914.0
2024-11-05 13:30:00,487.980858324,488.361209046,487.241463657,487.261085711,1003433.0
2024-11-05 14:00:00,487.241364556,487.538569301,486.448653399,486.968836029,1127290.0
2024-11-05 14:30:00,487.023341735,487.578308916,486.706217631,487.152371604,801295.0
2024-11-05 15:00:00,487.181903786,487.598030071,486.321308251,486.666577118,1581078.0
2024-11-05 15:30:00,486.597206221,487.598129172,486.349453015,487.538668403,1424118.0
2024-11-05 16:00:00,487.528758274,487.984525072,486.894510068,487.786421608,3304486.0
2024-11-06 10:00:00,496.06137868,498.935315867,495.11000637,495.833445731,8770388.0
2024-11-06 10:30:00,495.853265988,498.836214585,495.575782397,498.667742405,2834611.0
2024-11-06 11:00:00,498.677652533,499.261755491,496.537064835,496.953290221,2581374.0
2024-11-06 11:30:00,496.923559836,498.350618302,496.219940732,498.172235993,1677199.0
2024-11-06 12:00:00,498.221786635,498.885765226,498.053314455,498.647922148,2098008.0
2024-11-06 12:30:00,498.657832277,499.074057662,498.221786635,498.717293046,1208864.0
2024-11-06 13:00:00,498.737113302,499.292080483,498.42395325,499.093877919,1180384.0
2024-11-06 13:30:00,499.103788047,500.144351511,498.945225995,500.144351511,3773998.0
2024-11-06 14:00:00,500.134441383,500.54075664,499.808001759,500.213722409,1607473.0
2024-11-06 14:30:00,500.213722409,500.803375038,499.896598305,500.778599718,1295612.0
2024-11-06 15:00:00,500.76868959,500.976802282,500.302913563,500.857880744,1590827.0
2024-11-06 15:30:00,500.857880744,501.561499848,500.714183884,501.199780168,2105845.0
2024-11-06 16:00:00,501.204735232,501.858803695,500.629947794,501.036263052,5981688.0
2024-11-07 10:00:00,503.830919213,506.328271527,503.771458443,506.298541142,4248875.0
2024-11-07 10:30:00,506.288631014,506.754307939,505.8624955,506.318361398,2580707.0
2024-11-07 11:00:00,506.33471311,507.626498325,505.763493319,507.458026145,2035428.0
2024-11-07 11:30:00,507.477846401,507.735509735,506.64539563,507.358924863,1454372.0
2024-11-07 12:00:00,507.339104606,508.378677057,507.25982358,508.290476916,1521423.0
2024-11-07 12:30:00,508.290476916,508.290476916,507.467936273,507.953532556,1327184.0
2024-11-07 13:00:00,507.923802172,508.349937686,507.576947684,508.250836403,1595877.0
2024-11-07 13:30:00,508.290476916,508.320207301,507.398565376,507.794970505,943377.0
2024-11-07 14:00:00,507.775150248,508.264908785,507.269733709,507.963442685,2054739.0
2024-11-07 14:30:00,508.003083198,508.538230122,507.497666658,508.082364223,1528883.0
2024-11-07 15:00:00,508.062643068,509.22202897,507.448116017,509.22202897,1793656.0
2024-11-07 15:30:00,509.231939098,509.707625253,508.825722942,509.202208713,2453439.0
2024-11-07 16:00:00,509.192298585,509.625866695,508.563005443,508.924725123,6097143.0
2024-11-08 10:00:00,508.424263647,509.535189022,508.191375634,509.033736533,2467714.0
2024-11-08 10:30:00,508.974275764,509.380591022,507.804880633,508.577870635,2142140.0
2024-11-08 11:00:00,508.577870635,509.023826405,508.18642057,508.679449449,1215497.0
2024-11-08 11:30:00,508.686882045,509.204686245,508.062543967,508.984086791,998701.0
2024-11-08 12:00:00,509.013916277,509.608523971,508.627421276,509.172478329,1103835.0
2024-11-08 12:30:00,509.142747944,509.291300766,508.657250762,508.835533969,2389196.0
2024-11-08 13:00:00,508.825623841,509.420231534,508.776073199,509.182388457,710953.0
2024-11-08 13:30:00,509.182388457,509.608523971,509.093197303,509.529242945,595852.0
2024-11-08 14:00:00,509.529242945,510.289845287,509.49951256,509.995018972,1599323.0
2024-11-08 14:30:00,509.975198715,510.188266472,509.648164484,510.153581023,1755532.0
2024-11-08 15:00:00,510.143670895,510.28241269,509.55897333,509.578793586,1064821.0
2024-11-08 15:30:00,509.568883458,509.648164484,509.05355679,509.192298585,1011008.0
2024-11-08 16:00:00,509.212118842,509.549063201,508.944545379,509.519332817,3122721.0
2024-11-11 10:00:00,510.738278589,510.946391282,507.824700889,508.02260615,3544237.0
2024-11-11 10:30:00,508.032813582,508.875174482,507.636408453,508.498589609,2043922.0
2024-11-11 11:00:00,508.478769353,509.806726535,508.478769353,509.301309996,1716475.0
2024-11-11 11:30:00,509.311220124,509.528648337,508.766163071,508.901770293,1056926.0
2024-11-11 12:00:00,508.944545379,509.192298585,508.518409865,508.795893456,947838.0
2024-11-11 12:30:00,508.795794355,509.063466918,507.874251531,508.062543967,1097604.0
2024-11-11 13:00:00,508.052633839,508.478769353,507.705779351,507.735509735,892379.0
2024-11-11 13:30:00,507.705779351,507.705779351,506.328271527,507.339104606,1864206.0
2024-11-11 14:00:00,507.31928435,508.676971917,507.269733709,508.27065666,1001474.0
2024-11-11 14:30:00,508.280566788,508.340027557,507.775150248,507.785159478,1384213.0
2024-11-11 15:00:00,507.804880633,508.201285762,507.676048966,508.1269598,809356.0
2024-11-11 15:30:00,508.1269598,508.726522558,508.003083198,508.572915571,1815626.0
2024-11-11 16:00:00,508.567465,509.321130252,508.350036787,509.22202897,3369773.0
2024-11-12 10:00:00,509.152658072,510.034659485,508.320207301,509.66798474,2240623.0
2024-11-12 10:30:00,509.658074612,509.796816407,508.290476916,509.132837816,1614351.0
2024-11-12 11:00:00,509.142747944,509.598613843,508.214862638,508.369658841,1323961.0
2024-11-12 11:30:00,508.349937686,508.855354225,507.903981915,508.250935505,1342197.0
2024-11-12 12:00:00,508.264115975,508.567960507,507.378745119,507.641363517,1297380.0
2024-11-12 12:30:00,507.626498325,507.993173069,507.0913514,507.728077139,1371695.0
2024-11-12 13:00:00,507.720644543,507.993173069,505.515641012,505.515641012,1397053.0
2024-11-12 13:30:00,505.495820755,507.123063811,505.24806755,506.833688066,2321639.0
2024-11-12 14:00:00,506.784137425,508.662106725,506.784137425,508.27065666,1339650.0
2024-11-12 14:30:00,508.260746532,508.845444097,508.131914865,508.468859224,1226476.0
2024-11-12 15:00:00,508.498589609,508.964365636,508.260746532,508.389578199,1227522.0
2024-11-12 15:30:00,508.409398455,508.676971917,507.973352813,508.330117429,1504717.0
2024-11-12 16:00:00,508.290476916,508.825623841,507.904675624,508.300387044,4372866.0
2024-11-13 10:00:00,507.794970505,508.429218711,506.912969092,507.358924863,2321758.0
2024-11-13 10:30:00,507.289553965,507.309374221,505.366989088,506.387732296,1987793.0
2024-11-13 11:00:00,506.387732296,507.329194478,506.053265468,506.764317169,1419427.0
2024-11-13 11:30:00,506.774227297,507.923802172,506.179619603,507.678823802,837634.0
2024-11-13 12:00:00,507.656228709,508.181465506,506.432327873,507.913892043,1305267.0
2024-11-13 12:30:00,507.913892043,509.083287175,507.745419864,508.440912663,1394263.0
2024-11-13 13:00:00,508.458949096,509.489602432,508.032813582,509.395456214,1108121.0
2024-11-13 13:30:00,509.420231534,509.608523971,508.964365636,509.410321406,1118121.0
2024-11-13 14:00:00,509.39050115,510.351783588,509.231939098,510.074299998,1601763.0
2024-11-13 14:30:00,510.094120254,510.094120254,508.706702302,508.894994738,1250034.0
2024-11-13 15:00:00,508.894499232,509.073377046,507.935694326,508.27065666,1451723.0
2024-11-13 15:30:00,508.231016147,508.855354225,507.517586016,508.221106019,1198524.0
2024-11-13 16:00:00,508.21119589,509.1625682,506.853508323,507.646318581,4082267.0
2024-11-14 10:00:00,507.309374221,508.181465506,505.554984221,506.219260116,2621236.0
2024-11-14 10:30:00,506.159799347,506.803957682,504.980494087,506.377822168,1530756.0
2024-11-14 11:00:00,506.338181655,507.309374221,505.793124602,506.189529731,1259717.0
2024-11-14 11:30:00,506.159799347,506.823777938,506.080518321,506.642422592,916155.0
2024-11-14 12:00:00,506.655305758,507.349014734,506.273369416,506.397642424,854591.0
2024-11-14 12:30:00,506.407552553,506.655206657,505.297618191,505.495820755,1127857.0
2024-11-14 13:00:00,505.495820755,506.149889219,504.385886394,505.961596782,1981845.0
2024-11-14 13:30:00,505.941776526,506.853508323,505.575101781,506.278720886,1512394.0
2024-11-14 14:00:00,506.268810757,506.407552553,504.524628189,504.643549728,1444154.0
2024-11-14 14:30:00,504.633639599,506.060698064,504.603909215,505.52555114,2455879.0
2024-11-14 15:00:00,505.505730884,506.100338577,505.168786524,505.585011909,1544574.0
2024-11-14 15:30:00,505.575101781,505.585011909,503.672357161,504.484987676,3416437.0
2024-11-14 16:00:00,504.480032612,504.673280112,503.206581134,504.118312931,5104197.0
2024-11-15 10:00:00,498.419989199,498.8064842,496.537064835,496.804638298,6039381.0
2024-11-15 10:30:00,496.834368682,496.973110478,494.21809483,494.406387266,4220442.0
2024-11-15 11:00:00,494.406387266,494.882073421,493.286542776,493.702768162,4445042.0
2024-11-15 11:30:00,493.71267829,494.277555599,493.063564891,494.178454317,4506616.0
2024-11-15 12:00:00,494.198274573,494.446027779,491.819843798,492.156788158,3490037.0
2024-11-15 12:30:00,492.161743222,492.454092005,491.681102003,492.154310626,2945087.0
2024-11-15 13:00:00,492.14687803,492.5928338,491.017123411,491.909034952,3021867.0
2024-11-15 13:30:00,491.909034952,492.067597004,491.106314565,491.681102003,2209918.0
2024-11-15 14:00:00,491.671191874,491.671191874,490.045930845,490.610808154,2914968.0
2024-11-15 14:30:00,490.620718282,491.334247515,490.37792014,490.432326744,2414006.0
2024-11-15 15:00:00,490.417560653,492.156788158,490.412605589,491.354959683,2668222.0
2024-11-15 15:30:00,491.32225626,492.325260338,491.284696874,491.780203285,2348859.0
2024-11-15 16:00:00,491.790113413,492.493732518,491.076584181,492.107237517,5798266.0
2024-11-18 10:00:00,493.65321752,493.970341624,492.265799568,492.969418673,3856481.0
2024-11-18 10:30:00,492.979328801,495.932547013,492.800946493,495.912726757,2065629.0
2024-11-18 11:00:00,495.912726757,496.943380093,495.863275217,496.602868087,1978522.0
2024-11-18 11:30:00,496.616345861,497.476247688,496.477504965,496.983020606,1794124.0
2024-11-18 12:00:00,496.973110478,497.627178941,495.635243166,496.210030604,2062800.0
2024-11-18 12:30:00,496.215084769,496.388412912,495.595602654,496.051468552,919939.0
2024-11-18 13:00:00,496.06137868,496.214985668,495.119916499,496.180300219,1163103.0
2024-11-18 13:30:00,496.160479963,496.348772399,495.764074833,495.823535603,1167893.0
2024-11-18 14:00:00,495.833445731,496.239760989,494.639275279,496.190111246,1510978.0
2024-11-18 14:30:00,496.170390091,496.180300219,494.574859446,494.733421498,1336937.0
2024-11-18 15:00:00,494.738376562,495.932547013,494.515398677,495.674883679,1393697.0
2024-11-18 15:30:00,495.655063423,496.040567411,495.526231756,495.95236727,1063735.0
2024-11-18 16:00:00,495.95236727,495.95236727,495.010905088,495.526231756,4090077.0
2024-11-19 10:00:00,492.949598416,494.515398677,492.612654056,493.752417904,3118647.0
2024-11-19 10:30:00,493.71267829,494.951444319,493.048699698,494.931624062,1224930.0
2024-11-19 11:00:00,494.901893677,496.200120476,494.426207522,495.763381125,1718989.0
2024-11-19 11:30:00,495.754164705,496.943380093,495.724434321,496.834368682,1360761.0
2024-11-19 12:00:00,496.834368682,497.230773812,496.338862271,496.516253566,1542147.0
2024-11-19 12:30:00,496.517244579,496.943380093,495.8929065,496.88600045,873760.0
2024-11-19 13:00:00,496.874009195,497.438787403,496.745177528,497.111852273,696998.0
2024-11-19 13:30:00,497.111852273,497.993853685,496.755087656,497.899707467,1208763.0
2024-11-19 14:00:00,497.911996026,499.424479797,497.744812163,499.232619714,1327849.0
2024-11-19 14:30:00,499.242529842,499.39613683,498.335753109,498.340708173,1086754.0
2024-11-19 15:00:00,498.3505192,498.618191764,497.478527017,498.184425451,1776865.0
2024-11-19 15:30:00,498.19205625,498.578551251,497.954114071,498.509180353,1948245.0
2024-11-19 16:00:00,498.479449969,499.173158945,498.330798045,498.935315867,3259248.0
2024-11-20 10:00:00,498.63801202,498.687562661,495.308208935,495.33793932,3572591.0
2024-11-20 10:30:00,495.407310217,496.081198937,492.092372324,493.09825034,3675409.0
2024-11-20 11:00:00,493.088340211,495.912726757,492.909957903,495.645153295,2921133.0
2024-11-20 11:30:00,495.635243166,496.071288809,494.099173291,494.168544188,1540605.0
2024-11-20 12:00:00,494.208184701,497.5776283,493.762228931,497.121762401,2472533.0
2024-11-20 12:30:00,497.111852273,497.537987787,494.525308805,495.734245348,1431893.0
2024-11-20 13:00:00,495.704614064,496.388412912,494.901893677,495.189287396,991307.0
2024-11-20 13:30:00,495.199197524,495.764074833,494.594679702,495.655063423,1191949.0
2024-11-20 14:00:00,495.625333038,495.625333038,493.99016188,494.787927203,966517.0
2024-11-20 14:30:00,494.735403523,494.882073421,494.019892265,494.356836625,761785.0
2024-11-20 15:00:00,494.297375855,495.704614064,494.21809483,495.258658294,1656563.0
2024-11-20 15:30:00,495.166989608,496.378502784,494.911803806,496.329150345,1248694.0
2024-11-20 16:00:00,496.358682527,498.955136124,496.358682527,498.647922148,3768761.0
2024-11-21 10:00:00,501.690331515,502.403860748,495.813625475,496.804638298,5636834.0
2024-11-21 10:30:00,496.804638298,497.90456343,493.296452904,493.435194699,4143583.0
2024-11-21 11:00:00,493.435194699,497.728262249,493.088340211,497.68663971,4090599.0
2024-11-21 11:30:00,497.706459967,499.410902921,497.250594068,499.410902921,2239361.0
2024-11-21 12:00:00,499.391181766,499.668665356,497.424021312,498.251517019,1658002.0
2024-11-21 12:30:00,498.281247404,500.134441383,497.438886504,499.75785651,1377800.0
2024-11-21 13:00:00,499.752901446,501.224555488,499.668665356,500.293102536,1847058.0
2024-11-21 13:30:00,500.322733819,501.264196001,500.154360741,500.976802282,1172808.0
2024-11-21 14:00:00,500.986712411,501.442578309,500.471484844,501.244375745,1041244.0
2024-11-21 14:30:00,501.234465616,501.511949207,499.67054828,500.644812987,1437142.0
2024-11-21 15:00:00,500.679498436,501.21464536,500.164171768,501.016541897,1439603.0
2024-11-21 15:30:00,500.996622539,501.789432797,500.877701,501.571310875,1466775.0
2024-11-21 16:00:00,501.541679592,501.630870746,500.322733819,500.441655358,3569124.0
2024-11-22 10:00:00,499.886688177,501.809253054,499.520013433,501.402937796,2797048.0
2024-11-22 10:30:00,501.412847925,501.412847925,498.261427147,498.717293046,2330513.0
2024-11-22 11:00:00,498.737113302,501.333566899,498.588461379,501.115544078,1453607.0
2024-11-22 11:30:00,501.125454206,501.224555488,498.756933559,499.579474202,1574044.0
2024-11-22 12:00:00,499.629024843,500.70922882,498.895675354,500.402014845,1356472.0
2024-11-22 12:30:00,500.421835102,501.204735232,500.015519844,500.966991256,858464.0
2024-11-22 13:00:00,500.976802282,501.601140361,500.074980614,501.393027668,1399817.0
2024-11-22 13:30:00,501.353387155,501.977725234,501.075903565,501.293926386,1026122.0
2024-11-22 14:00:00,501.21464536,501.809253054,500.679498436,501.204735232,872747.0
2024-11-22 14:30:00,501.194825104,501.204735232,499.965969203,500.738959205,1753861.0
2024-11-22 15:00:00,500.738959205,501.343477027,500.620037666,501.194825104,1047167.0
2024-11-22 15:30:00,501.160139655,501.160139655,500.144351511,500.630046896,1469584.0
2024-11-22 16:00:00,500.629947794,501.7200619,500.392104717,501.244375745,2948114.0
2024-11-25 10:00:00,505.317438447,506.855985855,503.018288698,503.652536905,4621904.0
2024-11-25 10:30:00,503.652636006,503.949840751,501.88853408,503.384963442,2962997.0
2024-11-25 11:00:00,503.330457737,503.637671712,501.99754549,502.514160475,1863096.0
2024-11-25 11:30:00,502.493051902,503.7912787,502.33448985,503.434514084,1509507.0
2024-11-25 12:00:00,503.444424212,504.039031906,502.374130363,502.740805107,1339175.0
2024-11-25 12:30:00,502.740805107,502.829996261,500.411924973,500.669588307,1852380.0
2024-11-25 13:00:00,500.639857923,501.601140361,499.730603658,501.402937796,1642334.0
2024-11-25 13:30:00,501.422758053,502.324579722,501.343477027,501.858803695,1237704.0
2024-11-25 14:00:00,501.82907331,502.274929979,501.194825104,501.420290431,723114.0
2024-11-25 14:30:00,501.432668181,501.819163182,500.798419974,501.442578309,777517.0
2024-11-25 15:00:00,501.432668181,502.066916388,500.996622539,501.66060113,581702.0
2024-11-25 15:30:00,501.66060113,501.680421387,501.056083308,501.531769463,1119316.0
2024-11-25 16:00:00,501.541679592,502.210613247,501.432668181,502.037186003,3393188.0
2024-11-26 10:00:00,503.513795109,505.555281525,503.513795109,504.306605368,3412055.0
2024-11-26 10:30:00,504.326425624,504.831842164,503.067839339,503.930020495,1860942.0
2024-11-26 11:00:00,503.90029011,504.891302933,503.523705238,503.781566774,1439325.0
2024-11-26 11:30:00,503.811098956,504.593999086,503.404783699,503.890379982,1006907.0
2024-11-26 12:00:00,503.850739469,504.207504085,503.157030493,504.148043316,923900.0
2024-11-26 12:30:00,504.12822306,504.197593957,503.246221647,503.652536905,1143809.0
2024-11-26 13:00:00,503.612896392,504.584088958,503.503884981,504.509663895,806900.0
2024-11-26 13:30:00,504.475077548,504.503024109,503.642626776,503.979571136,1246086.0
2024-11-26 14:00:00,503.959651778,504.494897804,503.830919213,504.242189534,907966.0
2024-11-26 14:30:00,504.217414214,504.534538317,502.67143421,503.087659595,2261053.0
2024-11-26 15:00:00,503.077749467,503.56334575,502.830293565,503.345322929,2747605.0
2024-11-26 15:30:00,503.315592545,503.910200239,503.226401391,503.910200239,1428863.0
2024-11-26 16:00:00,503.910200239,505.129146011,503.682267289,504.732740882,4398319.0
2024-11-27 10:00:00,503.602986263,503.672357161,501.303836514,501.82907331,3070297.0
2024-11-27 10:30:00,501.82907331,501.82907331,499.539833689,499.797497023,2455168.0
2024-11-27 11:00:00,499.75785651,500.045151128,498.63801202,499.054237406,1882353.0
2024-11-27 11:30:00,499.054237406,499.183069073,497.944303044,498.588461379,1874145.0
2024-11-27 12:00:00,498.499270225,499.470462792,497.904662531,498.400168943,1534030.0
2024-11-27 12:30:00,498.36052843,498.707382918,497.419066248,498.568641123,1398489.0
2024-11-27 13:00:00,498.588461379,499.133518432,498.142505609,499.064147534,1128796.0
2024-11-27 13:30:00,499.054237406,500.114522025,498.866044071,499.678575484,1258600.0
2024-11-27 14:00:00,499.668665356,500.838060487,499.574519138,500.649768051,1324420.0
2024-11-27 14:30:00,500.649768051,500.947071898,500.37228446,500.441655358,1334433.0
2024-11-27 15:00:00,500.43174523,501.006532667,500.164171768,500.520936384,811134.0
2024-11-27 15:30:00,500.520936384,501.105633949,500.137216219,500.352464204,1436624.0
2024-11-27 16:00:00,500.342554076,500.758779461,499.688485613,500.758779461,3710156.0
2024-11-29 10:00:00,501.38311754,503.434514084,500.76868959,503.375053314,2827267.0
2024-11-29 10:30:00,503.384963442,504.732740882,503.127300108,504.058852162,2245009.0
2024-11-29 11:00:00,504.058852162,504.930943446,503.851631381,504.316416395,1256485.0
2024-11-29 11:30:00,504.316515496,505.277797934,504.306605368,505.07959537,2283885.0
2024-11-29 12:00:00,505.059775113,505.495820755,504.594098188,505.24806755,1331308.0
2024-11-29 12:30:00,505.24806755,505.421494794,504.841851393,504.921033318,1203812.0
2024-11-29 13:00:00,504.940853574,505.753484089,504.901213062,505.158876396,2832099.0
2024-12-02 10:00:00,506.417462681,509.479692304,506.03096768,509.05355679,4514399.0
2024-12-02 10:30:00,509.063466918,510.113940511,508.974275764,509.776996151,1846775.0
2024-12-02 11:00:00,509.776698847,510.262592434,508.815713712,509.146216489,1495636.0
2024-12-02 11:30:00,509.172478329,510.131283235,509.083287175,509.806726535,937577.0
2024-12-02 12:00:00,509.796816407,511.085133077,509.677894868,510.896840641,1766935.0
2024-12-02 12:30:00,510.881975448,511.620280001,510.857200128,511.005852051,1921511.0
2024-12-02 13:00:00,511.005852051,511.332886283,510.807649487,510.877020384,868309.0
2024-12-02 13:30:00,510.877020384,511.005852051,510.34187346,510.492210105,898705.0
2024-12-02 14:00:00,510.490525383,510.777919102,510.104030382,510.530165896,1210042.0
2024-12-02 14:30:00,510.51034564,510.579716537,509.648164484,509.945468331,1003857.0
2024-12-02 15:00:00,509.935558202,510.738278589,509.905827818,510.67881782,952773.0
2024-12-02 15:30:00,510.649087435,511.144593846,510.28241269,511.095043205,1099570.0
2024-12-02 16:00:00,511.096034218,511.202270793,510.540175126,510.658997563,3676563.0
2024-12-03 10:00:00,509.33104038,510.559896281,508.756252943,510.426605056,3171753.0
2024-12-03 10:30:00,510.401334229,511.154503975,509.628344227,509.796816407,1898134.0
2024-12-03 11:00:00,509.776996151,510.718458333,509.509422688,510.520255768,1139583.0
2024-12-03 11:30:00,510.520255768,511.590549617,510.440974742,511.580639489,1064673.0
2024-12-03 12:00:00,511.57072936,511.838302823,510.25763737,510.480615255,1358320.0
2024-12-03 12:30:00,510.500435511,510.817559615,510.279043247,510.421154486,494400.0
2024-12-03 13:00:00,510.411244357,511.362616668,510.123850639,511.352706539,645348.0
2024-12-03 13:30:00,511.332886283,511.451807822,511.025672308,511.025672308,910152.0
2024-12-03 14:00:00,511.015762179,511.328129421,510.698638076,511.134683718,579107.0
2024-12-03 14:30:00,511.104953334,511.243695129,510.926571025,511.174324231,512918.0
2024-12-03 15:00:00,511.177198168,511.818482566,511.154503975,511.669830643,709212.0
2024-12-03 15:30:00,511.659920514,511.897763592,511.511565895,511.679740771,788244.0
2024-12-03 16:00:00,511.679740771,512.502281414,511.283335642,512.224797824,2072739.0
2024-12-04 10:00:00,515.643792063,516.228489628,514.93026283,515.623971806,3201671.0
2024-12-04 10:30:00,515.60415155,516.743816296,515.009543856,516.585254245,2598848.0
2024-12-04 11:00:00,516.595164373,517.407794888,516.377240653,517.179861939,2115006.0
2024-12-04 11:30:00,517.229313478,517.556446811,516.714085912,516.872647963,1827571.0
2024-12-04 12:00:00,516.882558092,517.0609404,516.377141552,516.961839117,1069533.0
2024-12-04 12:30:00,516.951928989,517.427615144,516.664535271,517.16995181,1080432.0
2024-12-04 13:00:00,517.160041682,517.328513862,516.565433988,517.16995181,700147.0
2024-12-04 13:30:00,517.160041682,517.328513862,516.763636553,516.83142183,852952.0
2024-12-04 14:00:00,516.83300745,517.467255657,516.198759244,516.981659374,1032863.0
2024-12-04 14:30:00,516.951928989,517.833930402,516.753726425,517.764658605,1018607.0
2024-12-04 15:00:00,517.764559504,518.042043095,517.635727837,517.913211428,2220167.0
2024-12-04 15:30:00,517.893391171,518.210515274,517.790325837,518.12132412,1138851.0
2024-12-04 16:00:00,518.111413992,518.815033096,518.022222838,518.557369762,4269431.0
2024-12-05 10:00:00,518.606920404,518.943864763,517.665458222,517.95285194,2131517.0
2024-12-05 10:30:00,517.95285194,518.606920404,517.784379761,518.151054505,1407529.0
2024-12-05 11:00:00,518.210515274,518.478088737,517.441291121,517.804200017,1058917.0
2024-12-05 11:30:00,517.774469632,518.666381173,517.67536835,518.403762775,680499.0
2024-12-05 12:00:00,518.428438994,518.606920404,518.061863351,518.45826848,811478.0
2024-12-05 12:30:00,518.478088737,519.280809123,518.324481749,519.112336943,826064.0
2024-12-05 13:00:00,519.112336943,519.330260663,518.904224251,519.179924018,524172.0
2024-12-05 13:30:00,519.181707841,519.181707841,517.298783477,517.734829119,1189480.0
2024-12-05 14:00:00,517.724918991,518.279886172,517.378064503,517.556446811,1348976.0
2024-12-05 14:30:00,517.556446811,518.12132412,517.080760656,517.615907581,1386249.0
2024-12-05 15:00:00,517.586177196,517.848795594,517.318603734,517.596087324,595416.0
2024-12-05 15:30:00,517.576267068,518.000420556,516.981659374,517.070751427,950505.0
2024-12-05 16:00:00,517.0609404,517.586177196,516.733906168,517.120401169,3340050.0
2024-12-06 10:00:00,517.784379761,520.678137204,517.655548094,520.519575152,2346286.0
2024-12-06 10:30:00,520.559215665,521.461037334,520.182630792,521.143913231,1700966.0
2024-12-06 11:00:00,521.158778423,521.302475282,520.222271305,520.806968871,1254482.0
2024-12-06 11:30:00,520.846609384,521.153823359,519.706944637,520.826789127,1408673.0
2024-12-06 12:00:00,520.777238486,521.223194256,520.400653613,520.69795746,986907.0
2024-12-06 12:30:00,520.69795746,521.213284128,520.271821946,521.153823359,1564685.0
2024-12-06 13:00:00,521.163733487,521.243014513,520.479934639,520.797058742,1007537.0
2024-12-06 13:30:00,520.816878999,521.98627413,520.727687845,521.768251309,1405131.0
2024-12-06 14:00:00,521.768251309,521.768251309,521.302475282,521.768152208,950769.0
2024-12-06 14:30:00,521.728610796,521.738520924,520.688840142,520.797058742,1274697.0
2024-12-06 15:00:00,520.806968871,521.48085759,520.658316947,521.183553743,739560.0
2024-12-06 15:30:00,521.173643615,521.560138616,520.985351179,521.488686592,1122826.0
2024-12-06 16:00:00,521.48085759,521.892127912,521.193463872,521.748431053,5025157.0
2024-12-09 10:00:00,520.826789127,521.619599386,520.033978869,521.03490182,2184605.0
2024-12-09 10:30:00,521.000216371,521.223194256,519.151977456,519.350180021,1266768.0
2024-12-09 11:00:00,519.370000277,519.91505733,518.12132412,518.210515274,2045834.0
2024-12-09 11:30:00,518.230335531,518.725841942,516.535703604,518.230335531,2336073.0
2024-12-09 12:00:00,518.210515274,518.497908993,517.655548094,518.339346941,955572.0
2024-12-09 12:30:00,518.309616557,518.547459634,517.784379761,518.111413992,611376.0
2024-12-09 13:00:00,518.071773479,518.62674066,517.71867561,517.754649376,463361.0
2024-12-09 13:30:00,517.774469632,518.686102328,517.417705016,518.547459634,665910.0
2024-12-09 14:00:00,518.537549506,519.251078739,518.398906812,518.765482455,775647.0
2024-12-09 14:30:00,518.765482455,518.785401813,517.635727837,517.774568734,761555.0
2024-12-09 15:00:00,517.776848063,517.892201956,516.733906168,517.496986042,907984.0
2024-12-09 15:30:00,517.477165785,517.526716427,516.644715014,516.728951104,1218764.0
2024-12-09 16:00:00,516.733906168,517.784379761,516.6745445,517.685278478,3264830.0
2024-12-10 10:00:00,518.914134379,520.232181433,518.101503864,519.260988867,2657765.0
2024-12-10 10:30:00,519.251078739,520.658316947,519.171896814,519.588023098,1493741.0
2024-12-10 11:00:00,519.57811297,519.944787715,518.022222838,518.235191494,1453824.0
2024-12-10 11:30:00,518.240245659,518.458169379,517.348334118,517.427615144,1505863.0
2024-12-10 12:00:00,517.457345529,517.754649376,516.84301668,517.665458222,1516408.0
2024-12-10 12:30:00,517.67536835,517.883481043,516.72399604,517.596087324,1117867.0
2024-12-10 13:00:00,517.556446811,518.12132412,517.120401169,517.348334118,1061029.0
2024-12-10 13:30:00,517.348334118,517.586177196,517.02774147,517.487075914,1215047.0
2024-12-10 14:00:00,517.536626555,517.705098735,516.862737835,516.902378348,753623.0
2024-12-10 14:30:00,516.922198605,517.080760656,516.496063091,516.912288476,1065129.0
2024-12-10 15:00:00,516.882558092,516.922198605,515.623971806,515.901455397,1616339.0
2024-12-10 15:30:00,515.901455397,515.940996808,514.910442574,514.940172959,1872008.0
2024-12-10 16:00:00,514.950083087,515.931185782,514.494217188,515.921275653,4224511.0
2024-12-11 10:00:00,520.281732075,522.848455286,519.875416817,522.818724901,3895092.0
2024-12-11 10:30:00,522.818724901,523.770097211,522.412409644,522.66016285,3338184.0
2024-12-11 11:00:00,522.714668555,523.591714903,522.283577977,522.858365414,2369510.0
2024-12-11 11:30:00,522.878185671,524.424165675,522.699803363,524.414255546,1922223.0
2024-12-11 12:00:00,524.414255546,524.591745943,523.918848236,524.364704905,1427216.0
2024-12-11 12:30:00,524.384525162,525.00886324,524.347956789,524.800750547,1197260.0
2024-12-11 13:00:00,524.790840419,525.107964523,524.434075803,524.880130675,1186773.0
2024-12-11 13:30:00,524.860211317,525.367609882,524.820570804,525.3458076,1251730.0
2024-12-11 14:00:00,525.355717728,525.592569793,525.00886324,525.176344407,1434878.0
2024-12-11 14:30:00,525.17733542,525.444908882,524.830480932,525.365627856,1428885.0
2024-12-11 15:00:00,525.355717728,525.573740549,525.058413881,525.325987344,1286828.0
2024-12-11 15:30:00,525.325987344,525.841314012,525.207164906,525.742113628,2229341.0
2024-12-11 16:00:00,525.732401702,525.732401702,525.06832401,525.157515164,5447903.0
2024-12-12 10:00:00,522.93764644,523.007017338,522.027004757,522.689893234,2765862.0
2024-12-12 10:30:00,522.667099939,523.55207439,521.292565154,523.303726577,2127224.0
2024-12-12 11:00:00,523.2745908,523.809737724,522.838545158,523.621445288,1265013.0
2024-12-12 11:30:00,523.61153516,524.077311187,523.423242723,523.522244904,1147572.0
2024-12-12 12:00:00,523.532254134,523.601625032,522.422319772,522.481780542,883764.0
2024-12-12 12:30:00,522.452050157,523.740366827,522.372769131,523.517388942,1488244.0
2024-12-12 13:00:00,523.502424648,524.107041571,522.848455286,524.040544611,1182256.0
2024-12-12 13:30:00,524.067401058,524.206142854,523.452973108,523.809737724,1668558.0
2024-12-12 14:00:00,523.829557981,523.849378237,522.99710721,523.045666838,779661.0
2024-12-12 14:30:00,523.056567979,523.492613621,522.273667849,522.382679259,1510323.0
2024-12-12 15:00:00,522.343038746,522.977286953,522.296659346,522.779084388,811794.0
2024-12-12 15:30:00,522.709713491,522.808814773,521.897082976,521.996085157,1123344.0
2024-12-12 16:00:00,521.996184258,522.749354004,521.768251309,521.768251309,3037010.0
2024-12-13 10:00:00,525.692662088,528.374441888,525.524189908,527.734148503,4265325.0
2024-12-13 10:30:00,527.734148503,527.823339658,525.762032986,525.861134268,2445998.0
2024-12-13 11:00:00,525.861134268,526.485472346,523.026837594,523.046756952,2893964.0
2024-12-13 11:30:00,523.086298364,524.245783367,522.561160669,523.324240542,2937811.0
2024-12-13 12:00:00,523.38360221,524.751199906,522.759264132,523.38360221,1320755.0
2024-12-13 12:30:00,523.334051569,524.374515932,523.205219902,523.343961698,1312069.0
2024-12-13 13:00:00,523.304321185,523.94847952,522.898005927,522.99710721,997470.0
2024-12-13 13:30:00,522.99790002,524.424165675,522.93764644,524.39443529,924549.0
2024-12-13 14:00:00,524.374615033,525.207065805,524.087221315,525.148794251,774334.0
2024-12-13 14:30:00,525.157515164,525.950523625,524.820570804,525.905729845,934264.0
2024-12-13 15:00:00,525.940316193,526.148527987,525.692860291,525.79176337,1843275.0
2024-12-13 15:30:00,525.831403883,526.118698501,525.187245548,526.059336833,1519202.0
2024-12-13 16:00:00,526.039516576,526.376460936,525.514676185,525.762032986,3392106.0
2024-12-16 10:00:00,528.289115684,530.043208381,528.209834659,530.023388125,3553675.0
2024-12-16 10:30:00,530.043208381,530.588265434,528.98282466,530.568445177,2197389.0
2024-12-16 11:00:00,530.568445177,531.262154153,530.281051459,530.449523638,1734957.0
2024-12-16 11:30:00,530.459433767,531.817121334,530.449523638,531.509907359,1494723.0
2024-12-16 12:00:00,531.519817487,532.035144155,530.766548641,532.007395796,1364501.0
2024-12-16 12:30:00,531.995503642,532.144155566,531.569368128,532.114425181,1419137.0
2024-12-16 13:00:00,532.124335309,532.73876326,532.094604925,532.709032875,1388013.0
2024-12-16 13:30:00,532.718943003,533.660405185,532.580201208,533.571214031,1638246.0
2024-12-16 14:00:00,533.561303903,533.680225441,533.273910184,533.482022877,3026414.0
2024-12-16 14:30:00,533.452292492,534.046900186,533.164997875,533.719865954,1096809.0
2024-12-16 15:00:00,533.709955826,534.046801085,533.501843133,533.640584929,1309235.0
2024-12-16 15:30:00,533.640584929,534.30456352,533.640584929,534.146001468,1637324.0
2024-12-16 16:00:00,534.13609134,534.146001468,532.980273085,533.333370953,6223189.0
2024-12-17 10:00:00,531.539637744,532.263077105,530.231500817,530.875560051,4354457.0
2024-12-17 10:30:00,530.816198383,531.073861717,529.329679148,529.418870303,2748529.0
2024-12-17 11:00:00,529.408960174,531.004490819,529.369319661,530.836018639,1596795.0
2024-12-17 11:30:00,530.796378127,531.955863129,530.231500817,531.638739026,1756270.0
2024-12-17 12:00:00,531.589188385,532.649572106,531.400895949,531.599098513,1582676.0
2024-12-17 12:30:00,531.609008641,531.638639925,530.568445177,531.569368128,1625236.0
2024-12-17 13:00:00,531.579278257,531.993224313,531.172962999,531.599098513,1056454.0
2024-12-17 13:30:00,531.529727616,531.737840308,530.855838896,531.024311076,1097439.0
2024-12-17 14:00:00,531.024311076,531.410806077,530.697375946,530.786467998,1258540.0
2024-12-17 14:30:00,530.796378127,530.826108511,530.142309663,530.310781843,1591733.0
2024-12-17 15:00:00,530.3306021,530.528804664,529.874736201,530.211680561,1415470.0
2024-12-17 15:30:00,530.191860305,530.399972997,529.54770197,529.944107099,1287880.0
2024-12-17 16:00:00,529.973837483,531.39098582,529.775634919,530.984670563,3595669.0
2024-12-18 10:00:00,530.340512228,530.855838896,528.665700557,530.508984408,2359704.0
2024-12-18 10:30:00,530.558535049,531.182873128,530.172040048,531.103592102,1045492.0
2024-12-18 11:00:00,531.123412358,532.05486531,530.766647742,531.311704794,896740.0
2024-12-18 11:30:00,531.301794666,531.78739095,529.696353893,531.103493,1561499.0
2024-12-18 12:00:00,531.103592102,531.490087103,530.865749024,531.004391718,909585.0
2024-12-18 12:30:00,530.885569281,531.381075692,530.687366716,530.836117741,726244.0
2024-12-18 13:00:00,530.855838896,531.172962999,530.320691971,530.875659152,511152.0
2024-12-18 13:30:00,530.865749024,531.153142743,530.627905947,530.657636331,501308.0
2024-12-18 14:00:00,530.637816075,531.004490819,530.263708734,530.637816075,661734.0
2024-12-18 14:30:00,530.754557385,530.754557385,525.524189908,525.662931703,4613320.0
2024-12-18 15:00:00,525.634192332,527.040439527,521.609689257,521.867352591,5188856.0
2024-12-18 15:30:00,521.867352591,522.343236949,517.021299887,517.278963221,8280872.0
2024-12-18 16:00:00,517.288873349,518.359167198,510.381513973,511.828392694,19577781.0
2024-12-19 10:00:00,516.505973219,517.070751427,513.622125904,514.246463982,6479301.0
2024-12-19 10:30:00,514.20682347,515.534780652,512.195067439,512.259483272,4111017.0
2024-12-19 11:00:00,512.234707952,514.31583488,511.481538206,513.559692096,3662228.0
2024-12-19 11:30:00,513.542844878,515.09873501,511.441897693,514.76179065,3009040.0
2024-12-19 12:00:00,514.741970394,515.445589498,513.425310757,513.899609494,2178513.0
2024-12-19 12:30:00,513.840247826,514.058171546,511.005852051,511.342796411,2236941.0
2024-12-19 13:00:00,511.342796411,512.948237184,510.748188717,512.86905526,2768116.0
2024-12-19 13:30:00,512.819405517,513.334732185,510.926571025,513.116709364,2173819.0
2024-12-19 14:00:00,513.116709364,514.811341292,512.641023209,514.77179988,1603600.0
2024-12-19 14:30:00,514.76179065,514.801431163,512.145615899,512.482461157,2664002.0
2024-12-19 15:00:00,512.492371286,512.541822826,511.521178719,511.531088847,1188244.0
2024-12-19 15:30:00,511.590549617,513.166260005,510.906750769,512.155426926,2181198.0
2024-12-19 16:00:00,512.214887695,512.631113081,509.212118842,509.549063201,7506958.0
2024-12-20 10:00:00,505.852585372,508.231016147,504.712920625,506.328271527,6044771.0
2024-12-20 10:30:00,506.407552553,511.917583848,506.372867104,511.828392694,3155044.0
2024-12-20 11:00:00,511.818482566,514.117533214,511.768931925,513.186179363,3557902.0
2024-12-20 11:30:00,513.225720775,516.991569502,512.977967569,516.783456809,11636730.0
2024-12-20 12:00:00,516.773546681,519.568202842,516.714085912,518.715931814,4062676.0
2024-12-20 12:30:00,518.745662199,520.103349766,518.18078489,520.073619382,2232740.0
2024-12-20 13:00:00,520.073619382,520.103349766,518.279886172,518.834853353,1591943.0
2024-12-20 13:30:00,518.844763481,519.082606559,516.654625142,516.714085912,2911833.0
2024-12-20 14:00:00,516.72399604,517.833930402,516.292905462,516.605173602,1953951.0
2024-12-20 14:30:00,516.575344116,517.814110145,516.139298474,517.774469632,1997465.0
2024-12-20 15:00:00,517.774469632,518.666381173,517.13130231,517.328513862,2048578.0
2024-12-20 15:30:00,517.348334118,517.67536835,516.139298474,516.248309885,2134218.0
2024-12-20 16:00:00,516.238399757,516.505973219,513.007697954,513.998710777,10145876.0
2024-12-23 10:00:00,515.710626292,516.981167341,514.122449982,516.00840935,3559284.0
2024-12-23 10:30:00,515.938926637,516.256561899,512.315899429,513.904075739,2596933.0
2024-12-23 11:00:00,513.894149637,515.144838482,513.457401152,514.360676428,1528364.0
2024-12-23 11:30:00,514.241563205,516.177153083,514.231637103,516.018335452,2216507.0
2024-12-23 12:00:00,516.087818166,517.566807355,515.333434418,517.517176845,1413448.0
2024-12-23 12:30:00,517.497324641,518.261634491,516.286340205,516.943646675,1570274.0
2024-12-23 13:00:00,516.991093442,518.043260248,516.713162588,517.487398539,1073229.0
2024-12-23 13:30:00,517.487398539,518.440304326,517.269024297,518.082964656,1091170.0
2024-12-23 14:00:00,518.073038554,518.896905015,518.023408044,518.66860467,1401863.0
2024-12-23 14:30:00,518.618974161,519.38328401,518.589195855,518.969365559,1256447.0
2024-12-23 15:00:00,518.996166034,519.115279258,517.7951077,517.805033802,1677165.0
2024-12-23 15:30:00,517.7951077,517.953925331,516.835948469,517.844738209,1658746.0
2024-12-23 16:00:00,517.844738209,519.323727398,517.824886005,519.006092136,4900358.0
2024-12-24 10:00:00,520.951608117,522.847493587,520.316337592,522.768084772,2753960.0
2024-12-24 10:30:00,522.778010873,523.68128615,522.648971548,523.304094276,2243510.0
2024-12-24 11:00:00,523.294168174,524.326482776,523.26935292,524.177591247,2058324.0
2024-12-24 11:30:00,524.171337803,524.763231261,523.953459865,524.557165385,1393139.0
2024-12-24 12:00:00,524.554783121,525.021309912,524.048551922,524.245287262,1518495.0
2024-12-24 12:30:00,524.286778368,525.170201441,524.137886839,524.971679402,1172120.0
2024-12-24 13:00:00,524.951827198,526.133033329,523.820251577,526.043698412,3541824.0
2024-12-26 10:00:00,524.415817694,525.62680213,522.420671204,524.465547464,2610930.0
2024-12-26 10:30:00,524.465448203,525.36872348,523.800399373,525.348871276,2066750.0
2024-12-26 11:00:00,525.329019072,525.797431823,524.793108828,525.745915354,979753.0
2024-12-26 11:30:00,525.716137048,526.023846208,524.991531606,525.36872348,1088961.0
2024-12-26 12:00:00,525.36872348,526.535040458,525.329019072,526.520151305,992393.0
2024-12-26 12:30:00,526.500299101,527.31423946,526.152885533,526.182663839,1344035.0
2024-12-26 13:00:00,526.222368247,526.788156057,524.922048893,525.701247895,1021731.0
2024-12-26 13:30:00,525.696284844,526.470520795,525.607049187,526.381185878,1041948.0
2024-12-26 14:00:00,526.39111198,526.480446897,525.41835399,525.93451129,1767064.0
2024-12-26 14:30:00,525.914659087,526.03377231,525.408427888,525.73291216,559491.0
2024-12-26 15:00:00,525.755841455,526.669042834,525.616876028,526.609585483,865797.0
2024-12-26 15:30:00,526.629338426,526.937047586,526.240334491,526.69882114,742691.0
2024-12-26 16:00:00,526.69882114,526.946973688,525.507688907,525.686358742,2246643.0
2024-12-27 10:00:00,522.122888145,522.559636631,518.311265,518.738087384,4647448.0
2024-12-27 10:30:00,518.76786569,518.986239932,514.320972021,515.522030355,3535367.0
2024-12-27 11:00:00,515.455723994,516.891832423,514.211784899,516.425305632,2256231.0
2024-12-27 11:30:00,516.41537953,517.59162261,514.966168647,517.497324641,2082950.0
2024-12-27 12:00:00,517.49236159,517.636290069,514.618755079,515.263951705,2288277.0
2024-12-27 12:30:00,515.273877807,515.621291375,514.033115064,514.866907627,1727614.0
2024-12-27 13:00:00,514.866907627,515.879370025,514.102597778,515.720552394,1572460.0
2024-12-27 13:30:00,515.720552394,516.534492753,515.358249673,516.092781217,1205083.0
2024-12-27 14:00:00,516.077892064,518.162373471,515.869443923,517.924047764,1685455.0
2024-12-27 14:30:00,517.924147025,518.331117204,517.115169717,517.328580908,1807042.0
2024-12-27 15:00:00,517.358359214,518.996166034,517.189714742,518.757939588,1511371.0
2024-12-27 15:30:00,518.748013486,518.748013486,516.87207948,517.398063622,1616874.0
2024-12-27 16:00:00,517.378211418,518.946535525,516.425305632,518.698382976,5353667.0
2024-12-30 10:00:00,511.700481108,511.899003147,508.752428832,508.851689852,4186462.0
2024-12-30 10:30:00,508.831837648,510.420013958,508.047675595,508.653167813,2505402.0
2024-12-30 11:00:00,508.702798323,511.591293987,508.613463405,510.936171259,2856105.0
2024-12-30 11:30:00,510.886540749,512.147155696,510.159850826,511.526774324,1600062.0
2024-12-30 12:00:00,511.50195907,513.179470298,511.471088893,512.971022157,2002130.0
2024-12-30 12:30:00,512.941243851,514.360577167,512.668276048,514.251390046,1835821.0
2024-12-30 13:00:00,514.271341511,515.462473744,513.675775395,515.105233335,1949369.0
2024-12-30 13:30:00,515.105134074,515.522030355,513.576514375,514.42023304,1393707.0
2024-12-30 14:00:00,514.400380836,515.44262154,514.201858797,514.886759831,1402243.0
2024-12-30 14:30:00,514.876833729,515.015799156,513.308509623,514.072819472,1736805.0
2024-12-30 15:00:00,514.061106672,514.847055423,513.993509918,514.579050671,1979720.0
2024-12-30 15:30:00,514.579050671,514.926464239,513.080209278,513.109987584,1833133.0
2024-12-30 16:00:00,513.149691992,513.884322796,511.660776701,511.799742128,4948450.0
2024-12-31 10:00:00,513.080209278,513.834593026,510.995727871,512.524347569,2767947.0
2024-12-31 10:30:00,512.395308244,513.377595292,510.191713614,512.107550549,1954876.0
2024-12-31 11:00:00,512.137229594,512.772500118,510.936171259,511.30145181,1196507.0
2024-12-31 11:30:00,511.273658725,511.353067541,509.14947291,509.367847153,1940167.0
2024-12-31 12:00:00,509.347994949,510.846836342,509.070064094,510.080938316,1097951.0
2024-12-31 12:30:00,510.052748186,510.420013958,508.305754245,508.464571876,907740.0
2024-12-31 13:00:00,508.484324819,509.76489123,507.174178624,509.675556313,1766265.0
2024-12-31 13:30:00,509.645778007,510.181787512,507.223908395,507.412504331,1336829.0
2024-12-31 14:00:00,507.392552866,508.514202386,507.074917604,507.402478968,1068458.0
2024-12-31 14:30:00,507.402478968,508.702798323,506.648095221,506.916099973,2011927.0
2024-12-31 15:00:00,506.926026075,508.553906793,506.48927759,508.553906793,2326113.0
2024-12-31 15:30:00,508.543980692,509.536590886,507.262520931,509.496886478,1916678.0
2024-12-31 16:00:00,509.486960376,509.665630211,506.677873527,507.452109478,5638335.0
2025-01-02 10:00:00,510.499422774,512.008190269,506.251051143,511.581367885,4849305.0
2025-01-02 10:30:00,511.630998395,512.822130628,508.38516306,509.258660031,3491085.0
2025-01-02 11:00:00,509.139546808,510.162233091,507.332996255,508.920576999,2754934.0
2025-01-02 11:30:00,508.950950871,509.447255968,506.74735624,509.288339076,1858565.0
2025-01-02 12:00:00,509.25756816,510.777353628,508.712724425,509.844300046,1380095.0
2025-01-02 12:30:00,509.81452174,510.439866162,505.754746046,505.963194187,1946232.0
2025-01-02 13:00:00,505.943341983,505.943341983,501.972901207,504.166569736,4083065.0
2025-01-02 13:30:00,504.206274144,504.454426692,502.250832062,503.920898713,2170822.0
2025-01-02 14:00:00,503.868786678,503.948195493,502.092014431,503.531299212,1909648.0
2025-01-02 14:30:00,503.506483957,505.288219255,503.005215809,505.000362299,1541341.0
2025-01-02 15:00:00,504.90110128,505.77459825,503.729821251,503.888638882,1906511.0
2025-01-02 15:30:00,503.839008372,506.568686405,503.839008372,506.052529105,2057250.0
2025-01-02 16:00:00,506.072381308,506.985582687,505.20881044,506.459499284,3674326.0
2025-01-03 10:00:00,509.556443089,512.772400857,509.169325114,511.670702803,3865349.0
2025-01-03 10:30:00,511.591293987,512.911465545,508.74250273,510.47957057,2887371.0
2025-01-03 11:00:00,510.489496672,511.988338065,509.615999701,511.462254662,1474707.0
2025-01-03 11:30:00,511.472180764,512.633534691,510.549053283,512.623608589,1190918.0
2025-01-03 12:00:00,512.623608589,514.142302186,512.524347569,513.487179458,2008796.0
2025-01-03 12:30:00,513.516957763,514.043041166,513.000800463,513.16120627,1055065.0
2025-01-03 13:00:00,513.199322501,513.755283471,512.990874361,513.645997089,715197.0
2025-01-03 13:30:00,513.655923191,514.46986355,513.189396399,514.450011346,857539.0
2025-01-03 14:00:00,514.467382024,515.099079152,514.211784899,514.598902875,1378644.0
2025-01-03 14:30:00,514.579050671,515.487884565,514.320972021,515.296906363,1340062.0
2025-01-03 15:00:00,515.293730011,515.805321305,515.095207972,515.234173399,1416945.0
2025-01-03 15:30:00,515.234173399,515.234173399,514.549272365,515.005873054,1292438.0
2025-01-03 16:00:00,514.966168647,515.174616787,513.884223535,514.747794404,6069002.0
2025-01-06 10:00:00,520.147593859,522.867345791,519.889515209,522.157629502,4546732.0
2025-01-06 10:30:00,522.192370859,523.780547169,521.279169481,523.562172927,2894451.0
2025-01-06 11:00:00,523.547283774,523.899660393,522.778010873,523.394620326,2131342.0
2025-01-06 11:30:00,523.413281398,524.018773616,523.046313409,523.820251577,1556234.0
2025-01-06 12:00:00,523.810325475,523.859955985,522.768084772,523.06586783,1288261.0
2025-01-06 12:30:00,523.006311218,523.363650888,522.083183738,522.361114592,1126439.0
2025-01-06 13:00:00,522.361114592,522.609167879,521.016127779,521.63650915,1800168.0
2025-01-06 13:30:00,521.598095136,521.626583048,520.336189796,521.418134908,2726912.0
2025-01-06 14:00:00,521.418134908,521.487617621,519.422988418,519.512323335,1985954.0
2025-01-06 14:30:00,519.581806049,519.949071821,518.831293481,519.621510457,2188995.0
2025-01-06 15:00:00,519.621609718,519.869663005,518.396629477,518.480008733,1596113.0
2025-01-06 15:30:00,518.41052602,520.147593859,518.172299573,520.04833284,2268092.0
2025-01-06 16:00:00,520.058258942,520.782864384,518.76786569,520.66375116,5213009.0
2025-01-07 10:00:00,521.705991864,522.103035942,519.43291452,519.780328088,3240358.0
2025-01-07 10:30:00,519.74062368,519.74062368,515.363212724,516.564271059,3961097.0
2025-01-07 11:00:00,516.56437032,516.713162588,512.325825531,515.919074433,4023714.0
2025-01-07 11:30:00,515.919074433,516.484762983,514.615181682,516.127522574,2438181.0
2025-01-07 12:00:00,516.087818166,516.206931389,513.000800463,513.209248603,2065344.0
2025-01-07 12:30:00,513.258879113,514.152228288,512.613682487,513.013704395,1370015.0
2025-01-07 13:00:00,513.079216668,513.923927943,512.06774688,513.457401152,1916090.0
2025-01-07 13:30:00,513.44747505,515.194468991,513.34821403,514.975995488,1413682.0
2025-01-07 14:00:00,514.946316443,514.946316443,513.060357074,513.328361827,1185383.0
2025-01-07 14:30:00,513.278731317,514.172080492,513.149691992,513.745258108,1529745.0
2025-01-07 15:00:00,513.745258108,513.80481472,512.464790958,512.768033372,2219205.0
2025-01-07 15:30:00,512.841982832,512.911465545,510.588757691,510.621315306,2594046.0
2025-01-07 16:00:00,510.628462099,511.680628905,509.486960376,511.372919744,6156982.0
2025-01-08 10:00:00,511.273658725,511.988338065,509.615999701,510.995727871,3189602.0
2025-01-08 10:30:00,510.926245157,512.47471706,508.315680347,509.695408517,3000781.0
2025-01-08 11:00:00,509.655704109,511.601220089,509.417477662,511.273658725,1236416.0
2025-01-08 11:30:00,511.303437031,511.640924497,509.615999701,510.767427526,1360197.0
2025-01-08 12:00:00,510.777353628,512.752945697,510.777353628,512.018116371,1437690.0
2025-01-08 12:30:00,512.018116371,512.018116371,507.072932384,507.362774561,1762144.0
2025-01-08 13:00:00,507.422331172,509.615999701,506.79698675,509.209029522,1590203.0
2025-01-08 13:30:00,509.19910342,512.464790958,509.139546808,511.973448912,2435936.0
2025-01-08 14:00:00,511.968485861,512.057820778,509.546516987,510.569004748,1372433.0
2025-01-08 14:30:00,510.628462099,513.099962221,509.695408517,512.812204526,1740883.0
2025-01-08 15:00:00,512.742721812,512.742721812,510.42994006,510.886540749,1941648.0
2025-01-08 15:30:00,510.906392953,511.412624152,510.052748186,511.214102113,1234429.0
2025-01-08 16:00:00,511.184323808,511.879150943,510.271122429,511.462254662,3751737.0
2025-01-10 10:00:00,507.700262027,507.799523046,503.402656931,504.593392119,5528932.0
2025-01-10 10:30:00,504.504057202,504.527879847,500.19612896,503.908491086,5299092.0
2025-01-10 11:00:00,503.888638882,506.092233512,502.80669377,502.935733095,3820597.0
2025-01-10 11:30:00,502.945659197,503.144181236,501.397187295,501.724748659,2234577.0
2025-01-10 12:00:00,501.685044251,502.757063261,500.493912018,500.771842873,2663153.0
2025-01-10 12:30:00,500.841325586,502.24090596,500.474059814,502.101940532,1880964.0
2025-01-10 13:00:00,502.101940532,504.097087022,502.042383921,503.978569365,1643344.0
2025-01-10 13:30:00,503.958121595,506.330459959,503.322851071,505.77459825,1962349.0
2025-01-10 14:00:00,505.77459825,507.323070153,505.250103024,507.164252522,1865567.0
2025-01-10 14:30:00,507.154723464,507.243661337,504.226126348,505.397406377,1953471.0
2025-01-10 15:00:00,505.456962988,505.576076211,504.167165302,505.188958236,1274268.0
2025-01-10 15:30:00,505.188958236,505.496667396,503.144181236,503.402259887,1881687.0
2025-01-10 16:00:00,503.372481581,504.206274144,502.707432751,503.441964294,4613946.0
2025-01-13 10:00:00,497.496229232,499.352410295,496.007313941,498.434245866,5133503.0
2025-01-13 10:30:00,498.429282815,499.699823863,496.324949203,496.399394968,2428385.0
2025-01-13 11:00:00,496.414284121,500.263626453,496.384605076,498.339947897,2499564.0
2025-01-13 11:30:00,498.349873999,498.736991975,497.049554645,497.297707194,1672516.0
2025-01-13 12:00:00,497.27785499,498.975218421,496.61280616,496.831180402,1434353.0
2025-01-13 12:30:00,496.8212543,499.799084882,496.364653611,499.451671314,2036931.0
2025-01-13 13:00:00,499.441745213,500.573320834,498.746918077,500.45420761,1596761.0
2025-01-13 13:30:00,500.45420761,500.712286261,499.679971659,500.508801171,1546658.0
2025-01-13 14:00:00,500.50383812,500.999150607,499.828863188,500.513764222,1222771.0
2025-01-13 14:30:00,500.50383812,500.771842873,499.193592664,500.50383812,1154041.0
2025-01-13 15:00:00,500.50383812,501.337630683,499.977754717,500.831399484,1248276.0
2025-01-13 15:30:00,500.841325586,501.258221868,500.089522625,500.315242183,1183173.0
2025-01-13 16:00:00,500.325168285,502.280610367,500.116720144,501.824009678,2954863.0
2025-01-14 10:00:00,504.980510095,506.38505352,502.508910712,502.836472076,4284509.0
2025-01-14 10:30:00,502.836472076,505.883785372,502.538689018,503.620634129,2329544.0
2025-01-14 11:00:00,503.683764138,503.928343289,501.720778218,501.734674761,1889144.0
2025-01-14 11:30:00,501.754526965,502.221053756,500.285463877,501.000143217,2011019.0
2025-01-14 12:00:00,500.950512707,501.565831767,498.985144523,499.074479441,1752587.0
2025-01-14 12:30:00,499.034775033,500.335094387,498.707213669,499.818937086,1604315.0
2025-01-14 13:00:00,499.719676067,500.513764222,498.320095693,500.027385227,1324040.0
2025-01-14 13:30:00,500.017459125,501.967541112,499.853678443,501.774379168,1644804.0
2025-01-14 14:00:00,501.78430527,503.441964294,501.52622662,503.184282688,1518632.0
2025-01-14 14:30:00,503.173959542,503.531299212,502.598245629,502.786841566,1367073.0
2025-01-14 15:00:00,502.826545974,503.382407683,499.799184143,499.924650072,1503726.0
2025-01-14 15:30:00,499.93805031,500.265611674,497.883347208,499.332558091,3423464.0
2025-01-14 16:00:00,499.392114703,501.426965601,498.439208917,501.347556785,4312915.0
2025-01-15 10:00:00,509.238807827,511.442402458,507.680409823,511.015580075,5503021.0
2025-01-15 10:30:00,511.065210584,512.911465545,511.065210584,512.514421468,3262914.0
2025-01-15 11:00:00,512.524347569,512.703017404,510.83691024,510.846836342,2185375.0
2025-01-15 11:30:00,510.916319055,512.037968574,510.839491026,511.114841094,1676401.0
2025-01-15 12:00:00,511.104914992,511.124767196,509.134583757,509.76489123,1930301.0
2025-01-15 12:30:00,509.685482415,511.055284482,509.516738682,510.989672949,1424119.0
2025-01-15 13:00:00,511.015282292,511.908929249,510.846836342,510.876713908,1031182.0
2025-01-15 13:30:00,510.916319055,512.454864856,510.916319055,512.42508655,866617.0
2025-01-15 14:00:00,512.42508655,512.653386895,511.958559759,512.276195021,1162760.0
2025-01-15 14:30:00,512.276195021,513.229100807,512.240163271,513.167658236,1380909.0
2025-01-15 15:00:00,513.169544196,513.596366579,512.822130628,513.204285552,1994523.0
2025-01-15 15:30:00,513.199322501,514.023188962,513.09013538,513.725405904,1762899.0
2025-01-15 16:00:00,513.715479802,513.874297433,512.623608589,512.881687239,5599259.0
2025-01-16 10:00:00,515.144838482,515.224148036,512.176934002,512.339523551,3070119.0
2025-01-16 10:30:00,512.296146486,513.516957763,511.392771948,512.345677735,2357101.0
2025-01-16 11:00:00,512.365529938,513.556662171,511.50195907,513.49710556,1627365.0
2025-01-16 11:30:00,513.487179458,514.688237792,512.613682487,513.159618094,1710991.0
2025-01-16 12:00:00,513.13976589,513.487179458,510.956122724,512.941243851,1858785.0
2025-01-16 12:30:00,512.941243851,513.546736069,512.216638409,513.452438101,1135450.0
2025-01-16 13:00:00,513.467327254,513.49710556,512.375853084,512.633534691,705582.0
2025-01-16 13:30:00,512.534273671,513.229100807,511.472180764,511.591293987,1009096.0
2025-01-16 14:00:00,511.614620327,511.789816026,509.67337257,510.360457347,2238392.0
2025-01-16 14:30:00,510.333160566,511.849372638,510.032895983,511.636060707,1186669.0
2025-01-16 15:00:00,511.650850599,512.464790958,511.253806521,512.315899429,911473.0
2025-01-16 15:30:00,512.266268919,512.812204526,510.935178649,511.290930142,1707497.0
2025-01-16 16:00:00,511.263732623,511.729961631,509.159399012,509.288438337,4515657.0
2025-01-17 10:00:00,518.986239932,519.184761971,515.268815495,515.720552394,6345919.0
2025-01-17 10:30:00,515.732463716,517.464767027,515.075355768,516.206931389,4491316.0
2025-01-17 11:00:00,516.246635797,517.824886005,515.948852739,517.746072756,5806602.0
2025-01-17 11:30:00,517.748057976,518.757939588,517.203313502,518.549491447,4324207.0
2025-01-17 12:00:00,518.559417549,518.698382976,517.308728705,517.487398539,1547263.0
2025-01-17 12:30:00,517.457620234,518.509787039,516.951389035,518.440304326,1583406.0
2025-01-17 13:00:00,518.440304326,518.589096594,517.993629738,518.480008733,2497186.0
2025-01-17 13:30:00,518.489934835,519.591732151,518.202077879,519.134932939,2499412.0
2025-01-17 14:00:00,519.115279258,519.274096889,518.142521268,518.604085008,4169157.0
2025-01-17 14:30:00,518.579269753,518.916757219,518.112742962,518.582743889,2409245.0
2025-01-17 15:00:00,518.599121957,518.886978913,518.132595166,518.381641063,3001622.0
2025-01-17 15:30:00,518.370821612,518.499860937,517.586659559,517.874516515,3279240.0
2025-01-17 16:00:00,517.894368719,518.787717894,517.407989724,517.884442617,5792007.0
2025-01-21 10:00:00,520.604194549,520.812642689,517.33850701,518.757939588,3275298.0
2025-01-21 10:30:00,518.71823518,518.986239932,516.216857491,518.966387729,2253392.0
2025-01-21 11:00:00,518.936609423,519.184761971,517.69098289,518.813327237,2717278.0
2025-01-21 11:30:00,518.76786569,519.323727398,517.864590413,518.71823518,946117.0
2025-01-21 12:00:00,518.708309078,519.919293515,518.162373471,519.774570948,912722.0
2025-01-21 12:30:00,519.69099317,520.445376918,519.194688073,520.276633185,912287.0
2025-01-21 13:00:00,520.296386127,521.403245755,520.246854879,521.36582435,1052902.0
2025-01-21 13:30:00,521.358578296,522.083183738,520.862273199,521.626583048,1457467.0
2025-01-21 14:00:00,521.646435252,521.884661699,521.259317277,521.646435252,656565.0
2025-01-21 14:30:00,521.651398303,521.910668086,520.66375116,521.358578296,950831.0
2025-01-21 15:00:00,521.3784305,521.3784305,520.356042,520.981386422,907210.0
2025-01-21 15:30:00,521.011164728,521.517395927,520.76301218,521.467765417,1103222.0
2025-01-21 16:00:00,521.467765417,521.745696272,520.375894204,520.921829811,3088799.0
2025-01-22 10:00:00,525.656580436,528.282034399,525.348871276,527.959436086,6649272.0
2025-01-22 10:30:00,527.989214392,528.505371693,527.046234708,527.919731678,3194218.0
2025-01-22 11:00:00,527.939583882,528.654263222,527.492909295,527.522687601,2011379.0
2025-01-22 11:30:00,527.513357065,528.907378821,527.403574378,528.862711363,2012728.0
2025-01-22 12:00:00,528.862711363,529.517834091,528.723745936,529.418573071,1907721.0
2025-01-22 12:30:00,529.418573071,529.875173761,529.110863911,529.269681542,1499550.0
2025-01-22 13:00:00,529.25975544,529.418573071,528.783302547,529.021528994,1643422.0
2025-01-22 13:30:00,529.011602892,529.130716115,527.890052634,528.048771004,1637997.0
2025-01-22 14:00:00,528.058697106,528.852785261,527.983060209,528.296923552,1155066.0
2025-01-22 14:30:00,528.291960501,528.723745936,528.068623208,528.118253717,714819.0
2025-01-22 15:00:00,528.128179819,528.642252639,527.810544557,528.59470661,1414376.0
2025-01-22 15:30:00,528.59470661,528.629447967,527.97928829,527.989214392,1278076.0
2025-01-22 16:00:00,528.009066596,528.316775756,527.205052339,527.582244212,4569276.0
2025-01-23 10:00:00,525.130497033,525.785619761,524.544857019,525.309166868,2823227.0
2025-01-23 10:30:00,525.31909297,525.577171621,524.624265834,525.392645385,1381355.0
2025-01-23 11:00:00,525.398501786,526.361333674,525.170201441,526.115464129,1137230.0
2025-01-23 11:30:00,526.142959431,526.530077407,525.309166868,526.520151305,3477756.0
2025-01-23 12:00:00,526.480446897,527.076013014,526.152885533,526.460594693,1271528.0
2025-01-23 12:30:00,526.460594693,526.460594693,525.845176373,526.008957055,769302.0
2025-01-23 13:00:00,525.974215698,526.311405381,525.388575684,526.252146552,1085858.0
2025-01-23 13:30:00,526.271998756,527.165347931,526.123107227,526.758377751,1140049.0
2025-01-23 14:00:00,526.778229955,527.373796072,526.540003509,526.659116732,928059.0
2025-01-23 14:30:00,526.64919063,526.768204592,525.944437392,526.44570554,914990.0
2025-01-23 15:00:00,526.450668591,526.84781193,526.450668591,526.639165267,644740.0
2025-01-23 15:30:00,526.619412324,527.244756746,526.420890285,527.05616081,1109824.0
2025-01-23 16:00:00,527.016456402,528.823006955,526.758377751,528.703893732,3887544.0
2025-01-24 10:00:00,529.081085605,529.845395455,527.969362188,529.398720867,2510170.0
2025-01-24 10:30:00,529.408646969,529.656799518,527.701357436,527.810544557,1515473.0
2025-01-24 11:00:00,527.840322863,528.435888979,527.473057091,527.661653028,1099847.0
2025-01-24 11:30:00,527.651726926,528.341591011,527.281681846,528.277071348,994003.0
2025-01-24 12:00:00,528.306849654,528.813080853,527.403574378,527.562392009,1085413.0
2025-01-24 12:30:00,527.522687601,528.162921176,527.234830645,527.453204887,868210.0
2025-01-24 13:00:00,527.423426581,527.681505232,526.331555368,526.564818764,1036921.0
2025-01-24 13:30:00,526.540003509,526.847712669,525.809442406,526.420791024,950504.0
2025-01-24 14:00:00,526.420890285,526.69882114,524.644118038,524.783083465,1208549.0
2025-01-24 14:30:00,524.812861771,525.338945174,524.247073961,524.832713975,1692139.0
2025-01-24 15:00:00,524.793009567,525.467984499,524.713600752,524.802935669,1034251.0
2025-01-24 15:30:00,524.802935669,525.338945174,524.544857019,524.70367465,1154489.0
2025-01-24 16:00:00,524.693748548,525.9841418,524.60441363,525.716137048,2593803.0
2025-01-27 10:00:00,507.223809134,512.325825531,506.757282342,512.11737739,9526895.0
2025-01-27 10:30:00,512.057820778,513.000800463,509.606073599,512.951169953,4573882.0
2025-01-27 11:00:00,512.891613341,514.16215439,511.561515681,511.636954056,4195450.0
2025-01-27 11:30:00,511.670702803,511.988338065,508.831837648,509.174288165,3025588.0
2025-01-27 12:00:00,509.14947291,510.83691024,508.583685099,509.129521445,2926671.0
2025-01-27 12:30:00,509.169325114,510.519274978,508.037749493,509.550189645,2499319.0
2025-01-27 13:00:00,509.516738682,510.221491919,507.46203558,507.501839249,2049071.0
2025-01-27 13:30:00,507.531518294,508.633315609,507.442183376,507.630779313,1999327.0
2025-01-27 14:00:00,507.620853211,509.238807827,507.551370498,507.690335925,2192266.0
2025-01-27 14:30:00,507.680409823,510.281460464,507.660557619,510.127193951,2244499.0
2025-01-27 15:00:00,510.102378696,510.112106276,506.380090469,507.263513541,2699908.0
2025-01-27 15:30:00,507.263513541,509.030359687,507.124548114,508.236271531,2781404.0
2025-01-27 16:00:00,508.285902041,510.410087856,508.196567124,510.410087856,8430760.0
2025-01-28 10:00:00,511.412624152,511.819594332,507.998045085,510.946097361,4283304.0
2025-01-28 10:30:00,511.015580075,515.710626292,510.926245157,515.373138826,4069664.0
2025-01-28 11:00:00,515.383064928,515.482325948,513.655923191,515.065429666,2353958.0
2025-01-28 11:30:00,515.124986278,515.622978812,513.470702128,513.894050376,1991607.0
2025-01-28 12:00:00,513.904075739,515.547341915,513.477253356,515.512104253,1739749.0
2025-01-28 12:30:00,515.49225205,517.666068374,515.44262154,517.328580908,1749336.0
2025-01-28 13:00:00,517.363322265,517.556881253,516.698273435,517.179689379,1106031.0
2025-01-28 13:30:00,517.189615481,518.129915118,517.110206666,517.378310679,938958.0
2025-01-28 14:00:00,517.417915826,517.611474814,516.67345818,517.070502258,1369216.0
2025-01-28 14:30:00,517.070502258,517.656142272,516.474936142,517.546955151,1454342.0
2025-01-28 15:00:00,517.556881253,519.135131462,517.546955151,518.896905015,1663319.0
2025-01-28 15:30:00,518.916757219,519.085500952,518.192151777,518.941572474,2467866.0
2025-01-28 16:00:00,518.936609423,519.085500952,517.517176845,517.953925331,5174783.0
2025-01-29 10:00:00,518.599121957,518.728161282,516.097744268,516.693608167,2915176.0
2025-01-29 10:30:00,516.703236486,517.775255496,515.790035108,516.331007663,1347399.0
2025-01-29 11:00:00,516.296266307,516.921610729,515.184542889,516.346889427,1064374.0
2025-01-29 11:30:00,516.385601224,516.802497506,515.695737139,516.008310089,876610.0
2025-01-29 12:00:00,515.909148331,516.562980666,515.452547642,515.829739515,817963.0
2025-01-29 12:30:00,515.869443923,517.328580908,515.814850363,516.921610729,588957.0
2025-01-29 13:00:00,516.951389035,517.149911074,515.740404598,515.909148331,834320.0
2025-01-29 13:30:00,515.889296127,516.127522574,513.079018146,516.058139121,2036222.0
2025-01-29 14:00:00,516.10767037,516.594049365,515.055503564,515.417806285,889685.0
2025-01-29 14:30:00,515.383064928,515.809887312,513.526883865,513.835585636,1989515.0
2025-01-29 15:00:00,513.834593026,518.063112452,513.566588273,517.159837175,3758630.0
2025-01-29 15:30:00,517.139984972,518.554454498,515.34336052,518.28099039,2623667.0
2025-01-29 16:00:00,518.291412797,518.618974161,515.541882559,516.981167341,2818610.0
2025-01-30 10:00:00,519.839884699,522.207260012,518.622349035,520.435450816,3918630.0
2025-01-30 10:30:00,520.504933529,520.504933529,516.842201913,517.055910888,2637884.0
2025-01-30 11:00:00,517.070502258,518.494897886,515.383064928,515.383064928,2085513.0
2025-01-30 11:30:00,515.373138826,517.507350004,514.380528632,517.487398539,1794378.0
2025-01-30 12:00:00,517.497324641,519.263873004,516.643679875,518.857200607,1840894.0
2025-01-30 12:30:00,518.850847902,518.857200607,516.425305632,516.806467946,994642.0
2025-01-30 13:00:00,516.842201913,517.576733457,516.390564275,517.517176845,819612.0
2025-01-30 13:30:00,517.487398539,518.023408044,516.936499882,517.507250743,606406.0
2025-01-30 14:00:00,517.497324641,518.956461627,517.398063622,518.76786569,868929.0
2025-01-30 14:30:00,518.857200607,519.254244685,518.370821612,518.916757219,599073.0
2025-01-30 15:00:00,518.936609423,520.127741656,518.60914732,520.068482827,878305.0
2025-01-30 15:30:00,520.068185044,521.040943034,519.978850126,520.81760574,1348666.0
2025-01-30 16:00:00,520.812642689,520.812642689,516.852128015,519.184761971,4919219.0
2025-01-31 10:00:00,523.026163422,525.309166868,522.827641383,525.229758053,3615788.0
2025-01-31 10:30:00,525.239684155,526.540003509,525.229758053,525.96468664,2620089.0
2025-01-31 11:00:00,525.93451129,527.383722174,525.877237682,526.917195382,1785505.0
2025-01-31 11:30:00,526.917195382,527.589986572,526.301777062,526.420890285,1584320.0
2025-01-31 12:00:00,526.420890285,526.778229955,525.497762805,526.142959431,1536006.0
2025-01-31 12:30:00,526.182266795,526.877490975,525.229758053,526.877490975,1525366.0
2025-01-31 13:00:00,526.887417077,526.966825892,526.172737737,526.406001133,1139322.0
2025-01-31 13:30:00,526.410964184,526.669042834,523.909586495,524.008847514,2038051.0
2025-01-31 14:00:00,524.018674355,524.286778368,521.785400679,522.569562733,3488590.0
2025-01-31 14:30:00,522.539784427,523.224685461,520.614120651,521.656361354,3091505.0
2025-01-31 15:00:00,521.676213558,522.192370859,518.499860937,520.40567251,3446397.0
2025-01-31 15:30:00,520.336189796,520.336189796,517.487398539,517.881266264,3463948.0
2025-01-31 16:00:00,517.874516515,519.859736903,517.33850701,518.430378224,6252709.0
2025-02-03 10:00:00,509.675556313,512.028042472,508.712724425,509.725186822,5215397.0
2025-02-03 10:30:00,509.705334619,513.209248603,507.273439643,513.030578768,5085960.0
2025-02-03 11:00:00,512.980948259,515.412843234,512.266268919,514.638607283,4155199.0
2025-02-03 11:30:00,514.608928238,515.790035108,512.722869608,514.281267613,2743225.0
2025-02-03 12:00:00,514.291193715,515.591513069,513.39784454,513.775036414,1785229.0
2025-02-03 12:30:00,513.814740822,515.452547642,513.2965983,513.968595402,1530381.0
2025-02-03 13:00:00,513.953706249,514.807351016,512.693091302,514.172080492,2348260.0
2025-02-03 13:30:00,514.172080492,514.936390341,512.990874361,514.459937448,1907158.0
2025-02-03 14:00:00,514.509567957,515.85157694,514.092671676,515.740404598,1199403.0
2025-02-03 14:30:00,515.690774088,517.0006225,515.293829272,516.286340205,1456271.0
2025-02-03 15:00:00,516.286340205,516.875851399,516.018335452,516.209512176,1189659.0
2025-02-03 15:30:00,516.236709695,516.693310384,515.428526475,515.536919508,1244040.0
2025-02-03 16:00:00,515.541882559,515.849591719,514.11252388,514.281267613,3882317.0
2025-02-04 10:00:00,514.797424914,518.450230428,514.400380836,518.082964656,3455326.0
2025-02-04 10:30:00,518.112742962,520.534711835,518.082964656,519.968924024,2861529.0
2025-02-04 11:00:00,519.978850126,520.911903709,519.482545029,519.775365037,1504375.0
2025-02-04 11:30:00,519.810106393,521.011164728,519.810106393,520.991709568,913581.0
2025-02-04 12:00:00,520.961534218,521.229538971,519.800577336,520.341351369,1349735.0
2025-02-04 12:30:00,520.336686101,520.40567251,517.973777535,518.082964656,2134563.0
2025-02-04 13:00:00,518.142521268,519.572674035,517.824886005,519.5322748,1271760.0
2025-02-04 13:30:00,519.532175539,519.899441311,518.25180765,519.79025419,956039.0
2025-02-04 14:00:00,519.780328088,520.068185044,519.512323335,519.512323335,846517.0
2025-02-04 14:30:00,519.512323335,520.871008169,519.27419615,520.40567251,1020914.0
2025-02-04 15:00:00,520.415598612,520.753086078,519.254244685,519.879589107,1184283.0
2025-02-04 15:30:00,519.929219617,520.375894204,519.611584355,519.720771476,1119310.0
2025-02-04 16:00:00,519.720771476,521.07072134,519.621510457,520.594268447,3778862.0
2025-02-05 10:00:00,517.963851433,518.867126709,517.189615481,518.241782287,3683783.0
2025-02-05 10:30:00,518.400599918,519.38328401,516.7727192,518.678530772,2383324.0
2025-02-05 11:00:00,518.638826365,519.184761971,517.834812107,518.901669544,1148014.0
2025-02-05 11:30:00,518.886978913,519.869663005,518.241782287,519.621510457,1330533.0
2025-02-05 12:00:00,519.581806049,521.924366107,519.43291452,521.710954915,1669453.0
2025-02-05 12:30:00,521.755622374,522.470301713,521.448012475,521.63650915,1193323.0
2025-02-05 13:00:00,521.661423666,521.914440005,521.12035185,521.586878641,809986.0
2025-02-05 13:30:00,521.631546099,521.844957291,520.822568791,521.277581304,487323.0
2025-02-05 14:00:00,521.229538971,522.013701024,521.02109083,521.745696272,785993.0
2025-02-05 14:30:00,521.715917966,522.341262388,521.637005455,521.884661699,719883.0
2025-02-05 15:00:00,521.909476954,522.063331534,521.562063386,521.686338182,549346.0
2025-02-05 15:30:00,521.676213558,522.727387754,521.676213558,522.510006121,993728.0
2025-02-05 16:00:00,522.539784427,523.115498339,521.229538971,522.956680708,2700754.0
2025-02-06 10:00:00,523.462911907,524.495226509,522.510006121,523.720990558,2788294.0
2025-02-06 10:30:00,523.73091666,525.110644829,523.135350543,523.790473271,1525017.0
2025-02-06 11:00:00,523.780547169,524.822787873,522.549710529,523.30349871,1831208.0
2025-02-06 11:30:00,523.294168174,524.29670447,523.224883983,523.969143106,877487.0
2025-02-06 12:00:00,523.979069208,524.018773616,522.877271893,523.254265245,885190.0
2025-02-06 12:30:00,523.284242072,524.118133896,522.738306466,523.534379841,779349.0
2025-02-06 13:00:00,523.562172927,524.668933293,523.214759359,524.326482776,717613.0
2025-02-06 13:30:00,524.34633498,524.812861771,523.98899531,524.683822446,790615.0
2025-02-06 14:00:00,524.693748548,524.931974994,524.217295655,524.336408878,496401.0
2025-02-06 14:30:00,524.29670447,524.673896344,523.711064456,523.889734291,491617.0
2025-02-06 15:00:00,523.909487234,523.909487234,521.856173786,522.698602058,1855797.0
2025-02-06 15:30:00,522.668823752,523.820251577,522.440523408,523.725953609,896058.0
2025-02-06 16:00:00,523.740842762,525.894806883,523.671360048,525.686358742,2804926.0
2025-02-07 10:00:00,526.222368247,528.167884227,525.874954679,526.718673344,2520388.0
2025-02-07 10:30:00,526.64919063,526.659116732,521.467765417,522.907050199,4501197.0
2025-02-07 11:00:00,522.877271893,524.265635771,519.810106393,522.321410184,3011445.0
2025-02-07 11:30:00,522.291631878,523.135350543,520.038406738,520.705937094,2258634.0
2025-02-07 12:00:00,520.822568791,521.467666156,519.621510457,520.038406738,1431303.0
2025-02-07 12:30:00,520.078111146,521.151122766,519.045796544,520.018554534,2053903.0
2025-02-07 13:00:00,519.978850126,521.388356602,519.581806049,520.673677262,1118064.0
2025-02-07 13:30:00,520.683603364,522.510006121,520.514859631,522.063232273,1319446.0
2025-02-07 14:00:00,522.033553228,522.380966796,519.889515209,519.99870233,891333.0
2025-02-07 14:30:00,519.929219617,520.286559287,518.738087384,518.877052811,1180638.0
2025-02-07 15:00:00,518.886978913,519.949071821,518.599121957,519.604040517,1428443.0
2025-02-07 15:30:00,519.571879947,519.571879947,518.331117204,518.807470836,1408959.0
2025-02-07 16:00:00,518.787717894,519.869663005,518.708309078,519.055722646,3673039.0
2025-02-10 10:00:00,523.32394648,524.425644535,522.857419689,524.018773616,3030935.0
2025-02-10 10:30:00,524.028699718,525.93451129,523.78551022,525.711173997,2222797.0
2025-02-10 11:00:00,525.72606315,526.43786392,525.646654334,525.73976117,1632478.0
2025-02-10 11:30:00,525.765767557,526.252146552,525.26946246,525.537467213,1020954.0
2025-02-10 12:00:00,525.537467213,525.934610551,525.072925642,525.934610551,1202560.0
2025-02-10 12:30:00,525.914659087,525.914659087,524.614339732,524.793009567,1375902.0
2025-02-10 13:00:00,524.812861771,525.825324169,524.763231261,525.785619761,631111.0
2025-02-10 13:30:00,525.735989252,526.023846208,525.592060773,525.72606315,552266.0
2025-02-10 14:00:00,525.736088513,526.222368247,525.620747208,526.073476718,520646.0
2025-02-10 14:30:00,526.043698412,526.142959431,525.547393315,525.860065526,691667.0
2025-02-10 15:00:00,525.884880781,525.974215698,525.259536358,525.686358742,1240215.0
2025-02-10 15:30:00,525.696284844,525.994067902,525.458058397,525.72606315,751102.0
2025-02-10 16:00:00,525.716137048,525.785619761,525.031236014,525.338945174,3370532.0
2025-02-11 10:00:00,522.073257636,524.425743796,521.944218311,523.790473271,1901018.0
2025-02-11 10:30:00,523.770621067,525.378649582,523.383503092,525.190053645,1629962.0
2025-02-11 11:00:00,525.209905849,526.003994004,524.882443746,525.259536358,1218200.0
2025-02-11 11:30:00,525.279388562,525.477910601,524.713600752,524.822787873,1347480.0
2025-02-11 12:00:00,524.862492281,525.279388562,523.929438699,524.078330228,1063869.0
2025-02-11 12:30:00,524.048551922,524.137787578,522.282698387,523.998921412,1704647.0
2025-02-11 13:00:00,524.058478024,524.167665145,523.234611563,523.433133602,860134.0
2025-02-11 13:30:00,523.403355296,523.790473271,523.01623732,523.716027507,665090.0
2025-02-11 14:00:00,523.73091666,525.080866524,523.664610299,524.366187184,1020409.0
2025-02-11 14:30:00,524.336408878,524.70367465,524.098182432,524.286778368,615265.0
2025-02-11 15:00:00,524.306630572,525.259536358,524.207369553,524.892270587,845076.0
2025-02-11 15:30:00,524.971679402,525.249610257,524.465448203,524.534930917,836608.0
2025-02-11 16:00:00,524.505152611,524.70367465,523.472838009,524.08825633,3247384.0
2025-02-12 10:00:00,518.440304326,521.988091681,518.092890758,521.418134908,3799979.0
2025-02-12 10:30:00,521.437987112,522.867345791,519.135131462,521.864809495,2488190.0
2025-02-12 11:00:00,521.904513903,523.711064456,521.646435252,522.678452071,1524966.0
2025-02-12 11:30:00,522.678749854,522.762724676,520.723307772,521.155291728,1315909.0
2025-02-12 12:00:00,521.12035185,523.979069208,521.090672805,523.870874697,1837102.0
2025-02-12 12:30:00,523.869882087,524.455522101,523.572099029,524.068404126,1455373.0
2025-02-12 13:00:00,524.058478024,524.981605504,523.32394648,524.802935669,941066.0
2025-02-12 13:30:00,524.773157363,524.981605504,523.820251577,524.376113286,756305.0
2025-02-12 14:00:00,524.366187184,524.594487529,523.641581742,524.157739043,786457.0
2025-02-12 14:30:00,524.167665145,524.34633498,523.403355296,524.108108533,1264465.0
2025-02-12 15:00:00,524.108108533,525.279388562,524.068404126,525.041162116,999398.0
2025-02-12 15:30:00,525.021309912,525.229758053,524.683822446,524.693748548,828796.0
2025-02-12 16:00:00,524.70367465,524.902196689,523.770621067,524.39596549,2872486.0
2025-02-13 10:00:00,526.063550616,528.058399323,525.279388562,527.308978626,3133384.0
2025-02-13 10:30:00,527.294387256,529.120790013,526.301777062,528.602647492,2878425.0
2025-02-13 11:00:00,528.59470661,530.619631406,528.515297795,530.143178513,3219007.0
2025-02-13 11:30:00,530.130770886,530.326811399,529.175383574,529.289533746,1306973.0
2025-02-13 12:00:00,529.30938595,529.537686295,527.850248965,528.326701858,1234847.0
2025-02-13 12:30:00,528.326701858,529.177865099,527.880622837,528.465667285,807813.0
2025-02-13 13:00:00,528.465667285,529.220051033,527.989214392,528.44571582,998278.0
2025-02-13 13:30:00,528.437179373,528.465667285,526.639264528,527.820470659,1655238.0
2025-02-13 14:00:00,527.850248965,529.150568319,527.105791319,529.110863911,1717542.0
2025-02-13 14:30:00,529.120790013,530.014139188,528.942120178,529.879839028,1237766.0
2025-02-13 15:00:00,529.904952066,531.036527688,529.756060537,530.599779202,1522704.0
2025-02-13 15:30:00,530.579926998,531.473276173,530.505381973,531.25490193,1565995.0
2025-02-13 16:00:00,531.235049726,532.257438226,530.728818527,531.939802964,4616804.0
2025-02-14 10:00:00,532.044027034,532.922487056,531.711502619,532.565147386,2113171.0
2025-02-14 10:30:00,532.575073488,533.369161643,531.890172454,532.853004343,1891204.0
2025-02-14 11:00:00,532.862930445,533.627240294,531.979507372,533.468422663,1088298.0
2025-02-14 11:30:00,533.478348765,533.60738809,532.029137882,532.887050872,1061740.0
2025-02-14 12:00:00,532.932413158,532.94720305,532.187955513,532.872856546,625492.0
2025-02-14 12:30:00,532.853004343,532.960206244,531.929876862,531.949729066,504879.0
2025-02-14 13:00:00,531.996679528,533.408866051,531.751207027,533.294715879,803100.0
2025-02-14 13:30:00,533.29967893,533.701686058,533.011821974,533.289752828,833032.0
2025-02-14 14:00:00,533.279826726,534.268764262,533.264937573,533.954801658,847432.0
2025-02-14 14:30:00,533.954801658,534.431254551,533.686796906,533.766205721,770423.0
2025-02-14 15:00:00,533.761540453,533.86546674,533.279826726,533.815836231,791124.0
2025-02-14 15:30:00,533.795984027,534.123545391,533.359235542,533.934949454,972923.0
2025-02-14 16:00:00,533.954801658,534.858076934,533.845614537,534.173175901,3214955.0
2025-02-18 10:00:00,535.741500007,536.00950476,533.567683682,534.411402347,2810050.0
2025-02-18 10:30:00,534.421328449,534.560293876,532.728729546,532.922487056,1789610.0
2025-02-18 11:00:00,532.932413158,534.123545391,532.604851794,534.063988779,1453794.0
2025-02-18 11:30:00,534.054062677,534.540441672,533.547831478,534.520589469,1154723.0
2025-02-18 12:00:00,534.510663367,534.748889813,533.805910129,534.063988779,921685.0
2025-02-18 12:30:00,534.034210473,534.208909868,533.468422663,533.736427415,626345.0
2025-02-18 13:00:00,533.736427415,534.421328449,533.716575211,534.252584716,567349.0
2025-02-18 13:30:00,534.173175901,534.508876668,533.240122318,533.488274867,680623.0
2025-02-18 14:00:00,533.498200969,533.686796906,532.902634852,533.369161643,764176.0
2025-02-18 14:30:00,533.379087745,533.547831478,532.078768391,533.180565707,1307409.0
2025-02-18 15:00:00,533.190491809,534.034210473,533.041600279,533.835688435,788513.0
2025-02-18 15:30:00,533.845614537,533.925023352,533.488274867,533.637166396,897740.0
2025-02-18 16:00:00,533.627240294,535.413938643,533.428718255,535.384160337,4225933.0
2025-02-19 10:00:00,534.590072182,534.957337954,533.359235542,533.6745878,1946766.0
2025-02-19 10:30:00,533.666944702,533.929986403,532.495664673,533.230196216,1461577.0
2025-02-19 11:00:00,533.240122318,534.62977659,533.150787401,533.527979275,1585970.0
2025-02-19 11:30:00,533.518053173,535.006968464,533.498200969,534.858076934,1144893.0
2025-02-19 12:00:00,534.848150833,535.443716949,534.609924386,535.369271184,830257.0
2025-02-19 12:30:00,535.354382031,535.721647803,534.699259303,534.912670495,1044813.0
2025-02-19 13:00:00,534.917633546,535.771278313,534.659554896,535.513199663,1043428.0
2025-02-19 13:30:00,535.523125764,535.681943395,534.341919634,535.516673798,930714.0
2025-02-19 14:00:00,535.523125764,535.969800352,535.155859993,535.205490502,761498.0
2025-02-19 14:30:00,535.215416604,536.505809857,535.086377279,536.203063747,1038702.0
2025-02-19 15:00:00,536.198100696,536.813519017,535.95987425,536.734110201,1038123.0
2025-02-19 15:30:00,536.704331895,536.704331895,534.560293876,534.848150833,1624693.0
2025-02-19 16:00:00,534.868003036,535.820908823,534.808446425,535.533051866,3137989.0
2025-02-20 10:00:00,534.748889813,535.116155585,529.706430028,529.949619525,3338097.0
2025-02-20 10:30:00,529.904952066,532.138325003,528.525223897,531.800837537,3424221.0
2025-02-20 11:00:00,531.790911435,532.257438226,529.140642217,529.468203581,1789840.0
2025-02-20 11:30:00,529.51773483,531.523105205,529.329238154,531.096084299,1677531.0
2025-02-20 12:00:00,531.185419217,531.403793459,530.123326309,530.431035469,1197302.0
2025-02-20 12:30:00,530.411183265,531.820689741,530.301996144,531.602315498,1213680.0
2025-02-20 13:00:00,531.6122416,532.048990085,530.68911412,530.694275693,1122775.0
2025-02-20 13:30:00,530.669261916,531.324384644,530.401554946,530.768522935,989318.0
2025-02-20 14:00:00,530.758596833,531.56062587,530.629557508,531.344336109,722711.0
2025-02-20 14:30:00,531.334310746,532.376551449,531.225123624,531.934939174,1197777.0
2025-02-20 15:00:00,531.939802964,532.753743323,531.061342942,532.485738571,1492853.0
2025-02-20 15:30:00,532.515516877,532.624703998,531.721428721,532.178029411,2561231.0
2025-02-20 16:00:00,532.187955513,533.279826726,531.928983513,533.259974522,3932733.0
2025-02-21 10:00:00,534.401476245,534.421328449,531.939802964,532.22765992,3188612.0
2025-02-21 10:30:00,532.217733818,532.575073488,529.765986639,530.07379506,3013792.0
2025-02-21 11:00:00,530.073695799,530.411183265,528.535149999,530.102481495,2563219.0
2025-02-21 11:30:00,530.083621901,530.619631406,529.091011707,529.766879988,7328396.0
2025-02-21 12:00:00,529.696603187,530.450887673,528.991750688,529.428499173,1568406.0
2025-02-21 12:30:00,529.408646969,529.885099863,527.214978441,528.18862978,1485598.0
2025-02-21 13:00:00,528.227341578,528.296923552,526.003994004,526.361333674,2213400.0
2025-02-21 13:30:00,526.351407572,526.381185878,524.693748548,525.035305716,2623757.0
2025-02-21 14:00:00,525.080767263,526.29185096,524.187517349,524.420780745,2371024.0
2025-02-21 14:30:00,524.415817694,524.70367465,521.973996616,522.202296961,3001501.0
2025-02-21 15:00:00,522.202296961,523.244537665,521.924366107,522.410745102,4182063.0
2025-02-21 15:30:00,522.371040694,523.085720034,522.063331534,522.728380364,2825255.0
2025-02-21 16:00:00,522.75815867,523.165128849,521.825105087,522.192370859,7449047.0
2025-02-24 10:00:00,523.979069208,525.159282729,519.3336535,519.472618927,5764650.0
2025-02-24 10:30:00,519.472618927,519.919293515,516.345102728,518.023408044,5833513.0
2025-02-24 11:00:00,517.983703636,518.559417549,516.524566651,517.69584668,3310872.0
2025-02-24 11:30:00,517.735551088,520.465229121,517.328580908,520.147593859,2365433.0
2025-02-24 12:00:00,520.177372165,520.897014556,519.194688073,519.79025419,2316599.0
2025-02-24 12:30:00,519.79025419,521.606730845,519.611584355,521.016127779,2320093.0
2025-02-24 13:00:00,521.050869136,521.765548476,520.356042,520.459869026,1294354.0
2025-02-24 13:30:00,520.45530302,521.775474578,520.375894204,521.487617621,935106.0
2025-02-24 14:00:00,521.517395927,521.646435252,520.207150471,520.544637937,972967.0
2025-02-24 14:30:00,520.504933529,521.249391175,519.512422596,519.571879947,1303893.0
2025-02-24 15:00:00,519.631436559,520.189084965,518.847274505,519.174835869,1339568.0
2025-02-24 15:30:00,519.174835869,519.561953845,518.370821612,518.400599918,1876437.0
2025-02-24 16:00:00,518.430378224,519.204614175,515.690774088,516.028261554,6250561.0
2025-02-25 10:00:00,515.402917132,515.482325948,510.995727871,512.186860104,5959306.0
2025-02-25 10:30:00,512.186860104,512.226564511,506.618316915,507.030250146,6394331.0
2025-02-25 11:00:00,507.064991502,509.794669536,506.816838954,508.424867468,4586631.0
2025-02-25 11:30:00,508.464571876,508.524128488,506.618316915,506.827261361,2837901.0
2025-02-25 12:00:00,506.84661726,510.777353628,505.675337231,510.022969881,4877318.0
2025-02-25 12:30:00,509.978302422,510.539127181,508.563832895,510.539127181,1881955.0
2025-02-25 13:00:00,510.509348876,511.353067541,510.152009206,511.214102113,1717731.0
2025-02-25 13:30:00,511.224028215,512.683165201,510.022969881,510.082526492,1754404.0
2025-02-25 14:00:00,510.092452594,511.998264167,509.903856657,510.707870914,1945279.0
2025-02-25 14:30:00,510.688018711,510.856762444,508.881468157,509.119694604,1817311.0
2025-02-25 15:00:00,509.109768502,511.075136686,509.020433585,510.757501424,2669017.0
2025-02-25 15:30:00,510.757501424,512.226564511,510.310826837,511.353067541,2391785.0
2025-02-25 16:00:00,511.343141439,511.482106866,508.811985444,509.526664784,6233403.0
2025-02-26 10:00:00,511.720333312,513.546736069,510.588757691,513.268805215,3756247.0
2025-02-26 10:30:00,513.288657419,514.956242545,512.385382142,512.83205673,2936072.0
2025-02-26 11:00:00,512.792352322,514.559198467,512.792352322,514.479789652,1922436.0
2025-02-26 11:30:00,514.489715754,515.730478496,514.489715754,514.817277118,1600593.0
2025-02-26 12:00:00,514.807351016,515.818622281,514.221711001,514.430159142,1557813.0
2025-02-26 12:30:00,514.440085244,515.819813414,514.06289337,515.133721247,1563257.0
2025-02-26 13:00:00,515.159727635,515.512104253,511.561515681,512.028042472,2209911.0
2025-02-26 13:30:00,512.018116371,512.27123197,510.132157002,510.166898359,1792133.0
2025-02-26 14:00:00,510.132157002,510.965949565,508.067527798,508.514202386,1906242.0
2025-02-26 14:30:00,508.48442408,509.705334619,507.591074905,509.060137992,2375222.0
2025-02-26 15:00:00,509.000581381,510.231418021,508.137010512,508.295828143,1913376.0
2025-02-26 15:30:00,508.345458653,510.008080728,507.918636269,509.620962752,1595097.0
2025-02-26 16:00:00,509.606073599,511.422550254,509.139546808,510.757501424,3709460.0
2025-02-27 10:00:00,514.301119817,515.234074138,506.002898595,506.260977245,6158986.0
2025-02-27 10:30:00,506.260977245,510.082526492,503.585892772,509.154435961,9108610.0
2025-02-27 11:00:00,509.139546808,509.397625458,506.370164367,506.540595537,2195407.0
2025-02-27 11:30:00,506.588538609,509.947531506,506.320533857,507.680409823,1951911.0
2025-02-27 12:00:00,507.690335925,508.553906793,506.002898595,506.241522086,1411544.0
2025-02-27 12:30:00,506.290755551,507.491813886,505.069845013,507.452109478,1620434.0
2025-02-27 13:00:00,507.442183376,507.968266779,505.913563677,507.005434891,1791304.0
2025-02-27 13:30:00,507.045139299,508.911147202,506.806912852,508.329279107,1766230.0
2025-02-27 14:00:00,508.479461029,508.782207138,507.24395912,507.323070153,1087944.0
2025-02-27 14:30:00,507.372700663,507.452109478,503.491594804,503.640486333,1518021.0
2025-02-27 15:00:00,503.660338537,503.670264639,501.198665256,502.111866634,3635064.0
2025-02-27 15:30:00,502.14164494,502.260758164,498.498765528,498.588100446,5914579.0
2025-02-27 16:00:00,498.667509261,499.868567596,496.354727509,496.573101752,9883340.0
2025-02-28 10:00:00,496.434136325,497.684825169,493.257783704,496.463914631,7289848.0
2025-02-28 10:30:00,496.444062427,500.50383812,495.550713252,500.434454668,4927661.0
2025-02-28 11:00:00,500.464133712,500.940586605,498.468987222,500.543542528,2942915.0
2025-02-28 11:30:00,500.523690324,500.9108083,497.476377028,497.565711946,2864393.0
2025-02-28 12:00:00,497.565711946,500.146399189,497.238150582,498.97025537,1537784.0
2025-02-28 12:30:00,498.975218421,500.225808005,498.146388909,499.004996727,1397652.0
2025-02-28 13:00:00,499.104257747,499.104257747,495.124883479,495.188410531,2600741.0
2025-02-28 13:30:00,495.149996517,496.553249548,493.863275922,496.434136325,3044890.0
2025-02-28 14:00:00,496.434136325,498.210908572,495.18344748,495.218188837,2166965.0
2025-02-28 14:30:00,495.223151888,497.019776339,495.134313276,496.781549893,1355337.0
2025-02-28 15:00:00,496.791475995,499.560858436,496.394431917,499.332558091,2010298.0
2025-02-28 15:30:00,499.332558091,500.722212363,498.806474688,500.682507955,2292690.0
2025-02-28 16:00:00,500.682507955,505.020214503,498.677435363,504.414722284,8817743.0
2025-03-03 10:00:00,507.739966434,509.248733929,502.130130662,502.568467324,4856782.0
2025-03-03 10:30:00,502.558541222,505.367628071,500.563394732,505.367628071,3855127.0
2025-03-03 11:00:00,505.377554173,506.08230741,502.712395802,502.922233597,2292241.0
2025-03-03 11:30:00,502.955585299,506.002898595,502.945659197,503.630560231,1815976.0
2025-03-03 12:00:00,503.670264639,504.960657891,502.340166979,504.4941311,1765421.0
2025-03-03 12:30:00,504.484204998,505.238588746,503.997925264,504.960657891,1148032.0
2025-03-03 13:00:00,504.962940895,505.496667396,502.072162227,502.766989362,1472417.0
2025-03-03 13:30:00,502.732248006,502.925806993,498.533506885,498.765182104,2585561.0
2025-03-03 14:00:00,498.786622485,500.831399484,498.012386533,500.275537776,2545371.0
2025-03-03 14:30:00,500.225907266,501.37723583,499.183666562,499.491375722,1361939.0
2025-03-03 15:00:00,499.442936345,502.012605615,496.721993281,496.811328198,2554869.0
2025-03-03 15:30:00,496.801402097,496.868998851,490.994632462,491.456692507,5388191.0
2025-03-03 16:00:00,491.471085355,493.764014903,489.932539554,493.376896927,8539984.0
2025-03-04 10:00:00,490.52810567,492.652291486,487.828205943,487.926871396,9898677.0
2025-03-04 10:30:00,487.91754086,488.443624263,484.13073297,486.180473021,8560153.0
2025-03-04 11:00:00,486.101064205,488.602441894,485.545202497,487.060124175,4396511.0
2025-03-04 11:30:00,487.063896093,487.828205943,484.909931972,485.763576739,4144950.0
2025-03-04 12:00:00,485.763576739,490.418918549,485.654389618,489.505717171,3870018.0
2025-03-04 12:30:00,489.513658052,492.751552505,488.711629015,491.848277228,3416403.0
2025-03-04 13:00:00,491.828425025,492.275099612,489.942465656,490.425469776,2764535.0
2025-03-04 13:30:00,490.428844651,494.270246102,489.833278535,491.411528743,2826789.0
2025-03-04 14:00:00,491.431380947,494.905516626,490.771295168,494.379433223,2310301.0
2025-03-04 14:30:00,494.369507121,497.327485499,494.30995051,495.89812682,3301877.0
2025-03-04 15:00:00,495.917979024,497.516081436,495.2827085,497.253039735,2072573.0
2025-03-04 15:30:00,497.218298378,500.017459125,496.751771587,498.50869163,3851205.0
2025-03-04 16:00:00,498.528543834,498.746918077,490.101283287,491.887981636,9410867.0
2025-03-05 10:00:00,492.533178262,493.456305743,488.930003258,490.121135491,5689003.0
2025-03-05 10:30:00,490.170766001,494.369507121,489.6546087,490.379511924,4762170.0
2025-03-05 11:00:00,490.438770753,493.029483359,489.972243962,491.887981636,2801975.0
2025-03-05 11:30:00,491.808572821,491.808572821,488.483328671,489.684387006,2683508.0
2025-03-05 12:00:00,489.6546087,491.570346374,487.629683904,490.581111055,3162393.0
2025-03-05 12:30:00,490.552920925,493.95261084,490.438770753,493.843423718,2533102.0
2025-03-05 13:00:00,493.85334982,496.305097,493.009631155,496.193924658,2522598.0
2025-03-05 13:30:00,496.15620547,496.543323446,493.148596583,494.55929419,3635289.0
2025-03-05 14:00:00,494.582918313,496.831180402,493.257783704,496.731919383,2225120.0
2025-03-05 14:30:00,496.672362771,499.560858436,495.927905126,497.833716698,2912138.0
2025-03-05 15:00:00,497.863495004,499.163814358,496.900663116,498.131499756,2099477.0
2025-03-05 15:30:00,498.111647553,499.908272004,497.069406849,499.064553339,2819537.0
2025-03-05 16:00:00,499.074479441,499.451671314,496.940367524,498.300243489,4967508.0
2025-03-06 10:00:00,490.041726675,490.806036525,488.017595968,489.356825642,6406587.0
2025-03-06 10:30:00,489.227786316,494.216942934,488.671924608,493.615123374,4873504.0
2025-03-06 11:00:00,493.605197272,494.895590524,491.868129432,492.93022234,3023234.0
2025-03-06 11:30:00,492.960000646,494.498546446,490.945001952,492.384286733,2815570.0
2025-03-06 12:00:00,492.374360631,494.022093553,488.53295918,488.602441894,3277946.0
2025-03-06 12:30:00,488.622294098,489.178155807,485.644463516,486.304549295,4016163.0
2025-03-06 13:00:00,486.359142856,487.510570681,484.761040443,486.706556424,2680277.0
2025-03-06 13:30:00,486.63707371,487.570127292,485.535276395,485.813207249,2194185.0
2025-03-06 14:00:00,485.823133351,486.496917151,483.559982109,485.445941477,2852775.0
2025-03-06 14:30:00,485.426089273,485.61468521,482.746041749,483.232420745,3563296.0
2025-03-06 15:00:00,483.212568541,487.540348986,482.607076322,483.738651943,4527499.0
2025-03-06 15:30:00,483.768430249,486.140768613,483.202642439,485.068749603,3119784.0
2025-03-06 16:00:00,485.088601807,486.24955869,483.480573293,484.59229671,7720050.0
2025-03-07 10:00:00,483.559982109,488.542885282,483.321755662,486.130842511,5720321.0
2025-03-07 10:30:00,486.081212001,487.35175305,483.753541096,484.13073297,3334423.0
2025-03-07 11:00:00,484.086065511,484.800744851,479.996511512,483.153011929,5634518.0
2025-03-07 11:30:00,483.172864133,483.510351599,479.252053867,479.579615231,2859333.0
2025-03-07 12:00:00,479.609393536,479.907176595,476.978976522,478.599412664,5450316.0
2025-03-07 12:30:00,478.626709444,480.175181347,477.177498561,479.708654556,3143568.0
2025-03-07 13:00:00,479.652373558,484.713792198,479.003901318,481.346461376,3874888.0
2025-03-07 13:30:00,481.41594409,485.733798433,481.356387478,484.006656696,3166881.0
2025-03-07 14:00:00,484.046361104,486.99441338,483.689021434,486.835595749,2607529.0
2025-03-07 14:30:00,486.845521851,489.267490724,485.644463516,488.800963933,3322635.0
2025-03-07 15:00:00,488.830742239,489.327047336,486.696630322,487.391457457,3045570.0
2025-03-07 15:30:00,487.391457457,488.860520545,486.855447953,488.180582562,2293738.0
2025-03-07 16:00:00,488.165693409,489.634756496,485.098527909,488.155767307,5870607.0
2025-03-10 10:00:00,479.877398289,480.39355559,476.651415158,477.693655862,6467529.0
2025-03-10 10:30:00,477.693655862,477.693655862,474.437894426,474.76545579,4866973.0
2025-03-10 11:00:00,474.775381892,475.445393773,471.206948244,472.015925552,6258850.0
2025-03-10 11:30:00,472.025851654,473.971367635,471.886886227,473.921737125,4666801.0
2025-03-10 12:00:00,473.921737125,475.596469044,472.512230649,472.826093993,3809882.0
2025-03-10 12:30:00,472.800087606,473.584249659,471.261541805,472.631343873,2549127.0
2025-03-10 13:00:00,472.631343873,474.070628654,471.48984215,471.733031647,2964941.0
2025-03-10 13:30:00,471.737994698,471.966295043,469.613808883,470.854571625,4407989.0
2025-03-10 14:00:00,470.864497727,470.983610951,468.82964683,469.29121057,4435913.0
2025-03-10 14:30:00,469.296173621,470.636197383,468.234080713,469.057947174,4239859.0
2025-03-10 15:00:00,469.067873276,469.901665839,466.576421689,466.794795932,4129700.0
2025-03-10 15:30:00,466.794795932,470.695753994,465.19669352,469.122466837,7104062.0
2025-03-10 16:00:00,469.107577684,471.936516737,468.134819694,469.236617009,13801777.0
2025-03-11 10:00:00,468.859425135,473.167353377,468.007269284,471.311172315,6803239.0
2025-03-11 10:30:00,471.281394009,473.554471353,466.278638631,466.467234568,7098309.0
2025-03-11 11:00:00,466.467234568,468.760164116,465.077580296,466.258786427,5247437.0
2025-03-11 11:30:00,466.159525408,470.933980441,465.593737597,469.082365385,4613403.0
2025-03-11 12:00:00,469.03809497,471.837255717,468.660903097,468.909055645,3773901.0
2025-03-11 12:30:00,468.879277339,469.474843456,466.774943728,467.976002063,3280959.0
2025-03-11 13:00:00,468.124893592,469.157208194,465.841890146,466.487086772,2979039.0
2025-03-11 13:30:00,466.462271517,466.626052199,463.668073821,463.757408738,3862911.0
2025-03-11 14:00:00,463.707778229,467.573300107,463.558886699,466.516865078,3653392.0
2025-03-11 14:30:00,466.536717281,471.876960125,466.387825752,470.963758747,4324063.0
2025-03-11 15:00:00,470.953832645,475.266723938,469.837146176,474.110333062,5564111.0
2025-03-11 15:30:00,474.120259164,475.048349695,470.844645523,471.966295043,5165309.0
2025-03-11 16:00:00,472.015925552,472.383191324,468.015706471,468.11496749,6372135.0
2025-03-12 10:00:00,475.619100557,477.505059925,473.018461848,474.328707304,6899190.0
2025-03-12 10:30:00,474.279076795,476.254371081,472.810013708,474.020998144,4026542.0
2025-03-12 11:00:00,474.040850348,474.328012477,470.143664204,470.229227203,3162565.0
2025-03-12 11:30:00,470.244116356,471.896812329,468.303563427,471.415396385,3768505.0
2025-03-12 12:00:00,471.469989946,474.169889673,471.112650276,474.060702552,3107420.0
2025-03-12 12:30:00,474.080554756,475.748139882,472.939053033,475.172425969,2536451.0
2025-03-12 13:00:00,475.271686989,476.343705998,473.475062538,473.911811023,2411255.0
2025-03-12 13:30:00,473.931663227,475.78784429,473.316344167,475.708435474,1821911.0
2025-03-12 14:00:00,475.708435474,476.145183959,471.737994698,471.827329615,1815062.0
2025-03-12 14:30:00,471.857107921,474.269150693,471.638733679,474.259224591,2261247.0
2025-03-12 15:00:00,474.289002897,475.847400901,473.812550003,475.178480891,1748296.0
2025-03-12 15:30:00,475.065918895,475.162499867,473.048240154,473.74306729,2363088.0
2025-03-12 16:00:00,473.7926978,474.467672732,472.194595387,473.395653722,4605114.0
2025-03-13 10:00:00,472.730604892,472.760482459,467.082652888,467.737775616,4640057.0
2025-03-13 10:30:00,467.648440699,472.631343873,466.695534912,470.358266528,4015829.0
2025-03-13 11:00:00,470.36819263,471.688364188,468.591519644,469.107577684,3140941.0
2025-03-13 11:30:00,469.157208194,470.36819263,467.191840009,467.464807813,3263085.0
2025-03-13 12:00:00,467.44991866,468.323415631,465.593936119,466.030486083,3319428.0
2025-03-13 12:30:00,466.050338286,467.44991866,465.812211101,466.219082019,2004143.0
2025-03-13 13:00:00,466.179377612,468.323415631,464.710314524,465.805163568,2958032.0
2025-03-13 13:30:00,465.802185738,466.417604058,463.221399233,464.17430502,2509193.0
2025-03-13 14:00:00,464.104822306,464.38275316,462.983172787,463.489403986,2156685.0
2025-03-13 14:30:00,463.469551782,466.804722034,463.390142966,466.794795932,2466608.0
2025-03-13 15:00:00,466.794795932,467.976002063,466.219082019,467.648440699,2034310.0
2025-03-13 15:30:00,467.618662393,468.442528854,464.601127403,465.166915214,2790311.0
2025-03-13 16:00:00,465.156989112,465.678109464,463.330586355,464.879058257,7092966.0
2025-03-14 10:00:00,470.229227203,473.981293736,469.962016539,472.224373693,5735818.0
2025-03-14 10:30:00,472.174743183,473.068092358,469.623734985,470.527010261,4865822.0
2025-03-14 11:00:00,470.507158057,473.772845596,470.328488223,473.762919494,2819606.0
2025-03-14 11:30:00,473.772845596,475.07316495,473.306318805,474.594230531,2566789.0
2025-03-14 12:00:00,474.616564261,476.006218532,474.497451037,475.445393773,3749634.0
2025-03-14 12:30:00,475.445393773,475.708435474,473.714281594,473.862180513,1660772.0
2025-03-14 13:00:00,473.882032717,476.09555345,473.633880169,475.648878862,1865490.0
2025-03-14 13:30:00,475.63895276,476.125331755,474.527229343,474.795234096,1625968.0
2025-03-14 14:00:00,474.76545579,475.261463104,473.991219838,474.219520183,2034750.0
2025-03-14 14:30:00,474.269150693,475.271686989,473.822476105,474.3088551,1748363.0
2025-03-14 15:00:00,474.328707304,475.999369522,474.318781202,475.311391396,1919972.0
2025-03-14 15:30:00,475.241908683,476.244444979,475.033559803,475.175701583,2368674.0
2025-03-14 16:00:00,475.192278173,477.008754828,474.745603586,476.115405654,7547680.0
2025-03-17 10:00:00,476.065775144,479.569689129,475.63895276,478.135764442,4582024.0
2025-03-17 10:30:00,478.150256551,478.795453177,476.333779896,476.413188712,2802957.0
2025-03-17 11:00:00,476.40326261,477.405798906,475.291539193,475.648878862,2226567.0
2025-03-17 11:30:00,475.68858327,476.790380585,474.884569013,475.564506996,2228062.0
2025-03-17 12:00:00,475.539691741,475.99629243,474.269150693,475.519839537,1626178.0
2025-03-17 12:30:00,475.529765639,477.058385338,474.954051727,475.202204275,1252945.0
2025-03-17 13:00:00,475.241908683,476.323853794,474.904421217,475.966514124,1320119.0
2025-03-17 13:30:00,475.887105309,477.673803658,475.361021906,477.460392466,1561302.0
2025-03-17 14:00:00,477.475281619,479.212349459,477.199335985,478.785527075,1790731.0
2025-03-17 14:30:00,478.775600973,481.401054937,478.75574877,481.257126458,5172398.0
2025-03-17 15:00:00,481.26705256,482.249736652,481.068530522,481.753431555,2843422.0
2025-03-17 15:30:00,481.753431555,481.922175288,480.894823738,481.26020355,2965954.0
2025-03-17 16:00:00,481.276978662,481.584687822,479.043605726,479.202423357,8501337.0
2025-03-18 10:00:00,475.867253105,476.065775144,470.129966184,470.517084159,5669662.0
2025-03-18 10:30:00,470.517084159,471.559324863,469.673365494,471.162280785,3534766.0
2025-03-18 11:00:00,471.152354684,471.975327795,470.056513029,470.685827892,2145415.0
2025-03-18 11:30:00,470.705680096,471.063019766,468.918981747,470.437675344,2084223.0
2025-03-18 12:00:00,470.457527548,471.221837397,469.504621762,470.189522795,1894102.0
2025-03-18 12:30:00,470.199448897,472.36333912,469.981074655,472.332071899,2005132.0
2025-03-18 13:00:00,472.293856407,472.442747936,470.080335674,471.966295043,1837415.0
2025-03-18 13:30:00,471.926590635,472.333560814,470.070409572,471.153744338,1996712.0
2025-03-18 14:00:00,471.192059091,472.164221515,470.447601446,471.430285538,1674954.0
2025-03-18 14:30:00,471.445174691,471.886886227,470.179596693,471.137465531,2159846.0
2025-03-18 15:00:00,471.112650276,473.117722868,470.894276033,472.24353107,2926336.0
2025-03-18 15:30:00,472.224373693,472.403043528,470.884349931,471.365765875,2193960.0
2025-03-18 16:00:00,471.380655028,471.867034023,470.209374999,471.03324146,5659902.0
2025-03-19 10:00:00,473.286466601,474.596712057,471.360802824,474.090480858,3223293.0
2025-03-19 10:30:00,474.090480858,475.956588023,474.090480858,474.735677484,2165758.0
2025-03-19 11:00:00,474.76545579,475.112869358,473.355949314,473.526181962,1465623.0
2025-03-19 11:30:00,473.524693047,475.538202826,473.365875416,475.342162312,1990821.0
2025-03-19 12:00:00,475.359830774,476.849937197,475.043386644,476.414181322,1496503.0
2025-03-19 12:30:00,476.433040916,476.753256964,475.569370786,476.125331755,1384907.0
2025-03-19 13:00:00,476.105479552,476.184888367,474.924273421,475.381668198,1060837.0
2025-03-19 13:30:00,475.400726314,475.609174455,473.673584576,473.782771698,1253375.0
2025-03-19 14:00:00,473.752993392,474.775381892,473.266614397,473.842328309,1614463.0
2025-03-19 14:30:00,473.723215086,476.631562954,473.048240154,475.233173713,4388667.0
2025-03-19 15:00:00,475.271686989,479.038642675,475.212130377,478.97392449,4137642.0
2025-03-19 15:30:00,478.924492503,481.743505454,476.849937197,477.311500937,6000252.0
2025-03-19 16:00:00,477.266833479,479.749351574,476.830084993,477.336316192,6901684.0
2025-03-20 10:00:00,473.355949314,477.038533134,472.661122178,476.869789401,3735936.0
2025-03-20 10:30:00,476.919419911,480.512668813,476.701045668,479.793026422,3222911.0
2025-03-20 11:00:00,479.768211167,480.969269502,479.01382742,479.505169466,2690327.0
2025-03-20 11:30:00,479.482438693,479.976659308,478.725970464,479.261979969,1568084.0
2025-03-20 12:00:00,479.252053867,479.827767779,477.703581964,478.180034857,1725708.0
2025-03-20 12:30:00,478.170108755,479.430723702,475.400726314,475.678657168,2589916.0
2025-03-20 13:00:00,475.658804964,476.651415158,475.212130377,475.569470047,1922752.0
2025-03-20 13:30:00,475.5843592,477.147720255,474.527229343,474.527229343,1959029.0
2025-03-20 14:00:00,474.537155445,476.30400159,474.418042222,474.954051727,2956765.0
2025-03-20 14:30:00,474.983830032,476.145183959,473.901884921,474.00114594,2242593.0
2025-03-20 15:00:00,473.971367635,475.767992086,473.713288984,474.259224591,2945429.0
2025-03-20 15:30:00,474.249298489,476.155110061,474.179815775,474.537155445,2210760.0
2025-03-20 16:00:00,474.606638159,476.66134126,474.596712057,475.718361576,3925457.0
2025-03-21 10:00:00,470.576640771,472.819939809,469.410323793,472.00599945,5238120.0
2025-03-21 10:30:00,472.045703858,473.296392703,470.705680096,472.641269975,2874875.0
2025-03-21 11:00:00,472.651196076,473.862180513,471.450137742,473.812550003,1826938.0
2025-03-21 11:30:00,473.862180513,474.239372387,471.798246137,471.986147247,4131529.0
2025-03-21 12:00:00,471.906738431,472.730604892,471.08287197,471.827329615,2184898.0
2025-03-21 12:30:00,471.79755131,475.539691741,471.092798072,474.983830032,3231884.0
2025-03-21 13:00:00,474.993756134,476.194814469,474.418042222,476.174962265,1916946.0
2025-03-21 13:30:00,476.174962265,476.174962265,474.130185266,474.40811612,2081150.0
2025-03-21 14:00:00,474.437894426,476.284149387,473.941589329,475.241908683,2136361.0
2025-03-21 14:30:00,475.231982581,475.767992086,474.66619477,474.86967986,1432458.0
2025-03-21 15:00:00,474.864716809,475.975546877,474.834938503,475.271686989,1321187.0
2025-03-21 15:30:00,475.291539193,475.321317498,474.159963571,474.825012401,2385420.0
2025-03-21 16:00:00,474.805160197,478.050995532,474.566933751,477.286685682,7535498.0
2025-03-24 10:00:00,484.857385877,486.82568379,484.241050167,486.288875268,4906055.0
2025-03-24 10:30:00,486.288875268,487.03444266,485.264962718,486.816538163,2271183.0
2025-03-24 11:00:00,486.855506486,487.342610515,486.328638863,487.074206254,1671982.0
2025-03-24 11:30:00,487.100847862,487.620955674,486.641777167,487.213378834,1642725.0
2025-03-24 12:00:00,487.218349283,487.332669616,486.616924921,487.213378834,1173157.0
2025-03-24 12:30:00,487.213378834,487.824744094,486.706393008,486.795861094,1770420.0
2025-03-24 13:00:00,486.865447384,487.352551413,486.354087563,486.885229772,969601.0
2025-03-24 13:30:00,486.885329181,487.004619964,486.129820892,486.805801993,1158744.0
2025-03-24 14:00:00,486.835624689,487.094088051,486.527456834,486.915151877,1291453.0
2025-03-24 14:30:00,486.925092776,486.974797268,486.119879993,486.746156602,1218847.0
2025-03-24 15:00:00,486.7560975,487.601073877,486.308757066,487.481783094,2247002.0
2025-03-24 15:30:00,487.481783094,488.088177906,487.325114533,487.611014776,2779405.0
2025-03-24 16:00:00,487.630896573,488.605104631,487.382374109,487.760128254,7396907.0
2025-03-25 10:00:00,488.485813848,489.097179109,487.521546689,488.685824727,3822096.0
2025-03-25 10:30:00,488.793981703,489.738068838,487.745216906,489.738068838,2401409.0
2025-03-25 11:00:00,489.738367065,490.593284341,488.973017286,490.273982679,2218741.0
2025-03-25 11:30:00,490.245352891,490.702634225,490.006771326,490.215530196,1224369.0
2025-03-25 12:00:00,490.235411993,490.26215301,489.201558544,489.450081007,1575539.0
2025-03-25 12:30:00,489.440140109,489.857657848,489.102149558,489.201558544,1623584.0
2025-03-25 13:00:00,489.201558544,489.897421442,488.843686196,489.63398763,1006736.0
2025-03-25 13:30:00,489.693633022,490.344761877,488.466926141,488.615144938,1359039.0
2025-03-25 14:00:00,488.644868225,489.122031355,488.624986428,488.74427721,899793.0
2025-03-25 14:30:00,488.704513616,489.758248862,488.475872949,489.221440341,1132787.0
2025-03-25 15:00:00,489.231381239,489.369360911,488.694572718,489.068946957,1045176.0
2025-03-25 15:30:00,489.02262237,489.698603471,488.992799674,489.320849326,1373287.0
2025-03-25 16:00:00,489.340731123,490.642988833,489.340731123,490.543579848,3852721.0
2025-03-26 10:00:00,489.390435616,490.245352891,486.219288979,486.45826818,3637967.0
2025-03-26 10:30:00,486.487693239,487.412196805,484.330617663,485.713197833,3581350.0
2025-03-26 11:00:00,485.712303153,486.408166051,485.076085645,485.980707413,1719862.0
2025-03-26 11:30:00,485.980707413,486.587102225,485.036322051,485.463780689,1513001.0
2025-03-26 12:00:00,485.45383979,486.030411906,483.018319645,483.525305472,2215639.0
2025-03-26 12:30:00,483.515364573,483.883177819,482.889087964,483.863296022,2463700.0
2025-03-26 13:00:00,483.823532428,484.121759385,481.914879906,482.074033692,1783614.0
2025-03-26 13:30:00,482.049082037,482.690269993,481.596870562,481.795589124,1654518.0
2025-03-26 14:00:00,481.805530022,481.98903901,480.731912979,480.881026457,2158999.0
2025-03-26 14:30:00,480.890967356,482.362220341,480.702090283,482.16340237,1841156.0
2025-03-26 15:00:00,482.113697877,482.431806631,480.095695472,480.24480895,1581987.0
2025-03-26 15:30:00,480.234868051,481.378071385,479.966463791,480.423745124,2799424.0
2025-03-26 16:00:00,480.443626921,482.092225537,480.354158834,481.517243964,5361911.0
2025-03-27 10:00:00,479.55888695,481.050021733,477.411652863,480.731912979,5603278.0
2025-03-27 10:30:00,480.712031182,481.825411819,479.55888695,481.825411819,2974251.0
2025-03-27 11:00:00,481.825411819,483.704142236,481.479170323,483.475600979,2599235.0
2025-03-27 11:30:00,483.510394124,483.575009964,482.054052486,482.103756979,1564992.0
2025-03-27 12:00:00,482.123638776,482.123638776,479.926700196,480.055931878,3153896.0
2025-03-27 12:30:00,480.065872776,482.610742805,479.837232109,480.806469718,2449447.0
2025-03-27 13:00:00,480.851203762,481.557007559,479.061842023,479.121487414,1450493.0
2025-03-27 13:30:00,479.111546515,480.572858602,478.94255124,479.171191907,1301206.0
2025-03-27 14:00:00,479.101605617,480.423745124,479.01213753,479.240778196,1136609.0
2025-03-27 14:30:00,479.210955501,481.020199037,479.176162356,480.294513443,1135869.0
2025-03-27 15:00:00,480.224927153,481.527184863,479.817350312,480.016168283,1243081.0
2025-03-27 15:30:00,479.986345588,482.02422979,479.79110634,481.54706666,1642393.0
2025-03-27 16:00:00,481.566948457,481.596771153,478.276511037,478.773555965,3928766.0
2025-03-28 10:00:00,476.974253327,477.680057124,475.244536979,475.624478122,4028652.0
2025-03-28 10:30:00,475.612350226,476.218745037,470.214442313,470.415745509,6752464.0
2025-03-28 11:00:00,470.433142081,470.940127907,469.011593589,469.637870197,4567693.0
2025-03-28 11:30:00,469.637870197,470.065328835,468.44993282,469.568283907,2906716.0
2025-03-28 12:00:00,469.528520313,470.279157563,468.136794516,468.136794516,1774217.0
2025-03-28 12:30:00,468.136794516,469.101061675,466.794773212,467.172527357,2240988.0
2025-03-28 13:00:00,467.162586458,467.917995339,466.894182197,466.963768487,2541839.0
2025-03-28 13:30:00,466.963768487,467.172527357,465.720261488,466.019383125,2764510.0
2025-03-28 14:00:00,465.999501328,466.80471411,465.721156168,466.784832313,2182504.0
2025-03-28 14:30:00,466.725186922,467.619867792,466.307072729,466.586014342,1831372.0
2025-03-28 15:00:00,466.571102994,467.02331447,465.85038785,466.745068719,2114507.0
2025-03-28 15:30:00,466.735127821,467.261995444,466.088969415,466.1883784,1861783.0
2025-03-28 16:00:00,466.1883784,466.735127821,465.283756632,466.168496603,7257132.0
2025-03-31 10:00:00,459.189985821,459.786439734,454.627113387,457.301215097,9223875.0
2025-03-31 10:30:00,457.311155995,459.226568328,456.545706807,456.630204444,3817643.0
2025-03-31 11:00:00,456.635174894,459.13034043,456.625233995,458.563709212,3896968.0
2025-03-31 11:30:00,458.573650111,460.779336681,457.987137097,459.716853444,3013637.0
2025-03-31 12:00:00,459.647267154,461.52609698,459.130439839,460.541948024,3124333.0
2025-03-31 12:30:00,460.561829821,462.082787299,459.418626488,462.062905502,2339451.0
2025-03-31 13:00:00,462.072846401,462.072846401,460.268573314,460.422657241,1354043.0
2025-03-31 13:30:00,460.442539038,462.589773125,460.243721067,461.093667893,1371928.0
2025-03-31 14:00:00,461.11852014,461.695092256,460.215190689,460.581711618,1494678.0
2025-03-31 14:30:00,460.581711618,464.170375995,460.472361734,464.140553299,3150461.0
2025-03-31 15:00:00,464.140553299,465.23405214,463.554040285,463.629094069,2956679.0
2025-03-31 15:30:00,463.603744777,465.770860661,463.58386298,464.031203415,3718639.0
2025-03-31 16:00:00,464.021262516,467.08305927,463.714088751,466.148614806,8686078.0
2025-04-01 10:00:00,464.538189241,466.506487154,463.524217589,464.925884284,4734371.0
2025-04-01 10:30:00,464.945766082,465.562101792,461.675210459,463.414867705,4269693.0
2025-04-01 11:00:00,463.394985908,467.868390255,463.255813328,467.769180088,3001059.0
2025-04-01 11:30:00,467.76898127,469.866510864,467.470754313,468.921429639,3267224.0
2025-04-01 12:00:00,468.986741342,469.931126704,468.136794516,469.596913695,2074472.0
2025-04-01 12:30:00,469.608047502,470.830778023,468.45490327,468.703425733,2704774.0
2025-04-01 13:00:00,468.812775618,469.667692893,467.311699936,468.92232432,2114911.0
2025-04-01 13:30:00,468.922125502,469.364495487,467.778922168,467.957858342,2598166.0
2025-04-01 14:00:00,467.957858342,469.081179878,467.401168023,467.520458806,1641287.0
2025-04-01 14:30:00,467.659631386,467.709335878,464.607775531,465.035234169,2715404.0
2025-04-01 15:00:00,464.995470574,466.267905589,464.677361821,466.168397194,2065370.0
2025-04-01 15:30:00,466.11879211,467.419856913,465.890151444,466.764950516,1620451.0
2025-04-01 16:00:00,466.764950516,470.37349669,466.506487154,469.906274458,4762797.0
2025-04-02 10:00:00,463.365163212,469.359525038,463.10669985,468.186499009,4284288.0
2025-04-02 10:30:00,468.166617212,470.313851299,467.212290951,469.747220081,2795164.0
2025-04-02 11:00:00,469.737279183,470.741309936,468.882560725,470.61058712,2539894.0
2025-04-02 11:30:00,470.542491965,472.520730777,469.294909197,472.093272139,2638906.0
2025-04-02 12:00:00,472.043567646,472.500749571,470.075269733,471.457054632,2700675.0
2025-04-02 12:30:00,471.392438791,473.813047588,471.228413965,473.763343095,2085843.0
2025-04-02 13:00:00,473.832929385,475.284300574,473.057539298,474.906546429,2465175.0
2025-04-02 13:30:00,474.916487327,476.725730863,474.856841936,475.353886863,2249763.0
2025-04-02 14:00:00,475.324064168,475.423473153,472.50084898,473.271268617,2011438.0
2025-04-02 14:30:00,473.226534574,473.634111414,470.071293374,470.071293374,2412255.0
2025-04-02 15:00:00,470.075269733,472.530671675,469.886392661,469.995742545,2093754.0
2025-04-02 15:30:00,469.995742545,472.160572022,469.995742545,471.993863154,2152439.0
2025-04-02 16:00:00,472.013744951,474.429383298,471.397409241,473.335884458,4948896.0
2025-04-03 10:00:00,453.742373416,457.350919589,453.414323764,455.362739879,10450509.0
2025-04-03 10:30:00,455.243449097,455.690789532,452.131947851,453.702609822,6330197.0
2025-04-03 11:00:00,453.692668923,454.32888643,449.87536388,449.984713764,4869845.0
2025-04-03 11:30:00,449.964831967,452.4798793,448.892010195,451.31679417,5544319.0
2025-04-03 12:00:00,451.306853271,454.020718575,451.197503387,452.847692546,4234614.0
2025-04-03 12:30:00,452.817869851,455.233508198,452.698579068,454.865694952,4462949.0
2025-04-03 13:00:00,454.905458546,455.278242242,452.191593242,452.589129775,3299086.0
2025-04-03 13:30:00,452.579288285,453.623082633,451.341646416,451.784016401,2888658.0
2025-04-03 14:00:00,451.744252807,453.145919503,451.088153503,451.117976199,2196927.0
2025-04-03 14:30:00,451.078212604,451.694548314,449.838681964,450.272999822,2289966.0
2025-04-03 15:00:00,450.263058923,452.261179532,449.706368604,451.953210495,3099458.0
2025-04-03 15:30:00,451.943070778,452.251238633,448.771924141,449.020446604,4004055.0
2025-04-03 16:00:00,449.030387503,449.822080664,447.479607329,447.996534054,10486446.0
2025-04-04 10:00:00,435.550529069,437.767349446,431.9121602,436.494914431,14240735.0
2025-04-04 10:30:00,436.455150837,436.594323417,429.754985215,429.834512403,7902851.0
2025-04-04 11:00:00,429.814630606,431.077124722,423.581687215,428.383141215,12199439.0
2025-04-04 11:30:00,428.363259418,435.331829301,427.667396519,430.440907215,11178417.0
2025-04-04 12:00:00,430.47072991,432.289914345,428.084914258,428.989536026,5304603.0
2025-04-04 12:30:00,428.979595128,431.315706287,425.549985128,426.186202635,4205923.0
2025-04-04 13:00:00,426.156379939,428.094855157,424.874004027,425.897916577,5042652.0
2025-04-04 13:30:00,425.917798374,427.279701476,422.736710838,425.077792447,5662702.0
2025-04-04 14:00:00,425.023117505,428.681368171,423.760623389,428.62172278,4876553.0
2025-04-04 14:30:00,428.66188401,429.774867012,423.442514635,423.730800693,4527170.0
2025-04-04 15:00:00,423.840150577,424.267609215,421.07658078,422.865942519,5934831.0
2025-04-04 15:30:00,422.895765215,426.713070258,421.643211998,425.748803099,6571751.0
2025-04-04 16:00:00,425.7388622,428.790718055,420.171959012,420.171959012,14802985.0
2025-04-07 10:00:00,406.244760144,415.012632665,400.011816753,414.42611965,21095645.0
2025-04-07 10:30:00,414.42611965,440.520978344,411.871308723,416.613117331,32824715.0
2025-04-07 11:00:00,416.69264452,426.342274742,411.846456477,423.720859795,17539761.0
2025-04-07 11:30:00,423.681096201,427.090824403,411.612845361,412.657832616,15405018.0
2025-04-07 12:00:00,412.64669881,421.49409852,412.64669881,417.279157534,8515395.0
2025-04-07 12:30:00,417.318921129,418.601297041,413.262935111,417.617148085,6230016.0
2025-04-07 13:00:00,417.607207186,419.863791157,413.113921042,414.058306404,4552358.0
2025-04-07 13:30:00,414.028483708,423.48227823,413.909192926,423.223814867,8145963.0
2025-04-07 14:00:00,423.184051273,426.951651823,420.221663505,426.643483968,6339905.0
2025-04-07 14:30:00,426.723011157,427.617692026,421.991143447,422.37883849,5810411.0
2025-04-07 15:00:00,422.388779389,426.114926392,419.794204867,420.649122143,4606821.0
2025-04-07 15:30:00,420.649122143,423.492219128,417.661882128,418.273247389,5712647.0
2025-04-07 16:00:00,418.263306491,423.740741592,418.104252114,421.185930664,9555071.0
2025-04-08 10:00:00,435.570410866,438.362809269,433.482822171,437.966167417,13076807.0
2025-04-08 10:30:00,437.926403823,440.5193878,437.305097663,438.776350649,7637635.0
2025-04-08 11:00:00,438.781321098,439.904642634,434.746310377,434.775138982,5681809.0
2025-04-08 11:30:00,434.805061087,436.325919156,431.494642461,431.524465156,6093842.0
2025-04-08 12:00:00,431.589080997,435.222479417,430.828602258,433.174654316,4380532.0
2025-04-08 12:30:00,433.174654316,433.711363428,428.154500548,430.023389475,4030903.0
2025-04-08 13:00:00,430.013448577,430.659606983,423.681593245,423.860032374,7725595.0
2025-04-08 13:30:00,423.780505186,425.530103331,420.012904636,420.191840809,6275867.0
2025-04-08 14:00:00,420.092431824,426.245848026,419.704736781,424.009145853,5436522.0
2025-04-08 14:30:00,424.148318432,424.327254606,419.883672954,420.18687036,3031907.0
2025-04-08 15:00:00,420.201781708,424.903826722,418.571474346,418.571474346,4442825.0
2025-04-08 15:30:00,418.61123794,419.118223766,411.284795709,414.477514096,7692957.0
2025-04-08 16:00:00,414.485765042,414.505746248,407.36808168,413.601025071,12763936.0
2025-04-09 10:00:00,413.113921042,421.464275824,412.974748462,418.800115012,10668138.0
2025-04-09 10:30:00,418.81999681,422.428542983,416.096190607,418.790174114,6354649.0
2025-04-09 11:00:00,418.81999681,421.35492594,413.282916317,413.412247407,5312728.0
2025-04-09 11:30:00,413.4022071,419.108282868,413.143743738,417.567443592,3629724.0
2025-04-09 12:00:00,417.577384491,418.641060636,414.383771423,415.689607856,3918878.0
2025-04-09 12:30:00,415.708495563,420.142136317,414.744228404,418.979051186,3008015.0
2025-04-09 13:00:00,418.964139839,421.911616259,418.382597273,420.758472027,3442121.0
2025-04-09 13:30:00,420.857881012,450.829690141,418.014784027,441.594595388,19111355.0
2025-04-09 14:00:00,441.604536286,453.57337814,440.908673388,453.016687822,18411402.0
2025-04-09 14:30:00,453.086274111,458.602578126,449.766013996,456.814111068,13548450.0
2025-04-09 15:00:00,456.824051966,458.543827415,450.113945445,450.392290604,10048199.0
2025-04-09 15:30:00,450.372408807,460.740368359,449.060210199,459.408685589,10248948.0
2025-04-09 16:00:00,459.339099299,465.065056864,458.682999995,463.24587243,20608054.0
2025-04-10 10:00:00,450.879394633,452.897397039,447.81759788,447.857361474,10126178.0
2025-04-10 10:30:00,447.847420576,449.785895793,445.6206593,447.479607329,6523066.0
2025-04-10 11:00:00,447.499489126,451.237266981,445.789654576,446.038177039,5708573.0
2025-04-10 11:30:00,446.048117938,448.264938315,443.214961851,443.229873199,5239301.0
2025-04-10 12:00:00,443.244784547,443.781593069,438.196299218,438.711734808,7946777.0
2025-04-10 12:30:00,438.70179391,440.053756112,430.073093968,432.329677939,13145988.0
2025-04-10 13:00:00,432.260091649,440.053656703,431.961864693,439.536829388,8043392.0
2025-04-10 13:30:00,439.477183996,443.930706547,432.896309156,438.855877837,7457025.0
2025-04-10 14:00:00,438.761439301,444.358165185,437.926403823,443.115552866,5796069.0
2025-04-10 14:30:00,443.045966576,447.191321271,439.298247823,446.803626228,6447950.0
2025-04-10 15:00:00,446.808596677,448.155588431,442.479335359,445.063968982,7954878.0
2025-04-10 15:30:00,445.034146286,447.81759788,441.177077649,441.187018547,4226343.0
2025-04-10 16:00:00,441.266545735,445.272727851,437.777290344,443.543011503,11334641.0
2025-04-11 10:00:00,442.022054025,447.717194805,440.590564634,445.650481996,6563600.0
2025-04-11 10:30:00,445.660422895,447.101853184,438.721675707,439.477183996,4881292.0
2025-04-11 11:00:00,439.556711185,445.262786953,438.731616605,442.171167504,3101034.0
2025-04-11 11:30:00,442.061817619,445.967696069,439.954347127,442.131403909,2894043.0
2025-04-11 12:00:00,442.101581214,445.908945358,441.495186402,445.749890982,1942852.0
2025-04-11 12:30:00,445.75983188,447.449784634,444.885032808,445.744920532,2372857.0
2025-04-11 13:00:00,445.769772779,451.028508112,445.769772779,449.746132199,3371514.0
2025-04-11 13:30:00,449.766013996,450.730281155,447.231084865,447.559134518,2627537.0
2025-04-11 14:00:00,447.588957213,453.09621501,446.386108489,451.833720894,5242151.0
2025-04-11 14:30:00,451.913148674,452.20153414,449.179500981,450.4221133,2520586.0
2025-04-11 15:00:00,450.402231503,451.962952575,449.32861446,449.775954894,2249930.0
2025-04-11 15:30:00,449.80577759,452.877117606,449.716309503,451.962952575,2318391.0
2025-04-11 16:00:00,451.962952575,452.658815474,450.740222054,451.714430112,7364180.0
2025-04-14 10:00:00,461.714974053,462.301487067,455.92121956,457.311155995,6110040.0
2025-04-14 10:30:00,457.350919589,460.422657241,456.948313198,459.438508285,3186988.0
2025-04-14 11:00:00,459.478271879,460.810352285,458.961345154,459.29297353,2588889.0
2025-04-14 11:30:00,459.259572111,459.826203328,454.825931358,454.895517648,3294495.0
2025-04-14 12:00:00,454.925340343,456.008898285,451.485789445,452.06246097,3458472.0
2025-04-14 12:30:00,452.122006952,453.762255213,449.954891068,451.784016401,3432131.0
2025-04-14 13:00:00,451.779045952,453.702609822,450.96886272,451.03844901,1964860.0
2025-04-14 13:30:00,451.078212604,454.313776264,450.809808343,452.95704243,2181296.0
2025-04-14 14:00:00,452.947101532,455.01480843,452.052420662,454.756345068,1643962.0
2025-04-14 14:30:00,454.746404169,456.307125242,454.646995184,456.142503962,2135371.0
2025-04-14 15:00:00,456.088425474,457.221687908,455.889607503,456.515884111,1971517.0
2025-04-14 15:30:00,456.45623872,458.414595734,456.431883518,457.122179514,2007562.0
2025-04-14 16:00:00,457.092456227,458.026900691,454.229477445,454.776226865,4832360.0
2025-04-15 10:00:00,455.829962111,458.986197401,455.432326169,457.778378227,3473520.0
2025-04-15 10:30:00,457.808200923,459.647267154,454.448177213,455.382621676,5534802.0
2025-04-15 11:00:00,455.462148865,458.056723386,455.432326169,456.674938488,2630807.0
2025-04-15 11:30:00,456.689849836,458.504063821,456.455940493,456.52582501,1958897.0
2025-04-15 12:00:00,456.545706807,457.838023618,455.859784807,457.390683184,2311126.0
2025-04-15 12:30:00,457.410564981,458.371750461,457.162042517,457.838023618,1894764.0
2025-04-15 13:00:00,457.867846314,458.195796557,454.925340343,455.402503474,1633746.0
2025-04-15 13:30:00,455.362739879,456.455841084,454.030659474,454.408413619,2035633.0
2025-04-15 14:00:00,454.368749433,455.959193792,454.140009358,455.034690227,1707592.0
2025-04-15 14:30:00,455.034690227,455.442267068,453.454087358,454.269241039,1815238.0
2025-04-15 15:00:00,454.219536546,456.078484575,454.209595648,455.680848633,1353308.0
2025-04-15 15:30:00,455.606291894,456.217657155,454.776226865,455.332917184,1786228.0
2025-04-15 16:00:00,455.322976285,455.899548401,454.368650024,455.283212691,3689977.0
2025-04-16 10:00:00,446.37616759,448.612869764,444.885032808,444.914855503,4325443.0
2025-04-16 10:30:00,444.885032808,447.658543503,444.576864953,447.20126217,3205355.0
2025-04-16 11:00:00,447.161498576,448.354306993,446.668430008,447.373935578,1839529.0
2025-04-16 11:30:00,447.429902836,449.94495017,446.545162866,449.318673561,2273492.0
2025-04-16 12:00:00,449.338555358,449.398200749,446.177349619,446.386108489,1908064.0
2025-04-16 12:30:00,446.465635677,446.863271619,445.580895706,446.51534017,1369598.0
2025-04-16 13:00:00,446.490487923,447.141616779,445.511309416,445.769772779,1482241.0
2025-04-16 13:30:00,445.784684126,446.58492646,445.024205387,446.525281068,1347615.0
2025-04-16 14:00:00,446.545162866,446.604808257,439.258484228,439.338011417,5099815.0
2025-04-16 14:30:00,439.328070518,441.654240779,439.228661533,440.784412156,3853363.0
2025-04-16 15:00:00,440.729737214,440.968318779,437.3995362,437.449240692,3604649.0
2025-04-16 15:30:00,437.469122489,437.935947085,435.172774924,435.580351765,4124184.0
2025-04-16 16:00:00,435.590292663,441.902763243,435.590292663,441.554831793,9848675.0
2025-04-17 10:00:00,444.52716046,444.725978431,441.554831793,443.716977228,4529652.0
2025-04-17 10:30:00,443.70206588,444.215612699,440.083578808,440.18428011,3288022.0
2025-04-17 11:00:00,440.173046895,441.266545735,438.751498402,439.745588257,2901664.0
2025-04-17 11:30:00,439.755529156,443.115552866,439.477183996,440.621679647,5734431.0
2025-04-17 12:00:00,440.670091822,442.60856704,440.232692286,440.680032721,2380373.0
2025-04-17 12:30:00,440.660150924,443.682184083,440.103460605,443.185139156,3450205.0
2025-04-17 13:00:00,443.185139156,443.986773215,441.415659214,443.433661619,1785380.0
2025-04-17 13:30:00,443.374016228,443.871061156,441.326191127,441.331161576,1286320.0
2025-04-17 14:00:00,441.37589562,444.157259625,441.361381908,443.36407533,1992335.0
2025-04-17 14:30:00,443.36407533,445.103732576,443.135434663,444.01957818,2118155.0
2025-04-17 15:00:00,444.040056431,444.954619098,442.519098953,442.529039851,2969151.0
2025-04-17 15:30:00,442.53898075,442.80649033,440.858968895,441.445481909,3058352.0
2025-04-17 16:00:00,441.465363706,442.737798721,440.381805765,441.475304605,4989597.0
2025-04-21 10:00:00,435.639997156,436.484973533,432.399264229,432.419046617,4245181.0
2025-04-21 10:30:00,432.38932333,432.463880069,430.092975765,430.759015968,3058241.0
2025-04-21 11:00:00,430.729193272,432.260091649,430.242089244,430.926520109,3221393.0
2025-04-21 11:30:00,430.937952142,431.33598572,429.118767707,429.37723107,2342007.0
2025-04-21 12:00:00,429.397112867,429.655576229,427.45863765,427.677337418,2187424.0
2025-04-21 12:30:00,427.702487891,428.840323139,427.702487891,428.134916978,1628569.0
2025-04-21 13:00:00,428.094855157,429.585989939,427.498401244,427.617692026,3205507.0
2025-04-21 13:30:00,427.627632925,428.094855157,426.166320838,426.573897679,2002499.0
2025-04-21 14:00:00,426.515743422,427.160410693,425.47045794,425.680707944,1514869.0
2025-04-21 14:30:00,425.704069055,426.742892954,425.420753447,426.663365766,1897023.0
2025-04-21 15:00:00,426.658395316,427.335867552,425.40087165,425.59094163,3004879.0
2025-04-21 15:30:00,425.589748722,428.065032461,425.540044229,427.219360221,2815855.0
2025-04-21 16:00:00,427.229996983,431.43499707,427.210115186,430.550257099,9563762.0
2025-04-22 10:00:00,436.226510171,438.70179391,435.033602345,438.662030315,5104725.0
2025-04-22 10:30:00,438.691853011,439.954347127,438.393626055,439.328070518,3269616.0
2025-04-22 11:00:00,439.308188721,441.117432257,438.49303504,440.796838279,2955440.0
2025-04-22 11:30:00,440.79574478,441.843117851,440.749619011,441.02796417,3846307.0
2025-04-22 12:00:00,441.037905069,442.022054025,439.506807874,441.684063475,2801591.0
2025-04-22 12:30:00,441.723827069,444.9347373,441.723827069,444.477455967,4103337.0
2025-04-22 13:00:00,444.537101358,444.755801127,442.727857822,443.393898025,2208665.0
2025-04-22 13:30:00,443.403838924,444.45757417,438.542739533,438.811143794,4330536.0
2025-04-22 14:00:00,438.831025591,440.173046895,437.687822257,437.976108315,3230121.0
2025-04-22 14:30:00,437.968652641,441.206900344,437.866758431,440.918614286,3912188.0
2025-04-22 15:00:00,440.948436982,442.200990199,440.799323504,441.813295156,2206297.0
2025-04-22 15:30:00,441.872940547,442.131403909,438.940375475,439.173986591,3923809.0
2025-04-22 16:00:00,439.169016141,442.360044576,438.403566953,441.85305875,6147961.0
2025-04-23 10:00:00,455.462148865,459.617444459,454.731492821,458.225718662,10245717.0
2025-04-23 10:30:00,458.245600459,459.846085125,456.058602778,459.110458633,5363766.0
2025-04-23 11:00:00,459.090576836,460.641357009,457.867846314,458.128297856,3173010.0
2025-04-23 11:30:00,458.185955068,459.100517734,453.831841503,454.627113387,4180949.0
2025-04-23 12:00:00,454.637054285,455.591380546,451.813839097,453.702609822,3617104.0
2025-04-23 12:30:00,453.722491619,453.841782401,450.63087217,452.778106256,2879378.0
2025-04-23 13:00:00,452.75325401,455.114018598,452.370529416,454.766285966,2703124.0
2025-04-23 13:30:00,454.676817879,455.869725705,452.758224459,454.756345068,2130330.0
2025-04-23 14:00:00,454.796108662,455.511853358,453.037961344,454.955163039,2354843.0
2025-04-23 14:30:00,454.955163039,455.700233385,453.394441966,453.672787126,1836505.0
2025-04-23 15:00:00,453.732432517,454.696699677,452.986865126,453.513732749,1768997.0
2025-04-23 15:30:00,453.543555445,454.130068459,450.849571938,451.326735068,2799811.0
2025-04-23 16:00:00,451.366498662,453.30497388,450.203413532,451.873484488,7146891.0
2025-04-24 10:00:00,453.78213701,458.215777763,453.135978604,458.026900691,5611451.0
2025-04-24 10:30:00,458.046782488,460.164193879,457.838023618,460.114489386,4226222.0
2025-04-24 11:00:00,460.104548488,461.078756546,458.85199527,460.164193879,3869652.0
2025-04-24 11:30:00,460.144312082,461.763783865,459.667148952,460.243721067,2732205.0
2025-04-24 12:00:00,460.343130053,461.87402843,459.710491269,460.591652517,1942823.0
2025-04-24 12:30:00,460.646327459,462.629536719,460.124430285,462.167284937,2809208.0
2025-04-24 13:00:00,462.187166734,463.424808603,461.993319212,463.027172661,2256534.0
2025-04-24 13:30:00,463.027172661,463.066936256,461.655328662,462.778650198,1753255.0
2025-04-24 14:00:00,462.808472893,463.305517821,462.033082806,463.17628614,1788172.0
2025-04-24 14:30:00,463.126581647,463.79262185,463.012261314,463.544099386,1977492.0
2025-04-24 15:00:00,463.563981183,464.577952835,463.484453995,463.79262185,2445426.0
2025-04-24 15:30:00,463.762799154,463.822444545,462.033082806,462.510245937,3017308.0
2025-04-24 16:00:00,462.520186835,464.896061589,462.410836951,464.587893734,6219569.0
2025-04-25 10:00:00,464.210139589,465.701274371,462.639477618,463.206108835,4148557.0
2025-04-25 10:30:00,463.345281415,466.715246023,462.788591096,463.464572198,4305079.0
2025-04-25 11:00:00,463.529188038,465.681392574,462.639477618,465.092096108,1979008.0
2025-04-25 11:30:00,465.084938661,466.426959966,464.448721154,465.383165618,1491037.0
2025-04-25 12:00:00,465.343402024,466.009442226,464.458860871,465.691333473,2181599.0
2025-04-25 12:30:00,465.691333473,467.291818139,465.393106516,467.15264556,1837213.0
2025-04-25 13:00:00,467.162586458,468.236203502,466.894182197,468.216321705,2040535.0
2025-04-25 13:30:00,468.196439907,470.293969501,467.928035647,470.134915125,2919343.0
2025-04-25 14:00:00,470.134915125,470.184619617,465.964907001,467.232272157,3581980.0
2025-04-25 14:30:00,467.237143197,469.00165269,466.914063994,468.668632589,2208313.0
2025-04-25 15:00:00,468.693484835,469.652980363,468.464844168,468.966859545,1862459.0
2025-04-25 15:30:00,468.971829994,469.617888991,468.504607762,468.648750791,1959376.0
2025-04-25 16:00:00,468.584134951,470.09515153,467.709335878,469.767101878,4679143.0
2025-04-28 10:00:00,470.23432411,472.001815872,467.967799241,468.196439907,5455777.0
2025-04-28 10:30:00,468.256085299,469.988783916,467.480695212,468.79289382,2891770.0
2025-04-28 11:00:00,468.822716516,469.995742545,467.76898127,468.345553386,2199684.0
2025-04-28 11:30:00,468.345553386,469.00165269,464.518307444,464.687302719,2993985.0
2025-04-28 12:00:00,464.691279079,466.387196371,464.597834632,465.401854507,2207893.0
2025-04-28 12:30:00,465.323520226,465.552160893,463.450157895,463.79262185,2102588.0
2025-04-28 13:00:00,463.86220814,465.611806284,463.798586389,464.67746123,1327912.0
2025-04-28 13:30:00,464.657480024,465.04487684,463.275695125,463.643508372,1949213.0
2025-04-28 14:00:00,463.663390169,466.168496603,463.394985908,465.969678632,1371546.0
2025-04-28 14:30:00,465.999501328,467.112881965,465.651569879,466.834536806,1386042.0
2025-04-28 15:00:00,466.814655009,467.619867792,466.357373676,467.351463531,1291307.0
2025-04-28 15:30:00,467.401168023,469.419170429,467.22223185,469.240234255,2066001.0
2025-04-28 16:00:00,469.230293357,470.935157458,468.912184603,469.6179884,3645321.0
2025-04-29 10:00:00,467.391227125,470.16473782,466.814655009,469.160707067,3113375.0
2025-04-29 10:30:00,469.180588864,471.543540449,468.325671589,469.011593589,2705454.0
2025-04-29 11:00:00,469.041416284,471.665813501,468.931668764,471.427231936,1880784.0
2025-04-29 11:30:00,471.437172835,471.81492698,469.389347733,470.393378487,2014376.0
2025-04-29 12:00:00,470.393378487,471.019655096,469.130884371,470.015624342,1151921.0
2025-04-29 12:30:00,470.055387936,471.655872603,469.975860748,470.731369038,1382635.0
2025-04-29 13:00:00,470.691605443,471.148886777,468.425080574,469.006623139,2000905.0
2025-04-29 13:30:00,469.00165269,470.936350366,468.723307531,470.522610168,1617761.0
2025-04-29 14:00:00,470.51266927,473.11221424,470.403319386,472.83883953,2438670.0
2025-04-29 14:30:00,472.814285511,473.554584226,472.441203588,473.256357269,2401374.0
2025-04-29 15:00:00,473.306061762,473.608563305,472.50084898,472.577890943,1518416.0
2025-04-29 15:30:00,472.610198864,473.425352545,472.272208313,472.689726052,1554544.0
2025-04-29 16:00:00,472.709607849,473.484997936,471.874572371,472.719548748,3163001.0
2025-04-30 10:00:00,464.369193966,464.458662053,459.736735241,460.064784894,5389616.0
2025-04-30 10:30:00,459.935553212,464.741977661,459.696971647,464.617716429,4673141.0
2025-04-30 11:00:00,464.617716429,465.731097067,463.812503647,465.17420793,2737406.0
2025-04-30 11:30:00,465.134643154,467.739158574,465.074997763,467.102941067,3583645.0
2025-04-30 12:00:00,467.08305927,468.087090023,466.625777937,467.788863067,1989503.0
2025-04-30 12:30:00,467.719276777,468.52448956,466.069982299,466.451812212,2033124.0
2025-04-30 13:00:00,466.417019067,467.808744864,465.770860661,467.669572284,1384641.0
2025-04-30 13:30:00,467.689454081,468.2461444,465.253933937,468.126853618,2222095.0
2025-04-30 14:00:00,468.077149125,469.429111328,467.898212951,468.65869169,2002113.0
2025-04-30 14:30:00,468.693484835,471.12900498,468.146735415,469.07123898,3561835.0
2025-04-30 15:00:00,469.031475386,469.866510864,467.937976545,468.610378923,1564917.0
2025-04-30 15:30:00,468.564253154,469.737279183,468.425080574,468.663662139,1334464.0
2025-04-30 16:00:00,468.683543936,474.379678806,468.415139676,472.659903356,6097483.0
2025-05-01 10:00:00,480.552976805,481.089785327,477.97838349,478.157220255,5260025.0
2025-05-01 10:30:00,478.246688341,481.427775877,478.067752168,481.288603298,4259199.0
2025-05-01 11:00:00,481.288603298,483.05808324,480.72197208,483.048142341,2941841.0
2025-05-01 11:30:00,483.048142341,484.300695558,482.491452022,483.147551327,3797037.0
2025-05-01 12:00:00,483.207196718,483.294676625,479.688118631,480.38398153,3166625.0
2025-05-01 12:30:00,480.354158834,481.283632848,479.15131011,480.543035907,2463827.0
2025-05-01 13:00:00,480.485975149,481.127759559,479.459477965,479.944593814,1445715.0
2025-05-01 13:30:00,479.896877501,481.984466196,479.837232109,481.298544196,1299617.0
2025-05-01 14:00:00,481.318425993,481.676298341,479.936641095,480.881026457,1290455.0
2025-05-01 14:30:00,480.851203762,482.352279443,480.731912979,481.686338649,1337134.0
2025-05-01 15:00:00,481.735943733,482.44174753,481.468235335,481.517243964,1614687.0
2025-05-01 15:30:00,481.527184863,481.815470921,480.582799501,481.75582553,1376164.0
2025-05-01 16:00:00,481.735943733,481.835352718,477.898756892,478.833201356,6993530.0
2025-05-02 10:00:00,483.664478051,484.757976892,481.964584399,483.177374022,4611729.0
2025-05-02 10:30:00,483.217137616,485.771948544,482.968615153,485.757037196,3429659.0
2025-05-02 11:00:00,485.742125848,485.781889442,484.400104544,485.395387307,2093587.0
2025-05-02 11:30:00,485.414076196,486.080116399,484.6983315,484.787799587,2176331.0
2025-05-02 12:00:00,484.807681384,486.34852066,484.469690834,486.109939095,1427214.0
2025-05-02 12:30:00,486.129820892,487.65077837,486.030411906,486.766038399,3967700.0
2025-05-02 13:00:00,486.778365113,487.770069152,486.731245254,487.183556138,2178211.0
2025-05-02 13:30:00,487.178585689,487.471842196,486.109939095,486.428147257,2758237.0
2025-05-02 14:00:00,486.437988747,487.064265355,486.149702689,486.790592418,1461691.0
2025-05-02 14:30:00,486.795861094,487.591033569,486.681540761,487.292906022,1184841.0
2025-05-02 15:00:00,487.297876471,488.008650718,486.179525384,486.705597736,1936887.0
2025-05-02 15:30:00,486.696452109,487.074206254,485.722244051,486.7560975,2097526.0
2025-05-02 16:00:00,486.706393008,486.795861094,485.076085645,485.940943819,6324166.0
2025-05-05 10:00:00,481.735943733,483.276783008,481.238898805,482.879147066,3639723.0
2025-05-05 10:30:00,482.908969761,484.211227471,482.292634051,482.98849695,3198859.0
2025-05-05 11:00:00,482.993467399,484.29075466,481.775707327,484.045910329,2409297.0
2025-05-05 11:30:00,483.992527703,484.519395327,483.525305472,483.883177819,2128480.0
2025-05-05 12:00:00,483.913000515,484.131700283,483.117728631,484.0124095,987548.0
2025-05-05 12:30:00,484.022350399,484.936913066,483.823532428,484.748135402,1101550.0
2025-05-05 13:00:00,484.76791779,485.066144747,484.29075466,484.797740486,954660.0
2025-05-05 13:30:00,484.787799587,484.83750408,484.101877587,484.708272399,1728854.0
2025-05-05 14:00:00,484.718213298,485.284844515,484.628745211,485.006499355,1037265.0
2025-05-05 14:30:00,485.014253256,485.687450906,484.887208573,485.424017095,1042236.0
2025-05-05 15:00:00,485.404135297,486.13976179,485.155612834,485.200346877,1254556.0
2025-05-05 15:30:00,485.195376428,485.255021819,484.111818486,484.260931964,1524158.0
2025-05-05 16:00:00,484.241050167,484.897149471,482.630624602,483.05808324,4087631.0
2025-05-06 10:00:00,476.725730863,478.346097327,475.572586632,475.782240182,4432629.0
2025-05-06 10:30:00,475.831049994,479.439596167,475.363827762,479.205985052,3069891.0
2025-05-06 11:00:00,479.186103254,480.065872776,478.753674168,479.300423588,1591455.0
2025-05-06 11:30:00,479.290482689,480.284572544,478.902787646,480.185163559,1272926.0
2025-05-06 12:00:00,480.165281762,480.433686022,478.853083153,479.08172382,2088604.0
2025-05-06 12:30:00,479.101605617,482.183284167,478.763615066,479.350028672,3214576.0
2025-05-06 13:00:00,479.280541791,480.264690747,478.216865646,478.316274631,1837156.0
2025-05-06 13:30:00,478.370949573,479.62847324,478.298381014,478.833201356,1300031.0
2025-05-06 14:00:00,478.793437762,479.330246283,477.699938921,477.883845544,1482121.0
2025-05-06 14:30:00,477.908697791,479.986246179,477.908697791,479.876995704,1569943.0
2025-05-06 15:00:00,479.807409414,480.483390515,479.320305385,480.463508718,1544436.0
2025-05-06 15:30:00,480.45356782,480.572858602,479.529064254,480.344217936,1473784.0
2025-05-06 16:00:00,480.354158834,480.940671849,478.46538811,478.564797095,3874841.0
2025-05-07 10:00:00,479.230837298,480.324236729,478.336156428,480.159714858,3119602.0
2025-05-07 10:30:00,480.185163559,481.149430718,479.519123356,481.020199037,1556253.0
2025-05-07 11:00:00,481.020199037,481.12477729,477.600529936,477.942795073,2304460.0
2025-05-07 11:30:00,477.948461385,478.037929472,476.626321878,477.173170707,2368577.0
2025-05-07 12:00:00,477.153189501,478.206924747,476.586558284,478.027988573,1794579.0
2025-05-07 12:30:00,477.988224979,478.206924747,477.103485008,477.1631304,1163162.0
2025-05-07 13:00:00,477.183012197,479.335813187,477.02395782,479.191073704,1358292.0
2025-05-07 13:30:00,479.185307983,479.837232109,478.783496863,479.240778196,848984.0
2025-05-07 14:00:00,479.220896399,479.399832573,476.961528977,477.352007472,1767711.0
2025-05-07 14:30:00,477.262539385,478.46538811,473.964149246,476.188922342,3297271.0
2025-05-07 15:00:00,476.169040545,479.300423588,475.51294124,478.882905849,3494729.0
2025-05-07 15:30:00,478.853083153,479.032019327,476.019927066,476.233656385,1760059.0
2025-05-07 16:00:00,476.169040545,482.928851559,476.019927066,480.443626921,9670189.0
2025-05-08 10:00:00,485.642716863,485.851475732,483.202226269,483.922941414,3750673.0
2025-05-08 10:30:00,483.942823211,484.718213298,482.37216124,483.952764109,3601935.0
2025-05-08 11:00:00,483.952764109,484.559158921,481.308485095,482.201774239,3484052.0
2025-05-08 11:30:00,482.083875182,486.636806718,481.636534747,485.836564384,3240789.0
2025-05-08 12:00:00,485.831693344,489.261203935,485.165553732,488.217409587,5289578.0
2025-05-08 12:30:00,488.217409587,489.4997855,488.137882399,488.476867039,2617390.0
2025-05-08 13:00:00,488.490684888,489.788071558,488.33670037,489.63895808,1745135.0
2025-05-08 13:30:00,489.629017181,489.728426167,488.495754747,488.903331587,1540091.0
2025-05-08 14:00:00,488.903331587,489.042504167,487.630896573,487.700482863,1456691.0
2025-05-08 14:30:00,487.680601065,488.615045529,487.332669616,488.11819942,1577399.0
2025-05-08 15:00:00,488.118000602,489.320849326,488.098118805,488.515636544,1481654.0
2025-05-08 15:30:00,488.515636544,489.648898978,488.048414312,489.370553819,2045450.0
2025-05-08 16:00:00,489.390435616,489.450081007,485.105908341,485.404135297,4945317.0
2025-05-09 10:00:00,487.312787819,488.634927326,486.82568379,488.008650718,2794087.0
2025-05-09 10:30:00,487.958946225,488.495754747,484.618804312,485.115948648,2195251.0
2025-05-09 11:00:00,485.155612834,485.702362254,483.321517051,485.314667211,3421084.0
2025-05-09 11:30:00,485.314667211,486.109939095,484.529435634,485.105908341,1839724.0
2025-05-09 12:00:00,485.11584924,485.989654222,484.310636457,485.93110233,1754661.0
2025-05-09 12:30:00,486.020471008,486.0701755,483.753946138,484.310537048,1289298.0
2025-05-09 13:00:00,484.320577356,485.081056095,483.664478051,484.032291298,1806262.0
2025-05-09 13:30:00,483.992527703,484.926972167,483.386132892,484.400104544,1311023.0
2025-05-09 14:00:00,484.410045442,485.762007645,484.022350399,485.622835066,1875489.0
2025-05-09 14:30:00,485.59301237,485.712303153,484.549218022,484.83750408,862467.0
2025-05-09 15:00:00,484.847444979,485.563189674,484.777858689,485.264962718,991816.0
2025-05-09 15:30:00,485.274903616,486.318697964,485.255021819,485.652657761,1483557.0
2025-05-09 16:00:00,485.66259866,485.960825616,484.946853964,485.086026544,3214222.0
2025-05-12 10:00:00,503.993615586,504.063201876,499.808497296,500.822468949,6959724.0
2025-05-12 10:30:00,500.852291644,502.333485528,499.311452369,499.728970108,4045924.0
2025-05-12 11:00:00,499.768733702,501.49845005,498.516180485,500.434773905,3127419.0
2025-05-12 11:30:00,500.474537499,501.112942004,500.05701976,500.796722021,1820373.0
2025-05-12 12:00:00,500.802587151,501.299632079,500.186251441,500.33536492,1588998.0
2025-05-12 12:30:00,500.355246717,502.077905026,500.156428746,501.687327122,2902941.0
2025-05-12 13:00:00,501.657504427,503.178461905,501.617740833,503.019407528,1969789.0
2025-05-12 13:30:00,503.068416158,504.381310629,502.905087195,503.55621605,2145718.0
2025-05-12 14:00:00,503.55621605,504.232197151,503.387220774,503.755034021,1126112.0
2025-05-12 14:30:00,503.774915818,504.331606137,503.450444889,504.142729064,1672057.0
2025-05-12 15:00:00,504.17255176,504.590069499,503.426984369,503.466747963,1664768.0
2025-05-12 15:30:00,503.466747963,504.182492658,502.961352681,503.168521006,2299221.0
2025-05-12 16:00:00,503.148639209,504.888296455,502.59194889,504.848532861,7110733.0
2025-05-13 10:00:00,506.150790571,509.232469122,505.415164079,509.090811317,6251385.0
2025-05-13 10:30:00,509.093296542,511.906570832,508.854714977,511.091417151,6568986.0
2025-05-13 11:00:00,511.111298948,512.244561382,510.519815484,512.045743411,4724294.0
2025-05-13 11:30:00,512.05568431,513.049774165,511.57852118,512.706813165,3321301.0
2025-05-13 12:00:00,512.701842716,513.298296629,512.473202049,512.841015295,3374607.0
2025-05-13 12:30:00,512.850956194,513.417587411,512.085507006,513.308237527,2538052.0
2025-05-13 13:00:00,513.269368614,514.123391208,512.870837991,513.725755266,3259820.0
2025-05-13 13:30:00,513.745637063,513.884809643,513.238651237,513.616405382,2138595.0
2025-05-13 14:00:00,513.63131673,514.332150078,513.069655962,513.129301353,3534751.0
2025-05-13 14:30:00,513.139242252,513.556759991,512.592492832,513.28835573,2131565.0
2025-05-13 15:00:00,513.308237527,513.97427773,512.731665411,513.874769336,2248685.0
2025-05-13 15:30:00,513.854986948,514.222800194,513.4971146,513.735696165,2505478.0
2025-05-13 16:00:00,513.725755266,514.212859295,512.214738687,512.542788339,6657616.0
2025-05-14 10:00:00,513.715814368,515.853107556,512.701842716,514.043068748,6935060.0
2025-05-14 10:30:00,514.063745817,514.789431411,513.278414832,514.361972774,4214323.0
2025-05-14 11:00:00,514.342090977,514.988249382,513.676050774,514.693601149,3254335.0
2025-05-14 11:30:00,514.709904223,515.34612173,513.059715064,515.087658368,3553403.0
2025-05-14 12:00:00,515.077717469,515.465412513,514.779490513,515.137362861,3137595.0
2025-05-14 12:30:00,515.127421962,515.634407788,514.908722194,515.34612173,2212008.0
2025-05-14 13:00:00,515.356062629,516.159187822,514.670140629,514.918663092,2442992.0
2025-05-14 13:30:00,514.928603991,514.978308484,512.870837991,513.676050774,3263910.0
2025-05-14 14:00:00,513.666109875,514.978308484,513.575647698,514.875320775,2364238.0
2025-05-14 14:30:00,514.878899498,515.107540165,514.1830366,514.411677266,1571689.0
2025-05-14 15:00:00,514.421618165,515.753698571,514.401736368,514.968367585,2141488.0
2025-05-14 15:30:00,514.968367585,515.226830947,514.153213904,514.625406585,2712116.0
2025-05-14 16:00:00,514.620436136,515.863048455,514.04386402,515.614525991,5509247.0
2025-05-15 10:00:00,513.467291904,514.322209179,512.1252706,513.348001122,5256581.0
2025-05-15 10:30:00,513.338060223,514.466352208,512.751547208,513.069655962,3096174.0
2025-05-15 11:00:00,513.059715064,514.192977498,512.343970368,514.183931281,3013785.0
2025-05-15 11:30:00,514.202918397,516.300447991,514.019011774,515.89287115,3692442.0
2025-05-15 12:00:00,515.932634745,516.847197411,515.455471614,516.430574353,3075809.0
2025-05-15 12:30:00,516.449561469,517.205069759,516.220920802,516.777611121,2784381.0
2025-05-15 13:00:00,516.757729324,517.960578049,516.409797875,517.930755353,2295358.0
2025-05-15 13:30:00,517.935725802,518.84531802,517.801523672,518.63655915,2182263.0
2025-05-15 14:00:00,518.626618252,518.63655915,517.40388773,517.553001208,2511903.0
2025-05-15 14:30:00,517.553001208,517.553001208,515.177126455,515.992280136,3146760.0
2025-05-15 15:00:00,515.96245744,516.747788426,515.47545282,515.564821498,3299476.0
2025-05-15 15:30:00,515.5548806,516.320329788,513.42752831,513.845046049,3877894.0
2025-05-15 16:00:00,513.815223353,516.250743498,513.815223353,516.181157208,7418516.0
2025-05-16 10:00:00,517.582823904,517.642469295,515.723875875,516.896901904,4393365.0
2025-05-16 10:30:00,516.9267246,517.294537846,515.793462165,516.265654846,4023280.0
2025-05-16 11:00:00,516.280566194,516.290507092,514.04386402,515.720694787,4969683.0
2025-05-16 11:30:00,515.723875875,516.111570918,515.326239933,515.912752947,3383594.0
2025-05-16 12:00:00,515.922693846,516.946606397,515.89287115,516.225891252,2346551.0
2025-05-16 12:30:00,516.225891252,517.165306165,516.071807324,516.767670223,3070832.0
2025-05-16 13:00:00,516.777611121,517.055956281,516.330270687,516.588734049,2315137.0
2025-05-16 13:30:00,516.598674947,517.493355817,516.419738773,517.33430144,2211478.0
2025-05-16 14:00:00,517.33430144,517.800628991,516.767670223,517.016192686,1946326.0
2025-05-16 14:30:00,517.026133585,517.562743289,516.807433817,517.364124136,1890389.0
2025-05-16 15:00:00,517.364124136,518.169336918,517.229922005,517.77030925,2260614.0
2025-05-16 15:30:00,517.771700976,518.467563875,517.736907831,518.233952759,2692190.0
2025-05-16 16:00:00,518.238923208,518.616677353,517.418799078,518.427800281,7980678.0
2025-05-19 10:00:00,511.200767035,515.375944426,511.200767035,514.948485788,6952876.0
2025-05-19 10:30:00,514.928603991,517.871109962,514.739726918,516.098349523,5340212.0
2025-05-19 11:00:00,516.121511817,516.807433817,515.455471614,515.83312635,5386026.0
2025-05-19 11:30:00,515.843166658,516.817374715,515.505176107,516.091689121,2865356.0
2025-05-19 12:00:00,516.10163002,517.801523672,515.972398339,516.797492918,2317103.0
2025-05-19 12:30:00,516.807433817,517.841287266,513.248592136,517.702114686,2387370.0
2025-05-19 13:00:00,517.712055585,518.457622976,517.065897179,518.353243541,2469556.0
2025-05-19 13:30:00,518.348273092,519.441771933,518.238923208,518.91490431,3121604.0
2025-05-19 14:00:00,518.934786107,519.411949237,518.259003823,518.368154889,3583326.0
2025-05-19 14:30:00,518.358213991,518.537150165,517.190158411,517.433710426,2915879.0
2025-05-19 15:00:00,517.453592223,518.407918483,517.33430144,518.288627701,3209256.0
2025-05-19 15:30:00,518.298568599,518.547091063,517.036074484,517.393946831,2753367.0
2025-05-19 16:00:00,517.40388773,519.18827902,517.344242339,518.924845208,4672900.0
2025-05-20 10:00:00,516.399856976,517.021163136,515.008131179,515.96245744,4690617.0
2025-05-20 10:30:00,515.96245744,516.71796573,515.216890049,515.96245744,4239326.0
2025-05-20 11:00:00,515.922693846,517.304478744,515.664230484,516.270625295,3471821.0
2025-05-20 11:30:00,516.260684397,516.847197411,515.793462165,516.618556744,2101767.0
2025-05-20 12:00:00,516.618556744,517.175247063,515.863048455,516.9267246,2137014.0
2025-05-20 12:30:00,516.9267246,517.075838078,516.161275411,516.817374715,2004819.0
2025-05-20 13:00:00,516.817374715,517.801523672,516.767670223,517.488385368,1764808.0
2025-05-20 13:30:00,517.493355817,517.851228165,517.125840797,517.359153686,1228484.0
2025-05-20 14:00:00,517.364124136,517.413828628,516.270625295,516.817374715,1996657.0
2025-05-20 14:30:00,516.807433817,517.036074484,514.640317933,514.8689586,2160804.0
2025-05-20 15:00:00,514.859017701,515.723875875,514.690022426,514.819254107,2288688.0
2025-05-20 15:30:00,514.79937231,515.753698571,513.606464484,515.495235208,3849226.0
2025-05-20 16:00:00,515.515117005,517.284596947,515.510146556,517.19512886,6902587.0
2025-05-21 10:00:00,513.21876944,516.230861701,513.159124049,515.505176107,5476411.0
2025-05-21 10:30:00,515.505176107,517.006251788,515.236771846,515.743757672,4404003.0
2025-05-21 11:00:00,515.733816773,517.513237614,515.465412513,517.482818464,3294496.0
2025-05-21 11:30:00,517.463533121,519.342362947,517.244833353,518.974549701,4436382.0
2025-05-21 12:00:00,518.964608802,519.312540252,518.338332194,518.875140715,3151814.0
2025-05-21 12:30:00,518.875140715,519.700235295,518.745909034,519.223072165,2492665.0
2025-05-21 13:00:00,519.25289486,519.908994165,518.805554425,518.884982205,2093566.0
2025-05-21 13:30:00,518.875140715,519.064017788,511.170944339,511.409426495,9468606.0
2025-05-21 14:00:00,511.399585006,514.391795469,510.345849759,513.000169081,8184645.0
2025-05-21 14:30:00,513.010010571,513.268473933,510.982067267,512.234620484,4113620.0
2025-05-21 15:00:00,512.274384078,513.278414832,510.504904136,510.783249296,3919703.0
2025-05-21 15:30:00,510.793190194,511.409525904,508.21849747,508.785128687,6475715.0
2025-05-21 16:00:00,508.805010484,511.777339151,508.805010484,510.007859209,10187695.0
2025-05-22 10:00:00,510.624194919,513.56670089,509.272232716,513.447410107,6829004.0
2025-05-22 10:30:00,513.467291904,514.481263556,511.616296594,512.145152397,4642502.0
2025-05-22 11:00:00,512.165034194,512.900660687,510.54466773,512.1252706,4612106.0
2025-05-22 11:30:00,512.104494122,512.970246977,511.4393486,511.50893489,3430999.0
2025-05-22 12:00:00,511.498993991,513.28835573,511.339939614,513.089537759,4216285.0
2025-05-22 12:30:00,513.079596861,514.332150078,512.503024745,513.001361989,3282807.0
2025-05-22 13:00:00,513.000069672,513.139242252,511.588462078,511.767398252,2302036.0
2025-05-22 13:30:00,511.787280049,513.069655962,511.270353325,512.94539473,2357782.0
2025-05-22 14:00:00,512.940424281,514.004100426,512.463261151,513.566899708,3008445.0
2025-05-22 14:30:00,513.576641788,514.073686716,513.198887643,513.556759991,2422659.0
2025-05-22 15:00:00,513.546819093,514.1830366,513.019951469,513.894750542,2196444.0
2025-05-22 15:30:00,513.90469144,514.650258832,513.695932571,514.361972774,2342703.0
2025-05-22 16:00:00,514.371913672,514.421618165,510.555900946,510.96218547,8360056.0
2025-05-23 10:00:00,503.188402803,505.708420586,502.59194889,504.142729064,8693375.0
2025-05-23 10:30:00,504.152669963,506.667717296,503.983674687,505.444986774,4670122.0
2025-05-23 11:00:00,505.444986774,506.527749444,504.600010398,504.669596687,3809645.0
2025-05-23 11:30:00,504.669596687,505.971854397,504.063201876,505.872445412,3197822.0
2025-05-23 12:00:00,505.832681818,507.015648745,505.246168803,505.2660506,2756660.0
2025-05-23 12:30:00,505.261080151,506.458958426,504.878355557,506.001677093,3385655.0
2025-05-23 13:00:00,506.02155889,506.946062455,505.285932397,506.419194832,2469609.0
2025-05-23 13:30:00,506.419194832,508.566428919,506.150790571,508.486901731,2989162.0
2025-05-23 14:00:00,508.49187218,508.566428919,507.264171209,508.119187893,2391006.0
2025-05-23 14:30:00,508.099206687,508.814951383,506.965944252,507.741334339,3666551.0
2025-05-23 15:00:00,507.701570745,508.437197238,507.264171209,507.731393441,1940242.0
2025-05-23 15:30:00,507.741334339,508.476960832,506.518603818,507.164762223,3449212.0
2025-05-23 16:00:00,507.134939528,508.089265789,505.812800021,506.23031776,7582322.0
2025-05-27 10:00:00,513.099478658,514.04386402,511.548698484,513.934613545,5841575.0
2025-05-27 10:30:00,513.97427773,516.10163002,513.924573237,515.783521266,4495259.0
2025-05-27 11:00:00,515.793462165,516.2408026,515.286476339,515.431613458,3002998.0
2025-05-27 11:30:00,515.425648918,516.504236411,515.375944426,516.270625295,2402548.0
2025-05-27 12:00:00,516.250743498,516.638438542,515.753698571,516.489325063,2173167.0
2025-05-27 12:30:00,516.499265962,517.075838078,516.399856976,516.752758875,2311763.0
2025-05-27 13:00:00,516.767670223,517.910873556,516.742817976,517.234892455,2780869.0
2025-05-27 13:30:00,517.234892455,518.109691527,517.234892455,517.806494121,2192866.0
2025-05-27 14:00:00,517.821405469,518.407918483,517.572883005,518.338332194,2547729.0
2025-05-27 14:30:00,518.338332194,518.626618252,517.741878281,517.960578049,2806086.0
2025-05-27 15:00:00,517.980459846,518.119632426,517.47347402,517.513237614,1982068.0
2025-05-27 15:30:00,517.503296715,517.662351092,517.185187962,517.364124136,2715831.0
2025-05-27 16:00:00,517.364124136,518.199159614,516.837256513,518.139514223,8634692.0
2025-05-28 10:00:00,519.093840483,520.584975266,517.831346368,518.189218715,4615169.0
2025-05-28 10:30:00,518.199159614,518.676223335,517.513237614,517.920814455,2576633.0
2025-05-28 11:00:00,517.930755353,518.109691527,517.224951556,517.335891984,2265803.0
2025-05-28 11:30:00,517.343546476,518.437741179,517.254774252,517.975489397,3214203.0
2025-05-28 12:00:00,517.970518947,518.204130063,517.384005933,517.453592223,1958188.0
2025-05-28 12:30:00,517.462240804,518.407918483,517.453592223,518.248864107,1704953.0
2025-05-28 13:00:00,518.238923208,518.522238817,517.841287266,518.139514223,1411178.0
2025-05-28 13:30:00,518.139514223,518.745909034,518.010282541,518.457622976,1616274.0
2025-05-28 14:00:00,518.457622976,518.49738657,517.920814455,518.258805005,1555836.0
2025-05-28 14:30:00,518.248864107,519.034195092,518.238923208,518.527209266,2103841.0
2025-05-28 15:00:00,518.517268368,518.815495324,516.598674947,518.219041411,3095946.0
2025-05-28 15:30:00,518.219041411,519.292757863,517.751819179,517.951333013,4359128.0
2025-05-28 16:00:00,517.960578049,518.040204646,515.326239933,515.843166658,8817000.0
2025-05-29 10:00:00,523.219313382,523.36842686,518.696204541,519.501417324,7635386.0
2025-05-29 10:30:00,519.471594628,519.859289672,516.181157208,518.000341643,6501924.0
2025-05-29 11:00:00,517.990400744,519.571003614,517.384005933,519.431831034,3973084.0
2025-05-29 11:30:00,519.421890136,519.501417324,518.010282541,519.064017788,3890293.0
2025-05-29 12:00:00,519.054076889,519.143544976,514.844106353,515.40487244,4716330.0
2025-05-29 12:30:00,515.356062629,517.523178513,514.262563788,517.244833353,4300199.0
2025-05-29 13:00:00,517.254774252,518.348273092,517.20009931,517.980459846,2387630.0
2025-05-29 13:30:00,517.970518947,518.557031962,516.837256513,516.996310889,2576125.0
2025-05-29 14:00:00,516.996310889,517.503296715,515.853107556,515.961165123,2808196.0
2025-05-29 14:30:00,515.96245744,516.737847527,514.650258832,514.968367585,2688652.0
2025-05-29 15:00:00,514.93854489,516.573822701,514.93854489,515.713934976,2912041.0
2025-05-29 15:30:00,515.728846324,516.807433817,515.137362861,515.902812049,3666815.0
2025-05-29 16:00:00,515.902812049,517.831346368,515.882930252,516.85713831,6896544.0
2025-05-30 10:00:00,516.370034281,516.588734049,512.841015295,513.417587411,6089878.0
2025-05-30 10:30:00,513.407646513,516.608615846,513.348001122,516.429679672,4831460.0
2025-05-30 11:00:00,516.419738773,516.78755202,515.495235208,515.723875875,3620854.0
2025-05-30 11:30:00,515.733816773,516.270625295,514.849076803,516.022102831,3509463.0
2025-05-30 12:00:00,516.022102831,516.280566194,514.103509411,514.943515339,3689115.0
2025-05-30 12:30:00,514.958426687,515.266594542,511.031771759,511.399585006,4865553.0
2025-05-30 13:00:00,511.389644107,511.469171296,508.90441947,509.818982136,7027691.0
2025-05-30 13:30:00,509.809041238,511.856866339,509.331878107,511.36976231,5110552.0
2025-05-30 14:00:00,511.359821412,512.309177223,511.091417151,511.409525904,2664530.0
2025-05-30 14:30:00,511.409525904,514.342090977,511.389644107,513.924573237,3878373.0
2025-05-30 15:00:00,513.924573237,514.580672542,513.477232803,514.421618165,2584809.0
2025-05-30 15:30:00,514.411677266,516.767670223,514.322209179,516.50920686,4651874.0
2025-05-30 16:00:00,516.529088658,517.602705701,515.504480244,516.041984629,10674282.0
2025-06-02 10:00:00,514.1830366,518.268745904,514.163154803,514.690022426,6488122.0
2025-06-02 10:30:00,514.670140629,516.50920686,512.920542484,516.384945629,5395971.0
2025-06-02 11:00:00,516.379975179,517.393946831,515.664230484,516.797492918,4282868.0
2025-06-02 11:30:00,516.807433817,517.26471515,515.813343962,516.151334513,3331811.0
2025-06-02 12:00:00,516.191098107,517.940696252,515.82328486,517.702114686,2728730.0
2025-06-02 12:30:00,517.692173788,517.871109962,517.105660773,517.413828628,1886372.0
2025-06-02 13:00:00,517.393946831,518.189218715,516.9267246,517.980459846,1681385.0
2025-06-02 13:30:00,518.02022344,518.666381846,517.876080411,518.064957483,1856329.0
2025-06-02 14:00:00,518.050046136,518.377399925,517.493355817,518.000341643,1566882.0
2025-06-02 14:30:00,517.970518947,519.580944512,517.54306031,519.500721461,3574421.0
2025-06-02 15:00:00,519.501417324,519.908994165,519.093840483,519.720117092,1766390.0
2025-06-02 15:30:00,519.710176193,520.356334599,519.451712831,520.058107643,2418652.0
2025-06-02 16:00:00,520.058107643,520.256925614,519.203190367,520.117753034,4566844.0
2025-06-03 10:00:00,520.465684483,521.935943379,519.600826309,521.688415005,5033767.0
2025-06-03 10:30:00,521.648651411,522.702386657,520.76391144,522.309721164,3907065.0
2025-06-03 11:00:00,522.304750715,523.278958773,521.420010744,523.244165628,2987310.0
2025-06-03 11:30:00,523.239195179,523.855530889,523.050318106,523.487717643,2734256.0
2025-06-03 12:00:00,523.50759944,523.885353585,523.109963498,523.795984907,2865016.0
2025-06-03 12:30:00,523.805826396,524.511630193,523.597067527,524.402280309,2470789.0
2025-06-03 13:00:00,524.402280309,525.326783874,524.342634918,525.103113657,2226393.0
2025-06-03 13:30:00,525.108084106,525.615069932,524.949029729,525.252227135,2202197.0
2025-06-03 14:00:00,525.267138483,525.351636121,524.581216483,524.620980077,2521780.0
2025-06-03 14:30:00,524.630920976,524.700606675,522.662623063,524.19352144,3931761.0
2025-06-03 15:00:00,524.173639642,524.53151199,523.935058077,524.471866599,2005440.0
2025-06-03 15:30:00,524.481807498,524.67068457,524.004644367,524.521571092,2389294.0
2025-06-03 16:00:00,524.521571092,524.819798048,523.36842686,524.183580541,5500837.0
2025-06-04 10:00:00,524.889384338,526.529632599,524.720389063,525.485838251,5229500.0
2025-06-04 10:30:00,525.485838251,525.485838251,522.86084458,525.336724773,5229956.0
2025-06-04 11:00:00,525.326783874,525.813887903,524.442043903,525.754242512,2777690.0
2025-06-04 11:30:00,525.76418341,526.300991932,525.593199955,525.605129034,2652585.0
2025-06-04 12:00:00,525.595188135,526.072351266,525.038497816,525.575306338,2236491.0
2025-06-04 12:30:00,525.565365439,525.625010831,524.430910097,524.74027086,1625034.0
2025-06-04 13:00:00,524.730329961,525.625010831,524.571275584,525.56039499,1255322.0
2025-06-04 13:30:00,525.565365439,526.231405642,525.535542744,526.047499019,1410693.0
2025-06-04 14:00:00,526.04252857,526.430223613,525.595188135,526.335785077,1607761.0
2025-06-04 14:30:00,526.340755526,526.648923381,526.131996657,526.579337092,2655019.0
2025-06-04 15:00:00,526.569396193,526.708568773,526.002764976,526.251287439,3810270.0
2025-06-04 15:30:00,526.261228338,526.619100686,526.082292164,526.291051034,1705941.0
2025-06-04 16:00:00,526.291051034,526.479928106,525.42619286,525.644892628,5823532.0
2025-06-05 10:00:00,527.046559323,527.712599526,524.153757845,524.907277955,4909981.0
2025-06-05 10:30:00,524.919207034,526.847741352,524.432103005,526.788095961,3776060.0
2025-06-05 11:00:00,526.778155063,528.607280396,524.471866599,528.149999062,6755724.0
2025-06-05 11:30:00,528.149999062,529.790247323,527.82194941,529.640437982,4104682.0
2025-06-05 12:00:00,529.631192946,529.899597207,529.084443526,529.641133845,2267476.0
2025-06-05 12:30:00,529.631192946,529.700779236,527.076382019,528.23936774,3165995.0
2025-06-05 13:00:00,528.219585352,528.378639729,523.666653816,524.059319309,4039066.0
2025-06-05 13:30:00,524.034467063,526.400400918,523.398249556,526.102173961,3314916.0
2025-06-05 14:00:00,526.082292164,526.489869005,524.849918971,525.038497816,1983041.0
2025-06-05 14:30:00,525.068320512,525.296961179,522.016464657,524.516600642,4223791.0
2025-06-05 15:00:00,524.501689295,525.277079382,523.865471787,524.004644367,3345562.0
2025-06-05 15:30:00,524.004644367,524.273048628,519.571003614,521.330542657,6172698.0
2025-06-05 16:00:00,521.330542657,523.726299208,521.03728615,521.688415005,8316652.0
2025-06-06 10:00:00,526.86762315,528.478048715,526.171760251,527.882489482,7194928.0
2025-06-06 10:30:00,527.931299294,528.189762657,526.161819352,526.579436501,3379955.0
2025-06-06 11:00:00,526.579337092,527.96112199,526.094221242,527.434254367,2661824.0
2025-06-06 11:30:00,527.424313468,528.567516802,525.446074657,526.718509671,3786210.0
2025-06-06 12:00:00,526.708568773,527.638042787,526.261228338,527.116145613,2153232.0
2025-06-06 12:30:00,527.13602741,527.782185816,526.509750802,526.72845057,1629184.0
2025-06-06 13:00:00,526.708568773,526.937209439,525.088202309,525.894309772,2165114.0
2025-06-06 13:30:00,525.883474193,527.026677526,525.456015555,526.678746077,1914849.0
2025-06-06 14:00:00,526.688686976,527.593308744,526.688686976,527.483859451,1382900.0
2025-06-06 14:30:00,527.474017961,528.497930512,527.474017961,528.010826483,2370734.0
2025-06-06 15:00:00,528.000885584,528.656984888,527.613190541,527.802067613,2168733.0
2025-06-06 15:30:00,527.792126715,528.090353671,526.927268541,527.160879657,1973361.0
2025-06-06 16:00:00,527.155909207,527.633072338,526.609159787,526.788095961,5835135.0
2025-06-09 10:00:00,527.006795729,527.533663352,525.883474193,526.748332367,4342482.0
2025-06-09 10:30:00,526.788095961,528.64704399,526.778155063,528.318994338,3084428.0
2025-06-09 11:00:00,528.318994338,529.203734309,527.792126715,528.080412773,2570732.0
2025-06-09 11:30:00,528.080412773,528.706689381,527.394490773,527.653649998,2085289.0
2025-06-09 12:00:00,527.672835932,528.189762657,527.543604251,527.990944686,1630965.0
2025-06-09 12:30:00,528.010826483,528.249408048,527.454136164,527.782185816,1253896.0
2025-06-09 13:00:00,527.792126715,529.084443526,527.782185816,528.742874252,1781226.0
2025-06-09 13:30:00,528.736512077,529.024798135,527.8915357,528.458166918,1892329.0
2025-06-09 14:00:00,528.458166918,528.935330048,528.130117265,528.671896236,1346875.0
2025-06-09 14:30:00,528.676866686,528.845861961,528.428344222,528.637103091,1229494.0
2025-06-09 15:00:00,528.627162193,528.942586904,528.060530976,528.741482526,2145203.0
2025-06-09 15:30:00,528.736512077,528.85580286,528.16988086,528.448226019,2225880.0
2025-06-09 16:00:00,528.43828512,528.617221294,527.444195265,527.563486048,5195757.0
2025-06-10 10:00:00,528.03070828,529.392611381,527.613190541,528.537694106,4605023.0
2025-06-10 10:30:00,528.537694106,529.12420712,528.328935236,528.925389149,2291648.0
2025-06-10 11:00:00,528.925389149,529.293202396,528.358757932,528.43828512,2083043.0
2025-06-10 11:30:00,528.43828512,529.034739033,528.239467149,528.527753207,1907558.0
2025-06-10 12:00:00,528.532723657,528.975093642,525.76418341,528.925389149,4425439.0
2025-06-10 12:30:00,528.925389149,529.909538106,528.865743758,529.715690584,2502254.0
2025-06-10 13:00:00,529.730601932,529.869774512,529.362788686,529.740642239,1483948.0
2025-06-10 13:30:00,529.760424628,530.257469555,529.2633797,529.293301805,2182176.0
2025-06-10 14:00:00,529.313084193,529.371834903,528.756393874,528.875684657,1774651.0
2025-06-10 14:30:00,528.885625555,529.014857236,527.643013236,528.905606761,2416161.0
2025-06-10 15:00:00,528.895566454,531.152150425,528.865743758,530.695763772,2618035.0
2025-06-10 15:30:00,530.674987294,531.738663439,530.49605112,531.152150425,4842267.0
2025-06-10 16:00:00,531.142209526,531.261500309,529.790247323,531.052741439,5430415.0
2025-06-11 10:00:00,532.454408135,532.643285207,530.038769787,531.599490859,5318381.0
2025-06-11 10:30:00,531.619372656,533.090625642,531.420554685,532.96636441,3489776.0
2025-06-11 11:00:00,532.971334859,533.518084279,532.673107903,533.388852598,2733325.0
2025-06-11 11:30:00,533.3789117,533.607552366,531.679018048,532.472301752,3785668.0
2025-06-11 12:00:00,532.494171729,532.673107903,531.480200077,531.86789512,2453748.0
2025-06-11 12:30:00,531.907658714,532.175367112,529.820070019,531.480200077,3807485.0
2025-06-11 13:00:00,531.470259178,531.763515685,530.993096048,531.480200077,1803620.0
2025-06-11 13:30:00,531.480200077,532.444467236,531.281382106,532.200915222,1892297.0
2025-06-11 14:00:00,532.21085612,532.275471961,529.869774512,530.01888799,2330704.0
2025-06-11 14:30:00,529.989065294,530.327055845,526.976973034,528.396533346,6262770.0
2025-06-11 15:00:00,528.44325557,529.919479004,527.543604251,528.656984888,4450042.0
2025-06-11 15:30:00,528.666925787,528.975093642,527.831890309,528.398521526,3653711.0
2025-06-11 16:00:00,528.408462425,529.40255228,527.782185816,529.2633797,6962827.0
2025-06-12 10:00:00,527.951181091,529.442315874,527.702658628,528.607280396,3187279.0
2025-06-12 10:30:00,528.607280396,530.356878541,528.199703555,530.113326526,3129176.0
2025-06-12 11:00:00,530.128237874,530.794278077,529.87971541,530.43928859,2171921.0
2025-06-12 11:30:00,530.446346628,531.483977618,529.203833718,530.058651584,3232226.0
2025-06-12 12:00:00,530.068592483,530.356878541,529.491920958,530.168001468,2163494.0
2025-06-12 12:30:00,530.168001468,531.162091323,529.680897439,530.966852076,2615317.0
2025-06-12 13:00:00,530.963273352,531.261500309,529.989065294,530.177942367,2371844.0
2025-06-12 13:30:00,530.207765062,531.11238683,530.068592483,530.605401004,1679840.0
2025-06-12 14:00:00,530.575578309,531.25155941,530.366819439,530.505992019,1455073.0
2025-06-12 14:30:00,530.505992019,530.824100772,529.670956541,530.113326526,1888094.0
2025-06-12 15:00:00,530.118296975,530.545855022,529.720661033,530.505992019,2150036.0
2025-06-12 15:30:00,530.505992019,530.893687062,530.327055845,530.476169323,1707522.0
2025-06-12 16:00:00,530.476169323,530.545755613,529.452256773,530.505992019,3681438.0
2025-06-13 10:00:00,524.561334686,527.265259092,524.133876048,525.545483642,5839879.0
2025-06-13 10:30:00,525.754242512,526.676658488,523.030436309,523.259076976,4423840.0
2025-06-13 11:00:00,523.249334895,526.65886428,523.119904396,526.04252857,4680485.0
2025-06-13 11:30:00,526.04252857,527.603249642,525.873533295,527.374608976,2866006.0
2025-06-13 12:00:00,527.364668077,528.448226019,527.04785164,528.229526251,2756340.0
2025-06-13 12:30:00,528.219585352,528.726571178,527.772244918,527.886565251,2156680.0
2025-06-13 13:00:00,527.901476599,528.463137367,527.384549874,528.110235468,2067072.0
2025-06-13 13:30:00,528.090353671,528.259348947,526.320873729,526.72845057,2715926.0
2025-06-13 14:00:00,526.738391468,527.404431671,526.221464744,527.086322918,2020374.0
2025-06-13 14:30:00,527.126086512,527.523722454,524.253166831,524.372457613,4093344.0
2025-06-13 15:00:00,524.382398512,524.53151199,522.662623063,524.243325341,5894197.0
2025-06-13 15:30:00,524.233285034,524.80985715,523.109963498,523.388308657,4407368.0
2025-06-13 16:00:00,523.388308657,524.382398512,522.622859469,523.84558999,8346503.0
2025-06-16 10:00:00,527.364668077,530.963273352,527.314963584,530.575578309,5416057.0
2025-06-16 10:30:00,530.585519207,531.718781642,530.396642135,531.649195352,4168513.0
2025-06-16 11:00:00,531.649195352,531.897717816,531.042800541,531.311204801,3014560.0
2025-06-16 11:30:00,531.3211457,532.205885671,531.18197312,531.420554685,2150655.0
2025-06-16 12:00:00,531.400672888,531.79830883,530.655105497,531.003036946,1822113.0
2025-06-16 12:30:00,531.022918743,531.579609062,530.709780439,530.923509758,2167951.0
2025-06-16 13:00:00,530.923509758,531.221736714,530.346937642,530.834041671,1325693.0
2025-06-16 13:30:00,530.814159874,531.808249729,530.466228425,531.599490859,1585243.0
2025-06-16 14:00:00,531.589549961,531.897717816,530.655105497,530.814159874,1487971.0
2025-06-16 14:30:00,530.824100772,531.261500309,530.70580408,531.012977845,1134074.0
2025-06-16 15:00:00,531.022222881,531.11735728,530.168001468,530.893687062,1862919.0
2025-06-16 15:30:00,530.893687062,531.440436483,530.287292251,530.863864367,2374792.0
2025-06-16 16:00:00,530.873805265,531.341027497,530.287292251,531.132268627,5450427.0
2025-06-17 10:00:00,528.567516802,529.631192946,527.667964892,529.2633797,4537073.0
2025-06-17 10:30:00,529.2633797,530.168001468,528.696748483,529.432374975,2702811.0
2025-06-17 11:00:00,529.412493178,529.661015642,528.666925787,528.806098367,2330616.0
2025-06-17 11:30:00,528.796157468,530.172971917,528.736512077,529.134148019,2383395.0
2025-06-17 12:00:00,529.144088917,529.889656309,528.845861961,529.293202396,1730994.0
2025-06-17 12:30:00,529.283261497,530.08847428,529.114266222,529.561606657,2073870.0
2025-06-17 13:00:00,529.561606657,529.989065294,527.578397396,527.831890309,2588874.0
2025-06-17 13:30:00,527.802067613,528.328935236,527.255318193,527.314963584,2520972.0
2025-06-17 14:00:00,527.314963584,528.140058164,525.565365439,526.072351266,3559126.0
2025-06-17 14:30:00,526.04252857,526.370578222,524.968911526,525.411281512,3930662.0
2025-06-17 15:00:00,525.42619286,526.460046309,524.789975353,526.429229523,2972261.0
2025-06-17 15:30:00,526.430223613,526.708568773,525.684656222,526.629041584,2061021.0
2025-06-17 16:00:00,526.648923381,526.947150338,525.654833526,525.953060483,5497513.0
2025-06-18 10:00:00,526.967032135,527.722540425,525.35660657,527.145968309,3880627.0
2025-06-18 10:30:00,527.155909207,529.034739033,526.648923381,528.835921062,4049850.0
2025-06-18 11:00:00,528.840891512,529.40255228,528.497930512,528.965152744,3086768.0
2025-06-18 11:30:00,528.955211845,529.094384425,528.080412773,528.269289845,1818527.0
2025-06-18 12:00:00,528.279230744,528.895566454,527.881694211,528.000885584,1919231.0
2025-06-18 12:30:00,527.990944686,528.637103091,527.593308744,527.742422222,1378928.0
2025-06-18 13:00:00,527.722540425,528.319988428,527.603249642,527.732481323,1675183.0
2025-06-18 13:30:00,527.732481323,527.971460524,526.489869005,526.503786263,1722503.0
2025-06-18 14:00:00,526.509750802,528.000885584,525.654833526,527.613190541,2812072.0
2025-06-18 14:30:00,527.692717729,528.935330048,526.310932831,527.314963584,3267347.0
2025-06-18 15:00:00,527.324904483,528.607280396,524.471866599,525.088202309,5201001.0
2025-06-18 15:30:00,525.108084106,527.34478628,524.282989527,525.227374889,4985964.0
2025-06-18 16:00:00,525.167729497,527.155909207,524.909266135,525.863592396,5194886.0
2025-06-20 10:00:00,529.114266222,530.406583033,527.563486048,527.722540425,6301152.0
2025-06-20 10:30:00,527.722540425,528.03070828,524.660743671,525.794006106,4294050.0
2025-06-20 11:00:00,525.803947005,526.469987208,522.533391382,523.020495411,4635311.0
2025-06-20 11:30:00,523.000613614,524.451984802,521.99658286,523.989733019,3945469.0
2025-06-20 12:00:00,523.964880773,525.475897353,523.557303932,523.728287387,6669588.0
2025-06-20 12:30:00,523.736240106,524.640861874,523.408190454,524.104053353,2301562.0
2025-06-20 13:00:00,524.094112454,525.018616019,523.994703469,524.611039179,2109484.0
2025-06-20 13:30:00,524.611039179,525.296961179,522.47374599,522.483686889,3183739.0
2025-06-20 14:00:00,522.493627788,523.547363034,521.777883092,523.527878873,3402291.0
2025-06-20 14:30:00,523.50759944,524.968911526,523.36842686,524.471866599,4118347.0
2025-06-20 15:00:00,524.481807498,524.859561642,522.732209353,522.960850019,2532280.0
2025-06-20 15:30:00,522.965820469,523.378367758,522.622859469,522.871381932,3048155.0
2025-06-20 16:00:00,522.871381932,523.98476257,522.493627788,523.716358309,10278005.0
2025-06-23 10:00:00,524.284730996,525.702900245,521.647433798,525.621890436,4579513.0
2025-06-23 10:30:00,525.638211823,527.668433062,525.638211823,526.998261012,4312316.0
2025-06-23 11:00:00,527.021548844,527.807761971,526.215431587,526.295048106,2517001.0
2025-06-23 11:30:00,526.314952236,527.529104154,526.096006808,526.135815068,1955544.0
2025-06-23 12:00:00,526.125863003,526.605552531,525.568547369,525.91686964,2127967.0
2025-06-23 12:30:00,525.929807324,526.076102678,523.90655253,524.035929374,2949833.0
2025-06-23 13:00:00,524.035929374,525.369506071,521.139878488,523.558230259,6964313.0
2025-06-23 13:30:00,523.607990583,528.126228048,523.150195598,527.817714036,5594256.0
2025-06-23 14:00:00,527.817714036,529.419996485,527.817714036,528.603728122,4262254.0
2025-06-23 14:30:00,528.603927163,529.380188225,528.325269346,528.404885865,2544846.0
2025-06-23 15:00:00,528.41483793,528.842776721,527.88737849,528.225748697,1900858.0
2025-06-23 15:30:00,528.215796632,529.031865954,527.957042945,528.683543682,2452368.0
2025-06-23 16:00:00,528.673591617,529.619037783,528.101049324,529.101530408,4784030.0
2025-06-24 10:00:00,534.316412416,535.460899879,533.699384392,534.415933065,5640633.0
2025-06-24 10:30:00,534.36617274,535.251906516,533.85861743,534.828943758,4064686.0
2025-06-24 11:00:00,534.83391979,535.610180853,534.654782622,535.013056959,3027749.0
2025-06-24 11:30:00,535.023009024,536.386441915,534.983200764,536.375295602,2856474.0
2025-06-24 12:00:00,536.386441915,536.713964371,536.028167578,536.102808065,2339716.0
2025-06-24 12:30:00,536.107784098,536.913901355,536.003287416,536.804428641,3047182.0
2025-06-24 13:00:00,536.794476576,537.416480632,536.670075764,536.988541841,2797804.0
2025-06-24 13:30:00,536.983565809,537.322135057,536.525770823,536.704907992,1798890.0
2025-06-24 14:00:00,536.709884024,537.61552193,536.694955927,537.401552535,1531900.0
2025-06-24 14:30:00,537.4115046,537.739922741,537.292079821,537.35179221,1884286.0
2025-06-24 15:00:00,537.35179221,537.65533019,537.182607107,537.590641768,1711764.0
2025-06-24 15:30:00,537.580689703,538.108149143,537.486145086,537.501073184,3060950.0
2025-06-24 16:00:00,537.491121119,537.784707033,537.142798847,537.192559172,8203076.0
2025-06-25 10:00:00,539.461629969,540.705638081,539.212828346,540.048801798,8120675.0
2025-06-25 10:30:00,540.058753863,540.217986901,538.645560647,539.192924217,4208358.0
2025-06-25 11:00:00,539.202876281,540.048801798,538.914266399,539.287468833,3202876.0
2025-06-25 11:30:00,539.282492801,539.332253125,538.157909467,538.575896193,2503055.0
2025-06-25 12:00:00,538.575896193,538.600776355,537.779731001,538.138005337,2013753.0
2025-06-25 12:30:00,538.118101207,538.426615219,537.540881443,537.884227682,1623472.0
2025-06-25 13:00:00,537.889203715,538.098197078,537.311983951,538.058388818,1676100.0
2025-06-25 13:30:00,538.058388818,538.531111901,537.581386347,538.38690648,2345632.0
2025-06-25 14:00:00,538.396759025,538.436567284,536.794476576,537.33178856,2923764.0
2025-06-25 14:30:00,537.341840145,537.869299585,537.10796662,537.724994644,2807241.0
2025-06-25 15:00:00,537.720018611,537.759030706,537.232367431,537.510925728,1461211.0
2025-06-25 15:30:00,537.520977313,538.486327609,537.481169054,538.008628494,1973662.0
2025-06-25 16:00:00,537.998676429,538.625656517,537.530929378,538.565944128,4468411.0
2025-06-26 10:00:00,540.745446341,541.093768613,538.924218464,540.526500913,5590510.0
2025-06-26 10:30:00,540.536452978,541.257977683,540.39712407,541.153481002,3199573.0
2025-06-26 11:00:00,541.148504969,541.780461091,540.84496699,541.155471415,2627395.0
2025-06-26 11:30:00,541.153481002,542.138735427,541.004200028,541.039032256,3358955.0
2025-06-26 12:00:00,541.044008288,542.268112271,540.708126098,542.098529085,2983465.0
2025-06-26 12:30:00,542.098927167,542.616434542,542.019310648,542.203423849,1966388.0
2025-06-26 13:00:00,542.208399881,542.427345309,541.80036522,542.039214778,1409625.0
2025-06-26 13:30:00,542.029262713,542.785619646,541.815790921,542.696051061,1374813.0
2025-06-26 14:00:00,542.715955191,543.074229528,542.706003126,542.805523775,4698019.0
2025-06-26 14:30:00,542.81547584,543.900250914,542.686098996,543.606366438,2875339.0
2025-06-26 15:00:00,543.611641032,543.835562492,543.153945567,543.432503864,1417779.0
2025-06-26 15:30:00,543.437479896,543.741017876,543.133941917,543.541976578,2165059.0
2025-06-26 16:00:00,543.541976578,544.049531888,543.114734432,543.601688967,6499279.0
2025-06-27 10:00:00,544.636703717,546.089705192,544.119196342,545.968290001,4404982.0
2025-06-27 10:30:00,545.970280414,547.353617435,545.970280414,546.393442213,4627346.0
2025-06-27 11:00:00,546.388267139,547.124719942,545.572197818,545.822193688,3764973.0
2025-06-27 11:30:00,545.830951505,546.627116697,545.51278399,546.627116697,2321311.0
2025-06-27 12:00:00,546.627116697,547.293905045,546.557452243,547.02022326,2438289.0
2025-06-27 12:30:00,547.025199293,547.025199293,546.28874649,546.726637346,2536606.0
2025-06-27 13:00:00,546.736589411,546.795605156,546.059848998,546.666924956,2684869.0
2025-06-27 13:30:00,546.647020827,546.736589411,545.980232478,546.129513452,3768531.0
2025-06-27 14:00:00,546.129513452,546.358311424,544.328189705,545.263683806,4867499.0
2025-06-27 14:30:00,545.263683806,545.393060649,543.561880708,543.561880708,4221572.0
2025-06-27 15:00:00,543.571832773,543.805706298,541.934718097,542.188495751,6078059.0
2025-06-27 15:30:00,542.188495751,543.989819498,542.069070973,543.641497227,3380623.0
2025-06-27 16:00:00,543.641497227,545.756311018,543.641497227,545.462725104,8488200.0
2025-06-30 10:00:00,548.617529677,548.667290001,546.378315074,547.492946343,5243646.0
2025-06-30 10:30:00,547.492946343,548.119926432,547.065007553,547.861073224,3472581.0
2025-06-30 11:00:00,547.876100842,547.930837199,547.074959617,547.353617435,2944841.0
2025-06-30 11:30:00,547.3635695,547.841268615,546.895822449,547.254096786,2408680.0
2025-06-30 12:00:00,547.274000915,548.249303276,547.065505156,547.890929419,1861922.0
2025-06-30 12:30:00,547.891028939,548.456306226,547.632275252,547.721843836,1721971.0
2025-06-30 13:00:00,547.711891771,548.438392509,547.662131446,547.841268615,1619093.0
2025-06-30 13:30:00,547.871124809,548.039314706,547.433233954,547.731795901,1395796.0
2025-06-30 14:00:00,547.731795901,548.060214043,546.547500178,547.336300842,2851557.0
2025-06-30 14:30:00,547.333713305,547.83131655,547.035151358,547.333713305,1987979.0
2025-06-30 15:00:00,547.333713305,548.129778976,546.408171269,548.030357848,3339012.0
2025-06-30 15:30:00,548.040309913,549.144989117,548.010453718,548.751882553,3449355.0
2025-06-30 16:00:00,548.746906521,550.150147672,548.478200768,548.995708143,8311362.0
2025-07-01 10:00:00,547.094863747,547.821364485,546.507691918,547.293905045,4794742.0
2025-07-01 10:30:00,547.124719942,548.070166107,545.791143245,546.204153939,4350154.0
2025-07-01 11:00:00,546.209129971,546.577356372,543.979867434,544.29833351,7214953.0
2025-07-01 11:30:00,544.288381445,545.004930118,542.049166843,544.208764926,7386912.0
2025-07-01 12:00:00,544.208764926,544.447614484,542.596530412,543.601688967,3583610.0
2025-07-01 12:30:00,543.611641032,544.746176431,542.964756814,544.079388083,2743101.0
2025-07-01 13:00:00,544.059483953,545.512485428,543.800730265,544.606847522,2432814.0
2025-07-01 13:30:00,544.616799587,545.631910207,544.606847522,545.182076873,1998748.0
2025-07-01 14:00:00,545.184067286,546.059848998,544.84569708,545.57717385,1658885.0
2025-07-01 14:30:00,545.592101947,545.8608077,545.094498702,545.144259027,2029508.0
2025-07-01 15:00:00,545.134306962,545.661766402,544.586943392,544.616799587,1790321.0
2025-07-01 15:30:00,544.606847522,545.159187124,543.30312702,545.159187124,4904999.0
2025-07-01 16:00:00,545.154211092,545.771239116,544.208764926,544.367997965,7432342.0
2025-07-02 10:00:00,543.541976578,545.331357847,543.502168318,544.795936755,4732153.0
2025-07-02 10:30:00,544.78598469,547.005295163,544.716320236,546.831134027,3336762.0
2025-07-02 11:00:00,546.81620593,547.772798408,546.398219204,547.293905045,3493683.0
2025-07-02 11:30:00,547.30385711,548.119826911,546.985391033,547.094863747,3455893.0
2025-07-02 12:00:00,547.104815812,547.672083511,547.025199293,547.542706668,1915916.0
2025-07-02 12:30:00,547.532754603,548.060214043,547.244144721,547.781556225,1667770.0
2025-07-02 13:00:00,547.781556225,548.109974367,547.542706668,548.000501653,1465376.0
2025-07-02 13:30:00,548.000501653,548.159734691,547.274000915,547.482994278,1636339.0
2025-07-02 14:00:00,547.482994278,547.900981004,547.254096786,547.652179382,1294602.0
2025-07-02 14:30:00,547.672083511,547.909937863,547.383473629,547.731795901,1403100.0
2025-07-02 15:00:00,547.731795901,547.950741329,547.532754603,547.741747966,1240503.0
2025-07-02 15:30:00,547.751700031,548.269207405,547.522802538,547.652179382,2206953.0
2025-07-02 16:00:00,547.647203349,548.35877599,547.393425694,548.159734691,5495029.0
2025-07-03 10:00:00,550.528326138,552.27988956,550.528326138,552.090800327,5902117.0
2025-07-03 10:30:00,552.080848262,553.663226581,552.080848262,553.533849738,3845260.0
2025-07-03 11:00:00,553.533849738,553.703034841,552.986386647,553.2459365,2877593.0
2025-07-03 11:30:00,553.25519192,554.001596788,553.240263823,553.752795165,2529320.0
2025-07-03 12:00:00,553.7428431,554.529056228,553.673178646,554.111069502,2233079.0
2025-07-03 12:30:00,554.120125881,554.379775254,553.850922525,553.902076139,1879151.0
2025-07-03 13:00:00,553.898095313,554.121021567,552.817301065,553.553753867,4508595.0
2025-07-07 10:00:00,550.866696344,551.682765666,549.84163366,550.946312864,4939390.0
2025-07-07 10:30:00,550.936360799,551.314539265,549.911298114,550.727367436,2716687.0
2025-07-07 11:00:00,550.717415371,550.75722363,549.403742804,549.687376654,2899770.0
2025-07-07 11:30:00,549.682400621,550.359141034,549.543071713,550.299428645,1808700.0
2025-07-07 12:00:00,550.28947658,550.677607111,549.771969205,550.478565813,1851166.0
2025-07-07 12:30:00,550.468613748,551.28468307,548.187699994,549.622688232,5215299.0
2025-07-07 13:00:00,549.602784102,550.369093099,548.617529677,549.075324662,3140958.0
2025-07-07 13:30:00,549.065372597,550.030722893,548.816670496,549.115132922,2451444.0
2025-07-07 14:00:00,549.120108954,550.448709619,548.518009028,549.115132922,2548438.0
2025-07-07 14:30:00,549.100204825,549.344030415,547.015247228,547.074959617,3384874.0
2025-07-07 15:00:00,547.074959617,549.304222155,546.945582774,549.224605636,3417734.0
2025-07-07 15:30:00,549.224605636,549.523267103,548.448344574,548.527961093,2784624.0
2025-07-07 16:00:00,548.527961093,549.582879972,548.388632184,549.383838674,4752534.0
2025-07-08 10:00:00,550.727367436,550.896552539,549.453503129,549.463455193,3833897.0
2025-07-08 10:30:00,549.463455193,549.851585725,548.647385872,549.254461831,3023664.0
2025-07-08 11:00:00,549.254461831,550.876648409,548.458296639,549.71136113,4275812.0
2025-07-08 11:30:00,549.702304751,550.209860061,548.791790333,549.125084987,2522449.0
2025-07-08 12:00:00,549.125084987,550.130243542,549.125084987,550.000866698,1747468.0
2025-07-08 12:30:00,550.010818763,551.354347524,549.851585725,550.986121123,1815206.0
2025-07-08 13:00:00,550.996073188,551.115497967,549.592832037,550.259620385,2529520.0
2025-07-08 13:30:00,550.249668321,550.498469943,549.304222155,550.165075769,1495106.0
2025-07-08 14:00:00,550.189955931,550.77712776,549.672448556,550.687559176,1570651.0
2025-07-08 14:30:00,550.667655046,550.846792215,550.095411315,550.155123704,1703624.0
2025-07-08 15:00:00,550.170051801,550.339236905,549.643388527,549.841534139,1681298.0
2025-07-08 15:30:00,549.831681595,549.871489854,549.174845311,549.617712199,2612294.0
2025-07-08 16:00:00,549.622688232,549.931202244,549.174845311,549.692352686,4595662.0
2025-07-09 10:00:00,551.822094575,554.623899406,551.81214251,554.369823189,5129961.0
2025-07-09 10:30:00,554.359871124,554.956995018,553.175575401,553.469161316,4140535.0
2025-07-09 11:00:00,553.474137348,553.474137348,550.637699331,551.085641772,5508972.0
2025-07-09 11:30:00,551.085641772,552.080848262,550.448709619,551.866978387,3532365.0
2025-07-09 12:00:00,551.871854899,552.080848262,550.916456669,551.130426064,2350541.0
2025-07-09 12:30:00,551.125450032,551.813336758,550.886600474,551.707645828,1661884.0
2025-07-09 13:00:00,551.712621861,552.54361928,551.705655415,551.946495386,2266533.0
2025-07-09 13:30:00,551.941519354,552.25998543,551.453868173,551.941519354,1938350.0
2025-07-09 14:00:00,551.911663159,552.359506079,551.433964044,551.971375548,2052539.0
2025-07-09 14:30:00,551.941519354,552.956629973,551.901711094,552.643139929,2379771.0
2025-07-09 15:00:00,552.638163897,553.25519192,552.548495792,553.090982849,1520247.0
2025-07-09 15:30:00,553.095958882,553.513945608,552.877013454,553.195479531,2925429.0
2025-07-09 16:00:00,553.185527466,553.712986906,552.986486168,553.583610062,5499077.0
2025-07-10 10:00:00,554.220542216,554.628576877,551.006025253,551.503628498,5317187.0
2025-07-10 10:30:00,551.503628498,551.672813601,550.100387347,550.946312864,4391624.0
2025-07-10 11:00:00,550.966216993,552.140560652,550.896552539,551.583941662,3028450.0
2025-07-10 11:30:00,551.573292952,552.498834988,551.035881448,552.398617694,2064180.0
2025-07-10 12:00:00,552.399314339,553.03127046,552.145536684,553.021318395,2234770.0
2025-07-10 12:30:00,553.016342363,553.026294428,551.578268985,552.643438491,2187687.0
2025-07-10 13:00:00,552.638163897,552.78744487,552.050892547,552.25998543,1928973.0
2025-07-10 13:30:00,552.25998543,552.837205195,552.200273041,552.732708513,1404432.0
2025-07-10 14:00:00,552.727732481,553.424377024,552.72305501,553.324856375,1461750.0
2025-07-10 14:30:00,553.324856375,553.623418322,553.125914597,553.240263823,1364115.0
2025-07-10 15:00:00,553.250215888,553.464185283,553.036246493,553.335505084,1409625.0
2025-07-10 15:30:00,553.33480844,553.494041478,553.066102687,553.145719206,1490573.0
2025-07-10 16:00:00,553.135767142,553.474137348,552.230129236,552.78744487,4119440.0
2025-07-11 10:00:00,550.647750917,551.861902834,549.403742804,551.77233425,5154514.0
2025-07-11 10:30:00,551.77233425,552.727732481,551.294635135,552.429170534,3042598.0
2025-07-11 11:00:00,552.419218469,552.817301065,551.443916109,551.891759029,3239337.0
2025-07-11 11:30:00,551.891759029,552.021135873,550.458661683,551.438940076,2482109.0
2025-07-11 12:00:00,551.433964044,552.847157259,551.394155784,552.050992067,2539743.0
2025-07-11 12:30:00,552.060944132,552.508787053,551.642957407,552.439222119,2004393.0
2025-07-11 13:00:00,552.449074663,552.817301065,551.901711094,552.687924221,1780836.0
2025-07-11 13:30:00,552.697876286,553.125815077,552.464002761,552.777492805,1624925.0
2025-07-11 14:00:00,552.78744487,552.886965519,551.712621861,552.598355637,1730212.0
2025-07-11 14:30:00,552.578451507,552.941701876,552.439122599,552.628211832,1891262.0
2025-07-11 15:00:00,552.628211832,553.056150622,551.891759029,552.060944132,1834986.0
2025-07-11 15:30:00,552.050992067,552.533667215,550.826888085,552.140560652,3344115.0
2025-07-11 16:00:00,552.140560652,552.195396529,551.513580563,551.543436758,4395331.0
2025-07-14 10:00:00,551.334443395,552.210225106,548.985756078,550.617894722,6569035.0
2025-07-14 10:30:00,550.627846787,552.419218469,550.498469943,551.289758623,3804251.0
2025-07-14 11:00:00,551.254826875,552.518739118,550.886600474,552.508787053,2377463.0
2025-07-14 11:30:00,552.498834988,553.2550924,552.349554014,552.991661242,2866405.0
2025-07-14 12:00:00,552.996438233,553.076054752,552.538643248,552.916921234,1822658.0
2025-07-14 12:30:00,552.906869649,553.394520829,552.697876286,553.061126655,1364892.0
2025-07-14 13:00:00,553.056150622,553.653274516,552.817301065,553.494041478,1777999.0
2025-07-14 13:30:00,553.503993543,554.180833477,553.492150586,553.882172009,2085720.0
2025-07-14 14:00:00,553.892124074,554.275278573,553.563705932,553.752894686,1830095.0
2025-07-14 14:30:00,553.752795165,553.936808845,553.5587299,553.887148041,1481985.0
2025-07-14 15:00:00,553.882172009,554.121021567,553.722938971,553.902076139,1347554.0
2025-07-14 15:30:00,553.912028204,554.091165372,553.543801802,553.693082776,2089558.0
2025-07-14 16:00:00,553.683130711,553.712986906,553.084812569,553.543801802,3948349.0
2025-07-15 10:00:00,557.564436022,558.111799592,555.743307666,556.102577209,5537175.0
2025-07-15 10:30:00,556.121386612,557.525025845,555.693447821,557.066832777,4186050.0
2025-07-15 11:00:00,557.086736907,557.23601788,555.086371862,555.170964414,3808661.0
2025-07-15 11:30:00,555.185892511,556.907599739,555.185892511,556.823007187,2728856.0
2025-07-15 12:00:00,556.837935284,557.096688972,556.171146936,556.569229532,2271498.0
2025-07-15 12:30:00,556.569229532,556.798127025,556.001961833,556.28061965,2032559.0
2025-07-15 13:00:00,556.285595682,556.628941921,554.787809915,555.165988381,2342444.0
2025-07-15 13:30:00,555.156036316,555.942249443,554.867426434,555.643687496,2178121.0
2025-07-15 14:00:00,555.633735431,556.857938935,555.608855269,556.827983219,1575148.0
2025-07-15 14:30:00,556.847887349,557.066832777,556.658798116,556.778222895,1887266.0
2025-07-15 15:00:00,556.778222895,556.937455933,555.046563602,555.056515667,2695728.0
2025-07-15 15:30:00,555.036611537,555.703399886,554.708193396,554.897282629,2887592.0
2025-07-15 16:00:00,554.907234694,555.504358588,553.991644723,554.051357112,5158537.0
2025-07-16 10:00:00,554.608672747,554.996803278,551.861902834,552.110704457,4760235.0
2025-07-16 10:30:00,552.120656522,553.13089063,551.652909471,552.9914622,3576720.0
2025-07-16 11:00:00,552.996438233,553.633370387,551.941519354,552.608307702,3992657.0
2025-07-16 11:30:00,552.648115961,553.912028204,550.418853424,552.3841872,6191161.0
2025-07-16 12:00:00,552.379410209,553.414424959,548.916091624,552.608307702,8397078.0
2025-07-16 12:30:00,552.608307702,553.016342363,551.742478056,552.439122599,2623825.0
2025-07-16 13:00:00,552.478930858,553.991644723,551.941519354,553.926956301,2442375.0
2025-07-16 13:30:00,553.921980269,554.439487643,553.653274516,553.812507555,2819271.0
2025-07-16 14:00:00,553.82245962,553.961788528,553.33480844,553.526485209,2030088.0
2025-07-16 14:30:00,553.533849738,554.00657282,553.25519192,553.912028204,1607168.0
2025-07-16 15:00:00,553.902076139,554.608672747,553.902076139,554.588768617,2147118.0
2025-07-16 15:30:00,554.598720682,554.79776198,554.25039841,554.588768617,2228072.0
2025-07-16 16:00:00,554.578816552,555.26550903,554.429535579,554.618624812,4992922.0
2025-07-17 10:00:00,555.345125549,556.738414635,554.539008292,556.519469208,4521990.0
2025-07-17 10:30:00,556.539373337,557.126545166,555.713351951,556.628941921,3221309.0
2025-07-17 11:00:00,556.638893986,557.683860801,556.469708883,557.576876103,2464068.0
2025-07-17 11:30:00,557.584340152,558.748731745,557.55945999,558.395333921,3183156.0
2025-07-17 12:00:00,558.395433441,558.987581303,558.121751656,558.888060654,2085580.0
2025-07-17 12:30:00,558.888060654,559.515040742,558.788540005,559.131886244,2880198.0
2025-07-17 13:00:00,559.126910211,559.266338641,558.828348264,559.082125919,1490955.0
2025-07-17 13:30:00,559.087101952,559.24633499,558.519834252,559.121934179,2002623.0
2025-07-17 14:00:00,559.116958146,559.539920905,558.997533368,559.534944872,1770698.0
2025-07-17 14:30:00,559.539920905,559.614561391,558.609402837,559.062221789,2343099.0
2025-07-17 15:00:00,559.062221789,559.236382925,558.833324297,558.967677173,2233937.0
2025-07-17 15:30:00,558.977629238,559.445376288,558.927868913,559.191598633,2560960.0
2025-07-17 16:00:00,559.186622601,559.584705197,558.79849207,559.107006082,6308525.0
2025-07-18 10:00:00,560.420678648,560.619719946,559.256287055,559.385663899,4288515.0
2025-07-18 10:30:00,559.425472158,560.171877026,557.644052541,557.793433035,4011371.0
2025-07-18 11:00:00,557.80328558,558.689019356,557.72366906,558.089905049,2822594.0
2025-07-18 11:30:00,558.091895462,558.480025993,557.634100476,558.355625182,5673709.0
2025-07-18 12:00:00,558.360601214,559.22643086,558.360601214,559.111982114,2346393.0
2025-07-18 12:30:00,559.116958146,559.156766406,557.445011243,558.032183072,2945819.0
2025-07-18 13:00:00,558.042135137,558.348061612,557.29573027,557.673908736,3248491.0
2025-07-18 13:30:00,557.673908736,558.420313603,557.325586464,558.231423412,3874724.0
2025-07-18 14:00:00,558.23122437,558.519834252,557.693812866,557.924103647,2167895.0
2025-07-18 14:30:00,557.952566553,558.390357888,557.823189709,558.380505344,4829226.0
2025-07-18 15:00:00,558.365577246,558.607511944,557.892854164,558.04711117,2044351.0
2025-07-18 15:30:00,558.042135137,558.689019356,557.922710358,558.261080565,2070850.0
2025-07-18 16:00:00,558.261080565,558.629306966,557.952566553,558.569594577,5305214.0
2025-07-21 10:00:00,559.395615964,562.679797381,559.365759769,562.202098265,5115351.0
2025-07-21 10:30:00,562.222002395,563.187352691,562.222002395,563.16585623,3212917.0
2025-07-21 11:00:00,563.177400626,563.346585729,562.480756083,562.73950977,2664609.0
2025-07-21 11:30:00,562.73950977,562.799222159,562.321523044,562.71950612,1643190.0
2025-07-21 12:00:00,562.71960564,562.918547418,562.356355271,562.450899888,1641235.0
2025-07-21 12:30:00,562.450899888,562.568433774,561.828895832,562.27176272,2380375.0
2025-07-21 13:00:00,562.253849003,563.043047749,562.23195446,562.908794394,2298697.0
2025-07-21 13:30:00,562.918646938,563.326681599,562.908694873,563.217208885,1855532.0
2025-07-21 14:00:00,563.197304755,563.335638458,563.048023782,563.067927912,1531009.0
2025-07-21 14:30:00,563.057975847,563.20725682,562.819126289,563.077879977,1210756.0
2025-07-21 15:00:00,563.082856009,563.097784106,562.470804018,562.560372602,2031519.0
2025-07-21 15:30:00,562.575300699,562.610132926,561.833871864,562.042765706,3463026.0
2025-07-21 16:00:00,562.037889195,562.261910175,561.087466997,561.465645463,5891364.0
2025-07-22 10:00:00,561.595022307,561.644782631,555.952201508,556.653822084,8931872.0
2025-07-22 10:30:00,556.658798116,558.052087202,555.932297378,557.325586464,5407317.0
2025-07-22 11:00:00,557.3156344,558.788540005,557.27582614,558.661153574,3004584.0
2025-07-22 11:30:00,558.669115226,558.79849207,557.947590521,558.280984695,1963822.0
2025-07-22 12:00:00,558.27103263,558.917916848,558.141655786,558.246152468,1854195.0
2025-07-22 12:30:00,558.261080565,558.669015705,557.226065815,557.415155049,2072793.0
2025-07-22 13:00:00,557.415155049,558.081943397,557.096688972,558.022231007,1922023.0
2025-07-22 13:30:00,558.02720704,559.281167217,557.952566553,559.126910211,1900624.0
2025-07-22 14:00:00,559.126910211,559.22643086,558.27103263,558.499930123,1443839.0
2025-07-22 14:30:00,558.489978058,558.77858794,557.375346789,558.460121863,1811531.0
2025-07-22 15:00:00,558.454648227,559.365759769,558.410361539,559.340879607,1771647.0
2025-07-22 15:30:00,559.325951509,559.445376288,558.828348264,559.027389562,1993214.0
2025-07-22 16:00:00,559.017437497,559.435424223,558.519834252,558.559642512,5855369.0
2025-07-23 10:00:00,559.644417586,559.674273781,557.245969945,557.365394724,5615490.0
2025-07-23 10:30:00,557.345490594,558.002326878,556.897647674,558.002326878,3178128.0
2025-07-23 11:00:00,557.992374813,558.2511285,556.987216258,558.159569503,2211165.0
2025-07-23 11:30:00,558.151607851,558.579546642,557.663956671,558.355625182,2198819.0
2025-07-23 12:00:00,558.350649149,560.370918324,558.091895462,559.524992807,3718762.0
2025-07-23 12:30:00,559.515040742,559.669297748,558.022231007,558.400409474,3210647.0
2025-07-23 13:00:00,558.400409474,559.007485433,558.2511285,558.848252394,1468746.0
2025-07-23 13:30:00,558.848252394,559.107006082,558.509882188,558.967677173,1372013.0
2025-07-23 14:00:00,558.967677173,559.813602689,558.77858794,559.66501836,2211906.0
2025-07-23 14:30:00,559.664321716,561.097419062,559.664321716,560.425654681,2508340.0
2025-07-23 15:00:00,560.420678648,560.679332815,560.176853058,560.569959622,1371091.0
2025-07-23 15:30:00,560.589863752,560.599815817,560.181829091,560.390822454,1818029.0
2025-07-23 16:00:00,560.380870389,561.147179386,559.803650625,561.107371126,4710267.0
2025-07-24 10:00:00,562.421043693,563.057975847,561.167083516,562.142385876,5219822.0
2025-07-24 10:30:00,562.172242071,562.202098265,560.594839784,561.405933073,3606387.0
2025-07-24 11:00:00,561.415885138,562.580276732,561.326316554,562.361331304,2248154.0
2025-07-24 11:30:00,562.371283369,562.928599003,562.331475109,562.555396569,2018118.0
2025-07-24 12:00:00,562.560372602,563.008215522,562.266587646,562.709653575,1918454.0
2025-07-24 12:30:00,562.684773413,562.71960564,561.565166112,561.833871864,2308640.0
2025-07-24 13:00:00,561.838847897,562.400841001,561.674638826,562.301618914,1736315.0
2025-07-24 13:30:00,562.29166685,563.515770832,562.202098265,562.744485802,1975597.0
2025-07-24 14:00:00,562.749461835,563.028119652,562.540468472,562.610132926,1275283.0
2025-07-24 14:30:00,562.619388347,563.515770832,562.599484217,563.356537794,2656456.0
2025-07-24 15:00:00,563.356537794,563.485616076,562.440947823,562.998263457,2313181.0
2025-07-24 15:30:00,563.00323949,563.525722897,562.908694873,563.351561761,3811507.0
2025-07-24 16:00:00,563.336633664,563.466010508,562.27176272,562.301618914,8531552.0
2025-07-25 10:00:00,562.222002395,563.396346053,561.565166112,562.940541481,4374803.0
2025-07-25 10:30:00,562.968407263,563.595387351,562.819126289,563.316729534,2467064.0
2025-07-25 11:00:00,563.316729534,563.655099741,562.948503133,563.306777469,2226035.0
2025-07-25 11:30:00,563.306777469,563.71481213,563.018167587,563.640171643,1609217.0
2025-07-25 12:00:00,563.635195611,563.824284844,563.237113015,563.675103391,1446672.0
2025-07-25 12:30:00,563.675003871,564.869251659,563.575483222,564.695090523,3101148.0
2025-07-25 13:00:00,564.680162426,564.97374834,564.301983959,564.381600479,1536797.0
2025-07-25 13:30:00,564.371648414,564.401504608,563.955652101,564.252223635,1074199.0
2025-07-25 14:00:00,564.252223635,564.490077986,564.043230272,564.102942661,890128.0
2025-07-25 14:30:00,564.112894726,564.600545906,563.834236909,564.406480641,1045751.0
2025-07-25 15:00:00,564.411456673,564.590593841,564.152702986,564.197487278,1803416.0
2025-07-25 15:30:00,564.182559181,564.48151921,564.078062499,564.102942661,1470938.0
2025-07-25 16:00:00,564.088014564,564.366871422,563.346585729,563.655099741,4762019.0
2025-07-28 10:00:00,565.018532632,566.153068031,564.819491334,566.133163901,4489019.0
2025-07-28 10:30:00,566.133163901,566.312301069,565.088197086,565.735081305,2926899.0
2025-07-28 11:00:00,565.715177175,566.103307706,565.25738219,565.511159845,1634439.0
2025-07-28 11:30:00,565.506183812,565.665416851,564.152702986,565.194385619,2386552.0
2025-07-28 12:00:00,565.202645833,565.655464786,565.128005346,565.52111191,1578058.0
2025-07-28 12:30:00,565.526087942,565.844554019,565.048388827,565.531063974,1775640.0
2025-07-28 13:00:00,565.531063974,565.541016039,565.058340892,565.317094579,1212271.0
2025-07-28 13:30:00,565.327046644,565.376806969,564.580641777,564.80963879,1563669.0
2025-07-28 14:00:00,564.814515302,565.322269653,564.69011449,564.724946718,958516.0
2025-07-28 14:30:00,564.719970685,564.948868178,564.24227157,564.74982688,2032172.0
2025-07-28 15:00:00,564.74982688,564.938916113,564.37115081,564.7499264,1419218.0
2025-07-28 15:30:00,564.739874815,564.829443399,564.461216998,564.739874815,1824645.0
2025-07-28 16:00:00,564.739874815,565.565896202,564.580641777,565.416615228,4809968.0
2025-07-29 10:00:00,568.024056232,569.367584993,567.068658002,567.825014934,5868629.0
2025-07-29 10:30:00,567.954391778,567.984247972,566.68052747,567.158226586,3727540.0
2025-07-29 11:00:00,567.148274521,567.566261247,566.093355641,566.406845686,2839399.0
2025-07-29 11:30:00,566.381965523,566.74023986,564.700066555,564.824467367,3799654.0
2025-07-29 12:00:00,564.819491334,566.153068031,564.20246331,565.784841629,4266794.0
2025-07-29 12:30:00,565.754985435,565.993834992,564.884179756,565.137957411,2913880.0
2025-07-29 13:00:00,565.118053281,565.864458149,564.461216998,565.854506084,1659835.0
2025-07-29 13:30:00,565.854506084,566.262540745,565.675368916,565.844454498,1877278.0
2025-07-29 14:00:00,565.854506084,566.013739122,564.76973101,565.496928392,2219337.0
2025-07-29 14:30:00,565.486279682,565.735081305,564.95384421,565.147909476,1263571.0
2025-07-29 15:00:00,565.147909476,565.834601954,565.068292957,565.177765671,1339134.0
2025-07-29 15:30:00,565.167813606,565.356902839,564.670210361,564.680162426,1594774.0
2025-07-29 16:00:00,564.69011449,564.819491334,563.814332779,564.540833517,8578909.0
2025-07-30 10:00:00,565.456423488,566.381965523,564.550785582,565.336998709,4058415.0
2025-07-30 10:30:00,565.336998709,566.27249281,564.948868178,565.844554019,2044476.0
2025-07-30 11:00:00,565.854506084,566.738249447,565.854506084,566.122515191,1685066.0
2025-07-30 11:30:00,566.108283739,566.362160914,565.152885508,565.446471423,1695269.0
2025-07-30 12:00:00,565.456423488,566.481486172,565.187717735,566.471534108,1117940.0
2025-07-30 12:30:00,566.466558075,566.869616704,566.172972161,566.600910951,1043706.0
2025-07-30 13:00:00,566.605886984,566.76014399,566.21278042,566.571054757,700662.0
2025-07-30 13:30:00,566.581006821,566.74023986,566.352109329,566.372112979,673313.0
2025-07-30 14:00:00,566.391917588,566.974113385,566.322253134,566.730287795,958471.0
2025-07-30 14:30:00,566.710383665,567.168178651,566.043595317,567.058705937,2489703.0
2025-07-30 15:00:00,567.068658002,567.884727323,563.356537794,563.675003871,7343029.0
2025-07-30 15:30:00,563.645147676,565.018532632,562.341427174,563.26696921,8182490.0
2025-07-30 16:00:00,563.28687334,565.545992072,562.988311393,565.297190449,6353682.0
2025-07-31 10:00:00,571.785936764,571.875505348,568.461947088,569.914948563,8406372.0
2025-07-31 10:30:00,569.919924595,570.621545171,568.760509035,569.188547346,3822669.0
2025-07-31 11:00:00,569.188447825,569.576578356,566.690479535,566.849712574,4128466.0
2025-07-31 11:30:00,566.839760509,567.854871129,565.451447455,566.690479535,4478070.0
2025-07-31 12:00:00,566.7004316,567.864823194,566.571054757,567.864823194,2462273.0
2025-07-31 12:30:00,567.864823194,568.611228061,567.596117441,568.402234698,2318974.0
2025-07-31 13:00:00,568.412186763,568.680892515,567.242819137,567.541381084,2337279.0
2025-07-31 13:30:00,567.556309182,567.581189344,564.331840154,564.720965892,3366235.0
2025-07-31 14:00:00,564.759778945,565.74503337,562.620084991,563.187352691,4939320.0
2025-07-31 14:30:00,563.177400626,563.909076437,561.167083516,563.874045169,6408397.0
2025-07-31 15:00:00,563.864093104,564.988676437,563.665051806,563.77452452,3190643.0
2025-07-31 15:30:00,563.77452452,564.451264933,562.689749446,562.849679128,3610577.0
2025-07-31 16:00:00,562.898742808,563.77452452,561.308203796,562.301618914,9002986.0
2025-08-01 10:00:00,556.151242806,556.340332039,550.667655046,551.145553203,12050638.0
2025-08-01 10:30:00,551.075689707,553.712986906,549.234557701,553.712986906,9207520.0
2025-08-01 11:00:00,553.712986906,554.588768617,552.120656522,552.374434177,5016676.0
2025-08-01 11:30:00,552.369458144,553.076054752,551.662861536,551.720782554,3406200.0
2025-08-01 12:00:00,551.712621861,554.489247968,551.573292952,554.245422378,3761986.0
2025-08-01 12:30:00,554.25039841,555.166983588,554.101117437,554.29020667,2693878.0
2025-08-01 13:00:00,554.29020667,554.548960357,551.025929383,551.185162421,2935832.0
2025-08-01 13:30:00,551.175210356,551.642957407,550.189955931,550.478565813,3714702.0
2025-08-01 14:00:00,550.458661683,551.234922746,549.951106374,550.359141034,2526316.0
2025-08-01 14:30:00,550.339236905,551.642957407,549.035516403,551.463820238,3440289.0
2025-08-01 15:00:00,551.463820238,552.696283956,550.428805489,550.947208549,3128771.0
2025-08-01 15:30:00,550.966216993,551.682765666,550.568134397,551.125450032,2549475.0
2025-08-01 16:00:00,551.125450032,552.76754074,550.160099736,551.224970681,8354385.0
2025-08-04 10:00:00,556.370188234,560.311205934,556.270667585,560.057428279,8667341.0
2025-08-04 10:30:00,560.072356377,560.430630713,559.28614325,560.132068766,4056886.0
2025-08-04 11:00:00,560.151972896,560.251493545,558.818396199,559.325951509,3315307.0
2025-08-04 11:30:00,559.315999444,559.524992807,558.659163161,559.236382925,2598222.0
2025-08-04 12:00:00,559.216478795,560.500295168,558.927868913,560.271397675,2630405.0
2025-08-04 12:30:00,560.271397675,560.808809179,560.142020831,560.520199297,2178953.0
2025-08-04 13:00:00,560.515223265,560.878473634,560.256469577,560.669480271,2666616.0
2025-08-04 13:30:00,560.659528206,561.007850477,560.564983589,560.903353796,1758813.0
2025-08-04 14:00:00,560.908329828,561.03273064,559.992739858,560.634946606,1591862.0
2025-08-04 14:30:00,560.639624076,561.007850477,560.410726583,560.574935654,2160899.0
2025-08-04 15:00:00,560.569959622,560.858469983,560.360966259,560.470438973,1489077.0
2025-08-04 15:30:00,560.470438973,561.415885138,560.321157999,560.599815817,1954789.0
2025-08-04 16:00:00,560.599815817,561.609950404,560.28134974,561.395981009,7667245.0
2025-08-05 10:00:00,562.679797381,563.844885618,561.609950404,563.356537794,5141660.0
2025-08-05 10:30:00,563.296825404,563.436154313,560.579911687,561.246700035,4619464.0
2025-08-05 11:00:00,561.246700035,561.291484327,557.614196347,558.669115226,5643893.0
2025-08-05 11:30:00,558.659163161,559.571867033,557.952566553,558.420313603,3891458.0
2025-08-05 12:00:00,558.400409474,558.73877968,557.046928647,558.071991332,3223959.0
2025-08-05 12:30:00,558.052087202,559.385663899,558.012278943,559.067197822,2518478.0
2025-08-05 13:00:00,559.037341627,559.71408204,557.614196347,558.639259031,2435865.0
2025-08-05 13:30:00,558.619354901,559.465280418,558.320792954,559.357101472,1336548.0
2025-08-05 14:00:00,559.365759769,560.370918324,559.146814341,560.092260507,1809507.0
2025-08-05 14:30:00,560.102212572,560.271397675,558.548993803,558.621345314,2369862.0
2025-08-05 15:00:00,558.609402837,558.987581303,557.101665004,557.862997969,3209932.0
2025-08-05 15:30:00,557.872950034,558.499830602,557.624148411,558.430265668,2509313.0
2025-08-05 16:00:00,558.430265668,558.569594577,557.206161686,557.584340152,5504298.0
2025-08-06 10:00:00,558.420313603,560.231589415,557.942614488,559.22643086,5269780.0
2025-08-06 10:30:00,559.216478795,561.186987646,558.31084089,559.136862276,4041659.0
2025-08-06 11:00:00,559.156766406,561.226795905,558.669115226,561.132350809,3281311.0
2025-08-06 11:30:00,561.137227321,562.326499077,560.569959622,562.172242071,3075603.0
2025-08-06 12:00:00,562.152337941,563.376441924,561.555214047,563.197304755,2801901.0
2025-08-06 12:30:00,563.197304755,563.625243546,562.948503133,563.20725682,2228355.0
2025-08-06 13:00:00,563.202280788,563.704860065,562.669845316,563.26696921,2427500.0
2025-08-06 13:30:00,563.26696921,563.609817846,562.988311393,563.436154313,1378323.0
2025-08-06 14:00:00,563.426202248,563.893949298,563.112712204,563.326681599,1708300.0
2025-08-06 14:30:00,563.336633664,564.520929387,563.276921275,564.451264933,1766517.0
2025-08-06 15:00:00,564.451264933,564.819491334,564.232319505,564.346768251,2314500.0
2025-08-06 15:30:00,564.351744284,564.958820243,564.272127765,564.700066555,2056903.0
2025-08-06 16:00:00,564.69011449,565.038436762,564.172607116,564.600545906,5501869.0
2025-08-07 10:00:00,568.929694138,570.273222899,568.152935472,570.17370225,5902482.0
2025-08-07 10:30:00,570.17370225,570.571784846,567.526452987,568.287785952,4698060.0
2025-08-07 11:00:00,568.292761984,568.720700775,566.939281158,567.416980273,3077685.0
2025-08-07 11:30:00,567.416980273,567.904631453,566.431725848,566.750191925,3054762.0
2025-08-07 12:00:00,566.735263827,567.24779517,565.963978798,566.461582043,2353048.0
2025-08-07 12:30:00,566.441677913,566.819856379,565.545992072,566.352109329,2050664.0
2025-08-07 13:00:00,566.342157264,566.670575406,563.859117071,565.546091592,3299193.0
2025-08-07 13:30:00,565.545992072,566.160432559,564.2621757,564.28207983,2060685.0
2025-08-07 14:00:00,564.272127765,564.928964048,563.660075773,564.550785582,2357206.0
2025-08-07 14:30:00,564.550785582,564.819491334,562.401139563,563.338624077,2791146.0
2025-08-07 15:00:00,563.346585729,564.600446386,562.840622749,564.242371091,2123769.0
2025-08-07 15:30:00,564.24227157,564.501025257,563.630219579,563.993469947,1947152.0
2025-08-07 16:00:00,564.013374077,566.581006821,563.953661688,566.511342367,5514717.0
2025-08-08 10:00:00,567.71554222,570.23341464,567.416980273,570.089109699,4408579.0
2025-08-08 10:30:00,570.104037796,571.049483962,569.68605107,570.870346793,3644235.0
2025-08-08 11:00:00,570.860394728,571.507278947,570.133893991,570.312334514,3150345.0
2025-08-08 11:30:00,570.322983224,571.019627767,570.113989861,570.641449301,2743427.0
2025-08-08 12:00:00,570.621545171,570.999723637,569.367584993,570.989771572,2673973.0
2025-08-08 12:30:00,570.989771572,571.586895466,570.850442664,571.24852526,1637053.0
2025-08-08 13:00:00,571.24852526,571.447566558,570.870346793,570.890250923,1322368.0
2025-08-08 13:30:00,570.880298858,571.16890874,570.384586506,570.522024522,1504891.0
2025-08-08 14:00:00,570.527000554,571.522207044,570.492168327,571.447566558,1103545.0
2025-08-08 14:30:00,571.477422752,572.014834257,571.218669065,571.606799596,1760132.0
2025-08-08 15:00:00,571.616751661,571.885457413,571.497326882,571.726224375,1439236.0
2025-08-08 15:30:00,571.707315451,571.955121867,571.547087207,571.621727693,1597096.0
2025-08-08 16:00:00,571.616751661,571.925265673,570.920107118,571.795888829,5378323.0
2025-08-11 10:00:00,571.935217738,572.621910216,571.079340156,572.602006086,4102659.0
2025-08-11 10:30:00,572.621910216,573.164297753,572.084498711,572.791095319,2771399.0
2025-08-11 11:00:00,572.801047384,573.005064714,572.009858224,572.193971425,1622542.0
2025-08-11 11:30:00,572.18401936,572.761239124,571.895409478,572.363156528,1498404.0
2025-08-11 12:00:00,572.323348269,573.069753136,571.930241705,573.064777104,1694202.0
2025-08-11 12:30:00,573.064777104,574.035103432,572.910520098,573.582284479,2003672.0
2025-08-11 13:00:00,573.587260511,573.678819508,572.393012723,572.42784495,1567358.0
2025-08-11 13:30:00,572.422868918,572.820951514,572.129283003,572.238755717,1255259.0
2025-08-11 14:00:00,572.233779685,572.432721462,571.278381454,571.49235085,1611238.0
2025-08-11 14:30:00,571.497326882,571.576943401,570.959915377,571.134076513,2023097.0
2025-08-11 15:00:00,571.129100481,571.527183077,570.372743548,571.22862113,1612243.0
2025-08-11 15:30:00,571.22862113,571.318189714,570.462312132,570.631497236,1260950.0
2025-08-11 16:00:00,570.636473268,570.778787796,568.830173489,570.104037796,6297329.0
2025-08-12 10:00:00,572.402964788,574.17443234,570.392647678,570.512072457,7457296.0
2025-08-12 10:30:00,570.531976587,573.089657266,569.740787427,572.890615968,4232971.0
2025-08-12 11:00:00,572.890615968,573.557404316,572.393012723,573.447931602,2187096.0
2025-08-12 11:30:00,573.447931602,575.448296647,573.373291116,574.791460364,3973316.0
2025-08-12 12:00:00,574.791460364,575.69709827,574.502850482,575.627433816,2408337.0
2025-08-12 12:30:00,575.625443403,575.995660217,575.115400076,575.886187503,1369403.0
2025-08-12 13:00:00,575.896139568,576.63259237,575.796618919,576.38876678,1992175.0
2025-08-12 13:30:00,576.393742813,576.533071721,576.065324671,576.112198897,1488924.0
2025-08-12 14:00:00,576.105132931,576.771921279,576.055372606,576.732113019,1483569.0
2025-08-12 14:30:00,576.732113019,577.170003875,576.592784111,576.841585733,1393740.0
2025-08-12 15:00:00,576.871441928,576.921202253,576.533071721,576.562927916,1627225.0
2025-08-12 15:30:00,576.562927916,576.993354723,576.463307746,576.965986545,1885432.0
2025-08-12 16:00:00,576.951058447,577.568086471,576.592784111,577.269524524,6649108.0
2025-08-13 10:00:00,579.966534112,580.523750226,579.026063979,579.29924816,4855751.0
2025-08-13 10:30:00,579.309697829,579.319649893,577.62779886,577.856696353,4100576.0
2025-08-13 11:00:00,577.846744288,578.244826884,577.279476589,577.915214495,3274313.0
2025-08-13 11:30:00,577.906456678,577.946264937,576.289246131,577.090387356,4546035.0
2025-08-13 12:00:00,577.120243551,577.886552548,576.921202253,577.090387356,1873211.0
2025-08-13 12:30:00,577.120243551,577.453040601,576.682352695,577.000818772,1593362.0
2025-08-13 13:00:00,576.980914642,577.130195615,576.16484532,576.474055977,1736954.0
2025-08-13 13:30:00,576.475747828,577.607894731,576.393742813,577.558233927,2352620.0
2025-08-13 14:00:00,577.558134406,577.64770299,576.533071721,577.448661692,1526166.0
2025-08-13 14:30:00,577.448661692,577.811912061,577.110291486,577.120243551,1686340.0
2025-08-13 15:00:00,577.130195615,577.64770299,576.20465358,577.319284849,2713223.0
2025-08-13 15:30:00,577.329236913,577.796983964,577.040627031,577.369045173,2160853.0
2025-08-13 16:00:00,577.378997238,577.856696353,576.781873344,577.558134406,4309557.0
2025-08-14 10:00:00,575.508009037,578.015929392,575.139782635,577.408853433,6910830.0
2025-08-14 10:30:00,577.418805498,577.906357157,576.67240063,577.796983964,3348100.0
2025-08-14 11:00:00,577.787031899,579.090752401,577.548182341,577.898694067,3056703.0
2025-08-14 11:30:00,577.896504613,578.005977327,575.67719414,576.264365969,2990701.0
2025-08-14 12:00:00,576.264365969,577.558134406,575.886187503,577.319284849,2940923.0
2025-08-14 12:30:00,577.309332784,577.369045173,575.687146205,576.16484532,2950602.0
2025-08-14 13:00:00,576.154893255,577.767127769,576.154893255,577.677559185,2441996.0
2025-08-14 13:30:00,577.677559185,578.443868182,577.548281862,578.374203728,1859375.0
2025-08-14 14:00:00,578.384155793,578.404059923,577.466077806,578.045785586,1836437.0
2025-08-14 14:30:00,578.055737651,578.055737651,576.488287429,576.63259237,2353333.0
2025-08-14 15:00:00,576.63259237,577.458414716,576.403694878,577.130195615,1870550.0
2025-08-14 15:30:00,577.120243551,577.617846796,576.970962577,577.229716264,2270426.0
2025-08-14 16:00:00,577.209812135,577.961193035,577.035650999,577.110291486,5424799.0
2025-08-15 10:00:00,577.020722902,577.060531161,573.676829095,574.522754612,5688318.0
2025-08-15 10:30:00,574.433186028,576.314126294,573.637020836,575.7170024,4210009.0
2025-08-15 11:00:00,575.7170024,575.866283373,574.074911691,574.378449671,2555452.0
2025-08-15 11:30:00,574.363521573,575.199495025,574.074911691,574.443138092,6923986.0
2025-08-15 12:00:00,574.433186028,574.831268624,572.815278837,574.074911691,7323788.0
2025-08-15 12:30:00,574.064959626,574.617299228,573.487739862,573.577308446,2353895.0
2025-08-15 13:00:00,573.587260511,574.979952473,573.477787797,574.801412429,2355497.0
2025-08-15 13:30:00,574.811364494,574.940741337,574.025151367,574.502850482,2113248.0
2025-08-15 14:00:00,574.492898417,575.388584258,574.403329833,575.303295062,1735250.0
2025-08-15 14:30:00,575.308967739,575.498056972,574.413281898,574.950693402,2165506.0
2025-08-15 15:00:00,574.950693402,575.080070246,574.17443234,574.626554649,2124558.0
2025-08-15 15:30:00,574.612323196,574.72179591,573.771373712,574.567538904,2235791.0
2025-08-15 16:00:00,574.562562871,575.030309922,574.17443234,574.572514936,5270081.0
2025-08-18 10:00:00,573.676829095,574.831268624,572.885639936,573.189177915,4581792.0
2025-08-18 10:30:00,573.19912998,574.995477694,573.149369655,573.836062134,3063447.0
2025-08-18 11:00:00,573.836062134,574.134624081,572.483775555,573.875870393,2739642.0
2025-08-18 11:30:00,573.887812871,574.035103432,572.950328357,573.089259183,1996835.0
2025-08-18 12:00:00,573.089657266,573.437979538,572.721430865,573.15932172,1741394.0
2025-08-18 12:30:00,573.149369655,573.875870393,573.099609331,573.68678116,1331882.0
2025-08-18 13:00:00,573.696733225,573.945534847,572.582101956,572.860759773,1452272.0
2025-08-18 13:30:00,572.870711838,573.696733225,572.810999449,573.681805128,1368409.0
2025-08-18 14:00:00,573.676729574,574.403329833,573.258842369,573.477787797,1853683.0
2025-08-18 14:30:00,573.487739862,573.836062134,573.21903411,573.6469729,1365520.0
2025-08-18 15:00:00,573.6469729,574.472994287,573.617116706,574.303809184,1535654.0
2025-08-18 15:30:00,574.313761249,574.711843845,574.074911691,574.2142406,1731053.0
2025-08-18 16:00:00,574.224192665,574.801412429,574.096408151,574.343617443,2903642.0
2025-08-19 10:00:00,573.627068771,573.796253874,570.671305495,571.566991336,7920425.0
2025-08-19 10:30:00,571.576943401,572.771191189,570.263270834,570.347863386,4415761.0
2025-08-19 11:00:00,570.362791483,571.099244286,568.282809919,568.302614528,5630052.0
2025-08-19 11:30:00,568.292761984,569.377537058,567.655829831,569.21830402,4225133.0
2025-08-19 12:00:00,569.208351955,569.432273415,568.561467737,568.720700775,2263062.0
2025-08-19 12:30:00,568.71074871,569.168543695,567.67573396,568.103672751,2667995.0
2025-08-19 13:00:00,568.123576881,568.282809919,566.650671276,566.869616704,3889449.0
2025-08-19 13:30:00,566.864640671,567.078610066,565.983882927,566.970431121,3608653.0
2025-08-19 14:00:00,566.969137353,567.685686025,566.909424963,567.466740598,2277830.0
2025-08-19 14:30:00,567.466740598,567.486644727,566.391917588,566.68052747,1948744.0
2025-08-19 15:00:00,566.68052747,566.799952249,565.963978798,566.391917588,2173788.0
2025-08-19 15:30:00,566.401869653,566.401869653,565.526087942,566.322253134,2857053.0
2025-08-19 16:00:00,566.332205199,566.72033573,565.774889565,566.551150627,6582019.0
2025-08-20 10:00:00,565.605704461,565.72512924,558.828348264,559.485184548,11841063.0
2025-08-20 10:30:00,559.485184548,560.470438973,556.827983219,557.595287423,10699785.0
2025-08-20 11:00:00,557.624148411,557.922710358,556.161194871,556.686663898,6417762.0
2025-08-20 11:30:00,556.688654311,560.798857115,556.419948559,560.739144725,6780417.0
2025-08-20 12:00:00,560.734168693,561.714447085,558.977629238,559.435424223,5976628.0
2025-08-20 12:30:00,559.435424223,562.620084991,559.365759769,562.490708148,4216591.0
2025-08-20 13:00:00,562.490708148,562.518573929,560.589863752,560.938186023,3306451.0
2025-08-20 13:30:00,560.938186023,561.913388863,560.759048855,561.246700035,2779741.0
2025-08-20 14:00:00,561.246700035,562.908694873,561.21684384,561.684590891,3380537.0
2025-08-20 14:30:00,561.664686761,561.853775994,559.903171274,560.390822454,3844520.0
2025-08-20 15:00:00,560.370918324,562.062769357,560.321157999,561.186987646,2581566.0
2025-08-20 15:30:00,561.177035581,563.794428649,561.177035581,563.038071717,3779389.0
2025-08-20 16:00:00,563.038071717,564.172607116,562.888790744,563.187352691,6365260.0
2025-08-21 10:00:00,561.644782631,562.371283369,559.624513456,559.893219209,7156850.0
2025-08-21 10:30:00,559.873315079,563.77452452,559.156766406,563.694908,5112916.0
2025-08-21 11:00:00,563.704860065,563.704860065,561.405933073,562.490708148,3628436.0
2025-08-21 11:30:00,562.520564342,562.918646938,560.311305455,561.575118177,3469238.0
2025-08-21 12:00:00,561.575118177,562.510612277,560.020605639,560.331110064,2784114.0
2025-08-21 12:30:00,560.321157999,560.550055492,559.564801067,559.803650625,2416739.0
2025-08-21 13:00:00,559.803650625,560.510247232,559.037341627,559.28614325,2308285.0
2025-08-21 13:30:00,559.296095315,560.092260507,558.29093676,558.932844946,2976198.0
2025-08-21 14:00:00,558.927868913,560.773976952,558.808444135,560.554832483,2782054.0
2025-08-21 14:30:00,560.550055492,560.74909679,559.933027468,560.186805123,1610776.0
2025-08-21 15:00:00,560.186805123,561.027754607,559.73398617,560.808809179,1976390.0
2025-08-21 15:30:00,560.798857115,561.505453722,560.699336466,561.077415411,2599843.0
2025-08-21 16:00:00,561.077514932,561.117323191,560.28134974,560.579911687,5174303.0
2025-08-22 10:00:00,561.963248708,563.824284844,560.569959622,562.003056967,5182336.0
2025-08-22 10:30:00,562.052817292,570.830538534,562.042865227,568.939646203,11578835.0
2025-08-22 11:00:00,568.969502397,571.129100481,568.9545743,570.138870023,4717482.0
2025-08-22 11:30:00,570.153798121,571.238573195,570.109013828,570.571784846,3282490.0
2025-08-22 12:00:00,570.551880717,571.139052546,569.223280052,569.307872604,2838381.0
2025-08-22 12:30:00,569.327776734,569.845284109,568.233049595,568.482149779,2365288.0
2025-08-22 13:00:00,568.496779315,569.129730642,567.834966999,568.337546276,2011634.0
2025-08-22 13:30:00,568.332570244,570.467288165,568.332570244,570.4573361,2886251.0
2025-08-22 14:00:00,570.4573361,570.66135343,570.074181601,570.203458924,1662591.0
2025-08-22 14:30:00,570.238390672,570.462312132,569.755715525,569.914948563,1500185.0
2025-08-22 15:00:00,569.944804758,570.422503873,569.636290746,569.734915709,1350142.0
2025-08-22 15:30:00,569.72585933,569.895044433,569.262292147,569.457153578,2171189.0
2025-08-22 16:00:00,569.447201513,569.636290746,568.402234698,569.228256085,6141891.0
2025-08-25 10:00:00,567.665781896,568.203093879,566.431725848,568.203093879,6244740.0
2025-08-25 10:30:00,568.213145465,569.19839989,567.854871129,568.740604905,3660603.0
2025-08-25 11:00:00,568.720700775,569.526818032,568.521659477,569.452177545,2400899.0
2025-08-25 11:30:00,569.437249448,570.218486542,569.317824669,570.11389034,2061576.0
2025-08-25 12:00:00,570.123941926,570.539042553,569.66614694,570.165740598,1943390.0
2025-08-25 12:30:00,570.153798121,570.492168327,570.014469212,570.113989861,1373493.0
2025-08-25 13:00:00,570.094085731,570.442408003,569.884992848,570.054277472,1193147.0
2025-08-25 13:30:00,570.054277472,570.104037796,569.457153578,569.760791078,1400738.0
2025-08-25 14:00:00,569.755715525,569.924900628,569.138687501,569.621362648,1461069.0
2025-08-25 14:30:00,569.636290746,569.765667589,569.108831306,569.317824669,1400104.0
2025-08-25 15:00:00,569.307872604,569.467105642,568.929694138,569.019262722,1231268.0
2025-08-25 15:30:00,569.019262722,569.516865967,568.894861911,569.019262722,1691996.0
2025-08-25 16:00:00,569.009310657,569.118783371,567.446836468,567.586165376,5141090.0
2025-08-26 10:00:00,567.098514196,568.24300166,566.073451512,567.738033887,5247717.0
2025-08-26 10:30:00,567.685686025,568.964526365,567.436884403,568.850077619,3905725.0
2025-08-26 11:00:00,568.840125554,569.069023046,568.163385141,568.342522309,1875776.0
2025-08-26 11:30:00,568.352474374,568.680892515,567.944439713,568.004450664,1642146.0
2025-08-26 12:00:00,568.004152102,568.352872456,567.635925701,568.235040008,1446632.0
2025-08-26 12:30:00,568.233049595,569.143663533,568.233049595,568.830173489,1434113.0
2025-08-26 13:00:00,568.830173489,568.989406527,568.402234698,568.75055697,1032728.0
2025-08-26 13:30:00,568.740604905,568.850077619,568.053912427,568.695024447,1418210.0
2025-08-26 14:00:00,568.71074871,568.770461099,567.317459624,567.864922714,1826567.0
2025-08-26 14:30:00,567.874775258,568.73065284,567.785206674,568.720700775,1723505.0
2025-08-26 15:00:00,568.720700775,569.25811228,568.67094045,568.979454462,1919766.0
2025-08-26 15:30:00,568.979454462,569.676099005,568.641084256,569.407393253,2966447.0
2025-08-26 16:00:00,569.397441188,570.17370225,568.601275996,569.865188238,5397368.0
2025-08-27 10:00:00,568.850077619,569.467105642,567.635925701,568.73065284,6015712.0
2025-08-27 10:30:00,568.73065284,570.432455938,568.541563607,570.223562095,3184767.0
2025-08-27 11:00:00,570.243366705,570.651401366,569.904996498,570.295117442,3264892.0
2025-08-27 11:30:00,570.303079094,570.502120392,569.999541115,570.064130016,2048865.0
2025-08-27 12:00:00,570.054277472,571.019627767,569.656194876,570.845466631,1960661.0
2025-08-27 12:30:00,570.840490599,570.86984919,568.999358592,569.506913902,2039365.0
2025-08-27 13:00:00,569.487009772,570.566808814,568.909790008,570.313031159,1916573.0
2025-08-27 13:30:00,570.313031159,570.432455938,569.984613017,570.333034809,1088371.0
2025-08-27 14:00:00,570.342887354,570.869650149,570.342887354,570.799786653,1140465.0
2025-08-27 14:30:00,570.790730274,571.651583888,570.641449301,571.462494655,1727741.0
2025-08-27 15:00:00,571.457518622,571.497326882,570.875322826,570.930059183,1291032.0
2025-08-27 15:30:00,570.920107118,570.940011248,569.17849576,570.243366705,3319063.0
2025-08-27 16:00:00,570.243366705,571.392830201,570.23341464,570.74096995,3877631.0
2025-08-28 10:00:00,571.357997973,573.766397679,569.715907265,570.599650628,8694366.0
2025-08-28 10:30:00,570.591688976,572.213875555,570.223462575,571.061227398,4916347.0
2025-08-28 11:00:00,571.089292221,573.457883667,571.049483962,573.089657266,3683689.0
2025-08-28 11:30:00,573.109561396,574.005247237,571.915313608,572.10430332,3535628.0
2025-08-28 12:00:00,572.104402841,573.19912998,572.064594581,572.442773048,2318627.0
2025-08-28 12:30:00,572.452725112,574.323713314,572.333300334,574.055007561,2328315.0
2025-08-28 13:00:00,574.045055496,574.204288535,573.418075408,573.497691927,2850308.0
2025-08-28 13:30:00,573.497691927,574.2142406,573.278746499,574.204288535,1726706.0
2025-08-28 14:00:00,574.204288535,574.472994287,574.074911691,574.333665379,1789409.0
2025-08-28 14:30:00,574.333665379,574.602371131,574.224192665,574.562562871,1650933.0
2025-08-28 15:00:00,574.572514936,574.960645467,574.453090157,574.872370652,1594414.0
2025-08-28 15:30:00,574.871076883,575.090022311,574.483045873,574.610830386,2091033.0
2025-08-28 16:00:00,574.602371131,575.22935122,574.273952989,574.313761249,6064177.0
2025-08-29 10:00:00,571.90038551,572.273587944,568.412186763,568.700796645,7757056.0
2025-08-29 10:30:00,568.720700775,569.487009772,566.521294432,568.211155052,7917296.0
2025-08-29 11:00:00,568.213145465,568.631132191,566.23268455,566.690479535,4916786.0
2025-08-29 11:30:00,566.68052747,568.193241335,566.541198562,567.805210325,3062251.0
2025-08-29 12:00:00,567.795158739,567.909607486,566.441677913,566.590958886,2958539.0
2025-08-29 12:30:00,566.600910951,567.725494285,566.531246497,567.128370391,2230337.0
2025-08-29 13:00:00,567.118418326,568.004152102,567.108466261,567.69563809,1993601.0
2025-08-29 13:30:00,567.665781896,567.665781896,565.814697824,566.491438237,2653426.0
2025-08-29 14:00:00,566.501390302,567.645877766,566.202828355,567.237843105,2729344.0
2025-08-29 14:30:00,567.237843105,567.426932338,566.710383665,566.810003835,2019942.0
2025-08-29 15:00:00,566.819856379,567.342339786,566.750191925,567.252771202,1827193.0
2025-08-29 15:30:00,567.24779517,567.894679388,567.098514196,567.367219949,2791592.0
2025-08-29 16:00:00,567.367219949,568.108648784,566.451629978,567.665781896,8944156.0
2025-09-02 10:00:00,558.619354901,562.520564342,556.852863382,561.878656156,12204230.0
2025-09-02 10:30:00,561.903536318,562.988311393,560.739144725,562.530516407,7154375.0
2025-09-02 11:00:00,562.510612277,562.510612277,559.495136613,560.151972896,4867781.0
2025-09-02 11:30:00,560.161924961,560.550055492,558.549690447,558.888060654,3810950.0
2025-09-02 12:00:00,558.878108589,558.878108589,556.887695609,557.405202984,3990016.0
2025-09-02 12:30:00,557.405202984,558.280984695,557.156401361,557.862997969,3024816.0
2025-09-02 13:00:00,557.858021937,559.405568029,557.853045904,559.296095315,2690545.0
2025-09-02 13:30:00,559.30604738,560.30125387,558.75868381,560.112164636,2793784.0
2025-09-02 14:00:00,560.112164636,561.654734696,560.112164636,560.778952985,3305102.0
2025-09-02 14:30:00,560.76900092,561.226795905,560.151972896,560.191781156,2923340.0
2025-09-02 15:00:00,560.201733221,561.823919799,560.042500182,560.803833147,2882720.0
2025-09-02 15:30:00,560.808809179,562.022961097,560.76900092,561.883632189,2582300.0
2025-09-02 16:00:00,561.873680124,563.252041112,561.794063605,562.908694873,7235398.0
2025-09-03 10:00:00,566.501390302,566.869616704,565.25738219,565.555944137,6824617.0
2025-09-03 10:30:00,565.545992072,567.67573396,565.336998709,566.780048119,5659549.0
2025-09-03 11:00:00,566.780048119,568.9545743,566.76014399,568.581371866,4067303.0
2025-09-03 11:30:00,568.571419801,568.75055697,566.461582043,566.551150627,3457625.0
2025-09-03 12:00:00,566.531246497,567.108466261,566.053547382,566.358677692,3742824.0
2025-09-03 12:30:00,566.342157264,567.51003208,566.023691187,566.770096055,2837393.0
2025-09-03 13:00:00,566.790000184,566.899472898,565.7649375,566.23268455,2259079.0
2025-09-03 13:30:00,566.242636615,567.446836468,566.21278042,566.610863016,2000107.0
2025-09-03 14:00:00,566.600910951,566.809904314,564.71001862,565.128005346,3286922.0
2025-09-03 14:30:00,565.137957411,565.147909476,564.311936024,564.759778945,3034089.0
2025-09-03 15:00:00,564.739874815,564.948868178,564.008398045,564.580641777,2740336.0
2025-09-03 15:30:00,564.580641777,565.038436762,564.311936024,564.869251659,3065744.0
2025-09-03 16:00:00,564.869251659,567.347315819,564.839395464,567.337363754,7482000.0
2025-09-04 10:00:00,568.004152102,569.606434551,567.446836468,567.874775258,6123034.0
2025-09-04 10:30:00,568.093720686,568.314457486,566.297372972,568.034008297,5054336.0
2025-09-04 11:00:00,568.004152102,569.17849576,567.984247972,568.997368179,3555362.0
2025-09-04 11:30:00,568.989406527,569.785571719,568.272857854,569.556674227,3379741.0
2025-09-04 12:00:00,569.576578356,569.775619654,568.879933813,569.377537058,2150693.0
2025-09-04 12:30:00,569.382513091,569.74576346,568.780413164,568.952384846,1809659.0
2025-09-04 13:00:00,568.939646203,570.029397309,568.855053651,569.387489123,1856596.0
2025-09-04 13:30:00,569.397441188,570.382695613,569.347680864,570.283174964,2065428.0
2025-09-04 14:00:00,570.273222899,570.96489141,570.064229536,570.47724023,1851671.0
2025-09-04 14:30:00,570.472264197,571.029579832,570.462312132,570.810634404,1990567.0
2025-09-04 15:00:00,570.815610436,571.462494655,570.731017885,571.357997973,2667559.0
2025-09-04 15:30:00,571.353818106,571.910337575,571.268429389,571.571967369,2691975.0
2025-09-04 16:00:00,571.557039271,572.840855644,571.417710363,572.472629242,7208269.0
2025-09-05 10:00:00,577.70741538,578.334395468,576.433551072,577.170003875,11143509.0
2025-09-05 10:30:00,577.14014768,577.16005181,571.766032634,572.372113387,9476995.0
2025-09-05 11:00:00,572.343252399,572.65176641,569.755715525,569.809655716,7925323.0
2025-09-05 11:30:00,569.815427914,571.975025997,568.790365229,571.875505348,6153700.0
2025-09-05 12:00:00,571.865553283,572.741334995,571.16890874,571.517231012,4239064.0
2025-09-05 12:30:00,571.507278947,572.482581307,570.959915377,571.566991336,3222058.0
2025-09-05 13:00:00,571.626703726,572.393012723,570.999723637,572.393012723,2599051.0
2025-09-05 13:30:00,572.383060658,572.562197826,571.167614972,571.895409478,3006243.0
2025-09-05 14:00:00,571.915313608,572.134259036,570.74096995,571.422686395,2745024.0
2025-09-05 14:30:00,571.427662428,572.422868918,571.16890874,572.114255385,1909415.0
2025-09-05 15:00:00,572.114354906,572.592054021,571.840673121,572.457701145,1919696.0
2025-09-05 15:30:00,572.452725112,573.308602694,572.084498711,573.084681234,2847874.0
2025-09-05 16:00:00,573.089657266,573.358363018,572.164314272,573.298650629,6518637.0
2025-09-08 10:00:00,575.597577621,577.777079834,575.299015674,577.060531161,8983170.0
2025-09-08 10:30:00,577.060531161,577.617846796,576.095180866,577.468565822,4864936.0
2025-09-08 11:00:00,577.458613757,578.055737651,577.209812135,577.378997238,3327147.0
2025-09-08 11:30:00,577.369045173,577.886552548,577.010770837,577.782055866,2674085.0
2025-09-08 12:00:00,577.777079834,577.956217002,576.682352695,577.70741538,2783498.0
2025-09-08 12:30:00,577.70741538,577.717367445,576.473359332,576.722160955,1940423.0
2025-09-08 13:00:00,576.71220889,576.871441928,575.726954465,576.244362319,2563998.0
2025-09-08 13:30:00,576.234509774,576.373838683,575.607529686,576.077665232,2095285.0
2025-09-08 14:00:00,576.100156898,576.254413904,575.070118181,575.547817296,1612284.0
2025-09-08 14:30:00,575.557769361,576.433551072,575.308967739,576.264365969,2570222.0
2025-09-08 15:00:00,576.274318034,576.363886618,575.67719414,575.811547016,1570424.0
2025-09-08 15:30:00,575.806570984,575.886187503,575.000453727,575.239303284,2131356.0
2025-09-08 16:00:00,575.249255349,576.244461839,575.249255349,576.095180866,6739864.0
2025-09-09 10:00:00,576.891346058,577.418805498,576.065324671,576.423599008,5328273.0
2025-09-09 10:30:00,576.423599008,577.249620394,575.577673491,576.304174229,4470497.0
2025-09-09 11:00:00,576.294222164,576.334030423,574.273952989,575.7170024,5215563.0
2025-09-09 11:30:00,575.707050335,576.125037061,574.890981013,575.65729001,2459041.0
2025-09-09 12:00:00,575.65729001,576.334030423,574.915861175,575.65729001,2508894.0
2025-09-09 12:30:00,575.667242075,576.851537798,575.607529686,576.473359332,2307274.0
2025-09-09 13:00:00,576.483311397,576.756993182,576.194701515,576.543023786,1191063.0
2025-09-09 13:30:00,576.552975851,577.374021205,576.552975851,577.040627031,2266078.0
2025-09-09 14:00:00,577.050579096,577.170003875,576.677376662,576.970962577,1964446.0
2025-09-09 14:30:00,576.980914642,577.19986007,576.602736176,576.841585733,2635666.0
2025-09-09 15:00:00,576.851537798,577.19986007,576.602736176,577.090387356,1887323.0
2025-09-09 15:30:00,577.090387356,577.508374082,576.901298123,577.398901368,2145880.0
2025-09-09 16:00:00,577.398901368,578.1552583,576.911250188,577.727319509,5153676.0
2025-09-10 10:00:00,580.941836472,580.971692667,578.543388831,579.245009407,9037695.0
2025-09-10 10:30:00,579.240033374,580.558681973,579.110656531,580.056102696,4475468.0
2025-09-10 11:00:00,580.046150631,580.65322659,579.896869658,580.115815085,3121645.0
2025-09-10 11:30:00,580.12576715,580.399448935,579.060796685,579.538595321,3731700.0
2025-09-10 12:00:00,579.558499451,580.175427954,579.060896206,579.707780425,2463575.0
2025-09-10 12:30:00,579.707780425,579.71783201,578.632957415,578.931519362,2119435.0
2025-09-10 13:00:00,578.931519362,579.160416855,578.463772312,579.110656531,1858931.0
2025-09-10 13:30:00,579.100704466,579.498787062,577.946264937,578.1552583,2040468.0
2025-09-10 14:00:00,578.1552583,578.752382194,577.996025262,578.483676442,1999288.0
2025-09-10 14:30:00,578.483676442,578.523484701,577.2197642,577.528278211,2525720.0
2025-09-10 15:00:00,577.513350114,578.035833521,576.982905055,577.632774893,2540117.0
2025-09-10 15:30:00,577.62779886,577.717367445,575.776714789,576.343982488,3320660.0
2025-09-10 16:00:00,576.353934553,578.354299598,576.334030423,577.916408743,6293751.0
2025-09-11 10:00:00,580.444233227,580.931884407,578.831998713,580.484041487,7513384.0
2025-09-11 10:30:00,580.464137357,581.051309186,579.707780425,580.155623345,4594160.0
2025-09-11 11:00:00,580.14567128,581.439439717,580.066054761,581.061957895,3701610.0
2025-09-11 11:30:00,581.061261251,582.076371871,580.991596797,581.877330573,3566114.0
2025-09-11 12:00:00,581.877330573,582.076371871,581.071213316,581.568816561,2335989.0
2025-09-11 12:30:00,581.568816561,582.026611546,581.499152107,581.558864496,1800872.0
2025-09-11 13:00:00,581.588720691,581.767857859,580.872172018,581.20059016,1789466.0
2025-09-11 13:30:00,581.20059016,581.728049599,580.931884407,581.349871133,1593860.0
2025-09-11 14:00:00,581.329967003,581.807666118,581.101069511,581.777809924,1700989.0
2025-09-11 14:30:00,581.777809924,581.857426443,581.340615713,581.509104171,1763630.0
2025-09-11 15:00:00,581.509104171,581.996755352,581.419535587,581.807666118,1636285.0
2025-09-11 15:30:00,581.797714054,581.917138832,581.509203692,581.787761989,1924271.0
2025-09-11 16:00:00,581.777809924,582.066419806,581.205566192,581.280206679,6839484.0
2025-09-12 10:00:00,582.235604909,582.763064349,581.300110809,582.340101591,5365455.0
2025-09-12 10:30:00,582.340101591,583.066602328,581.887282638,582.942201517,4463259.0
2025-09-12 11:00:00,582.952153582,584.017024526,582.792920544,583.788127034,3238308.0
2025-09-12 11:30:00,583.788127034,583.913218518,583.141242815,583.325356016,3479316.0
2025-09-12 12:00:00,583.330332048,583.628893995,582.982009777,583.419900632,2412688.0
2025-09-12 12:30:00,583.410048088,583.808031163,582.962105647,583.768222904,2140354.0
2025-09-12 13:00:00,583.768222904,584.1663055,583.569181606,583.877695618,3986268.0
2025-09-12 13:30:00,583.887647683,583.897599747,583.569181606,583.643822092,2580363.0
2025-09-12 14:00:00,583.643822092,584.295682343,583.424876665,584.196161694,2709620.0
2025-09-12 14:30:00,584.206113759,584.255874084,583.937408007,584.171281532,4223201.0
2025-09-12 15:00:00,584.1663055,585.042087211,584.056832786,584.937590529,3254010.0
2025-09-12 15:30:00,584.932614497,585.012231016,584.116545175,584.206113759,2520644.0
2025-09-12 16:00:00,584.226017889,584.414012395,583.310427918,583.847839423,7472153.0
2025-09-15 10:00:00,585.619306975,587.63957615,585.475002034,587.59976789,6394708.0
2025-09-15 10:30:00,587.609719955,587.729144734,586.853363023,587.461135626,3609950.0
2025-09-15 11:00:00,587.450486917,587.63957615,587.047428288,587.637585737,2748161.0
2025-09-15 11:30:00,587.63957615,587.818713318,587.13202084,587.448496504,2580641.0
2025-09-15 12:00:00,587.440534852,588.296412433,587.37584643,588.077467005,2851077.0
2025-09-15 12:30:00,588.077467005,588.346172758,587.759000929,587.838617448,2048648.0
2025-09-15 13:00:00,587.838617448,588.256604174,587.634600117,587.749048864,2093033.0
2025-09-15 13:30:00,587.751039277,588.08741907,587.440534852,587.460438982,2016196.0
2025-09-15 14:00:00,587.470391047,588.296412433,587.360918333,588.266556239,1939621.0
2025-09-15 14:30:00,588.256604174,588.346073237,587.689336474,587.689435995,1907452.0
2025-09-15 15:00:00,587.699288539,588.062538908,587.261397684,587.858521578,2616873.0
2025-09-15 15:30:00,587.859715825,588.017754616,587.634600117,587.928186032,2004683.0
2025-09-15 16:00:00,587.918233967,588.953248717,587.714216637,588.843776003,7360075.0
2025-09-16 10:00:00,589.769318038,590.018119661,588.176987654,588.535261991,6385992.0
2025-09-16 10:30:00,588.525309926,589.072673495,588.157083525,588.570094218,3376680.0
2025-09-16 11:00:00,588.57507025,589.003009041,588.29442202,588.557156534,2231855.0
2025-09-16 11:30:00,588.555166121,588.65468677,587.908281902,588.08741907,2269985.0
2025-09-16 12:00:00,588.077467005,588.266556239,587.730239461,587.898329837,1597772.0
2025-09-16 12:30:00,587.878425707,588.346172758,587.65948028,588.316316563,1930659.0
2025-09-16 13:00:00,588.306364498,588.465597537,587.878425707,588.265063429,1494004.0
2025-09-16 13:30:00,588.256604174,588.794015678,588.246652109,588.475549601,2225976.0
2025-09-16 14:00:00,588.495453731,588.61487851,588.236700044,588.525309926,1724698.0
2025-09-16 14:30:00,588.520333893,588.604926445,588.266556239,588.450669439,1441419.0
2025-09-16 15:00:00,588.445693407,588.903488392,588.376028952,588.859400745,1660209.0
2025-09-16 15:30:00,588.863680133,589.12243382,588.574572647,588.644635184,2099702.0
2025-09-16 16:00:00,588.639758672,589.231906534,588.176987654,588.346172758,5690015.0
2025-09-17 10:00:00,588.266556239,588.734303289,586.803602698,587.161877035,6210270.0
2025-09-17 10:30:00,587.1718291,587.241493554,586.17662261,586.256935773,2992629.0
2025-09-17 11:00:00,586.266191194,586.723986179,585.559594586,585.788492078,2731913.0
2025-09-17 11:30:00,585.788492078,586.345807713,585.410413133,585.618112727,2112355.0
2025-09-17 12:00:00,585.619306975,585.888012727,585.330697093,585.573129394,1723941.0
2025-09-17 12:30:00,585.579498716,585.818348273,585.171464055,585.794164755,1554046.0
2025-09-17 13:00:00,585.788492078,585.788492078,584.708693037,585.061991341,2323722.0
2025-09-17 13:30:00,585.042087211,585.549642521,585.027159114,585.529738391,1361670.0
2025-09-17 14:00:00,585.539690456,586.64436966,585.539690456,586.514992816,2029846.0
2025-09-17 14:30:00,586.662283377,588.266556239,582.713304024,586.335855648,11120520.0
2025-09-17 15:00:00,586.335855648,586.6045614,581.563840528,585.171464055,11336521.0
2025-09-17 15:30:00,585.12170373,588.913440457,584.942566562,588.405885147,10267230.0
2025-09-17 16:00:00,588.435741342,588.833823938,586.445328362,587.1718291,10673532.0
2025-09-18 10:00:00,592.058292965,592.864410222,590.11764031,592.466327626,10356710.0
2025-09-18 10:30:00,592.466327626,594.618461661,592.396663172,594.58611745,6288228.0
2025-09-18 11:00:00,594.576165385,595.103624825,593.302301078,593.34708537,4475527.0
2025-09-18 11:30:00,593.352061402,595.272809928,593.342009817,594.476644736,5443251.0
2025-09-18 12:00:00,594.476644736,595.033960371,593.153020104,593.431677922,3667478.0
2025-09-18 12:30:00,593.421725857,594.3024836,593.043547391,594.207242339,3095357.0
2025-09-18 13:00:00,594.217891049,594.735398424,594.207540901,594.60602158,2401890.0
2025-09-18 13:30:00,594.60602158,594.819990975,593.998945621,594.008897686,2143132.0
2025-09-18 14:00:00,594.018849751,594.088514205,593.078379618,593.342109338,3261094.0
2025-09-18 14:30:00,593.332157273,593.998945621,593.182876299,593.42680141,2161547.0
2025-09-18 15:00:00,593.431677922,594.088514205,593.182876299,593.859616712,1886940.0
2025-09-18 15:30:00,593.859616712,593.910272723,592.924122612,593.028619293,2434006.0
2025-09-18 16:00:00,593.023643261,593.262492818,592.436471432,592.466327626,8279428.0
2025-09-19 10:00:00,594.466692671,595.56141981,593.695407641,594.964295916,7213975.0
2025-09-19 10:30:00,594.964295916,595.352426447,594.09846627,594.755302553,3789876.0
2025-09-19 11:00:00,594.755302553,594.922497244,593.650623349,594.317411698,3323556.0
2025-09-19 11:30:00,594.327363763,594.680662067,593.252540753,593.431677922,7380899.0
2025-09-19 12:00:00,593.421725857,594.551285223,592.993787066,594.496548866,3851941.0
2025-09-19 12:30:00,594.476644736,595.730604914,594.466692671,595.56141981,5592362.0
2025-09-19 13:00:00,595.551467745,595.947659449,595.1733888,595.6211322,1936167.0
2025-09-19 13:30:00,595.6211322,595.680844589,595.043912435,595.252905798,2037808.0
2025-09-19 14:00:00,595.252905798,595.810221433,595.242953733,595.50011509,1726008.0
2025-09-19 14:30:00,595.511659486,595.6211322,595.208121506,595.362378512,1401958.0
2025-09-19 15:00:00,595.362378512,595.840077627,595.252905798,595.675868557,1870823.0
2025-09-19 15:30:00,595.670892524,596.377489132,595.58132394,596.148591639,3780980.0
2025-09-19 16:00:00,596.148591639,597.173654324,595.840077627,596.477009781,9189478.0
2025-09-22 10:00:00,595.564293944,597.198324529,595.544366742,596.989088906,7057519.0
2025-09-22 10:30:00,596.984107105,597.796140597,596.570617658,597.746422228,4692149.0
2025-09-22 11:00:00,597.73635899,598.392960305,597.428981896,598.284357053,3599113.0
2025-09-22 11:30:00,598.274393451,598.533447081,597.746322592,598.134903036,3164634.0
2025-09-22 12:00:00,598.144866637,598.254466249,597.586904974,597.945594614,7263727.0
2025-09-22 12:30:00,597.925667412,599.440134784,597.906437662,599.375371376,4576139.0
2025-09-22 13:00:00,599.388324058,599.878533233,599.300644368,599.699188413,3675412.0
2025-09-22 13:30:00,599.704170214,599.852229326,599.370389576,599.749006419,1909837.0
2025-09-22 14:00:00,599.744024618,600.013041849,599.489952789,599.749006419,2198516.0
2025-09-22 14:30:00,599.739042818,600.331877085,599.689224812,600.227259273,2454705.0
2025-09-22 15:00:00,600.227259273,600.456422099,600.077805256,600.306968082,3096411.0
2025-09-22 15:30:00,600.321913484,600.675621324,600.217295672,600.441476697,2354921.0
2025-09-22 16:00:00,600.446458498,600.496276503,599.808788026,600.008060048,7055457.0
2025-09-23 10:00:00,600.177441267,600.37671329,598.503556277,598.682901098,6446592.0
2025-09-23 10:30:00,598.7028283,599.220935559,598.43381107,599.001736334,4291601.0
2025-09-23 11:00:00,599.021663536,599.509879992,598.623119491,598.782537109,3060840.0
2025-09-23 11:30:00,598.782537109,599.380353177,598.488610876,599.111335946,4384380.0
2025-09-23 12:00:00,599.111335946,599.201008357,598.423847468,598.812427913,2449651.0
2025-09-23 12:30:00,598.812427913,599.012297751,598.075121429,598.463801509,2988355.0
2025-09-23 13:00:00,598.463701873,598.961881929,598.114975833,598.393956665,2892126.0
2025-09-23 13:30:00,598.393956665,598.43381107,596.879489293,596.954216302,5186018.0
2025-09-23 14:00:00,596.9392709,597.198324529,594.807060258,596.172073613,7725211.0
2025-09-23 14:30:00,596.172073613,596.421163641,595.036223084,595.564293944,4081521.0
2025-09-23 15:00:00,595.554330343,596.162110012,594.926623472,595.076177125,3265305.0
2025-09-23 15:30:00,595.08604109,595.982765192,595.056150286,595.340112919,2976785.0
2025-09-23 16:00:00,595.340112919,596.281673225,595.335131118,596.022619596,9974809.0
2025-09-24 10:00:00,597.397596552,597.716431788,594.956514275,595.824642842,7323001.0
2025-09-24 10:30:00,595.813383972,596.281673225,595.424803528,595.753602366,3523338.0
2025-09-24 11:00:00,595.743638764,596.042546798,595.096004691,595.167742619,2853647.0
2025-09-24 11:30:00,595.1757135,595.554330343,594.767405126,595.180695301,2450156.0
2025-09-24 12:00:00,595.185677101,595.190658902,592.385905184,592.435723189,6211324.0
2025-09-24 12:30:00,592.435723189,593.043502858,591.200236649,592.88408524,7048338.0
2025-09-24 13:00:00,592.88408524,593.073393662,592.435723189,592.575213605,2410344.0
2025-09-24 13:30:00,592.585177206,593.930263359,592.515431998,593.711064134,2725858.0
2025-09-24 14:00:00,593.711064134,594.298916601,592.963794049,593.173029673,2230798.0
2025-09-24 14:30:00,593.173029673,593.32248369,592.525395599,592.993684853,2217927.0
2025-09-24 15:00:00,592.999862285,593.925281558,592.894048841,593.880445353,2063324.0
2025-09-24 15:30:00,593.880445353,593.94022696,593.287611086,593.491864909,1733754.0
2025-09-24 16:00:00,593.491864909,594.139498983,592.943866847,593.930263359,4619284.0
2025-09-25 10:00:00,590.044458918,590.074349721,586.3579265,587.085269382,12061016.0
2025-09-25 10:30:00,587.085269382,591.628671498,586.925851764,591.090637037,7142445.0
2025-09-25 11:00:00,591.090637037,591.976401177,590.841547009,591.466364435,4852186.0
2025-09-25 11:30:00,591.46925388,591.957470335,590.23376734,590.59245698,4556774.0
2025-09-25 12:00:00,590.572529778,592.948848647,590.572529778,592.500486597,4090487.0
2025-09-25 12:30:00,592.495504796,592.834267235,591.37958147,591.409472273,3150328.0
2025-09-25 13:00:00,591.409472273,592.346050779,590.94118302,591.224547836,2699602.0
2025-09-25 13:30:00,591.220163851,591.688453105,589.775441688,590.522711772,3427050.0
2025-09-25 14:00:00,590.512748171,590.771801801,588.509366892,588.629627558,3656132.0
2025-09-25 14:30:00,588.639591159,590.32343975,587.115160186,590.173985733,5729546.0
2025-09-25 15:00:00,590.173985733,591.578853492,589.855150497,591.279945458,5645251.0
2025-09-25 15:30:00,591.279945458,591.519071885,590.452966564,590.801692604,3308978.0
2025-09-25 16:00:00,590.801692604,591.698416706,590.428057562,591.369617868,6650182.0
2025-09-26 10:00:00,592.186633161,593.596482721,590.801692604,593.357356294,7582115.0
2025-09-26 10:30:00,593.382265297,594.02989937,588.908608389,590.074349721,6835380.0
2025-09-26 11:00:00,590.094276924,591.847870723,589.386861244,590.024531716,4920639.0
2025-09-26 11:30:00,590.024531716,591.638635099,589.566206064,591.608744296,3922887.0
2025-09-26 12:00:00,591.608744296,591.708380307,590.283585345,590.408130359,3881062.0
2025-09-26 12:30:00,590.428057562,592.779467428,590.114204126,592.316159976,2932472.0
2025-09-26 13:00:00,592.316159976,593.222847679,591.857834324,593.008630254,2557490.0
2025-09-26 13:30:00,593.013612055,593.639924022,592.874121639,593.461974106,3209724.0
2025-09-26 14:00:00,593.461974106,593.561610117,592.405832386,593.038521058,2933411.0
2025-09-26 14:30:00,593.033539257,593.94022696,592.565250004,593.611428123,2248441.0
2025-09-26 15:00:00,593.621391724,594.129535381,593.342410892,593.865499951,2234888.0
2025-09-26 15:30:00,593.860518151,594.079717376,593.422119701,593.860518151,1952569.0
2025-09-26 16:00:00,593.860518151,594.099644578,593.2372949,593.800736544,5888570.0
2025-09-29 10:00:00,596.929307299,599.380353177,596.864543892,599.071481542,6864681.0
2025-09-29 10:30:00,599.071481542,599.858606031,598.493592676,599.415225781,4473763.0
2025-09-29 11:00:00,599.415225781,599.529807194,598.61813769,598.757628106,2915881.0
2025-09-29 11:30:00,598.752646306,599.089416024,597.188360928,597.297960541,3208226.0
2025-09-29 12:00:00,597.297960541,597.457378159,596.461018046,596.889452894,2787611.0
2025-09-29 12:30:00,596.879489293,597.347778546,596.331491231,596.869525692,3287634.0
2025-09-29 13:00:00,596.879489293,597.297960541,596.271709624,596.560654057,1830805.0
2025-09-29 13:30:00,596.560654057,596.718078955,595.733675163,596.505854251,2165311.0
2025-09-29 14:00:00,596.50087245,596.909380097,596.102328405,596.799780484,1912276.0
2025-09-29 14:30:00,596.809744085,597.37766935,596.690180872,597.149203976,1822139.0
2025-09-29 15:00:00,597.153488324,597.238178934,596.550690456,596.739998877,1680369.0
2025-09-29 15:30:00,596.730035276,596.735017077,595.235495107,595.88312918,3091182.0
2025-09-29 16:00:00,595.88312918,596.879489293,595.70378436,596.550690456,7519943.0
2025-09-30 10:00:00,596.251782422,596.490908849,593.930263359,595.454694332,5103778.0
2025-09-30 10:30:00,595.544366742,596.062474001,594.488225022,595.35505832,3450586.0
2025-09-30 11:00:00,595.345094719,597.02894331,594.627715438,596.75992608,3774866.0
2025-09-30 11:30:00,596.75992608,597.228215333,594.677533444,595.255422309,3270841.0
2025-09-30 12:00:00,595.26538591,596.241818821,594.856878264,596.022619596,2963702.0
2025-09-30 12:30:00,596.002692394,596.789816883,595.325167517,596.002692394,1966865.0
2025-09-30 13:00:00,596.012655995,596.311564029,595.046186685,595.365021922,1811414.0
2025-09-30 13:30:00,595.35505832,595.434767129,594.162514901,594.538043028,3494654.0
2025-09-30 14:00:00,594.518115825,595.70378436,594.159426185,595.036223084,2782837.0
2025-09-30 14:30:00,595.026259483,596.580481623,594.866841865,596.441090844,2197485.0
2025-09-30 15:00:00,596.431127242,597.018979709,596.152146411,596.67523547,1720720.0
2025-09-30 15:30:00,596.690180872,597.347778546,596.301600428,597.23827857,2614644.0
2025-09-30 16:00:00,597.248142535,598.52348348,596.665271869,598.184721041,7548486.0
2025-10-01 10:00:00,594.99636868,596.889452894,594.169389786,595.424803528,7608353.0
2025-10-01 10:30:00,595.414839927,598.164793839,594.966477876,597.935631013,3991029.0
2025-10-01 11:00:00,597.945594614,598.603192289,597.726395389,598.284357053,3214518.0
2025-10-01 11:30:00,598.26442985,598.832355115,597.756286193,598.124939435,2888087.0
2025-10-01 12:00:00,598.144866637,599.260789963,598.134903036,599.096390545,2488640.0
2025-10-01 12:30:00,599.101372345,599.49991639,599.021663536,599.385334977,2030031.0
2025-10-01 13:00:00,599.390316778,599.714233451,599.05155434,599.649270771,1404246.0
2025-10-01 13:30:00,599.644388607,600.496276503,599.584607,600.346822487,2338959.0
2025-10-01 14:00:00,600.356786088,600.416567694,599.888496835,600.346822487,1869013.0
2025-10-01 14:30:00,600.336858885,601.303328195,600.187404868,601.054238167,2552112.0
2025-10-01 15:00:00,601.034410601,601.562381824,600.99445656,601.313291796,2312237.0
2025-10-01 15:30:00,601.313291796,601.582309027,600.939656754,601.3431826,2064814.0
2025-10-01 16:00:00,601.333218998,601.592272628,599.290680767,601.054238167,7062504.0
2025-10-02 10:00:00,604.850370197,604.950006209,601.243546588,602.444160524,6623529.0
2025-10-02 10:30:00,602.429215123,603.10674,601.901144263,602.718159555,4047216.0
2025-10-02 11:00:00,602.748050359,603.076849196,601.3431826,601.393498785,3195605.0
2025-10-02 11:30:00,601.393000605,602.190088696,600.735402931,601.921071465,3069229.0
2025-10-02 12:00:00,601.891180662,602.882558974,600.944638554,602.767977561,2271536.0
2025-10-02 12:30:00,602.75801396,602.767977561,601.921071465,602.389360718,2024618.0
2025-10-02 13:00:00,602.379397117,602.827759168,601.771617448,602.767977561,1680409.0
2025-10-02 13:30:00,602.767977561,603.246230415,602.339542713,603.027130827,1831562.0
2025-10-02 14:00:00,603.036994792,603.594956455,602.857649971,602.987176786,1500232.0
2025-10-02 14:30:00,602.987176786,603.674665264,602.84768637,603.495320444,1697656.0
2025-10-02 15:00:00,603.485356842,603.744410472,603.276121219,603.614883657,1341314.0
2025-10-02 15:30:00,603.604920056,603.90382809,603.540654829,603.834082882,1510092.0
2025-10-02 16:00:00,603.834082882,603.943682494,603.086812797,603.525211247,5771258.0
2025-10-03 10:00:00,604.302372135,605.114903807,603.505284045,603.680244881,4575144.0
2025-10-03 10:30:00,603.684628865,603.714519668,602.31961551,603.261175817,3622599.0
2025-10-03 11:00:00,603.256194016,604.132990916,602.987176786,603.893864489,2241454.0
2025-10-03 11:30:00,603.90382809,604.496961265,603.475393241,604.292408534,2399385.0
2025-10-03 12:00:00,604.282444933,604.720245567,603.584992854,604.566407565,2308599.0
2025-10-03 12:30:00,604.551462163,604.805533992,604.152918118,604.511607759,2088531.0
2025-10-03 13:00:00,604.501644158,604.551462163,603.674665264,603.893864489,1873065.0
2025-10-03 13:30:00,603.854010084,603.854010084,601.582309027,601.70187224,4374727.0
2025-10-03 14:00:00,601.671981437,602.449142325,599.196026556,600.426033116,4909616.0
2025-10-03 14:30:00,600.416567694,602.100416285,599.260789963,601.940998667,4391008.0
2025-10-03 15:00:00,601.940998667,602.030671077,600.55107631,601.26347379,2592447.0
2025-10-03 15:30:00,601.243546588,601.761653847,600.924711352,601.143910577,2217913.0
2025-10-03 16:00:00,601.143910577,601.662017836,600.575985313,600.984492959,5629054.0
2025-10-06 10:00:00,606.235310754,606.39502728,603.883900888,604.820479394,6545617.0
2025-10-06 10:30:00,604.820479394,605.517931473,604.34720834,604.536516762,3508734.0
2025-10-06 11:00:00,604.531534961,604.885242801,603.764337674,604.769963936,2895420.0
2025-10-06 11:30:00,604.760697787,605.348550254,604.551462163,604.988465709,1840361.0
2025-10-06 12:00:00,604.989860613,606.280146959,604.92449939,606.090838538,2389691.0
2025-10-06 12:30:00,606.085856737,606.170547347,605.497904635,605.971275324,1944737.0
2025-10-06 13:00:00,605.986220726,606.016111529,605.617567484,605.966293524,1476598.0
2025-10-06 13:30:00,605.956329923,606.653782002,605.498004271,606.414655575,2104960.0
2025-10-06 14:00:00,606.409673774,606.643818401,606.10578394,606.564109592,2108931.0
2025-10-06 14:30:00,606.556138711,606.862320173,606.344910367,606.733490811,1632578.0
2025-10-06 15:00:00,606.743454412,607.141998457,606.569091392,606.803236019,1727617.0
2025-10-06 15:30:00,606.798254218,606.823163221,606.315019563,606.448531819,1538286.0
2025-10-06 16:00:00,606.434582777,606.584036794,605.408331861,605.498004271,7987722.0
2025-10-07 10:00:00,606.803236019,607.490724497,606.364837569,606.942726435,5536589.0
2025-10-07 10:30:00,606.952690036,607.321343278,606.125711142,606.260219757,4009014.0
2025-10-07 11:00:00,606.270183358,606.683672805,605.31865945,605.627531085,3967366.0
2025-10-07 11:30:00,605.637494687,605.747094299,602.469069527,603.007103988,7696515.0
2025-10-07 12:00:00,602.977213185,603.086812797,600.835038942,601.940998667,7357150.0
2025-10-07 12:30:00,601.931035066,602.678305151,601.163837779,602.110379887,5237710.0
2025-10-07 13:00:00,602.110379887,603.425575236,601.52252742,601.811471853,3068764.0
2025-10-07 13:30:00,601.811471853,602.767977561,601.582309027,602.424233322,2261878.0
2025-10-07 14:00:00,602.40928792,602.588632741,601.542454622,601.592272628,2077196.0
2025-10-07 14:30:00,601.602236229,602.429215123,601.014383762,602.010743875,2904159.0
2025-10-07 15:00:00,602.030671077,602.498960331,601.871253459,602.488996729,1655747.0
2025-10-07 15:30:00,602.479033128,602.608559943,601.96092587,602.020707476,1776830.0
2025-10-07 16:00:00,602.010743875,602.917431578,601.861289858,602.309651909,4723109.0
2025-10-08 10:00:00,603.206376011,605.597640282,603.056921994,605.368477456,6615067.0
2025-10-08 10:30:00,605.378441057,606.72850901,605.378441057,606.414655575,5337137.0
2025-10-08 11:00:00,606.394728372,606.613927597,605.373459257,605.881602914,3331093.0
2025-10-08 11:30:00,605.886584715,607.132034856,605.806875906,606.882944828,2562564.0
2025-10-08 12:00:00,606.863017626,607.465815494,606.72352721,607.319350557,2177357.0
2025-10-08 12:30:00,607.321343278,607.839450536,607.141998457,607.280691785,2344095.0
2025-10-08 13:00:00,607.271525272,607.271525272,606.81319962,607.251199526,1524680.0
2025-10-08 13:30:00,607.25159807,607.630214913,606.982580839,607.623838208,1425016.0
2025-10-08 14:00:00,607.640178514,608.13835857,607.481757256,607.809559733,3062742.0
2025-10-08 14:30:00,607.799596132,608.367521396,607.600324109,608.028758958,3223427.0
2025-10-08 15:00:00,608.038722559,608.257921784,607.620251311,607.739814525,1651839.0
2025-10-08 15:30:00,607.729850924,608.825847048,607.680032918,608.716247436,2962800.0
2025-10-08 16:00:00,608.716247436,609.523299127,608.516975413,609.214427492,9050128.0
2025-10-09 10:00:00,609.254281897,609.383808711,607.460833693,608.068613362,6245221.0
2025-10-09 10:30:00,608.078576963,608.307739789,607.261561671,607.420979289,3629951.0
2025-10-09 11:00:00,607.440906491,607.620251311,606.016111529,607.411015688,3788834.0
2025-10-09 11:30:00,607.420979289,607.95901375,606.733490811,606.843090423,2253149.0
2025-10-09 12:00:00,606.833126822,607.968977351,606.125711142,607.69996012,2726482.0
2025-10-09 12:30:00,607.709923722,607.968977351,607.022435244,607.490724497,1675773.0
2025-10-09 13:00:00,607.510651699,607.660105716,606.10578394,606.28512876,3037533.0
2025-10-09 13:30:00,606.28512876,606.962653637,605.468213103,605.627531085,2997347.0
2025-10-09 14:00:00,605.627531085,606.6338548,605.268841445,606.584036794,2439397.0
2025-10-09 14:30:00,606.582044074,607.032398845,605.806875906,606.524255187,2343828.0
2025-10-09 15:00:00,606.514291586,607.201780064,606.324983165,607.037380645,1613462.0
2025-10-09 15:30:00,607.042362446,607.889268542,606.99254444,607.750575214,2420652.0
2025-10-09 16:00:00,607.749778126,608.536902615,607.709923722,608.477121009,6904579.0
2025-10-10 10:00:00,609.174573088,610.948094089,608.736174638,610.270569212,6054135.0
2025-10-10 10:30:00,610.320387218,610.51965924,608.907448941,609.667771344,3111377.0
2025-10-10 11:00:00,609.702643948,610.190860403,604.720843383,606.305055962,4163591.0
2025-10-10 11:30:00,606.255237957,606.324983165,596.919443334,597.38265115,15179427.0
2025-10-10 12:00:00,597.317887743,599.49991639,593.76088214,597.55701417,12151839.0
2025-10-10 12:30:00,597.457378159,598.031680128,595.5254359,596.630399265,5677016.0
2025-10-10 13:00:00,596.560654057,597.73635899,593.252738482,593.50182851,5627511.0
2025-10-10 13:30:00,593.471937707,595.006332281,592.166705959,594.871823666,5046225.0
2025-10-10 14:00:00,594.767205854,595.713747961,593.212884077,594.009972168,4725953.0
2025-10-10 14:30:00,594.049826572,594.956514275,593.104480097,593.721027735,2677945.0
2025-10-10 15:00:00,593.711064134,594.179353387,591.429399475,591.82794352,3168110.0
2025-10-10 15:30:00,591.837907122,592.943866847,590.004604514,590.449479304,5052296.0
2025-10-10 16:00:00,590.482857368,591.080673436,586.905924562,587.354286613,14018469.0
2025-10-13 10:00:00,597.497232563,599.061517941,595.056150286,598.971845531,10839558.0
2025-10-13 10:30:00,598.951918328,599.549734396,596.560654057,597.447414558,6287871.0
2025-10-13 11:00:00,597.46734176,598.971845531,595.50869705,595.86290307,4980654.0
2025-10-13 11:30:00,595.88312918,598.902100323,595.564293944,598.708407917,4258897.0
2025-10-13 12:00:00,598.712791901,599.280717166,598.114975833,599.066499741,2658261.0
2025-10-13 12:30:00,599.101372345,600.047914453,598.52348348,599.470025587,3293390.0
2025-10-13 13:00:00,599.479989188,600.575985313,598.961881929,600.386676891,3385260.0
2025-10-13 13:30:00,600.406604093,600.635766919,599.071481542,599.350462374,2882672.0
2025-10-13 14:00:00,599.380353177,599.898460436,598.971945167,599.898460436,1742108.0
2025-10-13 14:30:00,599.888496835,600.536130908,599.75897002,600.4663857,1726017.0
2025-10-13 15:00:00,600.476349301,600.755330133,599.021663536,599.280717166,2229021.0
2025-10-13 15:30:00,599.290680767,600.406604093,598.842318716,599.609516003,2616831.0
2025-10-13 16:00:00,599.609516003,600.476249665,599.460061986,599.818751627,7456282.0
2025-10-14 10:00:00,593.14313887,593.163066072,587.981993484,591.638635099,10144777.0
2025-10-14 10:30:00,591.608744296,595.205604303,591.180309447,595.125895494,5716318.0
2025-10-14 11:00:00,595.115931893,595.643903117,593.870481752,594.348734606,4650931.0
2025-10-14 11:30:00,594.388589011,596.211928018,594.219207792,594.667569842,3612685.0
2025-10-14 12:00:00,594.687497045,597.885813007,594.627715438,597.088724917,5150917.0
2025-10-14 12:30:00,597.108652119,598.832355115,596.072437602,598.682901098,3969913.0
2025-10-14 13:00:00,598.680908378,600.496276503,598.633083092,599.166135753,3797706.0
2025-10-14 13:30:00,599.14122675,600.247186475,598.34912046,599.978169245,3445688.0
2025-10-14 14:00:00,599.998096447,600.177540903,598.862245918,599.300644368,2657428.0
2025-10-14 14:30:00,599.340498772,599.918387638,598.892136722,599.689224812,2364101.0
2025-10-14 15:00:00,599.689224812,599.948278441,598.892136722,599.295662567,2636942.0
2025-10-14 15:30:00,599.290680767,599.968205644,599.131263149,599.350462374,2032310.0
2025-10-14 16:00:00,599.350462374,599.380353177,594.199280589,595.823347574,11529165.0
2025-10-15 10:00:00,601.811471853,602.31961551,599.32057157,602.090452684,7638269.0
2025-10-15 10:30:00,602.130307089,604.461789753,602.080489083,604.182808922,6014577.0
2025-10-15 11:00:00,604.192772523,604.491680557,603.545138449,604.132990916,3645749.0
2025-10-15 11:30:00,604.182808922,604.391944909,602.897504376,603.012683605,2817332.0
2025-10-15 12:00:00,603.017067589,603.176485207,598.837336915,600.237222874,5874103.0
2025-10-15 12:30:00,600.237222874,601.602236229,599.988132846,600.833444766,3789135.0
2025-10-15 13:00:00,600.81511174,601.014383762,599.23089916,599.451393653,2486886.0
2025-10-15 13:30:00,599.450098385,599.49892003,593.76088214,595.783493169,8202672.0
2025-10-15 14:00:00,595.778511368,599.729079216,595.544366742,599.529707558,4073554.0
2025-10-15 14:30:00,599.479989188,599.93831484,598.423847468,599.181081154,2629175.0
2025-10-15 15:00:00,599.210971958,600.795184537,599.05155434,600.645830156,2052272.0
2025-10-15 15:30:00,600.64573052,600.715575364,599.470025587,600.37671329,2199167.0
2025-10-15 16:00:00,600.426531296,600.546094509,598.095048631,600.02798725,6092111.0
2025-10-16 10:00:00,602.907467977,604.810515793,602.459105926,603.311093459,6734805.0
2025-10-16 10:30:00,603.315975623,604.531534961,602.160197892,603.754374073,4706368.0
2025-10-16 11:00:00,603.774301275,606.095820339,603.774301275,604.381084584,4686864.0
2025-10-16 11:30:00,604.43189895,604.950006209,602.279761106,602.74426419,3479039.0
2025-10-16 12:00:00,602.728123157,603.565065652,600.566021711,601.178783181,5293102.0
2025-10-16 12:30:00,601.143910577,601.761653847,598.712791901,598.887154921,4595386.0
2025-10-16 13:00:00,598.88217312,600.267113677,595.464657933,600.137586863,7321839.0
2025-10-16 13:30:00,600.097732458,601.014383762,597.706468187,600.227358909,4408970.0
2025-10-16 14:00:00,600.20035755,600.845002543,597.746322592,598.623119491,2444494.0
2025-10-16 14:30:00,598.593228688,598.772573508,593.780809342,594.627715438,5666380.0
2025-10-16 15:00:00,594.627715438,597.098688518,593.332447291,597.030238578,4922499.0
2025-10-16 15:30:00,597.038906911,597.507196164,594.488225022,595.52443954,3952426.0
2025-10-16 16:00:00,595.52443954,598.144866637,594.866841865,597.806104198,7274849.0
2025-10-17 10:00:00,595.773529568,599.420207581,594.199280589,597.8160678,8910444.0
2025-10-17 10:30:00,597.786176996,601.123983375,596.730035276,599.888496835,6454097.0
2025-10-17 11:00:00,599.878533233,599.993114646,596.022619596,596.391272838,5137287.0
2025-10-17 11:30:00,596.371345636,598.593228688,594.846914663,595.693820759,8587078.0
2025-10-17 12:00:00,595.723711562,599.001736334,594.253084035,598.414581319,5603913.0
2025-10-17 12:30:00,598.43381107,600.983795507,598.413883867,600.805048502,4722560.0
2025-10-17 13:00:00,600.755330133,601.383037004,598.872209519,599.679261211,4150487.0
2025-10-17 13:30:00,599.699188413,599.818751627,597.935631013,598.673037133,2671454.0
2025-10-17 14:00:00,598.692864699,600.735402931,598.055194227,600.512517173,4153819.0
2025-10-17 14:30:00,600.486312902,602.738086758,600.486312902,602.399324319,3502032.0
2025-10-17 15:00:00,602.40928792,602.688268752,601.492636616,601.945980468,2157723.0
2025-10-17 15:30:00,601.921071465,603.306012022,601.921071465,602.63835111,2517421.0
2025-10-17 16:00:00,602.638450746,602.638450746,601.52252742,601.731763044,6631804.0
2025-10-20 10:00:00,604.930079006,607.849414137,604.855351998,607.411015688,7148250.0
2025-10-20 10:30:00,607.43094289,608.915519458,607.201780064,608.87476833,4289534.0
2025-10-20 11:00:00,608.865701453,609.802279959,608.477121009,609.612971537,4041882.0
2025-10-20 11:30:00,609.63289874,609.941770375,609.01515547,609.762425554,2799360.0
2025-10-20 12:00:00,609.802279959,610.350278021,609.224391093,609.677734945,3411657.0
2025-10-20 12:30:00,609.682716745,609.931806774,609.174573088,609.553189931,2442743.0
2025-10-20 13:00:00,609.553189931,609.72257115,609.045046273,609.622935139,1576325.0
2025-10-20 13:30:00,609.612971537,610.489768437,609.553189931,610.141042397,2365677.0
2025-10-20 14:00:00,610.141042397,610.569477246,610.011515583,610.141042397,1559254.0
2025-10-20 14:30:00,610.111151594,610.549550044,610.031442785,610.1609696,1527552.0
2025-10-20 15:00:00,610.170933201,610.205805805,609.453553919,609.931806774,1789492.0
2025-10-20 15:30:00,609.951733976,610.141042397,609.217416573,609.81224356,2272750.0
2025-10-20 16:00:00,609.81224356,610.141042397,609.2841727,609.314063504,5280850.0
2025-10-21 10:00:00,609.413699515,609.493408324,607.32253891,607.809559733,5786868.0
2025-10-21 10:30:00,607.819523334,609.074937076,607.132034856,607.510651699,4605768.0
2025-10-21 11:00:00,607.500688098,609.46351752,607.102144053,609.37384511,3265800.0
2025-10-21 11:30:00,609.383808711,609.493308688,608.029755318,608.814588179,3935966.0
2025-10-21 12:00:00,608.825847048,610.021479184,608.382466798,609.921843172,2808016.0
2025-10-21 12:30:00,609.911879571,610.380168824,609.762425554,610.25064201,2135337.0
2025-10-21 13:00:00,610.262498695,610.491063705,608.830828849,609.01515547,3487338.0
2025-10-21 13:30:00,609.01515547,609.603007936,608.148322171,608.975301065,2766160.0
2025-10-21 14:00:00,608.985264666,609.712607549,608.706283835,609.682716745,1662553.0
2025-10-21 14:30:00,609.682716745,609.971661178,609.124755082,609.732534751,1655863.0
2025-10-21 15:00:00,609.73831364,609.852097965,609.299118102,609.603107572,1331020.0
2025-10-21 15:30:00,609.583080734,609.971661178,609.403735914,609.588062535,1998584.0
2025-10-21 16:00:00,609.583080734,610.200824004,609.025119071,609.154645885,4720061.0
2025-10-22 10:00:00,608.596684222,609.184536689,606.414755211,608.422321202,5779739.0
2025-10-22 10:30:00,608.417339402,608.965337464,605.029715018,605.209059838,4999846.0
2025-10-22 11:00:00,605.219023439,607.580396907,603.425575236,606.382772051,6120319.0
2025-10-22 11:30:00,606.384764771,606.803236019,602.777941162,602.907467977,4344190.0
2025-10-22 12:00:00,602.907467977,605.358513855,602.294706507,604.61124377,4580020.0
2025-10-22 12:30:00,604.661061776,604.860333798,602.429215123,602.93237698,3040115.0
2025-10-22 13:00:00,602.957285983,603.495320444,599.071481542,602.060561881,5547876.0
2025-10-22 13:30:00,602.060561881,602.469069527,599.260789963,600.087768857,3635545.0
2025-10-22 14:00:00,600.047914453,600.486312902,597.55701417,599.200908721,4277315.0
2025-10-22 14:30:00,599.201008357,600.854966144,598.105012232,600.217295672,3290478.0
2025-10-22 15:00:00,600.207332071,601.303328195,599.589588801,601.253510189,3027541.0
2025-10-22 15:30:00,601.223619386,602.678305151,600.446458498,602.478335676,3110316.0
2025-10-22 16:00:00,602.469069527,603.634810859,602.459105926,603.28608482,5185819.0
2025-10-23 10:00:00,602.708195954,606.613927597,602.31961551,606.125711142,5989806.0
2025-10-23 10:30:00,606.165565546,606.524255187,604.302372135,605.821821307,4877411.0
2025-10-23 11:00:00,605.836766709,607.052326047,605.547822276,606.843090423,2772575.0
2025-10-23 11:30:00,606.843090423,606.922799232,605.66738549,606.594000395,1864146.0
2025-10-23 12:00:00,606.6338548,607.470797294,605.189132636,606.953387488,2687955.0
2025-10-23 12:30:00,606.952690036,607.719887323,606.72352721,607.102144053,2119083.0
2025-10-23 13:00:00,607.092180452,608.058649761,607.061592196,608.038722559,1603754.0
2025-10-23 13:30:00,608.058749397,608.188176576,606.843090423,607.261561671,2323759.0
2025-10-23 14:00:00,607.25159807,609.074937076,607.211743665,608.965237828,2505809.0
2025-10-23 14:30:00,608.985264666,609.055009874,608.13835857,608.935446661,2118879.0
2025-10-23 15:00:00,608.93046486,609.144682284,608.387448598,608.875565418,1346594.0
2025-10-23 15:30:00,608.875665054,609.094864279,608.601666023,608.920501259,1858064.0
2025-10-23 16:00:00,608.915519458,608.915519458,607.859377739,608.357557795,5803401.0
2025-10-24 10:00:00,613.747866006,615.28226058,612.890996309,614.724298917,6719973.0
2025-10-24 10:30:00,614.774116923,615.650913822,614.375572878,614.515063293,4790098.0
2025-10-24 11:00:00,614.505099692,615.391860193,612.940814315,613.802665813,4193463.0
2025-10-24 11:30:00,613.797684012,615.591132215,613.51870318,615.361969389,2820424.0
2025-10-24 12:00:00,615.381896592,615.640950221,614.584808501,615.103015396,2753320.0
2025-10-24 12:30:00,615.092952159,616.019567064,615.063061356,615.417367012,1995782.0
2025-10-24 13:00:00,615.421750996,616.019567064,615.033170552,615.750549834,2024658.0
2025-10-24 13:30:00,615.740586232,615.939858255,615.471569002,615.670841024,1746343.0
2025-10-24 14:00:00,615.650913822,616.169021081,615.551277811,615.730622631,1522903.0
2025-10-24 14:30:00,615.72065903,615.850185845,615.374623163,615.63098662,2099823.0
2025-10-24 15:00:00,615.645932022,615.860149446,615.252369777,615.611059418,2094525.0
2025-10-24 15:30:00,615.611059418,616.154075679,615.591132215,615.999639862,2779170.0
2025-10-24 16:00:00,616.014585263,616.039494266,614.505099692,614.853825732,7639886.0
2025-10-27 10:00:00,622.24681777,623.253141484,621.758601315,623.023978658,6383695.0
2025-10-27 10:30:00,623.023978658,623.661649131,622.426162591,623.517176914,4554313.0
2025-10-27 11:00:00,623.512195114,624.060193176,623.113651069,623.263105086,3801869.0
2025-10-27 11:30:00,623.263105086,624.299319603,623.203323479,624.219610794,3158988.0
2025-10-27 12:00:00,624.229574395,624.468700822,624.01037517,624.110011182,2660429.0
2025-10-27 12:30:00,624.129938384,624.548409631,624.030302373,624.35910121,2284081.0
2025-10-27 13:00:00,624.369064811,624.697863648,624.299319603,624.618154839,2028955.0
2025-10-27 13:30:00,624.618154839,624.667972845,624.101542121,624.309283204,2561751.0
2025-10-27 14:00:00,624.319246805,624.97684448,624.199683592,624.922044674,3243370.0
2025-10-27 14:30:00,624.917062873,625.111353095,624.752663454,624.996771682,1575882.0
2025-10-27 15:00:00,625.006735283,625.400297528,624.847317665,625.290697915,2390709.0
2025-10-27 15:30:00,625.285716115,625.325570519,624.787536058,624.936990075,3388320.0
2025-10-27 16:00:00,624.936990075,626.262149026,624.877308105,625.803823374,10290672.0
2025-10-28 10:00:00,628.06556083,629.061920943,627.477708364,628.289741856,6818906.0
2025-10-28 10:30:00,628.364468864,628.611964716,627.607135542,627.896179611,4905014.0
2025-10-28 11:00:00,627.896179611,628.026702786,626.989491908,627.614309335,3019771.0
2025-10-28 11:30:00,627.617198779,628.105415235,627.53748997,627.861307007,1774780.0
2025-10-28 12:00:00,627.856325206,628.23992385,626.959601105,628.234842413,2367274.0
2025-10-28 12:30:00,628.254769616,629.061920943,628.253275075,628.997157536,2645023.0
2025-10-28 13:00:00,628.997157536,630.277480281,628.673340499,629.365810778,5631601.0
2025-10-28 13:30:00,629.360828977,630.128026264,629.251229365,629.834100031,4814250.0
2025-10-28 14:00:00,629.839081831,630.566424714,629.764354823,630.4468615,4062595.0
2025-10-28 14:30:00,630.456825101,631.253913192,630.307371084,631.144313579,3804737.0
2025-10-28 15:00:00,631.144313579,631.483076018,631.034514695,631.473112417,2319853.0
2025-10-28 15:30:00,631.468130616,632.359872917,631.114422776,632.240309704,3517945.0
2025-10-28 16:00:00,632.240309704,632.369836518,630.556461113,630.616242719,8517892.0
2025-10-29 10:00:00,633.276524221,634.516992562,632.99754339,634.516992562,7013943.0
2025-10-29 10:30:00,634.531937964,634.691355582,633.226706216,634.003867104,5532933.0
2025-10-29 11:00:00,634.003867104,634.262920733,632.718562558,633.079244919,3528658.0
2025-10-29 11:30:00,633.107143002,633.525614249,632.569108541,632.952707184,2823376.0
2025-10-29 12:00:00,632.952707184,633.077252199,632.100918924,632.569108541,3084862.0
2025-10-29 12:30:00,632.55914494,632.972634387,631.722202445,632.838125771,3242155.0
2025-10-29 13:00:00,632.838125771,633.236669817,632.608962945,632.957688985,3638584.0
2025-10-29 13:30:00,632.957688985,633.276524221,632.12074649,632.349909316,1459840.0
2025-10-29 14:00:00,632.329982114,633.241651617,632.208027636,632.987579788,2019068.0
2025-10-29 14:30:00,632.987579788,633.734849873,631.752093248,632.778344165,3931158.0
2025-10-29 15:00:00,632.788307766,633.625250261,627.955961218,631.253913192,11606594.0
2025-10-29 15:30:00,631.273840394,632.598999344,629.540173797,631.423294411,6079929.0
2025-10-29 16:00:00,631.443221613,633.655141064,630.387079893,633.455869042,7639864.0
2025-10-30 10:00:00,629.868972635,630.436897899,625.475024536,629.888899837,11300355.0
2025-10-30 10:30:00,629.888899837,631.194131585,627.029346313,627.338217948,6315224.0
2025-10-30 11:00:00,627.328254347,629.221338561,626.371748638,627.269867644,4368069.0
2025-10-30 11:30:00,627.278436341,628.713194904,627.26847274,628.264733217,3762479.0
2025-10-30 12:00:00,628.274796454,628.374432465,626.082804205,626.670656672,3117805.0
2025-10-30 12:30:00,626.690583874,629.201411359,626.541129857,628.862648921,2147804.0
2025-10-30 13:00:00,628.892539724,628.892539724,627.7965436,628.663376898,2202290.0
2025-10-30 13:30:00,628.663376898,628.668956515,626.879892296,628.354505263,2221198.0
2025-10-30 14:00:00,628.364468864,628.703231303,627.607235178,628.522391942,1522195.0
2025-10-30 14:30:00,628.50395928,628.50395928,626.51133869,626.83007429,2211119.0
2025-10-30 15:00:00,626.889855897,627.463360778,626.311967031,626.600911464,2284654.0
2025-10-30 15:30:00,626.590947863,626.710610713,624.047041222,625.116334896,4410782.0
2025-10-30 16:00:00,625.146225699,625.958259191,623.661649131,623.771248743,7452551.0
2025-10-31 10:00:00,631.861692861,631.891583664,629.051957342,629.578533662,6381041.0
2025-10-31 10:30:00,629.570064601,629.868972635,628.553777286,629.629846208,6032056.0
2025-10-31 11:00:00,629.629846208,631.423294411,629.480392191,631.034713967,3728630.0
2025-10-31 11:30:00,631.034713967,631.443221613,630.217698674,630.347225489,3481327.0
2025-10-31 12:00:00,630.347225489,630.835441944,628.254869252,628.294723656,5663099.0
2025-10-31 12:30:00,628.284760055,628.334578061,625.993131795,627.188763931,4787001.0
2025-10-31 13:00:00,627.198727532,627.965924819,625.425206531,625.843677778,3686144.0
2025-10-31 13:30:00,625.833714177,626.082804205,624.509950131,624.907099272,5076173.0
2025-10-31 14:00:00,624.917062873,626.610875065,624.408919215,625.789774696,3959741.0
2025-10-31 14:30:00,625.823750576,627.457781161,625.754005368,627.318290745,2874318.0
2025-10-31 15:00:00,627.328254347,627.617198779,626.401639441,627.417926757,2983380.0
2025-10-31 15:30:00,627.412944956,629.380756179,627.019382712,629.151593353,3328079.0
2025-10-31 16:00:00,629.156575154,629.938717843,626.750365481,626.780256284,9293885.0
2025-11-03 10:00:00,632.798271367,633.505687047,630.028390253,630.456825101,5486425.0
2025-11-03 10:30:00,630.516606708,630.895223551,627.985852021,628.234842413,3871520.0
2025-11-03 11:00:00,628.234942049,629.878936236,627.557417173,629.311010971,3283703.0
2025-11-03 11:30:00,629.320974573,629.64977341,628.264832853,628.399341468,2152764.0
2025-11-03 12:00:00,628.394359667,630.207735073,628.210033047,630.00348125,2454315.0
2025-11-03 12:30:00,630.028390253,630.616242719,629.171520556,629.599955404,2175147.0
2025-11-03 13:00:00,629.609919005,630.984895961,629.575046401,630.765696736,1715328.0
2025-11-03 13:30:00,630.760714936,631.004823164,630.4418797,630.526570309,1351924.0
2025-11-03 14:00:00,630.526570309,631.114422776,630.157917067,630.262534879,1497623.0
2025-11-03 14:30:00,630.252571278,630.506643107,629.261192966,629.450501387,1635948.0
2025-11-03 15:00:00,629.440537786,630.17784427,628.738701723,629.962132305,1570030.0
2025-11-03 15:30:00,629.978572247,630.157917067,629.281120168,629.540173797,1404578.0
2025-11-03 16:00:00,629.570064601,629.839081831,628.891045184,629.779300225,3815659.0
2025-11-04 10:00:00,621.01133123,624.388992013,619.106988146,620.714415916,9009117.0
2025-11-04 10:30:00,624.219610794,624.667972845,623.063833063,623.950593563,4484718.0
2025-11-04 11:00:00,623.940629962,624.568336834,621.53940209,622.137218158,3468199.0
2025-11-04 11:30:00,622.137218158,622.934306248,620.92165882,621.706790589,3005125.0
2025-11-04 12:00:00,621.71874691,622.306599377,620.562969179,621.330266102,2493246.0
2025-11-04 12:30:00,621.330166466,621.36503907,618.629930924,620.264061145,3830522.0
2025-11-04 13:00:00,620.269042946,620.682532393,619.098319813,619.50682746,2388432.0
2025-11-04 13:30:00,619.50682746,619.576572667,617.892724076,618.224213086,3086032.0
2025-11-04 14:00:00,618.221522914,619.636354274,617.653597649,619.267701032,3321956.0
2025-11-04 14:30:00,619.237810229,619.706099482,618.560285352,619.038538206,1977964.0
2025-11-04 15:00:00,619.038538206,619.15810142,616.976072772,617.713379256,3557676.0
2025-11-04 15:30:00,617.713379256,618.520430948,617.125526789,618.042178093,2630228.0
2025-11-04 16:00:00,618.062105296,618.570248953,616.203893685,616.995999975,10638420.0
2025-11-05 10:00:00,616.238766289,619.8655171,614.963425344,619.716063083,7377188.0
2025-11-05 10:30:00,619.676208679,620.473296769,618.082032498,619.77584469,5640289.0
2025-11-05 11:00:00,619.77584469,620.92165882,619.437082252,620.543041977,3278929.0
2025-11-05 11:30:00,620.553005578,621.19067605,619.06842901,621.081076438,3559725.0
2025-11-05 12:00:00,621.081076438,622.15714536,620.732350399,621.828346523,2390447.0
2025-11-05 12:30:00,621.818382922,622.366380984,621.021294831,622.177072562,1717199.0
2025-11-05 13:00:00,622.177072562,623.133578271,622.087400152,622.744997827,1728966.0
2025-11-05 13:30:00,622.744997827,623.268086886,622.565653006,623.153505473,1219066.0
2025-11-05 14:00:00,623.143541872,624.199683592,623.03892406,624.020338771,1652649.0
2025-11-05 14:30:00,624.01037517,624.110011182,623.014015057,623.731394339,2111960.0
2025-11-05 15:00:00,623.736376139,624.289356002,623.671612732,623.970520766,1918878.0
2025-11-05 15:30:00,623.980484367,624.319246805,623.133578271,623.267887614,2590835.0
2025-11-05 16:00:00,623.268086886,623.273068687,620.792132005,621.01133123,7802823.0
2025-11-06 10:00:00,619.526754662,619.77584469,615.561241412,615.655895623,7649907.0
2025-11-06 10:30:00,615.640950221,616.42807471,613.060377528,615.471569002,8178370.0
2025-11-06 11:00:00,615.481532603,615.670841024,610.300460015,610.599368049,7080229.0
2025-11-06 11:30:00,610.579440847,612.223435033,609.981624779,611.336674533,5351920.0
2025-11-06 12:00:00,611.30678373,611.316747331,608.148322171,608.616611424,5578308.0
2025-11-06 12:30:00,608.616611424,610.738858465,608.078576963,609.224391093,4039946.0
2025-11-06 13:00:00,609.19450029,611.914563398,608.855737852,611.456237746,5474972.0
2025-11-06 13:30:00,611.456237746,611.725254977,608.766065441,611.127438909,3301870.0
2025-11-06 14:00:00,611.107511707,612.253325837,610.738858465,611.247002123,2597933.0
2025-11-06 14:30:00,611.237038522,613.857465619,611.0477301,613.708111238,3335931.0
2025-11-06 15:00:00,613.708011602,613.887356422,611.874708994,613.060377528,2672665.0
2025-11-06 15:30:00,613.040450326,613.299503956,611.735218578,611.834854589,1964587.0
2025-11-06 16:00:00,611.824890988,612.243362236,608.725015405,609.443590318,8844725.0
2025-11-07 10:00:00,606.095820339,606.115747541,601.482673015,603.873937287,11019928.0
2025-11-07 10:30:00,603.704556067,604.581352967,600.655694122,602.748050359,6647086.0
2025-11-07 11:00:00,602.728123157,603.036994792,599.220935559,599.23089916,6299895.0
2025-11-07 11:30:00,599.220935559,600.147550464,597.975485418,598.563337884,5850635.0
2025-11-07 12:00:00,598.563337884,599.210971958,596.710108074,597.397596552,5302942.0
2025-11-07 12:30:00,597.387632951,600.217295672,596.490908849,599.460061986,5087645.0
2025-11-07 13:00:00,599.415225781,600.097732458,597.676577384,599.719115615,3684139.0
2025-11-07 13:30:00,599.729079216,601.657036035,599.255808163,601.582309027,4177863.0
2025-11-07 14:00:00,601.602236229,602.429215123,600.077805256,601.671981437,3933771.0
2025-11-07 14:30:00,601.681945038,602.678305151,601.163837779,602.389360718,3020472.0
2025-11-07 15:00:00,602.389360718,606.364837569,602.389360718,606.305055962,6192763.0
2025-11-07 15:30:00,606.295092361,606.594000395,604.132990916,604.8702974,5692591.0
2025-11-07 16:00:00,604.885242801,607.729850924,604.860333798,607.5206153,8324466.0
2025-11-10 10:00:00,616.667201137,619.50682746,616.308511497,619.028574605,8371871.0
2025-11-10 10:30:00,619.018611004,619.77584469,618.430758537,619.197955824,4616360.0
2025-11-10 11:00:00,619.217883027,619.716063083,616.178984682,616.318475098,5017858.0
2025-11-10 11:30:00,616.3384023,616.68712834,615.122842962,615.362069025,4680512.0
2025-11-10 12:00:00,615.361969389,616.378256705,614.644590108,616.318475098,2840153.0
2025-11-10 12:30:00,616.318475098,617.613743245,615.989676261,616.98613601,2657229.0
2025-11-10 13:00:00,617.025890778,619.287628235,617.025890778,619.000676522,2905136.0
2025-11-10 13:30:00,619.018611004,619.546681864,618.851521413,618.938902195,1926831.0
2025-11-10 14:00:00,618.958829397,620.150077548,618.958829397,619.287628235,2292956.0
2025-11-10 14:30:00,619.297591836,620.493223971,619.178028622,620.254097544,2779343.0
2025-11-10 15:00:00,620.264061145,620.981440427,620.014971117,620.629725307,2457052.0
2025-11-10 15:30:00,620.632714387,621.280348461,620.503187573,620.817041008,3053686.0
2025-11-10 16:00:00,620.812059208,622.037582147,620.543041977,620.961513224,7443887.0
2025-11-11 10:00:00,618.311195324,619.307555437,617.225162801,618.819338982,5876966.0
2025-11-11 10:30:00,618.799411779,618.859193386,616.567565126,616.86647316,3681771.0
2025-11-11 11:00:00,616.886400362,617.035854379,615.441678198,616.079348671,3545538.0
2025-11-11 11:30:00,616.06938507,617.972432885,615.939858255,616.059421469,2591335.0
2025-11-11 12:00:00,616.079348671,616.707055542,615.272296979,616.009603463,2855753.0
2025-11-11 12:30:00,616.009603463,618.091996099,615.939858255,617.294908009,2595170.0
2025-11-11 13:00:00,617.324798812,618.918974993,617.245090003,618.610103358,1859515.0
2025-11-11 13:30:00,618.590176156,619.895407904,618.420794936,619.187892587,2476991.0
2025-11-11 14:00:00,619.187992223,620.453369567,618.341086127,620.323842752,2702768.0
2025-11-11 14:30:00,620.323842752,620.333806353,619.138174218,619.666245078,2067966.0
2025-11-11 15:00:00,619.666245078,620.024934718,619.257737431,619.676208679,1622955.0
2025-11-11 15:30:00,619.69115408,620.124271822,619.317519038,619.576572667,2327211.0
2025-11-11 16:00:00,619.576572667,620.333806353,618.63003056,619.307555437,5804336.0
2025-11-12 10:00:00,622.565653006,622.585580209,617.344726014,618.091996099,6797624.0
2025-11-12 10:30:00,618.1019597,619.696135881,617.633670447,618.550321751,4239298.0
2025-11-12 11:00:00,618.560285352,618.769520976,616.587492328,617.185308396,4021222.0
2025-11-12 11:30:00,617.195271997,617.942542082,615.730622631,617.773160863,3464366.0
2025-11-12 12:00:00,617.783124464,618.400867734,615.561241412,616.59745593,3079103.0
2025-11-12 12:30:00,616.587492328,617.643634048,616.308511497,617.175344795,2172495.0
2025-11-12 13:00:00,617.155417593,618.899047791,617.057774302,618.45068574,2344933.0
2025-11-12 13:30:00,618.460649341,618.918974993,617.842906071,618.485558344,2125074.0
2025-11-12 14:00:00,618.470712578,619.143156018,617.942542082,618.550421387,4072575.0
2025-11-12 14:30:00,618.560285352,618.830797123,617.459307427,617.763197262,1727115.0
2025-11-12 15:00:00,617.773160863,618.281304521,617.105599587,617.783124464,1901542.0
2025-11-12 15:30:00,617.753233661,618.351049728,616.906327565,618.281304521,2155179.0
2025-11-12 16:00:00,618.291268122,619.437082252,618.032214492,618.819338982,5253584.0
2025-11-13 10:00:00,615.292224182,615.870113047,610.60933165,613.010559523,7042326.0
2025-11-13 10:30:00,613.030486725,615.790404238,611.635582567,613.07034113,5259906.0
2025-11-13 11:00:00,613.080304731,613.110195534,608.57675702,610.061433224,6119948.0
2025-11-13 11:30:00,610.071297189,610.539586443,608.198140177,609.234354694,4301224.0
2025-11-13 12:00:00,609.224391093,610.180896802,607.660105716,608.457193806,4548744.0
2025-11-13 12:30:00,608.387448598,609.782352757,607.460833693,609.443590318,4389398.0
2025-11-13 13:00:00,609.413699515,609.951733976,606.833126822,607.102144053,3241444.0
2025-11-13 13:30:00,607.151962058,607.77966893,605.298732248,605.597640282,3716429.0
2025-11-13 14:00:00,605.587676681,605.737130698,604.113063714,605.527895074,4072704.0
2025-11-13 14:30:00,605.507967872,606.853054024,604.252554129,606.763381614,4017260.0
2025-11-13 15:00:00,606.763381614,607.032398845,603.873937287,605.119387428,3790331.0
2025-11-13 15:30:00,605.109423827,605.767021501,604.192772523,605.57771308,3966833.0
2025-11-13 16:00:00,605.587676681,607.311379676,604.621207371,606.185492749,10713703.0
2025-11-14 10:00:00,597.367705749,603.345866427,594.99636868,602.957285983,14208024.0
2025-11-14 10:30:00,602.93735878,604.720843383,600.735402931,604.272481332,8271389.0
2025-11-14 11:00:00,604.312335736,608.347594194,603.515247646,607.510651699,7254874.0
2025-11-14 11:30:00,607.510651699,610.509695639,605.219023439,609.852097965,4455515.0
2025-11-14 12:00:00,609.891952369,610.479804836,608.327666992,610.041406386,4384579.0
2025-11-14 12:30:00,610.001551981,611.117475308,609.403735914,610.390132426,3456859.0
2025-11-14 13:00:00,610.400096027,610.898276083,607.919159345,608.950392062,3695787.0
2025-11-14 13:30:00,608.925483059,609.453553919,606.972617238,608.04868616,4298694.0
2025-11-14 14:00:00,608.04868616,608.795956245,606.165565546,608.188176576,3669881.0
2025-11-14 14:30:00,608.198140177,609.378826911,607.042362446,608.950392062,2807202.0
2025-11-14 15:00:00,608.945410262,609.881988768,608.467157407,609.555182651,2635326.0
2025-11-14 15:30:00,609.573117133,610.111151594,607.032398845,607.460833693,3440024.0
2025-11-14 16:00:00,607.450870092,607.988904553,605.767021501,606.643818401,9164876.0
2025-11-17 10:00:00,604.093136511,610.25064201,603.036994792,608.945410262,7454983.0
2025-11-17 10:30:00,608.935446661,609.353917908,605.468113467,607.460833693,5259599.0
2025-11-17 11:00:00,607.43094289,607.889268542,605.547822276,606.10578394,4448368.0
2025-11-17 11:30:00,606.085856737,606.46447358,602.837722769,605.832781269,4444456.0
2025-11-17 12:00:00,605.84673031,608.955373863,605.717203496,608.855737852,3979140.0
2025-11-17 12:30:00,608.84577425,608.915519458,607.092180452,607.729850924,2521777.0
2025-11-17 13:00:00,607.739814525,608.088540565,604.083073274,604.162881719,2763571.0
2025-11-17 13:30:00,604.162881719,604.510412127,603.056921994,603.714519668,3514228.0
2025-11-17 14:00:00,603.674665264,605.388404658,601.422891409,601.61219983,3250733.0
2025-11-17 14:30:00,601.632127032,602.030671077,599.918387638,600.934674953,3727056.0
2025-11-17 15:00:00,600.934674953,601.358128001,598.215907113,598.273496727,3650478.0
2025-11-17 15:30:00,598.254466249,599.609516003,597.686540985,599.05155434,4893363.0
2025-11-17 16:00:00,599.041590738,601.542454622,598.374029463,601.462745813,8966155.0
2025-11-18 10:00:00,597.437450957,600.117659661,592.634995212,592.694776819,13039747.0
2025-11-18 10:30:00,592.664886015,594.747278651,590.433039362,593.212884077,10581255.0
2025-11-18 11:00:00,593.212884077,594.318843803,590.637293185,591.12052784,7959223.0
2025-11-18 11:30:00,591.130491441,596.147264246,589.187589221,595.693820759,6845181.0
2025-11-18 12:00:00,595.693820759,596.969161703,594.976441477,595.803420371,4698222.0
2025-11-18 12:30:00,595.783493169,596.75992608,592.79740191,592.962996961,3935937.0
2025-11-18 13:00:00,592.913976044,598.941954727,591.937543133,598.214611845,5353321.0
2025-11-18 13:30:00,598.229557246,599.161153952,597.487268962,597.616795777,3179877.0
2025-11-18 14:00:00,597.616795777,599.440134784,596.75992608,597.168533362,3049808.0
2025-11-18 14:30:00,597.168433726,598.732719103,596.788820523,597.218251732,2617679.0
2025-11-18 15:00:00,597.248142535,599.599552402,596.610472063,598.772573508,2948678.0
2025-11-18 15:30:00,598.782537109,599.250826362,595.663929955,596.809744085,3862883.0
2025-11-18 16:00:00,596.809744085,597.168433726,594.019935769,594.139498983,8215112.0
2025-11-19 10:00:00,594.896732668,601.881217061,593.970117763,601.70187224,7713320.0
2025-11-19 10:30:00,601.691908639,603.953646096,601.373073403,603.156458369,8279031.0
2025-11-19 11:00:00,603.156558005,603.515247646,598.194684642,598.727737303,6306402.0
2025-11-19 11:30:00,598.717773702,599.121299548,596.092364804,597.228215333,6223196.0
2025-11-19 12:00:00,597.228215333,597.626759378,595.813383972,597.417523754,3996862.0
2025-11-19 12:30:00,597.417523754,597.55701417,594.179353387,595.394912725,3910868.0
2025-11-19 13:00:00,595.35505832,596.012655995,592.425759588,595.464657933,4868277.0
2025-11-19 13:30:00,595.444730731,596.730035276,594.508152224,594.602806435,3557105.0
2025-11-19 14:00:00,594.567933831,597.447414558,594.319740527,596.749962479,3027594.0
2025-11-19 14:30:00,596.690180872,597.038906911,594.089680977,594.46829782,3353348.0
2025-11-19 15:00:00,594.46829782,597.033925111,593.930263359,596.032583197,3179816.0
2025-11-19 15:30:00,596.022619596,599.559697997,595.70378436,598.732719103,3890224.0
2025-11-19 16:00:00,598.747664505,600.147450828,596.720171311,597.686540985,6223747.0
2025-11-20 10:00:00,609.393772313,611.326810568,607.809559733,610.928166887,10639607.0
2025-11-20 10:30:00,610.95805769,611.555873758,608.118431368,610.549550044,6610314.0
2025-11-20 11:00:00,610.559513645,611.795000185,608.128394969,608.257921784,5708321.0
2025-11-20 11:30:00,608.267885385,608.307739789,601.632127032,602.090452684,10336369.0
2025-11-20 12:00:00,602.100416285,602.628487145,592.575213605,593.596482721,12251626.0
2025-11-20 12:30:00,593.581537319,595.733675163,588.779081575,591.090637037,11519848.0
2025-11-20 13:00:00,591.040819031,592.336087178,587.68308545,589.779825672,10151952.0
2025-11-20 13:30:00,589.785405289,594.717487484,589.058062406,592.326123577,9374320.0
2025-11-20 14:00:00,592.296232773,592.864158038,585.959382455,587.015524175,6147486.0
2025-11-20 14:30:00,586.985633371,589.227443625,585.202148769,588.629627558,6095287.0
2025-11-20 15:00:00,588.619663957,589.944822907,586.53727132,589.825259693,4812981.0
2025-11-20 15:30:00,589.805332491,589.805332491,586.078945668,587.284541405,4724071.0
2025-11-20 16:00:00,587.284541405,587.752830658,582.621576076,583.53822738,9753523.0
2025-11-21 10:00:00,585.331675584,587.623303844,582.890593307,584.755779438,11935675.0
2025-11-21 10:30:00,584.77371392,585.959382455,581.047327098,581.475761946,10485228.0
2025-11-21 11:00:00,581.485725547,582.970302116,578.626172023,580.917800283,9257395.0
2025-11-21 11:30:00,580.897873081,584.708950513,578.835407647,584.644187106,6285965.0
2025-11-21 12:00:00,584.634223505,589.462186068,583.807244611,589.436679249,9382367.0
2025-11-21 12:30:00,589.436679249,589.899986702,587.812612265,589.08795321,4892320.0
2025-11-21 13:00:00,589.077989608,590.452966564,588.450282737,588.858790384,3727319.0
2025-11-21 13:30:00,588.888681187,589.127807614,585.321711982,586.79632495,4085151.0
2025-11-21 14:00:00,586.79632495,593.860518151,586.417708107,591.887725127,6463689.0
2025-11-21 14:30:00,591.917615931,594.807060258,591.758198312,594.408516213,4842817.0
2025-11-21 15:00:00,594.408516213,594.727351449,590.702056593,591.479217481,4709265.0
2025-11-21 15:30:00,591.46925388,592.395868785,589.79536889,589.815296092,3802506.0
2025-11-21 16:00:00,589.775441688,591.364636068,587.294505006,587.922211877,11287133.0
2025-11-24 10:00:00,593.113248066,597.875849406,592.993684853,597.009016108,8893561.0
2025-11-24 10:30:00,597.009016108,599.071481542,596.510836051,598.334175058,6069460.0
2025-11-24 11:00:00,598.309266055,600.187205596,597.636722979,599.280717166,4210931.0
2025-11-24 11:30:00,599.294666207,601.760956395,599.285698966,601.353146201,4032004.0
2025-11-24 12:00:00,601.323255397,601.950962268,600.605876116,600.90478415,2917938.0
2025-11-24 12:30:00,600.90478415,602.010743875,600.486312902,601.821435454,2343741.0
2025-11-24 13:00:00,601.811471853,603.166521606,601.761653847,602.698232353,2823005.0
2025-11-24 13:30:00,602.698232353,603.495320444,602.698232353,602.957285983,2521517.0
2025-11-24 14:00:00,602.947322381,603.20139421,602.538814735,602.837722769,2069971.0
2025-11-24 14:30:00,602.807831966,603.684628865,602.777941162,603.002122188,2077590.0
2025-11-24 15:00:00,603.02703119,603.126667202,602.040634679,602.528851134,2695749.0
2025-11-24 15:30:00,602.528851134,603.704556067,602.518887533,603.086812797,2692194.0
2025-11-24 16:00:00,603.066885595,604.471753354,602.857649971,602.957285983,9747992.0
2025-11-25 10:00:00,601.313291796,601.871253459,595.145822697,600.326895284,10622832.0
2025-11-25 10:30:00,600.386676891,600.496276503,596.421163641,599.470623403,6882306.0
2025-11-25 11:00:00,599.470025587,601.70187224,599.021763172,600.366749689,4342776.0
2025-11-25 11:30:00,600.346822487,601.911107864,599.310607969,601.223619386,3171903.0
2025-11-25 12:00:00,601.213655785,602.648414348,600.90478415,602.31961551,2539133.0
2025-11-25 12:30:00,602.309651909,605.159241832,602.200052297,604.531534961,3972022.0
2025-11-25 13:00:00,604.531534961,606.205419951,604.17284532,604.402008146,3394160.0
2025-11-25 13:30:00,604.421935349,605.31367765,604.332262939,605.308695849,2049357.0
2025-11-25 14:00:00,605.31367765,605.956329923,604.780624989,605.328623052,1491208.0
2025-11-25 14:30:00,605.328623052,605.567749479,603.664701663,604.312435372,2068649.0
2025-11-25 15:00:00,604.352190141,605.238950641,603.256194016,605.089496624,3483914.0
2025-11-25 15:30:00,605.099460226,606.036038732,605.069569422,605.911493718,2466573.0
2025-11-25 16:00:00,605.916475518,608.038822195,605.895253048,606.673709204,6922199.0
2025-11-26 10:00:00,610.280532813,611.66547337,608.656465829,608.935446661,5778801.0
2025-11-26 10:30:00,608.925483059,610.290496414,608.168249374,609.493408324,4140743.0
2025-11-26 11:00:00,609.563153532,611.446274145,609.553189931,611.376528937,2560585.0
2025-11-26 11:30:00,611.376528937,613.07034113,611.266929325,612.691823923,3125263.0
2025-11-26 12:00:00,612.731578691,613.947138029,612.352961848,613.438994371,2455295.0
2025-11-26 12:30:00,613.448957972,613.596618541,612.442634258,613.065359329,2672966.0
2025-11-26 13:00:00,613.07034113,613.817611214,612.930850714,613.070440766,1694164.0
2025-11-26 13:30:00,613.080304731,613.588448388,611.715291376,613.279576753,2596119.0
2025-11-26 14:00:00,613.284558554,613.309467557,611.814927387,612.532306669,1593906.0
2025-11-26 14:30:00,612.532306669,613.279576753,612.083944618,613.229758748,1459171.0
2025-11-26 15:00:00,613.239722349,613.478848776,612.352961848,612.920887113,2040560.0
2025-11-26 15:30:00,612.930850714,613.608375591,612.602051876,613.269712788,1902282.0
2025-11-26 16:00:00,613.269613152,613.389176366,612.01419941,612.034126612,6987758.0
2025-11-28 10:00:00,613.86742922,615.332078586,613.177350206,614.066701243,4068355.0
2025-11-28 10:30:00,614.066701243,614.893680136,613.668157197,614.066701243,2479399.0
2025-11-28 11:00:00,614.066701243,615.322114985,613.842520217,615.048115954,1962932.0
2025-11-28 11:30:00,615.053097754,615.690768227,614.036810439,614.525026895,2160407.0
2025-11-28 12:00:00,614.534990496,615.581168614,614.176300855,615.431714597,2119318.0
2025-11-28 12:30:00,615.421750996,615.750549834,614.918589139,615.272296979,2174994.0
2025-11-28 13:00:00,615.272296979,617.065745183,614.66451731,616.995999975,5207192.0
2025-12-01 10:00:00,611.39645614,614.385536479,610.290496414,614.036810439,6900649.0
2025-12-01 10:30:00,614.036810439,614.606030972,612.691724287,613.050413927,4546117.0
2025-12-01 11:00:00,613.07034113,615.360674121,611.713996108,615.190794722,3196328.0
2025-12-01 11:30:00,615.182624569,615.322114985,613.040450326,614.435354484,2168521.0
2025-12-01 12:00:00,614.435354484,616.109239474,614.415427282,615.710695429,1791850.0
2025-12-01 12:30:00,615.740586232,616.497819918,615.232442575,616.17228416,2066311.0
2025-12-01 13:00:00,616.169021081,617.185408032,615.880076648,616.099275873,1630129.0
2025-12-01 13:30:00,616.099275873,616.906327565,616.019567064,616.398084271,1177652.0
2025-12-01 14:00:00,616.42807471,617.105599587,616.348365901,616.961127371,1415310.0
2025-12-01 14:30:00,616.95614557,616.991018174,614.674281639,614.774116923,2085677.0
2025-12-01 15:00:00,614.784080524,615.252369777,613.819603935,614.265973265,2613723.0
2025-12-01 15:30:00,614.270058342,615.222478974,614.096592046,614.901750653,1568147.0
2025-12-01 16:00:00,614.92357094,615.411787395,614.056737641,614.92357094,6182606.0
2025-12-02 10:00:00,617.205235598,620.100159907,616.726982744,619.726026684,7328574.0
2025-12-02 10:30:00,619.735990286,621.071112837,618.9787566,619.134487685,4932496.0
2025-12-02 11:00:00,619.128210617,621.479620483,618.141814105,620.931622421,4532020.0
2025-12-02 11:30:00,620.951549623,621.310239264,616.019567064,616.42807471,6399516.0
2025-12-02 12:00:00,616.408147508,618.231486515,615.342042187,617.613743245,4541888.0
2025-12-02 12:30:00,617.603779644,620.139516131,617.494180031,619.925298707,2728687.0
2025-12-02 13:00:00,619.925298707,620.363697157,617.529550815,617.529550815,2341512.0
2025-12-02 13:30:00,617.524070835,619.466973055,617.319817011,618.918974993,2695743.0
2025-12-02 14:00:00,618.918974993,619.496764222,618.121886902,619.257737431,2144683.0
2025-12-02 14:30:00,619.227846628,620.054825522,618.938902195,619.457009454,2195096.0
2025-12-02 15:00:00,619.457009454,620.841950011,619.307555437,620.602823584,2339271.0
2025-12-02 15:30:00,620.612787185,620.742314,620.159443334,620.617768986,2081053.0
2025-12-02 16:00:00,620.622750786,620.951549623,619.59649987,619.735990286,5867823.0
2025-12-03 10:00:00,617.364653217,618.390904133,615.780440637,617.414471222,6334275.0
2025-12-03 10:30:00,617.48421643,619.267701032,617.125526789,618.151777706,4291325.0
2025-12-03 11:00:00,618.131850504,620.014971117,617.494180031,619.003665602,5464596.0
2025-12-03 11:30:00,618.998683802,619.875480701,618.002323689,619.078392611,2870698.0
2025-12-03 12:00:00,619.098319813,620.38860616,618.211559313,618.938902195,3044974.0
2025-12-03 12:30:00,618.948865796,620.652641589,618.819338982,620.363697157,2913686.0
2025-12-03 13:00:00,620.363697157,620.772204803,619.845589898,620.503187573,1458893.0
2025-12-03 13:30:00,620.493223971,620.812059208,620.084716325,620.543041977,1808687.0
2025-12-03 14:00:00,620.553005578,621.200639652,620.443405966,620.602823584,1861005.0
2025-12-03 14:30:00,620.582896382,621.27038486,620.518132974,621.081076438,1734067.0
2025-12-03 15:00:00,621.071112837,621.639038101,620.891768017,621.579256495,2061405.0
2025-12-03 15:30:00,621.579256495,621.947909736,621.335148267,621.881053973,2250473.0
2025-12-03 16:00:00,621.878164528,621.88812813,620.841950011,621.250457657,5498865.0
2025-12-04 10:00:00,622.655325417,622.665289018,618.530394549,618.948865796,7365364.0
2025-12-04 10:30:00,618.899047791,619.909755489,618.062105296,619.735990286,4748179.0
2025-12-04 11:00:00,619.755917488,620.92165882,619.172449006,619.237810229,3219366.0
2025-12-04 11:30:00,619.237810229,619.910054397,617.703415655,619.556645465,3864999.0
2025-12-04 12:00:00,619.546681864,621.165767048,619.118247015,620.961513224,2952808.0
2025-12-04 12:30:00,620.961513224,621.200639652,619.915335106,620.00490788,2364900.0
2025-12-04 13:00:00,620.005007516,620.56795098,619.646317875,620.403551561,2077765.0
2025-12-04 13:30:00,620.39358796,620.612787185,619.367337044,620.498205772,1622650.0
2025-12-04 14:00:00,620.493223971,620.752277601,619.805735493,620.074752724,1636742.0
2025-12-04 14:30:00,620.064789123,620.263961509,617.284944408,618.335307239,3434095.0
2025-12-04 15:00:00,618.341086127,620.224206741,618.151777706,619.696135881,2883976.0
2025-12-04 15:30:00,619.68617228,619.805735493,618.779484577,619.058465409,2257251.0
2025-12-04 16:00:00,619.078093703,620.742314,619.008647403,620.672568792,4871295.0
2025-12-05 10:00:00,622.107327354,625.086444092,621.967836939,624.797400024,8127341.0
2025-12-05 10:30:00,624.79749966,626.630802267,624.229574395,625.893495784,4907323.0
2025-12-05 11:00:00,625.893495784,626.47636645,623.014015057,623.661649131,5052729.0
2025-12-05 11:30:00,623.65168553,624.249501597,622.226890568,622.56555337,4996808.0
2025-12-05 12:00:00,622.565653006,624.080120378,621.439766079,623.312923091,3849823.0
2025-12-05 12:30:00,623.30295949,623.522158715,622.346453782,622.485944197,2835956.0
2025-12-05 13:00:00,622.495907799,623.581940322,621.748637714,623.332850293,2769328.0
2025-12-05 13:30:00,623.322886692,623.74135794,622.59554381,623.671612732,2666944.0
2025-12-05 14:00:00,623.667428019,624.01037517,623.109167448,623.253141484,1959995.0
2025-12-05 14:30:00,623.263105086,623.601867524,622.784752595,623.143541872,2088263.0
2025-12-05 15:00:00,623.153505473,623.661649131,622.675252619,623.504024961,1740480.0
2025-12-05 15:30:00,623.512195114,623.571976721,622.894451844,623.223250681,1865002.0
2025-12-05 16:00:00,623.21328708,623.557031319,622.047545748,623.203323479,5721421.0
2025-12-08 10:00:00,624.927026474,626.551093458,623.223250681,623.751321541,6064673.0
2025-12-08 10:30:00,623.74135794,624.558373232,621.668928905,622.715107023,3760889.0
2025-12-08 11:00:00,622.715107023,623.273068687,621.469656882,621.788492118,2861535.0
2025-12-08 11:30:00,621.788492118,621.987764141,620.931622421,621.798455719,3378448.0
2025-12-08 12:00:00,621.788492118,621.97780054,621.031258432,621.230530455,2036081.0
2025-12-08 12:30:00,621.230530455,621.399911674,620.104643527,620.696481434,2171634.0
2025-12-08 13:00:00,620.697477795,622.456053394,620.571139332,622.216926967,2195805.0
2025-12-08 13:30:00,622.216926967,622.59554381,620.961513224,621.001367629,2657231.0
2025-12-08 14:00:00,620.961513224,621.27038486,619.42711865,620.084716325,2529891.0
2025-12-08 14:30:00,620.094679926,620.493223971,619.486900257,620.220022028,2183101.0
2025-12-08 15:00:00,620.21424314,620.792132005,619.925298707,620.074752724,1792304.0
2025-12-08 15:30:00,620.074752724,620.662605191,619.825662696,620.622750786,1764103.0
2025-12-08 16:00:00,620.632714387,622.007691343,620.014971117,622.007691343,5673160.0
2025-12-09 10:00:00,620.742314,621.599183697,618.739630173,621.041222034,5530786.0
2025-12-09 10:30:00,621.081076438,622.007691343,620.732350399,621.698819708,2586883.0
2025-12-09 11:00:00,621.728710512,622.396271787,621.210603253,622.371362784,2629053.0
2025-12-09 11:30:00,622.356417383,622.989604235,622.24681777,622.5058714,2372938.0
2025-12-09 12:00:00,622.515835001,623.108669268,621.997727742,622.94925165,2715457.0
2025-12-09 12:30:00,622.95423345,623.532122316,622.5058714,622.934306248,2631451.0
2025-12-09 13:00:00,622.944269849,623.193359878,622.5058714,623.163469074,1905426.0
2025-12-09 13:30:00,623.153505473,623.502231513,622.844633838,623.362741097,1456859.0
2025-12-09 14:00:00,623.362741097,623.591903923,622.535662567,623.263105086,2122946.0
2025-12-09 14:30:00,623.273068687,623.322886692,622.695179821,623.004051456,1683778.0
2025-12-09 15:00:00,623.009033257,623.153505473,622.356417383,622.814743035,1955835.0
2025-12-09 15:30:00,622.814743035,623.083760265,622.615471012,622.705143422,1498976.0
2025-12-09 16:00:00,622.68521622,623.273068687,622.446089793,622.77488863,5254687.0
2025-12-10 10:00:00,621.579256495,622.177072562,619.656281476,621.180712449,4933094.0
2025-12-10 10:30:00,621.160785247,621.788492118,620.57293278,621.290312062,2355651.0
2025-12-10 11:00:00,621.290312062,621.44972968,619.257737431,619.636354274,3301406.0
2025-12-10 11:30:00,619.646317875,621.667733273,618.729666571,621.569292893,3031044.0
2025-12-10 12:00:00,621.549365691,621.818084014,620.672568792,621.649001702,2177783.0
2025-12-10 12:30:00,621.639038101,621.768564916,620.812059208,621.01133123,1684216.0
2025-12-10 13:00:00,620.981440427,622.396271787,620.860183401,621.987764141,1820805.0
2025-12-10 13:30:00,621.987764141,622.047545748,620.343769954,620.604716668,1492954.0
2025-12-10 14:00:00,620.592859983,621.200639652,620.323842752,620.861877213,1821296.0
2025-12-10 14:30:00,620.846931811,623.83103035,620.602823584,622.06747295,6243234.0
2025-12-10 15:00:00,622.087400152,626.082804205,620.732350399,625.853641379,9428899.0
2025-12-10 15:30:00,625.843677778,626.9197467,624.946953676,626.12265861,5041755.0
2025-12-10 16:00:00,626.132622211,626.770292683,625.071498691,625.325570519,6664252.0
2025-12-11 10:00:00,621.549365691,621.698819708,615.730622631,616.039494266,9039047.0
2025-12-11 10:30:00,616.059421469,621.230530455,615.471569002,620.503187573,7519035.0
2025-12-11 11:00:00,620.503187573,620.782168404,617.04581798,618.879020952,5654464.0
2025-12-11 11:30:00,618.873540972,619.59649987,617.055781582,617.314835211,4226151.0
2025-12-11 12:00:00,617.314835211,620.274024747,617.235126402,618.161741307,4255068.0
2025-12-11 12:30:00,618.161741307,621.409974911,618.027232692,620.622750786,3338749.0
2025-12-11 13:00:00,620.622750786,621.673910705,620.035097591,620.383624359,2619419.0
2025-12-11 13:30:00,620.363697157,621.609147298,620.12457073,621.081076438,2294403.0
2025-12-11 14:00:00,621.071112837,622.605507411,620.812059208,621.44972968,2876571.0
2025-12-11 14:30:00,621.459693281,622.994087855,621.414857076,622.899433644,1809931.0
2025-12-11 15:00:00,622.904415445,623.502231513,622.675252619,622.705143422,2106304.0
2025-12-11 15:30:00,622.705143422,623.143541872,622.356417383,622.431144391,2023004.0
2025-12-11 16:00:00,622.426162591,623.442449906,621.987764141,623.30295949,5756541.0
2025-12-12 10:00:00,619.815699095,621.27038486,618.380940532,619.745953887,8921214.0
2025-12-12 10:30:00,619.731008485,619.795771892,613.912265425,614.026846838,7889087.0
2025-12-12 11:00:00,614.016883237,615.999639862,611.48612855,612.093908219,6930502.0
2025-12-12 11:30:00,612.064017415,612.980668719,609.513335526,611.705327775,7943807.0
2025-12-12 12:00:00,611.69596199,611.725254977,609.134718683,610.529622841,5780235.0
2025-12-12 12:30:00,610.509695639,613.538630383,610.210787605,611.655509769,5089726.0
2025-12-12 13:00:00,611.655509769,613.77775681,610.948094089,612.980668719,3699822.0
2025-12-12 13:30:00,612.99063232,615.222478974,612.641906281,614.495136091,3928387.0
2025-12-12 14:00:00,614.475208889,614.584808501,612.90095991,612.99063232,2492010.0
2025-12-12 14:30:00,613.005577722,613.169977141,611.456237746,611.725254977,2713486.0
2025-12-12 15:00:00,611.745182179,612.681760685,611.695364174,612.163653427,2445275.0
2025-12-12 15:30:00,612.173617028,612.621979079,611.207147718,611.346638134,2781879.0
2025-12-12 16:00:00,611.346638134,611.645546168,609.792316358,611.386492539,9802420.0
2025-12-15 10:00:00,616.119203075,616.169021081,611.416383342,611.705327775,7844177.0
2025-12-15 10:30:00,611.695364174,611.934490601,607.102144053,607.949050149,6802708.0
2025-12-15 11:00:00,607.919159345,611.017839297,607.600324109,609.931806774,4255311.0
2025-12-15 11:30:00,609.931806774,612.671797084,609.204463891,612.392816253,3149446.0
2025-12-15 12:00:00,612.397798053,612.54227027,609.154645885,610.180896802,3487559.0
2025-12-15 12:30:00,610.190860403,610.544568243,609.363881509,609.842134363,1822319.0
2025-12-15 13:00:00,609.872025167,610.748822066,608.287812587,609.433726353,1908303.0
2025-12-15 13:30:00,609.393772313,610.198333104,608.307739789,608.616611424,1539234.0
2025-12-15 14:00:00,608.626575026,610.320387218,608.208103778,609.931707138,1891727.0
2025-12-15 14:30:00,609.911879571,610.639222454,609.224391093,609.523299127,2209016.0
2025-12-15 15:00:00,609.513335526,609.981624779,608.805919846,609.891952369,1724161.0
2025-12-15 15:30:00,609.872025167,610.001551981,608.795956245,609.124755082,2080486.0
2025-12-15 16:00:00,609.134718683,609.2841727,608.178212975,608.317703391,5945800.0
2025-12-16 10:00:00,606.046002333,610.021479184,605.373459257,609.881988768,6458311.0
2025-12-16 10:30:00,609.981624779,610.260605611,604.760697787,606.28512876,6213625.0
2025-12-16 11:00:00,606.275165159,608.616611424,605.159241832,608.22803098,3304681.0
2025-12-16 11:30:00,608.218067379,608.721229236,605.637494687,606.085856737,4181243.0
2025-12-16 12:00:00,606.085856737,608.626575026,605.66738549,608.536902615,2869753.0
2025-12-16 12:30:00,608.536902615,608.975301065,606.693636406,607.062289648,2990456.0
2025-12-16 13:00:00,607.032498481,608.178212975,605.159241832,605.357517495,2621323.0
2025-12-16 13:30:00,605.31865945,606.145638344,604.701015816,605.418295462,3032622.0
2025-12-16 14:00:00,605.438222664,608.905555857,605.368477456,608.078576963,2961542.0
2025-12-16 14:30:00,608.058649761,608.108467767,605.956329923,607.316361477,2700147.0
2025-12-16 15:00:00,607.311379676,608.985264666,607.122071255,608.247958183,2514939.0
2025-12-16 15:30:00,608.237994581,609.642862341,608.038722559,609.563153532,2653875.0
2025-12-16 16:00:00,609.563153532,611.276892926,609.523299127,609.523299127,6220510.0
2025-12-17 10:00:00,610.828530875,611.416383342,606.673709204,608.835810649,7894443.0
2025-12-17 10:30:00,608.825847048,609.134718683,607.510651699,608.48708461,3819043.0
2025-12-17 11:00:00,608.447230205,608.805720574,601.711835841,602.309651909,7432666.0
2025-12-17 11:30:00,602.279761106,603.824119281,601.074165369,602.538814735,5635473.0
2025-12-17 12:00:00,602.498960331,602.518887533,600.575985313,601.79154465,3916505.0
2025-12-17 12:30:00,601.781581049,602.792886564,600.526167307,601.950962268,4706278.0
2025-12-17 13:00:00,601.950962268,602.947322381,600.55605811,601.482673015,2954370.0
2025-12-17 13:30:00,601.532491021,602.807831966,600.755230497,601.213655785,4309891.0
2025-12-17 14:00:00,601.218637585,601.368091602,599.390316778,599.968205644,3902609.0
2025-12-17 14:30:00,599.948278441,600.237222874,599.380353177,599.559697997,3079451.0
2025-12-17 15:00:00,599.559697997,600.635766919,599.111335946,600.396640492,4301526.0
2025-12-17 15:30:00,600.386676891,600.575985313,599.509879992,599.84864243,2952975.0
2025-12-17 16:00:00,599.858606031,600.257150076,598.095048631,598.224575446,8776319.0
2025-12-18 10:00:00,607.580396907,608.726211037,604.710879781,607.460833693,12030722.0
2025-12-18 10:30:00,607.460833693,608.935446661,605.029715018,608.606548187,7081496.0
2025-12-18 11:00:00,608.596684222,610.589404448,608.237994581,609.583080734,6438130.0
2025-12-18 11:30:00,609.583080734,610.699004061,609.089882478,609.314063504,4897909.0
2025-12-18 12:00:00,609.304099902,610.689040459,609.254281897,610.081260791,4273439.0
2025-12-18 12:30:00,610.081260791,610.081260791,605.298732248,606.394728372,7738224.0
2025-12-18 13:00:00,606.37480117,609.523299127,606.036038732,609.33389107,4471334.0
2025-12-18 13:30:00,609.333990706,609.827188962,608.447230205,609.513335526,2325095.0
2025-12-18 14:00:00,609.513335526,610.469841235,608.84577425,608.990246467,2865909.0
2025-12-18 14:30:00,608.985264666,609.01515547,606.99254444,607.560469705,3298647.0
2025-12-18 15:00:00,607.550506104,607.670069317,605.537858675,605.876621114,3365722.0
2025-12-18 15:30:00,605.876621114,608.407375801,605.507967872,608.218067379,3533314.0
2025-12-18 16:00:00,608.218067379,609.055009874,606.843090423,606.892908429,8487328.0
2025-12-19 10:00:00,609.72257115,614.714335316,609.642862341,614.405563317,10019540.0
2025-12-19 10:30:00,614.405463681,615.371932991,612.143726224,613.16001354,5088650.0
2025-12-19 11:00:00,613.16001354,614.246046063,612.243362236,612.577142874,2984230.0
2025-12-19 11:30:00,612.562197472,614.405463681,612.004235809,613.95710163,7205776.0
2025-12-19 12:00:00,613.967065231,614.495136091,612.851141905,613.100231933,2578025.0
2025-12-19 12:30:00,613.120159135,614.843862131,613.040450326,614.714335316,2996923.0
2025-12-19 13:00:00,614.724298917,615.252369777,614.315791271,614.794044125,2291288.0
2025-12-19 13:30:00,614.789062324,615.132806563,614.584808501,614.744226119,1791271.0
2025-12-19 14:00:00,614.744226119,614.843862131,614.036810439,614.236082462,3074201.0
2025-12-19 14:30:00,614.226118861,614.993316148,614.216155259,614.873752934,2295806.0
2025-12-19 15:00:00,614.858807532,615.142770165,614.625659266,614.654553709,1603223.0
2025-12-19 15:30:00,614.644590108,615.107897561,614.604735704,614.993316148,2286643.0
2025-12-19 16:00:00,614.973388945,615.232442575,613.717975203,614.804007726,9431803.0
2025-12-22 10:00:00,619.886086351,620.185379545,617.294706116,619.117900487,6329295.0
2025-12-22 10:30:00,619.107924048,619.277523524,617.383296901,617.721198917,3825442.0
2025-12-22 11:00:00,617.731175357,617.930704152,616.314520906,617.399857791,3898169.0
2025-12-22 11:30:00,617.401952843,618.479408341,617.352070644,618.279879545,4404593.0
2025-12-22 12:00:00,618.279879545,618.349714623,617.751128236,618.349714623,2282780.0
2025-12-22 12:30:00,618.359691063,618.439502582,617.880821953,617.970609911,2272666.0
2025-12-22 13:00:00,617.960633472,618.619078498,617.671316718,618.494373,2444470.0
2025-12-22 13:30:00,618.479408341,618.50933766,617.362047084,617.721198917,2341059.0
2025-12-22 14:00:00,617.721198917,617.980586351,617.481764362,617.721198917,2212979.0
2025-12-22 14:30:00,617.721198917,617.980586351,617.401952843,617.940680592,1806962.0
2025-12-22 15:00:00,617.940680592,618.249950226,617.686281377,617.731175357,1805666.0
2025-12-22 15:30:00,617.731175357,617.810986875,617.471787922,617.671316718,2029878.0
2025-12-22 16:00:00,617.661340278,618.03046855,617.501717241,617.751128236,5363337.0
2025-12-23 10:00:00,616.743507817,619.252582424,616.59386122,617.850992398,6364152.0
2025-12-23 10:30:00,617.870845514,617.910751273,616.324497346,617.44066143,3332423.0
2025-12-23 11:00:00,617.431882163,619.018136089,617.411929283,618.768725095,3032511.0
2025-12-23 11:30:00,618.788677974,619.287499964,618.678937137,619.058041849,2220109.0
2025-12-23 12:00:00,619.058041849,619.846180592,618.778701534,619.766369074,3016833.0
2025-12-23 12:30:00,619.776345513,619.866133472,619.48702876,619.606746037,2963070.0
2025-12-23 13:00:00,619.606746037,619.756392634,619.227641325,619.325011377,2107479.0
2025-12-23 13:30:00,619.317429283,619.94095677,619.266250147,619.706510435,2151739.0
2025-12-23 14:00:00,619.716486875,619.916015671,619.646651796,619.786321953,1489444.0
2025-12-23 14:30:00,619.786321953,620.205332424,619.754596875,620.085615147,1706942.0
2025-12-23 15:00:00,620.085615147,620.41483766,619.985850749,620.335026142,1519621.0
2025-12-23 15:30:00,620.335026142,620.549519597,620.295120383,620.384908341,1847581.0
2025-12-23 16:00:00,620.374931901,620.943588969,620.295120383,620.644295775,5041780.0
2025-12-24 10:00:00,620.524578498,621.312717241,620.255214623,620.87375389,3328586.0
2025-12-24 10:30:00,620.856993472,621.607022215,620.724107294,621.014720985,2232892.0
2025-12-24 11:00:00,621.01462122,621.402505199,620.853801011,621.323990618,1509554.0
2025-12-24 11:30:00,621.332670121,621.961185827,621.312717241,621.891350749,1868364.0
2025-12-24 12:00:00,621.901327189,622.609654414,621.82151567,622.410125618,1983119.0
2025-12-24 12:30:00,622.420102058,622.569748655,622.141759388,622.400149178,1552010.0
2025-12-24 13:00:00,622.390172738,622.80918321,622.180667503,622.460007817,3142262.0
2025-12-26 10:00:00,623.188287922,624.041273524,622.390172738,622.764289231,3909733.0
2025-12-26 10:30:00,622.749324571,622.928900487,621.671869074,622.869041848,2817621.0
2025-12-26 11:00:00,622.859065409,623.397793157,622.639583733,623.239467058,1890081.0
2025-12-26 11:30:00,623.238170121,623.517510435,622.230549702,622.829136089,2283796.0
2025-12-26 12:00:00,622.839112529,623.023676665,622.609654414,622.639583733,1417583.0
2025-12-26 12:30:00,622.629607293,622.77925389,622.031020906,622.76927745,1340860.0
2025-12-26 13:00:00,622.76927745,622.809482503,622.280431901,622.574736875,1028713.0
2025-12-26 13:30:00,622.579725094,622.80419499,622.150738183,622.519866456,1340374.0
2025-12-26 14:00:00,622.519866456,623.058594204,622.499913576,623.028664885,1152269.0
2025-12-26 14:30:00,623.028664885,623.198264361,622.729371691,622.78923033,994629.0
2025-12-26 15:00:00,622.78923033,623.128429283,622.614642634,623.013700225,1155009.0
2025-12-26 15:30:00,622.998735566,623.028664885,622.450031377,622.589701534,1504063.0
2025-12-26 16:00:00,622.589701534,622.744336351,622.200620382,622.420102058,5414480.0
2025-12-29 10:00:00,618.639031377,621.312717241,617.651363838,619.018136089,6314578.0
2025-12-29 10:30:00,619.018136089,619.686557555,617.57155232,619.566840278,3092422.0
2025-12-29 11:00:00,619.556863838,620.225285304,617.885810173,618.559219859,2614185.0
2025-12-29 11:30:00,618.549243419,618.901810801,618.03046855,618.609102058,1742022.0
2025-12-29 12:00:00,618.569196299,618.918371692,618.02548033,618.399596822,1672470.0
2025-12-29 12:30:00,618.399596822,618.668960697,617.272259126,617.517779309,2241630.0
2025-12-29 13:00:00,617.521670121,618.628955173,617.441858603,618.489384781,1681869.0
2025-12-29 13:30:00,618.479408341,618.748772215,618.04044499,618.559219859,1374807.0
2025-12-29 14:00:00,618.559219859,619.197712006,618.264914885,618.379643943,1135781.0
2025-12-29 14:30:00,618.369667503,618.803642634,618.130232948,618.763736875,1429936.0
2025-12-29 15:00:00,618.758748655,620.230273524,618.718842896,620.025756508,2175126.0
2025-12-29 15:30:00,620.030744728,620.045709388,619.626698917,619.646651796,1473603.0
2025-12-29 16:00:00,619.651640016,619.856157032,619.147829807,619.407217241,3332333.0
2025-12-30 10:00:00,618.379643943,620.285143943,617.920727713,619.856157032,3936359.0
2025-12-30 10:30:00,619.836204152,619.95592143,618.130232948,618.484396561,2982952.0
2025-12-30 11:00:00,618.479408341,619.776345513,618.120256508,619.556863838,2337531.0
2025-12-30 11:30:00,619.566840278,620.714130854,619.447222765,620.245238184,2665708.0
2025-12-30 12:00:00,620.245238184,620.305096822,618.938324571,619.00815965,1836300.0
2025-12-30 12:30:00,618.99818321,619.127876927,618.549243419,619.077994728,1691463.0
2025-12-30 13:00:00,619.077994728,619.45709944,618.838560173,619.237617765,1335160.0
2025-12-30 13:30:00,619.237617765,619.45709944,618.728819336,619.407217241,1614814.0
2025-12-30 14:00:00,619.407217241,619.566840278,618.97823033,619.287499964,1243782.0
2025-12-30 14:30:00,619.267547084,619.516958079,618.868489493,619.352346822,1299107.0
2025-12-30 15:00:00,619.357335042,619.47705232,618.688913576,618.838560173,1748480.0
2025-12-30 15:30:00,618.838560173,618.97823033,618.140209388,618.663972477,1560804.0
2025-12-30 16:00:00,618.658984257,618.893430592,617.756116456,617.970609911,4497348.0
2025-12-31 10:00:00,618.190091587,618.49936122,615.876754728,616.464167503,4935008.0
2025-12-31 10:30:00,616.474143943,616.743507817,615.576264362,616.384355985,2928221.0
2025-12-31 11:00:00,616.374379545,616.534002582,614.997630854,615.291935828,2866591.0
2025-12-31 11:30:00,615.276971168,616.284591587,615.237065409,616.264638707,2096465.0
2025-12-31 12:00:00,616.274615147,616.514049702,615.66605232,616.459578341,1481430.0
2025-12-31 12:30:00,616.454191063,616.484120383,615.586240802,616.030192372,1796225.0
2025-12-31 13:00:00,616.035180592,616.454191063,615.67602876,615.895510435,2149430.0
2025-12-31 13:30:00,615.895510435,616.444214624,615.695981639,616.394432189,1236497.0
2025-12-31 14:00:00,616.404308864,617.022848131,616.244785592,616.673672739,1614218.0
2025-12-31 14:30:00,616.663696299,617.142565409,615.853609388,615.885533995,1495523.0
2025-12-31 15:00:00,615.885533995,615.965345514,614.73824342,614.838007817,2470571.0
2025-12-31 15:30:00,614.828031378,614.917819336,613.30163609,613.431329807,3535896.0
2025-12-31 16:00:00,613.431329807,614.289303629,612.603285304,612.862672739,8635931.0
2026-01-02 10:00:00,618.599125618,621.38255232,617.441858603,619.726463315,8306547.0
2026-01-02 10:30:00,619.716486875,620.803918812,613.161965933,613.960081116,7920409.0
2026-01-02 11:00:00,613.960081116,616.663696299,610.867384781,611.221548394,7070120.0
2026-01-02 11:30:00,611.236513053,612.007691849,609.311060174,611.316324572,7081963.0
2026-01-02 12:00:00,611.286395252,612.483568027,609.560471169,610.508232949,3265082.0
2026-01-02 12:30:00,610.478303629,611.979757818,609.869740802,611.565635802,2490856.0
2026-01-02 13:00:00,611.565735566,611.892164676,609.819858603,610.119151797,2412828.0
2026-01-02 13:30:00,610.079246038,611.051948917,609.710117765,610.318680593,1590100.0
2026-01-02 14:00:00,610.308704153,610.747667504,608.712473786,609.400848132,3950678.0
2026-01-02 14:30:00,609.398553551,612.363850749,609.271154415,612.144369074,2986424.0
2026-01-02 15:00:00,612.144369074,613.251753891,611.620605985,611.914910959,3293427.0
2026-01-02 15:30:00,611.904934519,613.102107294,611.635570645,612.663143943,1841158.0
2026-01-02 16:00:00,612.653167503,612.872649179,611.056937137,611.675476404,6264593.0
2026-01-05 10:00:00,617.860869074,618.5193141,615.266994728,616.60383766,9344532.0
2026-01-05 10:30:00,616.643743419,618.768725095,615.955369074,618.519413864,4190779.0
2026-01-05 11:00:00,618.53926698,618.928348131,617.661340278,618.319785304,2713810.0
2026-01-05 11:30:00,618.319785304,619.077994728,618.000638995,618.778701534,2827560.0
2026-01-05 12:00:00,618.768725095,619.347358602,618.150185828,618.190091587,2766869.0
2026-01-05 12:30:00,618.200068027,618.52929054,617.161520645,617.461811482,2357725.0
2026-01-05 13:00:00,617.491740802,617.651363838,616.967977713,617.441858603,1877486.0
2026-01-05 13:30:00,617.431882163,617.57155232,615.765816718,616.933060173,2584162.0
2026-01-05 14:00:00,616.933060173,617.411929283,616.543979022,617.10764787,2280575.0
2026-01-05 14:30:00,617.11263609,617.242329807,616.404308864,616.444214624,2251564.0
2026-01-05 15:00:00,616.444214624,616.583884781,615.586240802,616.244785592,2068032.0
2026-01-05 15:30:00,616.244685828,616.923083734,615.995274833,616.793390016,2665673.0
2026-01-05 16:00:00,616.803366456,617.122612529,615.995274833,616.534002582,4923170.0
2026-01-06 10:00:00,617.771081116,620.724107294,617.08270677,620.518991691,6705937.0
2026-01-06 10:30:00,620.494649178,621.123164885,619.886086351,620.963541848,4009363.0
2026-01-06 11:00:00,620.953565409,620.983494728,618.639031377,618.96825389,4105999.0
2026-01-06 11:30:00,618.96825389,619.497005199,617.830939754,618.738795775,3177110.0
2026-01-06 12:00:00,618.738795775,619.317429283,618.299832425,619.197712006,2277505.0
2026-01-06 12:30:00,619.187735566,620.335026142,618.688813812,620.118038576,2363198.0
2026-01-06 13:00:00,620.125520906,621.317705461,620.105568027,620.694177974,2291190.0
2026-01-06 13:30:00,620.714130854,621.192999964,620.349990801,620.679213314,1513169.0
2026-01-06 14:00:00,620.674324859,621.771633471,620.454743419,621.751680592,2272466.0
2026-01-06 14:30:00,621.751680592,621.971162267,621.492293157,621.84146855,1708993.0
2026-01-06 15:00:00,621.85144499,622.140761744,621.781609911,621.82151567,2063485.0
2026-01-06 15:30:00,621.82151567,622.170691063,621.671869074,621.881374309,1586563.0
2026-01-06 16:00:00,621.881374309,622.551092712,621.83149211,621.951209388,6058698.0
2026-01-07 10:00:00,621.572104676,623.677133471,621.093235566,623.128429283,6027986.0
2026-01-07 10:30:00,623.158358602,623.588343157,622.060950225,623.357887398,3322938.0
2026-01-07 11:00:00,623.357887398,624.435342895,622.050973786,624.305649178,3748583.0
2026-01-07 11:30:00,624.315625618,624.834400487,623.671247372,624.066214623,3132155.0
2026-01-07 12:00:00,624.066114859,625.861973785,623.936520906,625.832044466,3116505.0
2026-01-07 12:30:00,625.832044466,626.320890016,625.707338969,626.176231639,1959230.0
2026-01-07 13:00:00,626.181219859,626.460560173,625.63251567,625.851997346,1988684.0
2026-01-07 13:30:00,625.842020906,625.896891325,624.804471168,624.884282686,1885573.0
2026-01-07 14:00:00,624.904235566,626.061502581,624.894259126,625.512798393,2176081.0
2026-01-07 14:30:00,625.512798393,625.527763052,623.966450225,624.170967241,2546733.0
2026-01-07 15:00:00,624.175955461,624.694630566,623.996379545,624.240802319,1833254.0
2026-01-07 15:30:00,624.240802319,624.515154414,623.038641325,623.228193681,2948813.0
2026-01-07 16:00:00,623.238170121,623.27807588,622.150738183,622.549795775,6967930.0
2026-01-08 10:00:00,621.562128236,621.951209388,617.010876404,617.162518288,8913724.0
2026-01-08 10:30:00,617.142565409,619.786321953,616.344450226,619.407217241,5430697.0
2026-01-08 11:00:00,619.397240801,619.606746037,617.340098917,619.077994728,4713931.0
2026-01-08 11:30:00,619.087971168,619.127876927,617.401952843,617.641387398,3027507.0
2026-01-08 12:00:00,617.621434519,618.923359911,616.663696299,618.728819336,3233952.0
2026-01-08 12:30:00,618.728819336,618.958277451,617.671316718,617.910751273,2221100.0
2026-01-08 13:00:00,617.900774833,619.526934519,617.870745749,618.959374859,2243513.0
2026-01-08 13:30:00,618.958277451,619.053053629,617.501717241,618.439502582,2705308.0
2026-01-08 14:00:00,618.439502582,618.858513053,617.621434519,617.775570514,2248002.0
2026-01-08 14:30:00,617.771081116,618.399596822,616.943036613,617.681293158,2560150.0
2026-01-08 15:00:00,617.671316718,618.120256508,617.332117765,617.830939754,2062138.0
2026-01-08 15:30:00,617.810986875,618.99818321,617.626422739,618.808630854,2881637.0
2026-01-08 16:00:00,618.828583733,619.387264362,618.599125618,619.00815965,5131550.0
2026-01-09 10:00:00,619.94594499,621.791586351,618.379643943,620.456239885,6921134.0
2026-01-09 10:30:00,620.484672739,623.422734257,617.601481639,623.26809944,6196180.0
2026-01-09 11:00:00,623.27807588,623.866685827,621.053329807,622.290408341,4328029.0
2026-01-09 11:30:00,622.3303141,624.405413576,622.30038478,623.498255906,3072812.0
2026-01-09 12:00:00,623.497557555,624.854353367,623.058594204,624.614918812,2577023.0
2026-01-09 12:30:00,624.594965932,624.984047084,624.031297084,624.67976567,2084318.0
2026-01-09 13:00:00,624.68475389,625.213505199,624.465272215,624.924188445,1881654.0
2026-01-09 13:30:00,624.924188445,624.924188445,623.966450225,624.584989492,2210382.0
2026-01-09 14:00:00,624.575013052,625.981691063,624.565036613,625.832044466,2213415.0
2026-01-09 14:30:00,625.832044466,625.956749963,625.527763052,625.772185827,1220238.0
2026-01-09 15:00:00,625.782162267,626.10140834,625.62253923,625.66244499,1683579.0
2026-01-09 15:30:00,625.66244499,626.410677974,625.552704152,625.986679283,2385109.0
2026-01-09 16:00:00,625.981691063,626.11138478,625.14367012,625.17359944,6687947.0
2026-01-12 10:00:00,620.843824571,625.063858602,620.793942372,624.495201534,7168468.0
2026-01-12 10:30:00,624.515154414,625.283340278,623.707062791,625.003999963,4318651.0
2026-01-12 11:00:00,624.994023524,625.033929283,623.617274833,624.849365147,2996183.0
2026-01-12 11:30:00,624.844376927,625.911855984,624.515154414,625.452939754,2521389.0
2026-01-12 12:00:00,625.457927974,626.13133766,625.003999963,625.921832424,1593452.0
2026-01-12 12:30:00,625.921832424,626.231102058,625.65246855,625.961738183,1338186.0
2026-01-12 13:00:00,625.951761743,626.201172738,625.393081115,626.10639656,1223645.0
2026-01-12 13:30:00,626.11138478,626.794770906,626.031573262,626.650112529,1355241.0
2026-01-12 14:00:00,626.650112529,626.699994728,626.241078497,626.345831115,1064440.0
2026-01-12 14:30:00,626.340842895,626.939429283,625.961738183,626.779806246,1694624.0
2026-01-12 15:00:00,626.789782686,627.258675356,626.769829806,627.218769597,1771546.0
2026-01-12 15:30:00,627.223757817,627.363427974,626.540371691,626.660088969,1788763.0
2026-01-12 16:00:00,626.660088969,626.779806246,625.692374309,625.692374309,4810924.0
2026-01-13 10:00:00,625.792138707,627.986955461,625.313269597,625.722303628,6263623.0
2026-01-13 10:30:00,625.702350749,626.221125618,622.469984257,623.188287922,4332482.0
2026-01-13 11:00:00,623.148382162,624.67477745,622.410125618,624.475248655,3202334.0
2026-01-13 11:30:00,624.445319335,625.17359944,623.327958079,624.71288745,2154277.0
2026-01-13 12:00:00,624.654824571,627.55796855,624.435342895,627.138958078,3443964.0
2026-01-13 12:30:00,627.138958078,627.358439754,625.612562791,626.151190775,2403272.0
2026-01-13 13:00:00,626.151290539,626.430630853,623.537463314,623.986403105,2662757.0
2026-01-13 13:30:00,623.966450225,624.814447607,623.387816717,623.946497346,2210497.0
2026-01-13 14:00:00,623.936520906,624.644848131,622.958829806,623.126533759,2031893.0
2026-01-13 14:30:00,623.138405723,623.846732948,622.669513053,623.74696855,1976446.0
2026-01-13 15:00:00,623.73699211,624.21586122,623.228193681,623.766921429,1849480.0
2026-01-13 15:30:00,623.75694499,623.776897869,622.759301011,622.81417143,1889657.0
2026-01-13 16:00:00,622.80918321,624.814447607,622.225561482,624.764565408,4796937.0
2026-01-14 10:00:00,620.773989492,621.981138707,616.982942372,617.062753891,10902553.0
2026-01-14 10:30:00,617.08270677,619.616722477,615.795746037,617.711222477,8050929.0
2026-01-14 11:00:00,617.691269597,618.200068027,614.299280069,614.808078498,7362526.0
2026-01-14 11:30:00,614.808078498,617.117624309,614.69833766,616.853248655,5176491.0
2026-01-14 12:00:00,616.853248655,617.172494728,613.580976404,614.049869074,5613082.0
2026-01-14 12:30:00,614.039892634,615.137301011,613.481212006,614.838007817,3344655.0
2026-01-14 13:00:00,614.818054938,615.207036325,613.411376927,613.800458079,3113809.0
2026-01-14 13:30:00,613.790481639,614.977677974,613.680740802,614.922807556,2437851.0
2026-01-14 14:00:00,614.917819336,615.596217241,613.112083734,615.346806247,3887969.0
2026-01-14 14:30:00,615.346806247,615.566287922,614.658431901,615.306900488,2777980.0
2026-01-14 15:00:00,615.306900488,615.785769597,614.798102058,614.997630854,2286438.0
2026-01-14 15:30:00,614.977677974,617.222376927,614.069821954,616.474143943,4509098.0
2026-01-14 16:00:00,616.484120383,618.339738184,616.464167503,618.090327189,8402636.0
2026-01-15 10:00:00,625.123717241,625.792138707,623.188287922,623.687109911,8637317.0
2026-01-15 10:30:00,623.682121691,624.924188445,623.138405723,623.667157032,4025686.0
2026-01-15 11:00:00,623.677133471,628.51570677,622.290408341,624.22583766,5555140.0
2026-01-15 11:30:00,624.21586122,625.293316717,624.076191063,624.69473033,3112333.0
2026-01-15 12:00:00,624.664801011,625.502821953,624.136049702,625.163623,2291375.0
2026-01-15 12:30:00,625.163623,625.482869073,624.036285304,624.126073262,1991972.0
2026-01-15 13:00:00,624.129365487,624.465272215,623.387816717,623.487581115,2432234.0
2026-01-15 13:30:00,623.487581115,624.555060173,623.377840278,624.525230618,1645234.0
2026-01-15 14:00:00,624.515154414,624.844376927,624.096143943,624.262850251,1489418.0
2026-01-15 14:30:00,624.2358141,624.245790539,622.001091587,622.190643943,3153518.0
2026-01-15 15:00:00,622.180667503,622.31036122,620.89370677,621.153094204,4429032.0
2026-01-15 15:30:00,621.153094204,621.492293157,619.566840278,620.245238184,3879389.0
2026-01-15 16:00:00,620.255214623,620.4248141,619.287499964,620.315073262,6307717.0
2026-01-16 10:00:00,624.026308864,624.604942372,620.674225095,620.724107294,8335389.0
2026-01-16 10:30:00,620.724107294,621.592057555,619.197712006,619.287499964,7673815.0
2026-01-16 11:00:00,619.277523524,619.596769597,617.421905723,619.564346168,9282698.0
2026-01-16 11:30:00,619.556863838,620.449755199,619.077994728,620.384808576,3839822.0
2026-01-16 12:00:00,620.39488478,621.232905723,619.661616456,620.359967241,3177548.0
2026-01-16 12:30:00,620.364955461,620.474696299,619.866033707,619.975874309,2119953.0
2026-01-16 13:00:00,619.975874309,620.295120383,618.948301011,618.99319499,2726872.0
2026-01-16 13:30:00,619.018136089,620.664248655,618.848536613,620.41483766,2307379.0
2026-01-16 14:00:00,620.41483766,620.714230618,620.195355985,620.335026142,2200582.0
2026-01-16 14:30:00,620.330037922,621.093235566,619.297476404,619.521946299,3300858.0
2026-01-16 15:00:00,619.516958079,620.629331116,619.45709944,620.331334859,2997659.0
2026-01-16 15:30:00,620.335026142,620.654272215,620.045709388,620.225285304,1911640.0
2026-01-16 16:00:00,620.215308864,620.494549414,619.506981639,619.796298393,6636051.0
2026-01-20 10:00:00,609.091578498,612.149357294,608.882073263,611.056937137,11935439.0
2026-01-20 10:30:00,611.036984257,612.034628236,609.440753891,611.990731901,8410825.0
2026-01-20 11:00:00,611.984746037,613.331565409,610.867384781,612.034628236,6443128.0
2026-01-20 11:30:00,612.034628236,613.590952844,611.326301011,613.002342896,4858155.0
2026-01-20 12:00:00,613.002342896,613.605917503,611.39613609,612.852696299,4800193.0
2026-01-20 12:30:00,612.842719859,613.052225095,611.146725095,611.4367402,3495176.0
2026-01-20 13:00:00,611.436041849,611.436041849,609.460706771,610.328657032,4390089.0
2026-01-20 13:30:00,610.328657032,610.767620383,609.171390017,609.251201535,2707268.0
2026-01-20 14:00:00,609.241225095,609.430777451,607.386106116,608.089445121,4637140.0
2026-01-20 14:30:00,608.08395808,608.692520907,606.866832425,607.146172739,3643018.0
2026-01-20 15:00:00,607.1361963,607.593117242,606.348057556,607.345701535,3909224.0
2026-01-20 15:30:00,607.355677975,607.355677975,606.038787923,606.348057556,5387644.0
2026-01-20 16:00:00,606.368010436,606.697232949,605.619777451,606.62739787,9987767.0
2026-01-21 10:00:00,608.034075881,611.485924048,606.431360828,611.156701535,8947424.0
2026-01-21 10:30:00,611.156701535,612.633214624,610.44837431,612.458128106,5246681.0
2026-01-21 11:00:00,612.453638708,615.037536613,612.423709388,614.603561482,4971448.0
2026-01-21 11:30:00,614.598573262,615.167130566,613.940128236,614.299280069,3191168.0
2026-01-21 12:00:00,614.299280069,614.349162268,608.652615148,608.864115671,7404259.0
2026-01-21 12:30:00,608.872096823,609.650259127,606.787020907,608.313416195,5052296.0
2026-01-21 13:00:00,608.313416195,609.610453132,607.415536614,609.231248655,3574477.0
2026-01-21 13:30:00,609.251201535,609.401147425,606.976573263,609.01176698,3369455.0
2026-01-21 14:00:00,609.02174342,610.41844499,608.263533996,610.129128237,2600184.0
2026-01-21 14:30:00,610.109175357,614.319232948,608.921979022,613.630858603,4275656.0
2026-01-21 15:00:00,613.630858603,618.838560173,613.391424048,618.629054938,11006449.0
2026-01-21 15:30:00,618.629054938,618.958277451,614.987654414,615.007707058,5664812.0
2026-01-21 16:00:00,615.007607294,615.735887399,614.059845514,614.828031378,7803220.0
2026-01-22 10:00:00,620.88373033,620.993471168,616.693625618,617.352070644,8000021.0
2026-01-22 10:30:00,617.362047084,618.070374309,616.324497346,617.641387398,4202301.0
2026-01-22 11:00:00,617.671316718,619.247594205,617.172494728,617.980586351,3204883.0
2026-01-22 11:30:00,617.970609911,619.866033707,617.920727713,619.586793157,2565965.0
2026-01-22 12:00:00,619.546887398,620.205332424,619.267547084,619.457199205,2528986.0
2026-01-22 12:30:00,619.45709944,620.075638707,619.087971168,619.716486875,1652217.0
2026-01-22 13:00:00,619.736439754,620.734083733,619.736439754,620.504625618,1561844.0
2026-01-22 13:30:00,620.494649178,620.773989492,619.816251273,620.189868943,1705618.0
2026-01-22 14:00:00,620.185379545,620.454743419,619.437146561,619.596769597,1314058.0
2026-01-22 14:30:00,619.596769597,620.564484257,619.536910959,620.444766979,1264487.0
2026-01-22 15:00:00,620.454743419,620.534554938,618.649007817,618.778701534,1989936.0
2026-01-22 15:30:00,618.768725095,619.362323262,618.010515671,618.05042143,2507287.0
2026-01-22 16:00:00,618.02049211,619.367311482,617.451835042,619.297476404,5416125.0
2026-01-23 10:00:00,618.269903105,619.666604676,617.192447608,619.666604676,5909848.0
2026-01-23 10:30:00,619.616722477,621.991115147,619.616722477,621.582081115,5239315.0
2026-01-23 11:00:00,621.602033995,623.497557555,621.562028471,623.472616456,3293646.0
2026-01-23 11:30:00,623.477604676,623.926444702,622.347373812,622.619730618,3246766.0
2026-01-23 12:00:00,622.619630854,623.487581115,621.911303629,622.569748655,2975579.0
2026-01-23 12:30:00,622.579725094,623.018688445,622.040997346,622.78923033,1644698.0
2026-01-23 13:00:00,622.79920677,622.839112529,620.070650487,620.315073262,2917779.0
2026-01-23 13:30:00,620.315073262,622.019049178,620.205332424,621.736715932,2291755.0
2026-01-23 14:00:00,621.751680592,621.971162267,620.813895252,621.093235566,1769094.0
2026-01-23 14:30:00,621.103212006,622.270455461,621.053329807,621.567116456,1592713.0
2026-01-23 15:00:00,621.562128236,621.871397869,620.943588969,621.641939754,1627465.0
2026-01-23 15:30:00,621.621986875,621.711774833,620.275067739,620.734083733,2328111.0
2026-01-23 16:00:00,620.724107294,621.791586351,620.39488478,621.252858602,5397084.0
2026-01-26 10:00:00,621.741704152,624.21586122,620.654272215,623.821692084,5202183.0
2026-01-26 10:30:00,623.806827189,624.980056508,622.983770906,624.006355984,3429816.0
2026-01-26 11:00:00,624.006355984,625.273363838,623.72701567,624.859341586,2527953.0
2026-01-26 11:30:00,624.854353367,625.522774833,624.146026141,625.423010435,2507143.0
2026-01-26 12:00:00,625.442963314,625.961738183,625.013976403,625.457927974,1914620.0
2026-01-26 12:30:00,625.462916194,626.13133766,625.373128236,625.612562791,2038925.0
2026-01-26 13:00:00,625.612562791,625.682397869,624.884282686,625.093688157,1837066.0
2026-01-26 13:30:00,625.098776141,625.66244499,624.69473033,625.502821953,2369063.0
2026-01-26 14:00:00,625.502821953,626.071479021,624.984047084,625.323246037,1557032.0
2026-01-26 14:30:00,625.313269597,625.65246855,624.984047084,625.343198916,1250433.0
2026-01-26 15:00:00,625.353175356,625.63251567,624.834400487,624.844376927,1641729.0
2026-01-26 15:30:00,624.854353367,625.113740801,624.575013052,624.894259126,1448466.0
2026-01-26 16:00:00,624.904235566,625.243434518,623.92664423,623.986403105,5645297.0
2026-01-27 10:00:00,627.428274832,629.204081115,625.861973785,629.074387398,6154757.0
2026-01-27 10:30:00,629.134246036,629.583185827,628.366060173,628.834952843,3637130.0
2026-01-27 11:00:00,628.844929283,630.151842895,628.755141324,629.683249518,2995297.0
2026-01-27 11:30:00,629.692926665,630.341395251,629.548268288,629.952314099,2048058.0
2026-01-27 12:00:00,629.972266979,630.171795775,629.643044466,629.692926665,1929961.0
2026-01-27 12:30:00,629.702903105,629.91739656,629.024505199,629.812643942,2104007.0
2026-01-27 13:00:00,629.802667502,630.002196298,629.204081115,629.288880853,1734418.0
2026-01-27 13:30:00,629.293869073,629.872502581,628.735188445,629.662997345,1485557.0
2026-01-27 14:00:00,629.662997345,630.131890015,629.662997345,629.972266979,1386246.0
2026-01-27 14:30:00,629.972266979,630.082007817,629.583185827,630.032923733,1675935.0
2026-01-27 15:00:00,630.042102057,630.201725094,629.692926665,630.032125618,1556985.0
2026-01-27 15:30:00,630.022149178,630.553594125,629.822620382,630.129595434,2470147.0
2026-01-27 16:00:00,630.116925356,630.231654413,629.43353923,629.643044466,5688578.0
2026-01-28 10:00:00,633.962842895,635.100157031,633.025057555,633.962842895,7006975.0
2026-01-28 10:30:00,633.952866455,634.252159649,632.865434518,633.194657031,4139666.0
2026-01-28 11:00:00,633.184680591,633.563785303,631.738096822,631.8079319,4231620.0
2026-01-28 11:30:00,631.79795546,632.685858602,631.493674047,632.29677745,2779943.0
2026-01-28 12:00:00,632.293584989,632.293584989,630.321442371,630.700646848,2403579.0
2026-01-28 12:30:00,630.700547084,631.83786122,630.630712005,630.939981638,2211388.0
2026-01-28 13:00:00,630.949958078,631.857814099,630.550900487,631.289157031,1826349.0
2026-01-28 13:30:00,631.289157031,632.022425356,630.840217241,631.758049701,1461822.0
2026-01-28 14:00:00,631.778002581,632.236918811,631.413862528,632.017437136,1759925.0
2026-01-28 14:30:00,631.967554937,632.596070644,630.690570644,630.86017012,2682212.0
2026-01-28 15:00:00,630.86017012,632.945246036,630.610759125,631.760044989,4881252.0
2026-01-28 15:30:00,631.778002581,632.995128235,631.598426665,632.09714889,2747865.0
2026-01-28 16:00:00,632.097248654,632.426471167,631.099604675,631.728120382,6553255.0
2026-01-29 10:00:00,631.159463314,632.177060172,624.584989492,624.71468321,9785941.0
2026-01-29 10:30:00,624.724659649,624.804471168,621.232905723,621.651916194,9076418.0
2026-01-29 11:00:00,621.621986875,622.050973786,616.813342896,617.801010435,8022585.0
2026-01-29 11:30:00,617.820963315,621.123164885,616.883177974,620.4248141,7260808.0
2026-01-29 12:00:00,620.41483766,621.751680592,620.005803629,621.063306246,5792611.0
2026-01-29 12:30:00,621.033376927,624.455295775,621.003447608,624.146026141,5231287.0
2026-01-29 13:00:00,624.126073262,625.093787922,621.991115147,622.250502581,4078260.0
2026-01-29 13:30:00,622.250502581,624.664801011,622.200620382,624.325602058,3461362.0
2026-01-29 14:00:00,624.325602058,625.373128236,623.697086351,624.096143943,3961129.0
2026-01-29 14:30:00,624.096143943,625.592609911,623.707062791,625.103764361,2012669.0
2026-01-29 15:00:00,625.093787922,625.293316717,624.016332424,624.375484257,4943185.0
2026-01-29 15:30:00,624.385460696,625.14367012,624.19590834,624.475248655,2189223.0
2026-01-29 16:00:00,624.475248655,628.49575389,624.305649178,627.947049701,7779485.0
2026-01-30 10:00:00,624.2358141,626.77581567,623.557416194,624.076191063,7267809.0
2026-01-30 10:30:00,624.056238183,626.420654414,623.178311482,623.26809944,5054680.0
2026-01-30 11:00:00,623.258123,626.630159649,622.719395252,624.400425356,5453274.0
2026-01-30 11:30:00,624.405413576,625.053882162,622.280431901,623.367863838,4257158.0
2026-01-30 12:00:00,623.377840278,624.824424047,622.050973786,622.360243419,3086279.0
2026-01-30 12:30:00,622.380196299,623.138405723,620.664248655,622.968806246,3828939.0
2026-01-30 13:00:00,622.968806246,623.28805232,620.484672739,620.524578498,3574362.0
2026-01-30 13:30:00,620.494649178,621.322693681,617.838422084,620.295120383,4389522.0
2026-01-30 14:00:00,620.285143943,622.709418812,618.599025854,621.981138707,3712922.0
2026-01-30 14:30:00,621.981138707,622.928800723,621.332670121,621.352623,2813456.0
2026-01-30 15:00:00,621.34264656,621.901327189,619.817248917,619.965897869,2608210.0
2026-01-30 15:30:00,619.94594499,620.554507817,617.861168367,618.459455461,4451699.0
2026-01-30 16:00:00,618.449479021,621.671869074,618.329761744,620.40486122,9829010.0
2026-02-02 10:00:00,617.242329807,623.437698916,617.202424048,622.250502581,7446695.0
2026-02-02 10:30:00,622.230549702,626.12136122,621.881474074,625.003999963,5248180.0
2026-02-02 11:00:00,625.033929283,625.991667503,623.816803628,624.395437136,3401170.0
2026-02-02 11:30:00,624.385460696,625.792138707,623.517510435,625.66244499,3564571.0
2026-02-02 12:00:00,625.66244499,625.931808864,624.305649178,625.702350749,2624907.0
2026-02-02 12:30:00,625.692374309,626.415666194,625.562680592,626.211149178,2412460.0
2026-02-02 13:00:00,626.231102058,626.829688445,625.881926665,626.410677974,1686178.0
2026-02-02 13:30:00,626.420654414,626.729924047,625.792138707,626.13133766,1432681.0
2026-02-02 14:00:00,626.13133766,627.009264361,626.021596822,626.839664885,1510245.0
2026-02-02 14:30:00,626.839664885,626.924464623,626.300937136,626.370772215,1408668.0
2026-02-02 15:00:00,626.360795775,626.375760435,624.445319335,624.565036613,2578187.0
2026-02-02 15:30:00,624.555060173,625.851997346,623.948991456,624.999011744,3933730.0
2026-02-02 16:00:00,624.994023524,625.083811482,624.185931901,624.664801011,6959291.0
2026-02-03 10:00:00,626.819712005,628.49575389,619.27901999,619.497005199,9702801.0
2026-02-03 10:30:00,619.516958079,619.836204152,615.626146561,617.461811482,9766857.0
2026-02-03 11:00:00,617.441858603,619.48702876,615.895510435,619.137853367,6299823.0
2026-02-03 11:30:00,619.167782686,619.197712006,616.15489787,616.224732948,4405167.0
2026-02-03 12:00:00,616.244685828,617.142565409,615.566287922,616.105015671,3768509.0
2026-02-03 12:30:00,616.114992111,616.364403105,613.920175357,614.269350749,5114832.0
2026-02-03 13:00:00,614.22944499,614.548691064,612.563379545,613.580976404,4349341.0
2026-02-03 13:30:00,613.541070645,614.458903105,611.815146561,612.264086352,4194403.0
2026-02-03 14:00:00,612.224180592,612.234157032,610.169033996,610.169033996,3724295.0
2026-02-03 14:30:00,610.159057556,612.912554938,609.520565409,611.39613609,5906558.0
2026-02-03 15:00:00,611.346253891,612.204227713,609.909646561,611.904934519,3602193.0
2026-02-03 15:30:00,611.88498164,612.543326901,610.767620383,612.239145252,4049032.0
2026-02-03 16:00:00,612.244133472,615.316876927,612.214204153,615.067465933,9716207.0
2026-02-04 10:00:00,613.570999964,613.650811482,608.772432189,608.981837661,8001300.0
2026-02-04 10:30:00,608.892049703,611.695429284,606.856855985,610.278774833,9197689.0
2026-02-04 11:00:00,610.288751273,610.817502582,607.176102059,607.954264362,6128911.0
2026-02-04 11:30:00,607.974217242,608.413180593,605.290554938,607.425513053,5907053.0
2026-02-04 12:00:00,607.475395252,607.57515965,602.547033996,605.160861221,5115280.0
2026-02-04 12:30:00,605.150884781,605.659683211,601.240120384,601.579319337,4925132.0
2026-02-04 13:00:00,601.579319337,602.976020907,599.05528007,601.270049703,6080885.0
2026-02-04 13:30:00,601.260073263,603.105714624,599.933206771,602.916162268,4189878.0
2026-02-04 14:00:00,602.886232949,603.29526698,600.292358604,602.447269598,3661876.0
2026-02-04 14:30:00,602.427316719,603.494795776,601.020638708,603.405007818,4369192.0
2026-02-04 15:00:00,603.395031378,607.515301012,603.3251963,606.881797085,5974682.0
2026-02-04 15:30:00,606.876808865,607.196054938,604.801709389,605.759447609,4112182.0
2026-02-04 16:00:00,605.749471169,606.697232949,603.78411253,604.322840279,7487371.0
2026-02-05 10:00:00,598.795892635,603.385054938,595.942630855,598.795892635,12931631.0
2026-02-05 10:30:00,598.805869075,599.613960698,593.518355986,594.186777452,9847385.0
2026-02-05 11:00:00,594.176801012,597.12982719,593.588191065,595.543573264,7999828.0
2026-02-05 11:30:00,595.553549703,599.135091588,593.35873295,599.03532719,7673716.0
2026-02-05 12:00:00,599.03532719,600.890944991,597.858107295,600.255146483,5226572.0
2026-02-05 12:30:00,600.232499965,601.080497347,597.659576143,600.4420052,2979678.0
2026-02-05 13:00:00,600.46195808,601.629201535,598.755986876,599.085209389,3790138.0
2026-02-05 13:30:00,599.135091588,600.332264363,597.349308866,597.898013054,3874939.0
2026-02-05 14:00:00,597.858107295,598.845774834,596.18206541,597.109874311,2964877.0
2026-02-05 14:30:00,597.089921431,600.4420052,596.750722478,598.656222478,4208830.0
2026-02-05 15:00:00,598.656222478,598.656222478,596.441452845,597.329355986,3691159.0
2026-02-05 15:30:00,597.389214625,599.688783996,595.433832426,595.593455463,5651404.0
2026-02-05 16:00:00,595.573502583,596.481358604,593.887484258,595.623384782,8278366.0
2026-02-06 10:00:00,598.775939756,604.183170122,597.359285305,601.070520907,12111933.0
2026-02-06 10:30:00,600.990709389,602.527081117,598.356929284,602.227787923,8643861.0
2026-02-06 11:00:00,602.227787923,603.644442373,600.222523525,602.043223787,6314107.0
2026-02-06 11:30:00,602.038235567,605.420248656,601.679083734,604.701944991,5233317.0
2026-02-06 12:00:00,604.691968551,605.799353368,604.033523525,604.582227713,4129698.0
2026-02-06 12:30:00,604.582227713,606.358033996,604.24302876,606.248293158,3768523.0
2026-02-06 13:00:00,606.258269598,607.186078498,605.480107294,606.801985567,3926735.0
2026-02-06 13:30:00,606.816950226,607.555206771,606.387963315,606.752103368,3311469.0
2026-02-06 14:00:00,606.747115148,607.235960697,606.547586352,606.63737431,2684303.0
2026-02-06 14:30:00,606.62739787,607.185978734,606.17845808,607.1361963,2277487.0
2026-02-06 15:00:00,607.12621986,607.206031378,606.258369362,606.278222478,2159763.0
2026-02-06 15:30:00,606.278222478,607.654971169,605.929047085,607.255913577,3537879.0
2026-02-06 16:00:00,607.255913577,609.9695052,607.026455462,608.213651797,11744824.0
2026-02-09 10:00:00,606.108623001,609.261177975,603.644442373,607.425513053,9996129.0
2026-02-09 10:30:00,607.375630854,610.797549702,607.196054938,609.086590278,6247959.0
2026-02-09 11:00:00,609.091578498,612.603285304,609.051672739,612.204227713,3918966.0
2026-02-09 11:30:00,612.199239493,613.30163609,612.05468088,613.261730331,3049583.0
2026-02-09 12:00:00,613.251753891,614.438950226,612.882625619,614.119704153,2767210.0
2026-02-09 12:30:00,614.099751273,614.73824342,613.830387399,613.940128236,2453453.0
2026-02-09 13:00:00,613.950104676,614.359138707,613.151989493,613.28168321,2188060.0
2026-02-09 13:30:00,613.27170677,613.910198917,612.214204153,612.962437137,3450164.0
2026-02-09 14:00:00,612.952460697,614.069821954,612.663143943,613.610905723,2554924.0
2026-02-09 14:30:00,613.610905723,614.907842896,613.481212006,614.803090278,3143724.0
2026-02-09 15:00:00,614.798102058,615.007607294,614.299280069,614.319332713,1825448.0
2026-02-09 15:30:00,614.329209388,614.658431901,613.261730331,613.481212006,3283575.0
2026-02-09 16:00:00,613.471235566,614.169486587,612.762908341,612.872649179,7166997.0
2026-02-10 10:00:00,613.855328498,614.688361221,610.957172739,614.24939787,9941096.0
2026-02-10 10:30:00,614.23942143,615.566287922,613.421353367,614.478855985,5909458.0
2026-02-10 11:00:00,614.458903105,615.346806247,613.191895252,613.820410959,3493054.0
2026-02-10 11:30:00,613.830387399,614.438950226,612.79283766,613.241777451,3533486.0
2026-02-10 12:00:00,613.201871692,613.620882163,612.428697608,612.693073263,2932487.0
2026-02-10 12:30:00,612.673120383,614.079798393,612.164321954,613.640835043,2467152.0
2026-02-10 13:00:00,613.640835043,614.379091587,613.31161253,614.039892634,1760900.0
2026-02-10 13:30:00,614.029916194,614.059845514,611.765264362,611.84507588,2163634.0
2026-02-10 14:00:00,611.835099441,612.583332425,611.356230331,612.34389787,3529712.0
2026-02-10 14:30:00,612.34389787,612.583332425,611.446018289,612.034628236,2386778.0
2026-02-10 15:00:00,612.034628236,612.34389787,611.426065409,611.894958079,2357870.0
2026-02-10 15:30:00,611.894958079,611.954816718,610.687808865,610.9222552,2910372.0
2026-02-10 16:00:00,610.91726698,611.266442373,609.570447608,610.029363839,6898403.0
2026-02-11 10:00:00,614.927795776,616.065109912,611.85505232,612.184274833,7830992.0
2026-02-11 10:30:00,612.214204153,613.111983969,606.258269598,606.687256509,8296015.0
2026-02-11 11:00:00,606.717185828,611.40611253,606.517657033,610.777596823,6311128.0
2026-02-11 11:30:00,610.777596823,611.485924048,609.251201535,609.520565409,4280820.0
2026-02-11 12:00:00,609.520565409,611.036984257,609.091578498,609.241225095,2680363.0
2026-02-11 12:30:00,609.221272216,612.014675357,608.298451535,611.825123001,3438281.0
2026-02-11 13:00:00,611.835099441,612.663143943,611.017031378,611.233919179,2957730.0
2026-02-11 13:30:00,611.236513053,611.620605985,609.720094205,611.530818027,2856347.0
2026-02-11 14:00:00,611.535806247,612.393780069,611.007054938,612.129404414,2663475.0
2026-02-11 14:30:00,612.124416195,613.531094205,611.096842896,613.241777451,2662923.0
2026-02-11 15:00:00,613.251753891,613.431329807,611.645547085,612.294015671,2550657.0
2026-02-11 15:30:00,612.294015671,612.618249964,611.705405723,611.705405723,2144840.0
2026-02-11 16:00:00,611.705405723,612.603285304,611.40611253,611.665499964,5009856.0
2026-02-12 10:00:00,613.261730331,614.359138707,609.420801011,609.95952876,8911653.0
2026-02-12 10:30:00,609.95952876,611.196607294,609.03171986,610.538162268,5450739.0
2026-02-12 11:00:00,610.538162268,611.036984257,605.101002582,605.180814101,6051674.0
2026-02-12 11:30:00,605.20076698,605.67963609,600.382146562,600.521816719,9086445.0
2026-02-12 12:00:00,600.526804939,603.005950226,600.232499965,602.018282687,8925487.0
2026-02-12 12:30:00,601.988353368,603.095738185,600.890944991,601.858659651,4860017.0
2026-02-12 13:00:00,601.788824572,603.494795776,600.671463316,600.691416195,3559445.0
2026-02-12 13:30:00,600.701392635,602.048212007,600.122759127,601.090473787,4525705.0
2026-02-12 14:00:00,601.120403106,603.205479022,600.691416195,602.631833734,3505562.0
2026-02-12 14:30:00,602.626845514,603.175549703,601.190238185,601.828730331,3554274.0
2026-02-12 15:00:00,601.778848132,603.537594703,601.778848132,602.457246038,3882893.0
2026-02-12 15:30:00,602.457246038,602.786468551,599.99306541,600.167653106,3799946.0
2026-02-12 16:00:00,600.162664886,600.875980331,598.157300724,599.224879546,9980667.0
2026-02-13 10:00:00,599.01537431,601.539413577,595.014821955,597.922954153,12655919.0
2026-02-13 10:30:00,597.868083735,602.058188446,597.758342897,601.529437138,5483016.0
2026-02-13 11:00:00,601.519460698,603.474842897,598.426764363,600.611604677,4845844.0
2026-02-13 11:30:00,600.611604677,602.457246038,599.454337661,601.589295776,3962632.0
2026-02-13 12:00:00,601.559366457,603.574607295,600.581675358,602.616869075,3705653.0
2026-02-13 12:30:00,602.586939755,604.412628237,602.35748164,603.933759127,3441343.0
2026-02-13 13:00:00,603.953712007,605.001238184,603.524725096,603.664395253,2937355.0
2026-02-13 13:30:00,603.694324572,604.951355986,602.766515672,604.063452844,3537345.0
2026-02-13 14:00:00,604.083405724,605.051120383,603.3251963,603.734230331,2759652.0
2026-02-13 14:30:00,603.734230331,604.402651797,603.037076719,603.33517274,2614605.0
2026-02-13 15:00:00,603.3251963,603.923782687,601.499507818,601.599272216,3112074.0
2026-02-13 15:30:00,601.599272216,602.497151797,599.214903106,599.484167216,4672041.0
2026-02-13 16:00:00,599.474290541,600.581675358,598.676175358,600.501863839,8977741.0
2026-02-17 10:00:00,596.965215934,600.781204153,592.560617766,592.760146562,10185814.0
2026-02-17 10:30:00,592.760146562,596.541217243,592.291253892,593.7976963,6414915.0
2026-02-17 11:00:00,593.767766981,595.653314101,591.942078499,595.583479023,5993039.0
2026-02-17 11:30:00,595.543573264,600.282382164,595.398914887,598.646246038,6612830.0
2026-02-17 12:00:00,598.616316719,600.072876928,597.808225096,599.414431902,4296242.0
2026-02-17 12:30:00,599.394479022,599.544125619,597.239568028,599.294714625,3201705.0
2026-02-17 13:00:00,599.304691064,599.414431902,595.783007819,597.920958866,3524750.0
2026-02-17 13:30:00,597.927942373,600.027982949,596.720793159,599.618948918,3786229.0
2026-02-17 14:00:00,599.643890017,602.157952844,599.184973787,601.459602059,3605157.0
2026-02-17 14:30:00,601.469578499,601.988353368,601.000685829,601.250096823,2803499.0
2026-02-17 15:00:00,601.260073263,602.527081117,600.576687138,600.751274834,2886983.0
2026-02-17 15:30:00,600.751274834,601.39974342,599.574054939,599.745250646,3987517.0
2026-02-17 16:00:00,599.753630855,600.282382164,598.835798394,599.883324572,7209704.0
2026-02-18 10:00:00,600.691416195,604.26298164,599.304691064,603.833994729,10524510.0
2026-02-18 10:30:00,603.824018289,607.036431902,603.754183211,606.63737431,7133466.0
2026-02-18 11:00:00,606.62739787,607.635018289,605.769424048,607.340713315,4321048.0
2026-02-18 11:30:00,607.345701535,608.04405232,607.12621986,607.505324572,3203466.0
2026-02-18 12:00:00,607.505324572,608.0640052,606.65732719,606.747115148,3703402.0
2026-02-18 12:30:00,606.747115148,608.334366718,606.667303629,607.425513053,2779575.0
2026-02-18 13:00:00,607.424615174,608.004146561,606.936667504,607.625041849,2076232.0
2026-02-18 13:30:00,607.60508897,608.323392635,606.497704153,606.787020907,2756482.0
2026-02-18 14:00:00,606.796997347,607.086314101,604.831638708,605.889141326,3556833.0
2026-02-18 14:30:00,605.869188446,606.138552321,604.941379546,605.086037923,3101001.0
2026-02-18 15:00:00,605.081049703,605.270602059,601.983365148,602.467222478,6295621.0
2026-02-18 15:30:00,602.487175357,603.395031378,601.828730331,602.310093551,4100991.0
2026-02-18 16:00:00,602.307599441,605.245660959,602.197858603,604.362746038,7763036.0
2026-02-19 10:00:00,601.38976698,603.454890017,599.673819337,602.49745109,8519716.0
2026-02-19 10:30:00,602.517104677,604.193146561,601.718989494,601.978376928,4999594.0
2026-02-19 11:00:00,601.968400488,604.023447321,601.768871693,603.534701535,3858945.0
2026-02-19 11:30:00,603.544677975,604.387687137,601.818753891,602.327552321,3770248.0
2026-02-19 12:00:00,602.337528761,603.444913577,600.606616457,601.609248656,3746711.0
2026-02-19 12:30:00,601.619225096,603.065808865,600.811133473,602.008306247,3210488.0
2026-02-19 13:00:00,602.008306247,602.267693682,599.723701536,600.072876928,8482091.0
2026-02-19 13:30:00,600.092829808,601.499507818,599.334620384,600.287370384,3837336.0
2026-02-19 14:00:00,600.272405724,601.728965933,599.743654415,601.579319337,3202805.0
2026-02-19 14:30:00,601.539413577,601.728965933,600.412075881,600.771227714,2412888.0
2026-02-19 15:00:00,600.761251274,601.160308865,599.404455462,600.142712007,3086991.0
2026-02-19 15:30:00,600.122759127,601.060544467,600.013018289,600.262429284,2732551.0
2026-02-19 16:00:00,600.252452844,602.137999965,600.132735567,602.048212007,5880875.0
2026-02-20 10:00:00,598.706104677,604.512392635,597.818201536,603.145520619,7825867.0
2026-02-20 10:30:00,603.145620384,607.545230331,602.137999965,604.921426666,8666713.0
2026-02-20 11:00:00,604.981285305,608.602732949,603.365102059,608.423157032,6080586.0
2026-02-20 11:30:00,608.423157032,608.912002582,604.983779415,605.041143944,7521472.0
2026-02-20 12:00:00,605.041143944,608.682544467,604.791732949,607.924335043,4056949.0
2026-02-20 12:30:00,607.924335043,608.193698917,602.656774834,603.814041849,5956056.0
2026-02-20 13:00:00,603.833994729,606.607444991,603.464866457,606.377986875,5430374.0
2026-02-20 13:30:00,606.377986875,606.65732719,603.833994729,604.711921431,4098413.0
2026-02-20 14:00:00,604.74185075,608.463062792,603.843971169,607.854499964,5727093.0
2026-02-20 14:30:00,607.934311483,608.373274833,606.467774834,606.838898394,3484790.0
2026-02-20 15:00:00,606.816950226,607.405560174,605.978929284,606.068717242,2403522.0
2026-02-20 15:30:00,606.083681902,607.395583734,605.889141326,606.048764362,3228142.0
2026-02-20 16:00:00,606.058740802,607.465418813,605.968952844,607.375630854,5902867.0
2026-02-23 10:00:00,605.175825881,606.577515671,602.167929284,603.534701535,8113117.0
2026-02-23 10:30:00,603.504772216,604.452533996,601.803789232,602.557010436,5812824.0
2026-02-23 11:00:00,602.547033996,603.240396562,599.334620384,599.434384782,5183150.0
2026-02-23 11:30:00,599.444361221,600.322287923,597.638625619,600.262429284,6778748.0
2026-02-23 12:00:00,600.242476405,600.531793159,599.05528007,599.239844206,3494059.0
2026-02-23 12:30:00,599.244832426,599.913253892,599.01537431,599.424408342,3944160.0
2026-02-23 13:00:00,599.424408342,599.733677975,597.868083735,599.469302321,3729698.0
2026-02-23 13:30:00,599.454337661,601.280125907,599.334620384,601.035603368,2968370.0
2026-02-23 14:00:00,601.040591588,601.260073263,598.875704153,599.05528007,2792488.0
2026-02-23 14:30:00,599.05528007,599.723701536,598.626293159,598.755986876,3362013.0
2026-02-23 15:00:00,598.755986876,599.125115148,598.007753892,598.180845122,3288047.0
2026-02-23 15:30:00,598.187329808,598.746010436,597.893024834,598.55645808,3004478.0
2026-02-23 16:00:00,598.55645808,600.117770907,598.506575881,599.99306541,7243729.0
2026-02-24 10:00:00,600.980732949,604.791732949,598.317023525,602.691692373,10282278.0
2026-02-24 10:30:00,602.656774834,606.008858603,601.319931902,605.948999965,6272958.0
2026-02-24 11:00:00,605.929047085,606.397939755,604.881520907,605.096014362,4257037.0
2026-02-24 11:30:00,605.081049703,606.777044467,605.046132164,605.998882163,3480549.0
2026-02-24 12:00:00,605.988905724,606.615725436,604.921426666,606.338081116,3452042.0
2026-02-24 12:30:00,606.348057556,607.475395252,606.16848164,607.10626698,2911062.0
2026-02-24 13:00:00,607.09629054,607.325748656,606.43774575,606.767068027,2158220.0
2026-02-24 13:30:00,606.747115148,607.555206771,606.025319729,606.128276588,2376706.0
2026-02-24 14:00:00,606.128575881,606.876808865,605.948999965,606.368010436,2397872.0
2026-02-24 14:30:00,606.377986875,606.556964205,605.380342896,605.729518289,2539298.0
2026-02-24 15:00:00,605.729518289,607.026455462,605.659683211,606.17845808,2766928.0
2026-02-24 15:30:00,606.17845808,606.348057556,605.569895253,605.639730331,2656276.0
2026-02-24 16:00:00,605.639730331,607.385607294,605.539965933,606.437845514,5418510.0
2026-02-25 10:00:00,609.630306247,614.209392346,609.560471169,614.029916194,9180981.0
2026-02-25 10:30:00,614.019939755,614.438950226,612.613261744,613.810434519,6003786.0
2026-02-25 11:00:00,613.810434519,613.990010435,612.164321954,612.887613838,4996729.0
2026-02-25 11:30:00,612.892602058,613.251753891,612.603285304,613.012319336,3013456.0
2026-02-25 12:00:00,613.012319336,613.790481639,612.862772503,613.421353367,2581654.0
2026-02-25 12:30:00,613.421353367,614.009963315,613.28168321,613.521117765,1945939.0
2026-02-25 13:00:00,613.521117765,614.329209388,613.371471168,614.269350749,2477205.0
2026-02-25 13:30:00,614.289303629,614.379091587,613.900222477,613.965069336,1636521.0
2026-02-25 14:00:00,613.970057556,614.369115147,613.850639571,614.25937431,1552243.0
2026-02-25 14:30:00,614.24939787,614.902854676,614.23443321,614.7332552,2297351.0
2026-02-25 15:00:00,614.72826698,614.907842896,614.588596823,614.678384781,2241578.0
2026-02-25 15:30:00,614.678384781,614.867937137,614.483844205,614.658431901,3324449.0
2026-02-25 16:00:00,614.658431901,615.376735566,614.299280069,615.227088969,9376268.0
2026-02-26 10:00:00,614.139657032,614.139657032,610.289449624,610.533174048,13368016.0
2026-02-26 10:30:00,610.538162268,610.947196299,603.125667504,604.27295808,15198382.0
2026-02-26 11:00:00,604.28293452,606.517657033,602.557010436,605.864200226,14545682.0
2026-02-26 11:30:00,605.869188446,607.919346823,605.529989493,607.285842896,6478976.0
2026-02-26 12:00:00,607.290831116,607.535253891,604.757314232,604.981285305,5554197.0
2026-02-26 12:30:00,604.981285305,606.083681902,604.74185075,605.091026143,4180446.0
2026-02-26 13:00:00,605.081049703,606.048764362,603.754183211,604.292910959,3671193.0
2026-02-26 13:30:00,604.292910959,604.402651797,603.115691064,603.933759127,3628095.0
2026-02-26 14:00:00,603.943735567,606.597468551,603.644442373,605.889141326,6089069.0
2026-02-26 14:30:00,605.899117766,607.924335043,605.579871692,607.015780671,4399181.0
2026-02-26 15:00:00,607.011490802,608.233604676,606.796997347,607.355677975,3531629.0
2026-02-26 15:30:00,607.345701535,608.113887399,606.437845514,606.537609912,3858010.0
2026-02-26 16:00:00,606.532621692,607.904382163,606.497704153,607.804617765,6091472.0
2026-02-27 10:00:00,601.559366457,604.527357294,600.771227714,603.125667504,9516506.0
2026-02-27 10:30:00,603.115691064,605.968952844,602.806421431,605.350413577,8036589.0
2026-02-27 11:00:00,605.340437137,606.467774834,604.203123001,605.639730331,4844859.0
2026-02-27 11:30:00,605.649706771,606.537609912,604.672115436,605.265613839,4952954.0
2026-02-27 12:00:00,605.275590279,606.268246038,604.392675357,605.280578499,3791678.0
2026-02-27 12:30:00,605.280578499,606.886785305,603.614513054,604.886509127,4797865.0
2026-02-27 13:00:00,604.891497347,605.859212006,603.963688446,604.701944991,3578739.0
2026-02-27 13:30:00,604.701944991,604.941279781,603.015926666,603.903829808,2822918.0
2026-02-27 14:00:00,603.893853368,604.372722478,603.275314101,603.684348132,2008455.0
2026-02-27 14:30:00,603.674371692,605.051120383,603.574607295,603.77413609,2437325.0
2026-02-27 15:00:00,603.78411253,604.063452844,602.995973787,603.504772216,2121400.0
2026-02-27 15:30:00,603.469854677,606.108623001,603.444913577,605.495071954,4525168.0
2026-02-27 16:00:00,605.480107294,606.597468551,604.148252582,605.859212006,10235500.0
2026-03-02 10:00:00,597.449073263,603.644442373,596.581123002,602.696780357,10747534.0
2026-03-02 10:30:00,602.746562792,604.831638708,601.349861221,603.225431902,6834992.0
2026-03-02 11:00:00,603.205479022,605.051120383,602.297623001,604.25799342,6579071.0
2026-03-02 11:30:00,604.2530052,605.839259127,602.527081117,602.896209389,5227465.0
2026-03-02 12:00:00,602.876256509,607.136096535,602.746562792,606.868827713,5546469.0
2026-03-02 12:30:00,606.876808865,607.924335043,606.268246038,607.171113839,3382011.0
2026-03-02 13:00:00,607.156149179,607.894405724,606.717185828,607.659959389,2860055.0
2026-03-02 13:30:00,607.659959389,607.864476404,606.417892635,606.966596823,2366020.0
2026-03-02 14:00:00,606.966596823,607.046408341,605.330460698,605.420248656,3563509.0
2026-03-02 14:30:00,605.430225095,608.223628237,605.300531378,607.989181902,4065162.0
2026-03-02 15:00:00,607.989181902,608.483015671,607.794641326,608.07398164,3171961.0
2026-03-02 15:30:00,608.0640052,608.263533996,604.831638708,605.280578499,7858440.0
2026-03-02 16:00:00,605.280578499,607.625041849,605.180814101,606.65732719,8594139.0
2026-03-03 10:00:00,594.925033997,597.977824572,593.598167505,593.837602059,13109188.0
2026-03-03 10:30:00,593.80767274,595.553549703,590.47554185,590.635164887,10556724.0
2026-03-03 11:00:00,590.635164887,593.378685829,590.565329808,592.770123002,9668773.0
2026-03-03 11:30:00,592.790075882,597.479002583,592.530688447,596.940274834,7820319.0
2026-03-03 12:00:00,596.930298394,599.484266981,595.583479023,598.187329808,7317384.0
2026-03-03 12:30:00,598.157400489,599.155044468,596.960227714,598.975468551,4947535.0
2026-03-03 13:00:00,598.985444991,599.065256509,596.521264363,597.459049703,4335258.0
2026-03-03 13:30:00,597.449073263,600.611604677,597.429120384,600.022994729,4821410.0
2026-03-03 14:00:00,600.022994729,602.073153106,599.903277452,601.255085043,5313009.0
2026-03-03 14:30:00,601.290002583,601.619225096,599.623937138,600.312311483,4041799.0
2026-03-03 15:00:00,600.322287923,602.537057556,599.125115148,601.000685829,6195982.0
2026-03-03 15:30:00,601.030615148,601.808777452,599.893301012,600.880968551,4263495.0
2026-03-03 16:00:00,600.880968551,601.499507818,599.304691064,600.162664886,6997881.0
2026-03-04 10:00:00,602.736586352,605.500060174,602.008306247,604.233152085,8855931.0
2026-03-04 10:30:00,604.322840279,609.650259127,603.625487137,609.550494729,9656946.0
2026-03-04 11:00:00,609.540518289,609.740047085,607.10626698,609.266166195,8120364.0
2026-03-04 11:30:00,609.261177975,610.009410959,607.465418813,608.732426666,6163497.0
2026-03-04 12:00:00,608.737414886,610.298727713,608.54287431,609.700141326,5308746.0
2026-03-04 12:30:00,609.720094205,610.383527451,609.370819048,609.410824572,2862324.0
2026-03-04 13:00:00,609.410824572,610.568091587,608.752379546,610.278774833,3025297.0
2026-03-04 13:30:00,610.278774833,610.607997346,609.590400488,610.340329467,2372332.0
2026-03-04 14:00:00,610.348609912,611.36620677,610.318680593,610.852420121,2831680.0
2026-03-04 14:30:00,610.867384781,611.436041849,610.712749964,610.8973141,2174250.0
2026-03-04 15:00:00,610.8973141,611.181642634,610.548138708,610.787573263,2296183.0
2026-03-04 15:30:00,610.777596823,610.91726698,609.221272216,609.889693682,3071135.0
2026-03-04 16:00:00,609.879717242,610.288751273,608.981837661,609.311060174,7631355.0
2026-03-05 10:00:00,605.968952844,610.827479022,605.939023525,610.797250409,10196061.0
2026-03-05 10:30:00,610.777596823,611.316324572,606.118599441,606.582503891,7521807.0
2026-03-05 11:00:00,606.587492111,608.642638708,604.642086352,608.263533996,7852383.0
2026-03-05 11:30:00,608.263533996,608.52292143,604.881520907,605.520013054,6409170.0
2026-03-05 12:00:00,605.529989493,607.59511253,605.470130855,607.345701535,4445490.0
2026-03-05 12:30:00,607.345701535,609.251201535,604.572251274,604.572251274,5904944.0
2026-03-05 13:00:00,604.582227713,604.931403106,601.180261745,601.644166195,7223336.0
2026-03-05 13:30:00,601.644166195,603.624489493,601.040591588,601.319931902,5536786.0
2026-03-05 14:00:00,601.285014363,603.165573263,600.841062792,601.818753891,4548000.0
2026-03-05 14:30:00,601.808777452,603.405007818,601.549390017,602.412352059,4167283.0
2026-03-05 15:00:00,602.397387399,603.444913577,601.309955462,602.84632719,4219686.0
2026-03-05 15:30:00,602.866280069,606.16848164,602.108070645,605.21074342,7015218.0
2026-03-05 16:00:00,605.21074342,607.684900488,604.861568027,607.475395252,9799098.0
2026-03-06 10:00:00,598.895657033,600.302335043,597.12982719,599.05528007,10974823.0
2026-03-06 10:30:00,599.03532719,602.37743452,598.426764363,602.207835043,8653050.0
2026-03-06 11:00:00,602.217811483,603.913806247,600.511840279,603.085761745,7134168.0
2026-03-06 11:30:00,603.078279415,604.073429284,601.449625619,602.736486588,4715025.0
2026-03-06 12:00:00,602.746562792,604.452533996,601.579319337,603.604536614,4951341.0
2026-03-06 12:30:00,603.624489493,604.572251274,601.499507818,601.978376928,3950650.0
2026-03-06 13:00:00,601.978376928,602.277670122,600.312311483,601.280026143,4217798.0
2026-03-06 13:30:00,601.290002583,604.023547085,601.160308865,602.397387399,4377058.0
2026-03-06 14:00:00,602.397387399,603.105714624,601.439649179,601.659130855,3923659.0
2026-03-06 14:30:00,601.669107295,602.946091588,601.250096823,602.108070645,4941332.0
2026-03-06 15:00:00,602.098094206,602.601904415,601.030615148,601.848683211,4503805.0
2026-03-06 15:30:00,601.838706771,602.926138708,597.888036614,598.117494729,6276340.0
2026-03-06 16:00:00,598.117494729,599.454337661,596.920321955,598.336976405,11971171.0
2026-03-09 10:00:00,592.824993421,595.064704154,589.936814102,591.323539232,10835089.0
2026-03-09 10:30:00,591.313562793,593.867531379,590.166272217,592.071772217,8996942.0
2026-03-09 11:00:00,592.041842897,596.471382164,591.972007819,595.643337661,6345681.0
2026-03-09 11:30:00,595.623384782,598.06761253,595.623384782,597.907989494,4646225.0
2026-03-09 12:00:00,597.917965934,598.257164886,596.66093452,597.898013054,3977058.0
2026-03-09 12:30:00,597.898013054,599.933206771,597.62864918,599.03532719,4066904.0
2026-03-09 13:00:00,599.03532719,600.432028761,598.117494729,599.464314101,3620296.0
2026-03-09 13:30:00,599.474290541,599.554102059,596.970204154,597.11985075,4494508.0
2026-03-09 14:00:00,597.109874311,597.558814101,596.231947609,597.069968551,4051070.0
2026-03-09 14:30:00,597.089921431,598.845774834,597.040039232,598.017730331,3847115.0
2026-03-09 15:00:00,598.017730331,599.424408342,597.957871693,598.167376928,3974732.0
2026-03-09 15:30:00,598.177353368,605.520013054,597.818201536,605.350413577,10050832.0
2026-03-09 16:00:00,605.310507818,607.834547085,603.933759127,606.328104677,16344879.0
2026-03-10 10:00:00,606.348057556,608.53289787,605.320484258,605.739494729,7386239.0
2026-03-10 10:30:00,605.739494729,607.186078498,603.993617766,606.687256509,4976395.0
2026-03-10 11:00:00,606.667303629,610.228892634,606.65732719,610.208939755,5062830.0
2026-03-10 11:30:00,610.208939755,610.957172739,609.420801011,610.029363839,4316681.0
2026-03-10 12:00:00,610.029363839,610.710754676,609.221272216,610.168934231,3072437.0
2026-03-10 12:30:00,610.159057556,610.478303629,608.502968551,609.710117765,3101517.0
2026-03-10 13:00:00,609.759999964,610.657879545,609.430777451,610.328657032,2634657.0
2026-03-10 13:30:00,610.318680593,611.84507588,610.109175357,611.722166142,2833236.0
2026-03-10 14:00:00,611.715382163,611.715382163,609.061649179,610.717738184,3620713.0
2026-03-10 14:30:00,610.707761744,610.957172739,606.298175357,608.243581116,6741432.0
2026-03-10 15:00:00,608.213651797,609.191342896,607.216007818,607.305795776,3607467.0
2026-03-10 15:30:00,607.305795776,608.353321954,606.268246038,606.298175357,4382770.0
2026-03-10 16:00:00,606.308151797,607.395583734,605.140908342,606.338081116,7646962.0
2026-03-11 10:00:00,607.515301012,609.430777451,607.007500226,609.071725383,7168556.0
2026-03-11 10:30:00,609.101554938,610.987102058,606.14852876,607.315772216,6626967.0
2026-03-11 11:00:00,607.315772216,608.582780069,605.659683211,608.253557556,3769333.0
2026-03-11 11:30:00,608.253557556,608.821516273,605.058902006,605.110979022,4873124.0
2026-03-11 12:00:00,605.140908342,605.779400488,604.083405724,605.091026143,5551304.0
2026-03-11 12:30:00,605.091026143,605.539965933,604.203123001,605.510036614,3753458.0
2026-03-11 13:00:00,605.500060174,606.936667504,605.450177975,606.846879546,2892376.0
2026-03-11 13:30:00,606.826926666,607.275866457,605.939023525,606.846879546,2769774.0
2026-03-11 14:00:00,606.851867766,607.056384781,603.604536614,605.490083734,5837803.0
2026-03-11 14:30:00,605.500060174,605.739494729,604.013570645,605.420248656,3080191.0
2026-03-11 15:00:00,605.420248656,606.108623001,604.991261745,605.659782975,2942444.0
2026-03-11 15:30:00,605.67963609,605.839259127,604.592204153,605.101002582,2656742.0
2026-03-11 16:00:00,605.115967242,606.806973786,604.971308865,606.258269598,4779436.0
2026-03-12 10:00:00,601.339884782,602.716633473,597.818201536,598.456693682,9216101.0
2026-03-12 10:30:00,598.496599441,600.631557556,597.479002583,597.479002583,6803384.0
2026-03-12 11:00:00,597.498955462,599.953159651,596.411523525,597.533873002,6924058.0
2026-03-12 11:30:00,597.558814101,598.017730331,596.122206771,597.538861222,4625016.0
2026-03-12 12:00:00,597.538861222,599.733677975,596.551193682,598.646246038,6325455.0
2026-03-12 12:30:00,598.666198918,600.322287923,596.810581117,598.057536326,5256366.0
2026-03-12 13:00:00,598.047659651,599.853395253,597.668554939,598.55645808,3988810.0
2026-03-12 13:30:00,598.54648164,600.062900488,597.798248656,598.284899389,3024096.0
2026-03-12 14:00:00,598.297070646,599.284738185,596.710816719,597.638725384,2924329.0
2026-03-12 14:30:00,597.658578499,598.765963316,597.357988368,597.937918813,3018441.0
2026-03-12 15:00:00,597.947795489,598.157400489,596.920321955,597.030062792,2536751.0
2026-03-12 15:30:00,597.030062792,597.768319337,596.291806248,597.399191064,4220260.0
2026-03-12 16:00:00,597.409167504,598.06761253,595.643337661,595.852842897,8467387.0
2026-03-13 10:00:00,598.317023525,602.17780596,597.518908342,600.272405724,7761588.0
2026-03-13 10:30:00,600.292358604,601.180261745,598.047659651,599.030039677,4928443.0
2026-03-13 11:00:00,599.04530363,600.303232923,594.401270908,594.575858604,5709849.0
2026-03-13 11:30:00,594.575858604,596.471382164,593.867531379,594.077036614,4499018.0
2026-03-13 12:00:00,594.057083735,594.715528761,592.181513054,592.580570646,5208292.0
2026-03-13 12:30:00,592.560617766,594.176801012,592.530688447,593.458497347,3111165.0
2026-03-13 13:00:00,593.448520908,594.515999965,592.041842897,592.281277452,3392119.0
2026-03-13 13:30:00,592.289059075,594.146871693,592.001937138,593.578214625,3122487.0
2026-03-13 14:00:00,593.568238185,593.757790541,591.223774834,591.732573264,3654526.0
2026-03-13 14:30:00,591.732573264,592.760146562,591.582926667,592.650405724,3347440.0
2026-03-13 15:00:00,592.645417505,594.096989494,592.321183211,593.518355986,3228860.0
2026-03-13 15:30:00,593.518355986,593.538308866,591.584921955,591.782455463,3617465.0
2026-03-13 16:00:00,591.791134965,592.430924049,591.173892636,592.321183211,7186968.0
2026-03-16 10:00:00,598.626293159,600.611604677,597.818201536,600.491887399,6036779.0
2026-03-16 10:30:00,600.48191096,601.180261745,599.603984258,600.062900488,3731814.0
2026-03-16 11:00:00,600.072876928,600.132735567,597.718437138,599.52417274,4470751.0
2026-03-16 11:30:00,599.52417274,600.531793159,598.388853892,600.052924049,2809349.0
2026-03-16 12:00:00,600.032971169,600.571698918,598.895657033,599.04530363,2344111.0
2026-03-16 12:30:00,599.04530363,599.733677975,597.738390017,598.06761253,2538225.0
2026-03-16 13:00:00,598.047659651,599.603984258,597.698484258,599.065256509,2214593.0
2026-03-16 13:30:00,599.065256509,600.222523525,599.05029185,599.574054939,2205296.0
2026-03-16 14:00:00,599.594007818,599.953159651,598.516552321,599.234855986,1998513.0
2026-03-16 14:30:00,599.229867766,600.312311483,599.065256509,600.132735567,2600271.0
2026-03-16 15:00:00,600.122759127,600.47193452,599.678308735,599.733677975,2207421.0
2026-03-16 15:30:00,599.733677975,602.437293158,598.656222478,599.274761745,6274036.0
2026-03-16 16:00:00,599.264785305,599.474290541,598.117494729,598.965492112,6064687.0
2026-03-17 10:00:00,601.718989494,604.472486876,600.861015672,603.933759127,6244182.0
2026-03-17 10:30:00,603.943735567,604.043499965,601.639177975,603.205479022,5167244.0
2026-03-17 11:00:00,603.205479022,603.893853368,602.576963316,603.524725096,3734016.0
2026-03-17 11:30:00,603.524725096,603.843971169,601.938471169,601.958424049,4058123.0
2026-03-17 12:00:00,601.948447609,602.497151797,600.551746038,601.469578499,3779397.0
2026-03-17 12:30:00,601.489531378,602.3475052,600.45198164,601.998329808,3705946.0
2026-03-17 13:00:00,602.008306247,602.35748164,601.449625619,601.669107295,1587942.0
2026-03-17 13:30:00,601.663819782,602.621857295,601.634189755,602.147976405,1728275.0
2026-03-17 14:00:00,602.108070645,602.756539232,601.629201535,602.547033996,1874102.0
2026-03-17 14:30:00,602.547033996,603.105714624,601.756899965,601.788824572,2279026.0
2026-03-17 15:00:00,601.778848132,602.129320462,601.499507818,601.798801012,2533117.0
2026-03-17 15:30:00,601.798801012,602.287646562,601.265061483,601.88858897,2348006.0
2026-03-17 16:00:00,601.87861253,602.337528761,601.599272216,601.88858897,5561119.0
2026-03-18 10:00:00,600.072876928,601.738942373,599.5141963,601.060444703,6178619.0
2026-03-18 10:30:00,601.030615148,601.369814101,597.299426667,597.558814101,4588100.0
2026-03-18 11:00:00,597.548837661,599.005397871,597.429120384,598.985444991,3749950.0
2026-03-18 11:30:00,598.995421431,600.132735567,598.456693682,599.115138708,3901688.0
2026-03-18 12:00:00,599.115138708,599.783560174,598.835798394,599.364549703,3082568.0
2026-03-18 12:30:00,599.354573263,599.653866457,598.576510724,599.085209389,2113104.0
2026-03-18 13:00:00,599.065256509,599.254808865,597.728413578,598.06761253,2237093.0
2026-03-18 13:30:00,598.037683211,598.137447609,596.890392635,597.738489782,2190103.0
2026-03-18 14:00:00,597.758342897,598.975468551,597.279473787,598.845774834,2640032.0
2026-03-18 14:30:00,598.815845515,599.753630855,597.588743421,598.317023525,2219408.0
2026-03-18 15:00:00,598.307047085,598.506575881,595.593455463,595.643337661,3449669.0
2026-03-18 15:30:00,595.633361222,597.040039232,594.815293159,595.114586353,4515302.0
2026-03-18 16:00:00,595.104609913,595.603431902,593.159204154,593.498403107,8499941.0
2026-03-19 10:00:00,588.12110206,590.365801013,585.696827191,589.906884782,9973446.0
2026-03-19 10:30:00,589.886931903,590.97436384,587.662185829,588.12110206,6970912.0
2026-03-19 11:00:00,588.141054939,590.814740803,588.036302322,589.647497348,4531582.0
2026-03-19 11:30:00,589.637520908,591.732573264,588.590094494,588.979075882,4835657.0
2026-03-19 12:00:00,588.969099442,589.288345515,587.412774835,589.288345515,4515396.0
2026-03-19 12:30:00,589.278369075,590.405706772,588.320630856,589.168628238,3557970.0
2026-03-19 13:00:00,589.178604678,589.936814102,588.061243421,588.819452845,2859203.0
2026-03-19 13:30:00,588.809476405,589.018682348,586.983787924,588.659829808,4667965.0
2026-03-19 14:00:00,588.649853369,589.487874311,587.751973788,588.739641327,3030049.0
2026-03-19 14:30:00,588.739641327,590.365801013,588.09117274,589.128722479,3375497.0
2026-03-19 15:00:00,589.148675358,590.435636091,587.941526144,590.066507819,3933361.0
2026-03-19 15:30:00,590.066507819,594.396282688,590.01662562,592.141607295,9532337.0
2026-03-19 16:00:00,592.131630855,592.553634258,590.894552321,591.622832426,7319453.0
2026-03-20 10:00:00,589.667450227,589.777191065,584.77899473,584.918664887,8744731.0
2026-03-20 10:30:00,584.918664887,585.956214625,583.85617405,584.564501275,8256670.0
2026-03-20 11:00:00,584.589442374,585.896355987,583.591798395,584.519607296,8576141.0
2026-03-20 11:30:00,584.518310358,586.245531379,583.721492112,584.369960699,7236735.0
2026-03-20 12:00:00,584.399890018,585.75668583,584.160455463,585.527227714,2831925.0
2026-03-20 12:30:00,585.527227714,586.554801013,585.26784028,585.362616458,3815838.0
2026-03-20 13:00:00,585.367604678,585.367604678,583.701539233,584.559513055,4223731.0
2026-03-20 13:30:00,584.559513055,585.038382165,583.452128238,583.661633474,2739394.0
2026-03-20 14:00:00,583.671609913,583.83622117,582.005544469,583.102952845,4210450.0
2026-03-20 14:30:00,583.102952845,583.332410961,580.738536615,581.496746039,4770848.0
2026-03-20 15:00:00,581.486769599,581.681310175,579.691010437,580.179855987,5113984.0
2026-03-20 15:30:00,580.199808867,580.778442374,579.10240049,579.331858605,6086667.0
2026-03-20 16:00:00,579.331858605,580.758489495,577.17694761,580.688654416,16473880.0
2026-03-23 10:00:00,589.871378146,592.51846741,588.354046602,592.328676104,10186307.0
2026-03-23 10:30:00,592.328676104,594.426269593,590.580598289,593.212704028,7932178.0
2026-03-23 11:00:00,593.20770952,593.657215244,591.809247268,592.558423474,4904686.0
2026-03-23 11:30:00,592.588390523,594.426369483,592.258752992,592.56841249,5203324.0
2026-03-23 12:00:00,592.588390523,593.047885263,586.844706271,587.084442657,6965756.0
2026-03-23 12:30:00,587.084442657,589.152168988,585.316386809,585.566112211,9080060.0
2026-03-23 13:00:00,585.566112211,588.143278363,585.41627697,586.799755699,7011235.0
2026-03-23 13:30:00,586.804750207,587.394102156,585.426265986,586.505079724,4153282.0
2026-03-23 14:00:00,586.495090708,589.341960293,586.475112676,589.19711956,4607539.0
2026-03-23 14:30:00,589.202114068,589.691575857,587.973465089,588.682685231,3130808.0
2026-03-23 15:00:00,588.702663264,590.860290739,588.702663264,590.305900346,3806790.0
2026-03-23 15:30:00,590.32088387,590.380817967,588.99234473,589.341960293,3104281.0
2026-03-23 16:00:00,589.331971277,590.29591133,587.354146092,587.354146092,8225510.0
2026-03-24 10:00:00,584.167649959,585.636035324,581.290813325,583.238671462,6640977.0
2026-03-24 10:30:00,583.21869343,584.806946989,582.289714934,582.98894606,4923901.0
2026-03-24 11:00:00,582.978957044,586.305299402,582.459528207,583.877968492,5864943.0
2026-03-24 11:30:00,583.897946524,587.284222979,583.828023412,586.222790129,3617450.0
2026-03-24 12:00:00,586.215398257,587.094431673,584.906837149,585.126595503,2860740.0
2026-03-24 12:30:00,585.096628455,586.345255466,584.447342409,585.995639903,2455592.0
2026-03-24 13:00:00,585.985650887,586.145475145,583.937902589,584.826925021,2236429.0
2026-03-24 13:30:00,584.806946989,585.13658452,582.059967564,582.869077867,3498155.0
2026-03-24 14:00:00,582.839110819,584.157660943,581.950088387,583.90793554,3917783.0
2026-03-24 14:30:00,583.912930048,584.657111747,583.088836221,584.306996733,2684344.0
2026-03-24 15:00:00,584.297507168,586.393202744,584.007825701,584.677089779,3288367.0
2026-03-24 15:30:00,584.647122731,585.715947453,584.407386345,584.447342409,2116795.0
2026-03-24 16:00:00,584.437353393,584.806946989,582.609363449,583.338561623,4941547.0
2026-03-25 10:00:00,588.492893926,590.720444514,586.79476119,586.97456348,7103807.0
2026-03-25 10:30:00,586.984552496,590.27093879,586.035595968,589.601674712,8012822.0
2026-03-25 11:00:00,589.611663728,590.55063124,589.052278827,589.711553889,3791238.0
2026-03-25 11:30:00,589.711553889,589.941301259,585.046683375,588.343058684,8073315.0
2026-03-25 12:00:00,588.353047701,588.782575392,586.355244483,587.214299866,4233306.0
2026-03-25 12:30:00,587.194321834,588.642729167,586.065563016,588.033399186,3841222.0
2026-03-25 13:00:00,588.003432137,588.922421618,587.593882478,588.213201475,2656505.0
2026-03-25 13:30:00,588.213201475,588.802553425,587.20431085,588.447943353,2273450.0
2026-03-25 14:00:00,588.452937861,589.921323227,587.783673783,588.343058684,3520379.0
2026-03-25 14:30:00,588.333069668,588.99234473,587.873574928,588.033399186,2102940.0
2026-03-25 15:00:00,588.013421153,588.25315754,585.845804662,586.624947917,2592386.0
2026-03-25 15:30:00,586.614958901,587.563915429,585.616057292,586.614958901,4032176.0
2026-03-25 16:00:00,586.614859011,587.474014285,585.935705807,587.174343802,4252787.0
2026-03-26 10:00:00,581.960077403,583.768089315,579.812438944,583.348550639,8965060.0
2026-03-26 10:30:00,583.368528672,583.987847669,582.24975887,582.329670998,6650046.0
2026-03-26 11:00:00,582.319681982,583.620751328,579.013317656,580.711450392,8735659.0
2026-03-26 11:30:00,580.721439408,581.350747421,579.862384024,580.241966635,4131249.0
2026-03-26 12:00:00,580.231977619,581.270835293,579.46282338,580.431757941,3539850.0
2026-03-26 12:30:00,580.421768925,580.651516295,578.26414145,578.403987675,4123685.0
2026-03-26 13:00:00,578.433954723,578.593778981,577.534943275,578.184229321,4458905.0
2026-03-26 13:30:00,578.194218337,578.653713077,576.635931827,577.170344188,3341888.0
2026-03-26 14:00:00,577.145371648,577.594877372,574.678084673,574.898841929,4201152.0
2026-03-26 14:30:00,574.897843027,575.856788572,574.538238448,574.603167053,3919590.0
2026-03-26 15:00:00,574.603167053,575.626941312,574.588183528,575.437249896,4288386.0
2026-03-26 15:30:00,575.447238912,575.527151041,573.978853547,574.468315335,5285931.0
2026-03-26 16:00:00,574.478304351,574.563210988,572.800149648,573.159754228,11666496.0
2026-03-27 10:00:00,570.183027433,570.392796771,565.777871337,566.097519852,10845909.0
2026-03-27 10:30:00,566.087530836,567.845597668,565.528145935,565.907728546,7139399.0
2026-03-27 11:00:00,565.89773953,567.361130387,565.038684146,566.736816882,5165136.0
2026-03-27 11:30:00,566.726827866,568.065356022,565.468211838,567.825619636,5946421.0
2026-03-27 12:00:00,567.835608652,569.084235663,566.936597204,567.669191644,5807916.0
2026-03-27 12:30:00,567.675784394,567.835608652,565.84779445,566.047574772,4540122.0
2026-03-27 13:00:00,566.047574772,566.79175647,565.118596275,565.827816418,3451253.0
2026-03-27 13:30:00,565.827816418,567.136377525,563.530342717,563.570298781,4549505.0
2026-03-27 14:00:00,563.550320749,564.294502448,562.741210446,563.070847977,4499187.0
2026-03-27 14:30:00,563.070847977,563.500375669,562.301693738,563.130782073,4693198.0
2026-03-27 15:00:00,563.110804041,563.939892377,562.291704722,562.611253346,4099588.0
2026-03-27 15:30:00,562.60136422,563.105809533,561.897138586,562.401583899,4653753.0
2026-03-27 16:00:00,562.421561931,562.856084131,560.953176566,561.962067191,10585338.0
2026-03-30 10:00:00,566.756794914,567.426058992,561.492583434,561.752297853,9848453.0
2026-03-30 10:30:00,561.732319821,563.660199926,561.652407692,562.306688246,4923998.0
2026-03-30 11:00:00,562.261737673,563.56929988,560.753396244,563.525348209,5428116.0
2026-03-30 11:30:00,563.530342717,564.918815953,561.227874508,562.381605867,4743582.0
2026-03-30 12:00:00,562.351638818,564.858881857,561.982045223,563.435447064,4267651.0
2026-03-30 12:30:00,563.430452556,563.560309765,560.99313263,561.045574964,3825120.0
2026-03-30 13:00:00,561.053066727,562.011812491,560.873264437,561.352737209,3048780.0
2026-03-30 13:30:00,561.342748193,561.792253917,559.035285476,559.155053779,4461415.0
2026-03-30 14:00:00,559.155153669,560.523648874,558.505867624,559.4847912,4419420.0
2026-03-30 14:30:00,559.479796692,559.524747265,558.096317964,558.126285012,3081976.0
2026-03-30 15:00:00,558.136274028,559.075241541,557.157350451,557.297196677,3934662.0
2026-03-30 15:30:00,557.297196677,557.536933063,554.98973396,555.279415427,5166148.0
2026-03-30 16:00:00,555.279415427,558.366021398,555.009711992,557.666790272,8185618.0
2026-03-31 10:00:00,563.670188942,568.205202247,563.610254846,568.130284626,9668980.0
2026-03-31 10:30:00,568.115301102,568.424960601,566.397190335,568.115301102,6698604.0
2026-03-31 11:00:00,568.115301102,568.584784858,563.590276813,564.349442036,6381372.0
2026-03-31 11:30:00,564.359431052,567.91552078,564.33945302,566.329864366,5110705.0
2026-03-31 12:00:00,566.317278206,566.9965313,565.138574307,565.238464468,3366304.0
2026-03-31 12:30:00,565.20849742,568.135279134,564.988739066,567.715740459,3525000.0
2026-03-31 13:00:00,567.715740459,575.077645317,567.266234735,573.109709257,10763963.0
2026-03-31 13:30:00,573.129787179,575.577096121,572.780171616,573.858985354,6965896.0
2026-03-31 14:00:00,573.878963386,575.457227928,572.48449674,572.820127681,5510016.0
2026-03-31 14:30:00,572.790160632,574.917821059,572.790160632,574.408381239,3941227.0
2026-03-31 15:00:00,574.398392223,575.507173009,573.888952402,575.14756843,6472111.0
2026-03-31 15:30:00,575.137679304,576.446140521,574.608161561,575.801848983,6276554.0
2026-03-31 16:00:00,575.816832508,578.004427031,575.527151041,576.546030682,13489430.0
2026-04-01 10:00:00,580.841307601,583.384511097,579.782471895,581.540438837,8601794.0
2026-04-01 10:30:00,581.540538727,583.718144235,581.310791357,583.188726382,5547577.0
2026-04-01 11:00:00,583.198715398,585.156562552,581.880165274,584.926815182,6929537.0
2026-04-01 11:30:00,584.926815182,585.576101227,584.652117239,584.667100763,4881811.0
2026-04-01 12:00:00,584.677089779,586.535046772,584.207606023,586.230381781,4485590.0
2026-04-01 12:30:00,586.235376289,586.614958901,585.795859581,586.020612443,3600338.0
2026-04-01 13:00:00,586.035595968,586.664903981,585.626046308,586.392603403,2382219.0
2026-04-01 13:30:00,586.405189563,587.093432772,586.275432244,586.69487103,3032793.0
2026-04-01 14:00:00,586.69487103,586.904640367,585.056672391,585.116606487,3933362.0
2026-04-01 14:30:00,585.106717361,585.306397793,582.059967564,582.384610587,8016384.0
2026-04-01 15:00:00,582.389605095,583.62824309,581.686877813,582.52945132,5809336.0
2026-04-01 15:30:00,582.524456812,584.657111747,582.409583127,584.387408313,5288749.0
2026-04-01 16:00:00,584.367430281,584.866881085,583.058869173,583.668199154,10313462.0
2026-04-02 10:00:00,573.339556517,576.795756084,571.291808219,576.556019698,8711643.0
2026-04-02 10:30:00,576.566008714,581.360736438,575.597074154,577.594877372,6553391.0
2026-04-02 11:00:00,577.594877372,585.406287954,577.335162953,583.188726382,7961359.0
2026-04-02 11:30:00,583.178737366,584.097726846,581.490593647,583.318583591,3324691.0
2026-04-02 12:00:00,583.348550639,584.057770782,581.091033003,582.230080508,2461459.0
2026-04-02 12:30:00,582.199813789,582.93900098,580.33186778,581.060966065,2206979.0
2026-04-02 13:00:00,581.031098907,583.208704414,580.631538263,581.880165274,2595655.0
2026-04-02 13:30:00,581.880165274,583.318583591,581.330769389,582.898945025,1834189.0
2026-04-02 14:00:00,582.879066883,583.018913108,580.501681054,581.170945132,1895812.0
2026-04-02 14:30:00,581.17593964,582.439550175,581.17593964,581.540538727,1389317.0
2026-04-02 15:00:00,581.570505775,582.899044915,581.410681518,582.323877369,1687782.0
2026-04-02 15:30:00,582.34964903,583.318583591,582.199913679,582.488496354,1894114.0
2026-04-02 16:00:00,582.47950624,584.447342409,582.269736902,584.337463232,4518000.0
2026-04-06 10:00:00,585.586090244,589.022311779,585.086639439,588.902543476,5573362.0
2026-04-06 10:30:00,588.912432602,589.961279291,585.675991388,587.873574928,4116673.0
2026-04-06 11:00:00,587.863585912,588.48290491,585.436255002,586.495090708,3676629.0
2026-04-06 11:30:00,586.505079724,587.244266915,585.576101227,585.895749742,1862981.0
2026-04-06 12:00:00,585.895749742,587.104420689,585.166551568,586.884662335,2089818.0
2026-04-06 12:30:00,586.909634875,587.014519544,585.945694823,586.629442974,1312344.0
2026-04-06 13:00:00,586.634936933,587.454036252,586.395200547,586.56501382,1440595.0
2026-04-06 13:30:00,586.56501382,586.644925949,584.047781766,586.505079724,2867864.0
2026-04-06 14:00:00,586.51506874,587.144376754,585.436255002,585.456233034,1562609.0
2026-04-06 14:30:00,585.476211067,587.848602388,585.056672391,587.334168059,2425603.0
2026-04-06 15:00:00,587.334168059,587.703761655,586.894651351,587.553926413,1123174.0
2026-04-06 15:30:00,587.553926413,587.63883305,587.064464625,587.209305358,1180799.0
2026-04-06 16:00:00,587.20431085,588.183234427,586.994541512,587.853596896,3088759.0
2026-04-07 10:00:00,584.996738294,586.415178579,582.010122374,582.06995658,4357290.0
2026-04-07 10:30:00,582.039989532,582.329670998,579.053273721,581.760297081,5103008.0
2026-04-07 11:00:00,581.790264129,582.599374433,579.342955187,579.38790576,2852349.0
2026-04-07 11:30:00,579.392900268,581.240868244,577.764790535,580.751406456,3381671.0
2026-04-07 12:00:00,580.751406456,582.339660014,580.192021555,581.760297081,1822875.0
2026-04-07 12:30:00,581.81523667,584.896848133,581.720341017,583.758100299,2981547.0
2026-04-07 13:00:00,583.738122267,584.976760262,583.39849572,584.047781766,1503811.0
2026-04-07 13:30:00,584.03779275,584.906837149,583.258649495,583.67818817,2110557.0
2026-04-07 14:00:00,583.67818817,586.345255466,583.568308993,584.587188635,2152286.0
2026-04-07 14:30:00,584.577199618,584.896748243,583.658210138,583.818034396,1341256.0
2026-04-07 15:00:00,583.808744611,584.067759798,581.02110989,581.620450856,2371299.0
2026-04-07 15:30:00,581.620450856,586.295310386,581.180934148,584.407386345,4897449.0
2026-04-07 16:00:00,584.3174852,588.333069668,583.778078331,587.943498041,5930061.0
2026-04-08 10:00:00,608.041398414,609.230091329,604.745023104,605.1146167,11512393.0
2026-04-08 10:30:00,605.144583748,605.664012584,604.195627219,604.485308686,5543945.0
2026-04-08 11:00:00,604.535253766,604.774990152,601.458636811,603.021917829,5021270.0
2026-04-08 11:30:00,603.046890369,604.255561316,602.68738568,603.506385109,3125330.0
2026-04-08 12:00:00,603.546341173,605.374331118,603.336571836,605.124605716,3309944.0
2026-04-08 12:30:00,605.1146167,606.03360618,604.735034088,605.534155375,2639001.0
2026-04-08 13:00:00,605.544144391,607.037502297,605.374331118,606.682892226,2098370.0
2026-04-08 13:30:00,606.682892226,607.027513281,604.994848397,605.229490385,2414187.0
2026-04-08 14:00:00,605.21450686,605.674001601,604.829929741,605.538051092,2411944.0
2026-04-08 14:30:00,605.534155375,606.433166823,604.06577001,604.575209831,4004972.0
2026-04-08 15:00:00,604.575209831,604.994748506,602.008032696,602.123206051,3100691.0
2026-04-08 15:30:00,602.107922856,603.556330189,601.888164502,602.267747114,3703213.0
2026-04-08 16:00:00,602.237780066,605.484210295,602.222796541,605.424276198,7188358.0
2026-04-09 10:00:00,605.264451941,606.003639132,603.456440029,604.020819438,4263706.0
2026-04-09 10:30:00,604.075759026,604.665110975,602.427571371,602.867088079,3107702.0
2026-04-09 11:00:00,602.862093571,604.585198847,602.367637275,604.310500904,2213137.0
2026-04-09 11:30:00,604.285528364,605.843814874,603.715155545,604.70506704,2304258.0
2026-04-09 12:00:00,604.715056056,608.091343494,604.486207697,607.901552189,3584452.0
2026-04-09 12:30:00,607.901552189,609.689586069,607.87158514,608.520871186,3035925.0
2026-04-09 13:00:00,608.530860202,608.610772331,607.243276028,608.041498304,1846696.0
2026-04-09 13:30:00,608.061376446,609.409893618,607.851607108,608.700773366,1557377.0
2026-04-09 14:00:00,608.700673476,609.489805747,607.891663063,608.775591097,1950171.0
2026-04-09 14:30:00,608.790574621,608.89545929,606.832727467,607.255962079,2232451.0
2026-04-09 15:00:00,607.262255159,607.971475301,606.862694515,607.701671977,1326307.0
2026-04-09 15:30:00,607.701771867,608.900453798,607.601881706,608.710662492,1961422.0
2026-04-09 16:00:00,608.700673476,609.829432294,608.680695444,609.519772795,4737897.0
2026-04-10 10:00:00,611.16796045,612.436565493,610.568619485,611.197927498,3750956.0
2026-04-10 10:30:00,611.187938482,612.007037802,609.989256551,611.747323383,3047720.0
2026-04-10 11:00:00,611.757312399,612.536455654,610.918634608,612.027015834,2928810.0
2026-04-10 11:30:00,611.997048786,612.995950395,611.447652901,611.927025783,1961182.0
2026-04-10 12:00:00,611.927125673,612.136895011,609.469827715,609.929322455,2275296.0
2026-04-10 12:30:00,609.939311471,610.823339395,609.549739843,610.188936983,2777738.0
2026-04-10 13:00:00,610.189036873,610.388817195,608.910442814,609.949300487,1554518.0
2026-04-10 13:30:00,609.949300487,609.969278519,609.050388929,609.190135264,896139.0
2026-04-10 14:00:00,609.180146248,610.184042365,608.940409862,610.109124745,1046750.0
2026-04-10 14:30:00,610.109124745,610.313899574,609.32998149,609.974273027,1084972.0
2026-04-10 15:00:00,609.979267535,610.057181861,609.32998149,609.839920761,918661.0
2026-04-10 15:30:00,609.849410326,610.808355871,609.809454262,610.648531613,2449776.0
2026-04-10 16:00:00,610.638542597,610.638542597,609.78947623,610.398806211,5672445.0
2026-04-13 10:00:00,608.810552653,611.048092257,607.442057448,610.968180128,4731754.0
2026-04-13 10:30:00,611.018125209,611.57751011,609.489805747,610.698476694,2794909.0
2026-04-13 11:00:00,610.703471202,612.206818123,610.268949002,612.03700485,1959825.0
2026-04-13 11:30:00,612.03700485,612.051988374,610.958191112,611.127904496,1392963.0
2026-04-13 12:00:00,611.088048321,612.106927963,610.748421774,611.018125209,1046837.0
2026-04-13 12:30:00,611.023119717,613.085851539,610.398806211,612.816148105,1874133.0
2026-04-13 13:00:00,612.826137121,614.034808068,611.897158625,613.470428659,3890489.0
2026-04-13 13:30:00,613.495401199,614.154676261,613.145785636,613.924928891,1515180.0
2026-04-13 14:00:00,613.914939875,614.114820087,613.1857417,613.320593417,1108850.0
2026-04-13 14:30:00,613.325587926,613.815049714,613.13579662,613.215708749,918844.0
2026-04-13 15:00:00,613.205719732,614.524269856,613.155774652,614.304511502,1359040.0
2026-04-13 15:30:00,614.304511502,614.724050178,613.984862987,614.664116082,1077080.0
2026-04-13 16:00:00,614.654127065,626.051594424,614.48341478,616.71186438,5768879.0
2026-04-14 10:00:00,619.538755933,622.07586613,619.41888774,621.086953537,6563000.0
2026-04-14 10:30:00,621.057086379,623.094845662,620.857306057,623.024922549,3861828.0
2026-04-14 11:00:00,623.084856645,623.424483192,622.48551568,623.12481271,3067928.0
2026-04-14 11:30:00,623.114823694,624.083758254,622.07596602,623.774098756,3922662.0
2026-04-14 12:00:00,623.784087772,625.42228641,623.76410974,624.753022332,3965313.0
2026-04-14 12:30:00,624.743033316,626.120918196,624.693088236,626.01163836,2943495.0
2026-04-14 13:00:00,626.031616392,626.271352778,625.472231491,625.682000829,2519750.0
2026-04-14 13:30:00,625.687994238,626.780792599,625.632055748,626.391220971,2503689.0
2026-04-14 14:00:00,626.391220971,627.010539969,626.341275891,626.730847518,3190207.0
2026-04-14 14:30:00,626.735842026,626.890671776,624.992758719,625.572121652,2851120.0
2026-04-14 15:00:00,625.572121652,626.181451633,625.37234133,625.760614385,2040240.0
2026-04-14 15:30:00,625.751923941,627.490012741,625.687594678,627.425084137,2673698.0
2026-04-14 16:00:00,627.410100612,627.909551417,626.670913422,627.909551417,6591000.0
2026-04-15 10:00:00,628.389024189,629.577717104,627.509990773,629.532766532,5581008.0
2026-04-15 10:30:00,629.567728088,631.036113453,629.043304743,631.031118945,3193064.0
2026-04-15 11:00:00,631.036113453,632.074971126,630.436772488,631.775300644,3263832.0
2026-04-15 11:30:00,631.805267692,632.70427914,631.196037601,632.479526278,2468794.0
2026-04-15 12:00:00,632.47453177,633.043905687,631.865201789,632.584311057,2797568.0
2026-04-15 12:30:00,632.574421931,633.873093913,632.344674561,633.008944131,2339272.0
2026-04-15 13:00:00,633.023927655,633.103839784,630.256970198,631.265860823,4979404.0
2026-04-15 13:30:00,631.275450279,632.594399963,631.086058534,632.319702021,2838826.0
2026-04-15 14:00:00,632.304718497,633.103839784,632.054993094,632.384630625,2628902.0
2026-04-15 14:30:00,632.374641609,633.992862216,631.985069982,633.782393647,2602269.0
2026-04-15 15:00:00,633.793081894,635.381335452,633.788087386,635.111632018,2860622.0
2026-04-15 15:30:00,635.111532128,635.960698385,634.842028474,635.930731337,2521794.0
2026-04-15 16:00:00,635.920742321,637.129413268,635.77090708,636.699885576,7789503.0
2026-04-16 10:00:00,638.507897488,638.877491084,634.557241625,635.651038887,5140228.0
2026-04-16 10:30:00,635.631060854,637.199336381,634.90196257,636.400215093,3464649.0
2026-04-16 11:00:00,636.400215093,638.098347829,636.340280997,637.658831121,2456083.0
2026-04-16 11:30:00,637.658831121,640.046205966,637.658831121,638.947414196,3565940.0
2026-04-16 12:00:00,638.977381245,640.965195447,638.797578955,640.825349221,2763590.0
2026-04-16 12:30:00,640.805371189,641.474635267,640.345976339,640.415799562,2134739.0
2026-04-16 13:00:00,640.425788578,640.515689722,638.317107281,639.336985824,2455636.0
2026-04-16 13:30:00,639.366952872,639.726557451,638.348073231,639.426886969,1520166.0
2026-04-16 14:00:00,639.436875985,640.21601924,638.497908472,639.052298865,2660034.0
2026-04-16 14:30:00,639.047304357,639.606689258,636.500105254,636.899765788,2291258.0
2026-04-16 15:00:00,636.909654914,638.787589939,636.889676882,638.437974376,3344020.0
2026-04-16 15:30:00,638.447963392,639.137205502,638.388029295,638.647743714,1597755.0
2026-04-16 16:00:00,638.647743714,640.186052192,638.518785516,639.766513516,5478340.0
2026-04-17 10:00:00,644.880889754,645.949714475,643.362559308,645.739945138,6395057.0
2026-04-17 10:30:00,645.749934154,646.818758875,645.440274655,645.919747427,4535536.0
2026-04-17 11:00:00,645.929736443,648.6966939,645.924741935,648.047407854,3958450.0
2026-04-17 11:30:00,648.067385887,648.706682916,647.54795705,648.357067353,2935543.0
2026-04-17 12:00:00,648.367056369,649.186155689,647.31820968,647.438077873,5047139.0
2026-04-17 12:30:00,647.438077873,648.801578569,647.148396406,648.636759804,4091598.0
2026-04-17 13:00:00,648.661732344,649.28604585,648.616781771,648.737349196,2139215.0
2026-04-17 13:30:00,648.746638981,649.15618864,645.769912186,646.668823744,3006469.0
2026-04-17 14:00:00,646.638956586,648.037418838,646.379242167,647.498011969,2639676.0
2026-04-17 14:30:00,647.498011969,647.817660484,646.229406926,646.941024432,2405549.0
2026-04-17 15:00:00,646.948616084,647.647847211,646.49911036,646.938627068,2309273.0
2026-04-17 15:30:00,646.938627068,647.218319519,646.299330039,646.808769859,2035031.0
2026-04-17 16:00:00,646.808769859,648.137308999,646.808669969,648.137308999,5723458.0
2026-04-20 10:00:00,647.328198696,648.047407854,645.370351542,646.943621576,3720821.0
2026-04-20 10:30:00,646.958605101,647.108440342,645.390329574,645.694994565,2281742.0
2026-04-20 11:00:00,645.680011041,645.949115134,642.87309752,643.442471437,9097528.0
2026-04-20 11:30:00,643.452460453,645.190549253,641.814261814,644.94082385,3678225.0
2026-04-20 12:00:00,644.960801883,644.960801883,643.372548324,643.961900274,1879731.0
2026-04-20 12:30:00,643.961900274,644.681109432,643.522383566,644.371449933,1505658.0
2026-04-20 13:00:00,644.401416981,644.950812866,644.161680595,644.461351078,898619.0
2026-04-20 13:30:00,644.48132911,645.380340558,644.041812402,644.900867786,1361803.0
2026-04-20 14:00:00,644.89087877,645.600098912,644.601197303,645.150593188,1029259.0
2026-04-20 14:30:00,645.190549253,645.999659556,644.910856802,645.779901202,1254435.0
2026-04-20 15:00:00,645.789890218,646.099549717,645.225510809,645.719967105,1676586.0
2026-04-20 15:30:00,645.729956121,645.959703492,645.440274655,645.619877164,1089523.0
2026-04-20 16:00:00,645.600098912,646.239395942,645.210527285,646.079571685,3930394.0
2026-04-21 10:00:00,647.697792291,648.377045385,645.290439414,648.367056369,4389918.0
2026-04-21 10:30:00,648.387034401,649.485826171,647.817660484,648.455159491,2929284.0
2026-04-21 11:00:00,648.446968498,648.866507174,645.779901202,645.909758411,2570968.0
2026-04-21 11:30:00,645.919747427,647.128418374,644.171669611,645.600098912,3443833.0
2026-04-21 12:00:00,645.590109896,646.519088393,644.870900738,645.799879234,1673237.0
2026-04-21 12:30:00,645.864807839,647.028528213,645.090659092,645.150593188,1616301.0
2026-04-21 13:00:00,645.140604172,646.139505781,644.261570756,644.331493869,1400801.0
2026-04-21 13:30:00,644.351471901,645.180560237,642.658333674,643.472038924,2842199.0
2026-04-21 14:00:00,643.472438485,646.708879698,643.412504389,645.000757947,2115649.0
2026-04-21 14:30:00,645.000857837,645.80986825,644.071779451,644.511296158,1531826.0
2026-04-21 15:00:00,644.501307142,646.179461846,644.206631168,645.625071453,1338364.0
2026-04-21 15:30:00,645.630065961,646.978583133,645.500208751,646.918649036,2223930.0
2026-04-21 16:00:00,646.948616084,647.118429358,641.504602315,643.622273726,7385640.0
2026-04-22 10:00:00,649.435881091,649.74554059,647.807671468,649.036420337,3273866.0
2026-04-22 10:30:00,649.036320447,652.072981339,648.756627997,652.04301429,4014934.0
2026-04-22 11:00:00,652.033025274,652.462552966,650.964200553,651.633464631,3631238.0
2026-04-22 11:30:00,651.623475615,652.512498047,650.89427744,652.062992323,1940024.0
2026-04-22 12:00:00,652.053003306,652.422596902,651.423695293,651.833244952,1762208.0
2026-04-22 12:30:00,651.843233969,652.40261887,651.543563486,651.723365775,1107238.0
2026-04-22 13:00:00,651.693398727,652.112937403,651.313816116,651.53357447,1216441.0
2026-04-22 13:30:00,651.513596438,653.531377688,651.513596438,652.991970819,1959427.0
2026-04-22 14:00:00,653.011948851,653.511399656,652.842135578,653.061893932,1663825.0
2026-04-22 14:30:00,653.071882948,653.32160835,652.172372049,652.332695757,1817097.0
2026-04-22 15:00:00,652.337690265,653.331597366,652.282750677,652.681412309,982929.0
2026-04-22 15:30:00,652.68231132,653.710280966,651.81326692,653.421498511,2181557.0
2026-04-22 16:00:00,653.421498511,654.610191425,653.241696221,654.390433071,7383777.0
2026-04-23 10:00:00,652.832146561,654.899872892,651.593508566,652.86211361,3381959.0
2026-04-23 10:30:00,652.86211361,653.181762125,651.683409711,652.822157545,2509617.0
2026-04-23 11:00:00,652.827152053,654.97958524,652.572631923,654.690103554,1868061.0
2026-04-23 11:30:00,654.70009257,656.058598759,654.70009257,655.609093034,1715317.0
2026-04-23 12:00:00,655.599104018,656.198444984,653.930938331,654.6876063,1658881.0
2026-04-23 12:30:00,654.70009257,654.969796005,653.401520479,654.590213393,1147816.0
2026-04-23 13:00:00,654.590213393,655.299433536,654.24059783,654.540268313,1267528.0
2026-04-23 13:30:00,654.560246345,654.809971747,649.086265528,649.350974454,4710054.0
2026-04-23 14:00:00,649.395925026,651.253882019,644.810966641,649.5657383,6891681.0
2026-04-23 14:30:00,649.5657383,651.183958907,649.136210608,650.959206045,2479601.0
2026-04-23 15:00:00,650.964200553,652.023036258,648.666726852,649.136210608,1794320.0
2026-04-23 15:30:00,649.086265528,650.66453007,648.626770788,650.394826635,1632243.0
2026-04-23 16:00:00,650.394826635,651.133913936,648.636759804,650.704486134,4507251.0
2026-04-24 10:00:00,657.786698542,658.970396949,655.808973246,657.297336644,5594945.0
2026-04-24 10:30:00,657.297236754,659.125226698,656.512100089,657.477039043,3306588.0
2026-04-24 11:00:00,657.516995108,659.824457824,656.737851853,659.659639059,3309751.0
2026-04-24 11:30:00,659.674622583,660.643557144,659.584721438,660.47374387,2917271.0
2026-04-24 12:00:00,660.503710919,662.706288966,660.044216178,662.21183267,3777249.0
2026-04-24 12:30:00,662.181865622,662.541470201,661.332799254,662.271766767,2162857.0
2026-04-24 13:00:00,662.271766767,663.010854067,661.757332438,662.531481185,1524899.0
2026-04-24 13:30:00,662.571437249,662.8511297,661.49761802,661.892184155,1467343.0
2026-04-24 14:00:00,661.872206123,663.780108196,661.592513672,663.08087707,1636826.0
2026-04-24 14:30:00,663.070888054,663.330602472,661.942129236,662.03203038,1766745.0
2026-04-24 15:00:00,662.052008413,662.841140684,661.972096284,662.541470201,2297354.0
2026-04-24 15:30:00,662.541470201,663.650250987,662.536475693,662.90107478,2718903.0
2026-04-24 16:00:00,662.90107478,663.510404762,662.471547088,663.150800182,7847363.0
2026-04-27 10:00:00,662.67132741,663.220723295,659.96430405,662.471547088,5708744.0
2026-04-27 10:30:00,662.471547088,662.681316426,661.182964013,661.442678431,2822394.0
2026-04-27 11:00:00,661.442678431,662.551459217,660.543666983,661.652447769,2981917.0
2026-04-27 11:30:00,661.662436785,661.912162187,660.214029452,661.078079344,1609092.0
2026-04-27 12:00:00,661.103051884,662.002063332,660.868310006,661.612491705,1403909.0
2026-04-27 12:30:00,661.662436785,662.181865622,661.172974997,661.852228091,1452166.0
2026-04-27 13:00:00,661.852228091,662.601404297,661.852228091,662.21183267,942090.0
2026-04-27 13:30:00,662.206838162,662.931041828,661.922151203,662.741250523,1741875.0
2026-04-27 14:00:00,662.711283474,663.393033823,662.711283474,663.13082215,1330160.0
2026-04-27 14:30:00,663.110844118,663.31062444,662.861118716,663.13082215,2691619.0
2026-04-27 15:00:00,663.120833134,663.645256479,662.231810702,662.461558072,1565532.0
2026-04-27 15:30:00,662.44158004,663.110844118,662.201843654,662.961108767,1989370.0
2026-04-27 16:00:00,662.980986909,663.700196067,662.701294458,663.500415746,4166281.0
2026-04-28 10:00:00,656.687906772,658.91545736,654.555251837,657.746742478,5774856.0
2026-04-28 10:30:00,657.656841333,658.475940652,656.43818137,656.917654142,2441827.0
2026-04-28 11:00:00,656.937632174,657.207335609,653.14180606,655.054702641,3968203.0
2026-04-28 11:30:00,655.039719117,655.698994179,653.621278833,653.965899888,1900490.0
2026-04-28 12:00:00,653.811070138,654.24059783,653.09186098,654.140707669,1936930.0
2026-04-28 12:30:00,654.160685701,654.958708197,653.838539933,654.535273805,2160735.0
2026-04-28 13:00:00,654.550257329,655.139609278,653.531477578,654.859916828,1081363.0
2026-04-28 13:30:00,654.87989486,655.199543375,653.982281874,654.859916828,929628.0
2026-04-28 14:00:00,654.859916828,656.308324161,654.839938796,656.268068426,1109563.0
2026-04-28 14:30:00,656.248489954,657.237302657,655.659038115,657.087467416,1435283.0
2026-04-28 15:00:00,657.087467416,657.526984124,656.478137434,657.516995108,1112669.0
2026-04-28 15:30:00,657.526984124,658.240199873,655.659038115,657.30722577,1984354.0
2026-04-28 16:00:00,657.30712588,657.427093963,656.548060547,656.827752997,4320669.0
2026-04-29 10:00:00,657.906566735,658.545863765,655.868707563,658.210632385,3341873.0
2026-04-29 10:30:00,658.196248202,659.55475439,657.177368561,659.32510691,1852585.0
2026-04-29 11:00:00,659.344985052,660.503710919,658.878597891,660.184062404,2051944.0
2026-04-29 11:30:00,660.19405142,660.343886661,658.196248202,659.514798326,1799968.0
2026-04-29 12:00:00,659.524687452,660.044216178,657.696797397,658.645753926,2050622.0
2026-04-29 12:30:00,658.63576491,659.434886197,657.656841333,657.736753462,1464063.0
2026-04-29 13:00:00,657.706786413,658.196248202,656.559048465,657.686808381,1726506.0
2026-04-29 13:30:00,657.731758954,658.40601754,656.967599223,657.983282379,853573.0
2026-04-29 14:00:00,658.066390993,658.959508921,657.81666559,658.845534248,1215058.0
2026-04-29 14:30:00,658.875501296,659.025336537,656.66792874,657.905667724,1382223.0
2026-04-29 15:00:00,657.906566735,660.084172243,657.017544303,659.96430405,2322501.0
2026-04-29 15:30:00,659.954315034,660.993172707,659.205138827,660.328903137,2183854.0
2026-04-29 16:00:00,660.323908629,660.963205659,658.955413425,660.843337466,4272197.0
2026-04-30 10:00:00,664.619185548,664.684114152,657.876599687,658.855523264,6040800.0
2026-04-30 10:30:00,658.875501296,660.224018468,656.837742014,658.40601754,4237404.0
2026-04-30 11:00:00,658.346083443,661.972096284,657.047511351,661.562546624,3202557.0
2026-04-30 11:30:00,661.592513672,662.940731174,661.512601544,662.64635487,2068191.0
2026-04-30 12:00:00,662.661338394,663.460459681,660.913260578,662.23680521,1783431.0
2026-04-30 12:30:00,662.26177775,663.370558536,661.542568592,662.921052812,1031418.0
2026-04-30 13:00:00,662.941030845,663.140811166,661.302832206,661.80228301,2187800.0
2026-04-30 13:30:00,661.842239075,664.059800647,661.822261042,664.049811631,1728692.0
2026-04-30 14:00:00,664.029833598,666.087570913,664.029833598,665.947724688,2393300.0
2026-04-30 14:30:00,665.977691736,666.976593345,665.927746655,666.42719746,1804083.0
2026-04-30 15:00:00,666.437186476,667.146406618,666.087570913,666.157593916,2238134.0
2026-04-30 15:30:00,666.157494026,667.52598923,665.957713704,667.156395635,1997077.0
2026-04-30 16:00:00,667.156395635,668.16528626,666.666933846,667.006560393,5855873.0
2026-05-01 10:00:00,668.425000678,674.21863001,668.065396099,674.21863001,6392395.0
2026-05-01 10:30:00,674.238608042,675.017751297,673.729168222,674.128728865,4331996.0
2026-05-01 11:00:00,674.158695914,674.158695914,671.271870264,672.790200709,3409242.0
2026-05-01 11:30:00,672.830156774,674.118739849,671.731365004,673.948926576,2588168.0
2026-05-01 12:00:00,673.968904608,675.227520635,673.359574626,674.618190654,3215889.0
2026-05-01 12:30:00,674.608201638,674.867916056,672.89009087,673.259684466,2758126.0
2026-05-01 13:00:00,673.239706433,673.794096826,672.590420387,673.194755861,1369701.0
2026-05-01 13:30:00,673.184766845,674.543273033,673.149805289,674.508311477,1244676.0
2026-05-01 14:00:00,674.498322461,674.788003927,673.998871656,674.478344428,907419.0
2026-05-01 14:30:00,674.478344428,674.648157702,673.329607578,674.128828755,1491212.0
2026-05-01 15:00:00,674.095865002,674.138617991,672.350783891,673.019948079,1550887.0
2026-05-01 15:30:00,673.030736217,674.897883104,672.92105682,674.807981959,2033153.0
2026-05-01 16:00:00,674.817970976,674.917861136,673.099860208,673.409519707,4497237.0
2026-05-04 10:00:00,673.918959527,674.927850153,672.810178741,674.867916056,3226659.0
2026-05-04 10:30:00,674.85792704,675.31742178,673.70919019,674.288553123,2101016.0
2026-05-04 11:00:00,674.288553123,675.986685858,674.138717881,674.558256557,2642763.0
2026-05-04 11:30:00,674.588223605,675.346689597,670.432792912,672.001068438,3596930.0
2026-05-04 12:00:00,672.041024503,672.230815808,670.123133413,671.037128385,2612924.0
2026-05-04 12:30:00,671.042122894,671.341793376,668.16528626,670.532683073,3076834.0
2026-05-04 13:00:00,670.547666597,671.261881248,669.933342108,670.402825864,1685026.0
2026-05-04 13:30:00,670.352880783,672.710288581,670.332902751,672.482938574,2012291.0
2026-05-04 14:00:00,672.490530227,672.690310548,671.491628618,672.43069602,1253065.0
2026-05-04 14:30:00,672.43059613,673.049815237,670.982188797,671.901278167,1221399.0
2026-05-04 15:00:00,671.901178277,672.041024503,670.652551266,671.651452875,1009617.0
2026-05-04 15:30:00,671.681419923,672.340694985,671.171980103,672.090969583,2617038.0
2026-05-04 16:00:00,672.095964091,672.460563178,671.33180436,672.140914663,3685829.0
2026-05-05 10:00:00,677.215334837,680.1720836,676.765829113,679.472752583,4770042.0
2026-05-05 10:30:00,679.48284149,680.711490469,678.264181527,680.371863922,3665161.0
2026-05-05 11:00:00,680.381852938,680.831358662,679.283061168,679.782511972,1948582.0
2026-05-05 11:30:00,679.802390114,680.86132571,679.592720667,680.63157834,3701934.0
2026-05-05 12:00:00,680.651556372,681.061106032,680.152105568,680.561655227,1989785.0
2026-05-05 12:30:00,680.566649735,681.190963241,679.672632795,680.276968269,1408930.0
2026-05-05 13:00:00,680.281962777,680.771424565,679.732566892,680.521799053,1140299.0
2026-05-05 13:30:00,680.533685982,681.011160951,680.122138519,680.996177427,2780675.0
2026-05-05 14:00:00,681.001171935,681.540578804,680.771424565,681.350787498,2104087.0
2026-05-05 14:30:00,681.340898372,681.970106496,681.280864386,681.790304206,1302913.0
2026-05-05 15:00:00,681.78031519,681.880205351,681.200952257,681.560456946,2816771.0
2026-05-05 15:30:00,681.552565623,682.023447842,681.375060807,681.52559528,1230281.0
2026-05-05 16:00:00,681.510611756,681.60041301,680.120440387,680.86132571,4281093.0
2026-05-06 10:00:00,687.024548638,689.761539046,685.725976546,688.872516614,5468225.0
2026-05-06 10:30:00,688.872516614,689.611703805,686.86472438,687.643867635,3452948.0
2026-05-06 11:00:00,687.683823699,690.830363768,687.643867635,690.520704269,2860656.0
2026-05-06 11:30:00,690.520704269,691.639474071,690.071198545,691.529594894,2165516.0
2026-05-06 12:00:00,691.529594894,691.709397184,690.39084706,691.120045234,1683588.0
2026-05-06 12:30:00,691.120045234,692.098968811,690.970209993,691.429704733,1541713.0
2026-05-06 13:00:00,691.46466629,691.709397184,689.9812974,690.570649349,1437833.0
2026-05-06 13:30:00,690.610605414,691.867523308,690.340901979,691.659452103,1048125.0
2026-05-06 14:00:00,691.649463087,692.288760117,691.609507023,692.049023731,1296762.0
2026-05-06 14:30:00,692.044029223,692.997980259,691.869221441,692.86812305,1487041.0
2026-05-06 15:00:00,692.871918876,693.627288273,692.658353712,693.007969275,1564013.0
2026-05-06 15:30:00,692.980998932,694.448685066,692.938046163,694.286663225,2310143.0
2026-05-06 16:00:00,694.296552351,695.165596751,693.657255321,695.005772493,7247100.0
2026-05-07 10:00:00,695.814882797,697.08348784,694.776025123,696.504124907,4158801.0
2026-05-07 10:30:00,696.504124907,699.400939573,696.474157859,698.751653527,3877792.0
2026-05-07 11:00:00,698.771631559,700.469764295,698.441994028,700.060214635,2319490.0
2026-05-07 11:30:00,700.055220127,700.095176191,697.582938645,698.312136819,2107995.0
2026-05-07 12:00:00,698.332114851,699.33101646,696.344300649,696.59902056,1951757.0
2026-05-07 12:30:00,696.594026052,696.683927197,693.027947308,695.55017387,3587244.0
2026-05-07 13:00:00,695.540184854,696.39424573,693.597321225,694.446487483,2350199.0
2026-05-07 13:30:00,694.496332673,694.845948236,691.010166057,692.313732657,3026935.0
2026-05-07 14:00:00,692.328716181,694.646167914,691.888200572,694.456376608,2469615.0
2026-05-07 14:30:00,694.466365625,695.01576151,693.154308361,693.437496967,2357323.0
2026-05-07 15:00:00,693.437496967,694.316530383,691.7193862,693.177782549,2592251.0
2026-05-07 15:30:00,693.217738613,693.637277289,691.819276361,692.388650278,2352502.0
2026-05-07 16:00:00,692.418617326,694.786014139,692.318727165,694.176684158,6398786.0
2026-05-08 10:00:00,699.151214171,704.665151052,698.731675495,704.555271875,4760399.0
2026-05-08 10:30:00,704.545282859,706.003679209,703.856040749,704.685129085,3551402.0
2026-05-08 11:00:00,704.705107117,706.173492482,703.796106653,705.903789048,3046630.0
2026-05-08 11:30:00,705.903789048,706.493140997,705.024755632,706.413328758,2672600.0
2026-05-08 12:00:00,706.453184933,707.25230622,705.713997742,706.622998206,3893298.0
2026-05-08 12:30:00,706.66295427,707.901592266,706.627992714,707.836663661,1666198.0
2026-05-08 13:00:00,707.836663661,708.006476935,706.732877383,707.841658169,2688020.0
2026-05-08 13:30:00,707.841658169,709.67963713,707.701811944,709.429911727,2149093.0
2026-05-08 14:00:00,709.429911727,709.719593194,708.191273732,708.416026594,2267113.0
2026-05-08 14:30:00,708.431010118,709.369977631,708.341208864,708.968019623,1584151.0
2026-05-08 15:00:00,708.950438955,709.100274196,707.76773945,707.811691121,2286659.0
2026-05-08 15:30:00,707.806696613,709.409933695,707.771735056,708.346103482,2021720.0
2026-05-08 16:00:00,708.35109799,710.448791369,708.211251764,710.448791369,8323516.0
2026-05-11 10:00:00,709.579746969,712.716298021,708.990395019,709.669648114,5544051.0
2026-05-11 10:30:00,709.669648114,712.256803281,708.830570762,709.050329116,2916345.0
2026-05-11 11:00:00,709.080296164,712.121951564,708.131339636,711.597528219,3120510.0
2026-05-11 11:30:00,711.597528219,712.526506715,710.858341028,712.486550651,2226527.0
2026-05-11 12:00:00,712.496539667,713.615309469,711.987099846,713.395551115,1941746.0
2026-05-11 12:30:00,713.405540131,713.805100775,712.966023423,713.405540131,1391697.0
2026-05-11 13:00:00,713.405540131,713.71519963,711.129043364,711.974613576,1698638.0
2026-05-11 13:30:00,711.967221704,712.84605534,711.307846752,712.766243101,1435723.0
2026-05-11 14:00:00,712.726287037,713.675243566,712.726287037,712.834967532,1421828.0
2026-05-11 14:30:00,712.806199166,713.645276517,712.806199166,713.584443409,1593070.0
2026-05-11 15:00:00,713.565364389,713.565464279,711.507627074,711.526606205,1885147.0
2026-05-11 15:30:00,711.567561171,712.667451732,711.148022495,711.38086646,2418030.0
2026-05-11 16:00:00,711.357791833,712.606418844,711.088088398,712.506528683,3948858.0
2026-05-12 10:00:00,707.442097525,709.399944679,704.904887439,705.324426114,4883180.0
2026-05-12 10:30:00,705.291961812,707.701811944,704.165700248,704.265690299,3004378.0
2026-05-12 11:00:00,704.275579425,705.254503002,702.177886046,702.527501609,3391810.0
2026-05-12 11:30:00,702.507523577,702.917073237,698.711697463,699.164799233,4799195.0
2026-05-12 12:00:00,699.211148267,700.869324938,698.032444369,698.262191739,3097969.0
2026-05-12 12:30:00,698.267186247,700.15011578,697.612905693,698.287164279,2425904.0
2026-05-12 13:00:00,698.282169771,698.422015996,695.874816893,696.034641151,2556246.0
2026-05-12 13:30:00,696.054619183,700.519709375,696.054619183,699.46087367,3149048.0
2026-05-12 14:00:00,699.480851702,700.469764295,699.191170235,700.269983973,1812691.0
2026-05-12 14:30:00,700.240016925,702.247809159,700.080192667,701.978105724,2128587.0
2026-05-12 15:00:00,701.978105724,702.382660876,700.919270019,701.099072308,2068270.0
2026-05-12 15:30:00,701.119050341,703.72618354,701.119050341,703.296655848,1901760.0
2026-05-12 16:00:00,703.306644864,706.782822464,703.306644864,706.463173949,6048819.0
2026-05-13 10:00:00,709.180186325,709.190175341,704.055821071,706.323327723,5230541.0
2026-05-13 10:30:00,706.373272804,708.700713553,705.0047776,708.011471443,3044484.0
2026-05-13 11:00:00,708.001482427,710.069208757,707.581943751,709.961926724,2829257.0
2026-05-13 11:30:00,709.949340564,710.748461851,709.070307148,709.789516307,2148006.0
2026-05-13 12:00:00,709.779527291,711.577550187,709.140230261,709.764543766,2266250.0
2026-05-13 12:30:00,709.749560242,712.986001455,709.519812872,712.816288072,1808961.0
2026-05-13 13:00:00,712.806199166,713.410534639,712.236825249,713.07580271,2133522.0
2026-05-13 13:30:00,713.115858665,714.234628467,713.115858665,714.004881097,1335623.0
2026-05-13 14:00:00,713.994892081,714.114760274,712.896100311,712.938553629,1181737.0
2026-05-13 14:30:00,712.966023423,715.862838089,712.891105803,715.493244494,2291644.0
2026-05-13 15:00:00,715.488249986,715.628096211,713.48545226,713.600325945,2224105.0
2026-05-13 15:30:00,713.605320453,715.263497124,713.595331437,714.893903529,2058919.0
2026-05-13 16:00:00,714.903892545,715.263497124,713.055924568,713.924968968,6319358.0
2026-05-14 10:00:00,713.835067823,718.899498981,713.435507179,715.483255478,4695773.0
2026-05-14 10:30:00,715.45328843,718.459982273,715.253508108,717.401146567,3056414.0
2026-05-14 11:00:00,717.381168535,719.94834567,717.081498052,718.629795546,2414223.0
2026-05-14 11:30:00,718.669751611,721.017170392,718.440004241,720.582648192,2890739.0
2026-05-14 12:00:00,720.617609748,720.947247279,719.94834567,720.597631716,1706351.0
2026-05-14 12:30:00,720.607620732,721.236928746,719.628697155,719.888411574,1530936.0
2026-05-14 13:00:00,719.908389606,720.307950249,719.119257335,719.963329194,1779048.0
2026-05-14 13:30:00,719.978312718,720.567664668,716.771838554,718.010476549,2455114.0
2026-05-14 14:00:00,718.020465565,720.537697619,717.75076213,719.998290751,1636248.0
2026-05-14 14:30:00,719.998290751,719.998290751,717.860641307,718.639784562,2013752.0
2026-05-14 15:00:00,718.649773578,719.698520378,718.210256871,719.481059497,1191614.0
2026-05-14 15:30:00,719.478861914,720.118158944,719.109268319,719.229136512,1135198.0
2026-05-14 16:00:00,719.229136512,720.108169928,718.769641772,718.999389142,3793106.0
2026-05-15 10:00:00,709.359988615,709.639681065,704.775030229,706.103569369,6781674.0
2026-05-15 10:30:00,706.123547402,711.887209686,705.833865935,709.654664589,4840855.0
2026-05-15 11:00:00,709.67963713,711.327824784,708.620801424,709.384961155,2776835.0
2026-05-15 11:30:00,709.409933695,711.307846752,708.460977167,710.638682564,2299866.0
2026-05-15 12:00:00,710.668549723,711.797308541,707.76174604,709.379966647,3476040.0
2026-05-15 12:30:00,709.44988976,710.718494803,708.700713553,710.608615626,2968044.0
2026-05-15 13:00:00,710.64857169,711.087988508,709.359988615,710.408835304,2013016.0
2026-05-15 13:30:00,710.41882432,712.946045391,710.149120886,712.676341957,1751125.0
2026-05-15 14:00:00,712.676341957,713.495441276,712.38666049,713.425518163,2808290.0
2026-05-15 14:30:00,713.445496196,714.344507644,711.687429364,711.877220669,2936408.0
2026-05-15 15:00:00,711.917176734,712.416627538,710.249011047,712.017066895,2075921.0
2026-05-15 15:30:00,712.007077879,712.2068582,709.459878776,709.619703033,2422009.0
2026-05-15 16:00:00,709.599725001,710.798406932,707.601921783,708.151317668,6296735.0
2026-05-18 10:00:00,710.758450867,711.28786872,705.893800032,708.510922247,5389518.0
2026-05-18 10:30:00,708.35109799,709.839461387,705.74396479,706.323927064,3806056.0
2026-05-18 11:00:00,706.323327723,706.852745576,701.948138676,704.525304827,5123648.0
2026-05-18 11:30:00,704.59522794,705.624096597,701.524704284,701.568556065,2901166.0
2026-05-18 12:00:00,701.613506637,704.155711232,701.168995421,702.507523577,3645788.0
2026-05-18 12:30:00,702.537490625,704.385458602,699.2311263,699.660653991,2856721.0
2026-05-18 13:00:00,699.650664975,703.681232968,698.841554672,702.697314883,3601026.0
2026-05-18 13:30:00,702.62739177,703.516414202,701.778325402,702.830168797,1829358.0
2026-05-18 14:00:00,702.847150124,703.306644864,701.658457209,702.917073237,1546340.0
2026-05-18 14:30:00,702.947040285,703.069505622,698.571851238,699.990291522,2868406.0
2026-05-18 15:00:00,700.000280538,700.569654456,698.082389449,698.791709482,2108690.0
2026-05-18 15:30:00,698.82157664,704.285568441,698.661752382,700.696914521,4216026.0
2026-05-18 16:00:00,700.719489697,705.384360211,700.499731343,705.10466776,5184918.0
2026-05-19 10:00:00,699.041334994,704.355491554,699.041334994,701.099072308,5511137.0
2026-05-19 10:30:00,701.139028373,701.278874598,694.486343657,695.665047555,6396739.0
2026-05-19 11:00:00,695.675036571,697.95253224,694.805992172,697.90258716,3628906.0
2026-05-19 11:30:00,697.882609127,699.251104332,696.064608199,697.133432921,2855438.0
2026-05-19 12:00:00,697.08348784,699.670643007,696.793806374,698.232224691,2434461.0
2026-05-19 12:30:00,698.222235674,700.78941281,697.652861757,700.479753311,2464076.0
2026-05-19 13:00:00,700.439797246,703.486447154,700.289962005,703.196765687,2766831.0
2026-05-19 13:30:00,703.176787655,705.713997742,702.937051269,704.670145561,2636421.0
2026-05-19 14:00:00,704.665151052,705.554173484,702.88211168,704.375469586,2113005.0
2026-05-19 14:30:00,704.405436634,705.154612841,702.917073237,703.236721752,2046866.0
2026-05-19 15:00:00,703.256699784,704.120749676,701.24890755,701.668446225,2071046.0
2026-05-19 15:30:00,701.668446225,704.095777135,700.849346906,702.097973917,2131232.0
2026-05-19 16:00:00,702.11795195,702.757248979,699.430906621,700.759445761,6113840.0
2026-05-20 10:00:00,704.515315811,707.452086542,703.336611912,705.224535954,4651289.0
2026-05-20 10:30:00,705.214546937,708.411032086,703.016963398,707.831669153,4050511.0
2026-05-20 11:00:00,707.821680137,709.529801888,706.992591801,709.125246737,2272428.0
2026-05-20 11:30:00,709.060318132,712.346704426,708.386059546,709.849450403,2787144.0
2026-05-20 12:00:00,709.849350513,711.437703961,709.649670081,710.788517806,2206645.0
2026-05-20 12:30:00,710.82837398,710.918275125,707.831669153,708.490944215,1716494.0
2026-05-20 13:00:00,708.540889295,709.949340564,708.1712957,709.09028518,1728531.0
2026-05-20 13:30:00,709.130241245,710.169098918,708.311141925,709.899395484,1448517.0
2026-05-20 14:00:00,709.9093845,710.658560706,709.397946876,710.089186789,1623848.0
2026-05-20 14:30:00,710.119153838,710.64857169,709.480156478,710.169098918,1573207.0
2026-05-20 15:00:00,710.169098918,711.118055447,709.779527291,710.049230725,1232822.0
2026-05-20 15:30:00,710.079197773,711.23792364,710.019263677,711.028154302,1607781.0
2026-05-20 16:00:00,711.028154302,712.366682458,710.698516771,712.366682458,5597230.0
2026-05-21 10:00:00,708.211251764,710.568659562,707.162405075,709.869428435,4498660.0
2026-05-21 10:30:00,709.849450403,711.108066431,705.993690192,707.487048098,3310775.0
2026-05-21 11:00:00,707.53199867,709.060318132,706.95463354,708.629791539,2243636.0
2026-05-21 11:30:00,708.660757488,709.230131406,706.073602321,708.58084536,2630422.0
2026-05-21 12:00:00,708.670746505,710.259000063,707.212350155,709.389955663,1734698.0
2026-05-21 12:30:00,709.409933695,710.458780385,708.191273732,708.930460923,1674520.0
2026-05-21 13:00:00,708.960427971,709.559768937,707.99149341,709.210153373,952161.0
2026-05-21 13:30:00,709.22014239,714.434408788,709.22014239,712.916078343,3239076.0
2026-05-21 14:00:00,712.961028915,716.332321846,712.811193674,714.908887053,3083777.0
2026-05-21 14:30:00,714.933859593,715.523211542,713.335617019,714.014870113,1766428.0
2026-05-21 15:00:00,714.044837161,714.274584531,710.129142854,711.098077414,2357464.0
2026-05-21 15:30:00,711.138033479,713.525408324,711.05812135,713.260699398,1906296.0
2026-05-21 16:00:00,713.235726858,714.114760274,712.626396876,713.725188646,3735359.0
2026-05-22 10:00:00,717.281278374,720.537697619,716.622003312,718.754658247,4169950.0
2026-05-22 10:30:00,718.759652755,718.779630788,715.163606963,716.931662811,2829531.0
2026-05-22 11:00:00,716.921673795,719.077303467,716.701915441,718.879520949,1870413.0
2026-05-22 11:30:00,718.919477013,720.367884346,718.8495539,720.347906314,1665454.0
2026-05-22 12:00:00,720.347906314,720.487752539,719.219147496,719.878422558,1673244.0
2026-05-22 12:30:00,719.888411574,720.028257799,718.699718659,719.369082627,1201356.0
2026-05-22 13:00:00,719.398949785,719.648675187,718.609817514,719.51382347,1388243.0
2026-05-22 13:30:00,719.528806994,721.067115472,718.929466029,721.04713744,2036698.0
2026-05-22 14:00:00,721.077104488,721.326829891,719.279081592,719.678642236,1704309.0
2026-05-22 14:30:00,719.69362576,719.908389606,718.929466029,719.299059624,1485572.0
2026-05-22 15:00:00,719.269092576,719.593735599,718.405042684,718.999389142,1421551.0
2026-05-22 15:30:00,718.989400126,719.249114544,716.42222299,716.597430333,2374007.0
2026-05-22 16:00:00,716.597030772,717.48375573,716.137536032,716.751860521,5469176.0
2026-05-26 10:00:00,725.162612069,727.639888059,723.364589173,727.639888059,5729943.0
2026-05-26 10:30:00,727.649877076,729.5278121,726.890711853,729.118362331,3531857.0
2026-05-26 11:00:00,729.108273425,730.366889452,728.808602942,728.828580974,2483740.0
2026-05-26 11:30:00,728.858548022,729.128251457,727.350206593,727.51003085,2940766.0
2026-05-26 12:00:00,727.549986915,727.68983314,724.773040442,725.766947543,2473772.0
2026-05-26 12:30:00,725.761953035,727.340217577,725.592139761,727.320339435,1560230.0
2026-05-26 13:00:00,727.340217577,727.889513572,726.241425807,726.910689885,1671909.0
2026-05-26 13:30:00,726.920678901,727.559975931,726.431217113,726.800710818,679511.0
2026-05-26 14:00:00,726.792919385,727.829679365,726.521218148,727.46008577,1339269.0
2026-05-26 14:30:00,727.43511323,728.818591958,727.100581081,728.638090437,1213001.0
2026-05-26 15:00:00,728.63379516,728.968427199,727.709811172,727.819690349,1106037.0
2026-05-26 15:30:00,727.849657397,729.003388756,727.649877076,728.778635894,1573623.0
2026-05-26 16:00:00,728.768646878,730.217054211,728.738679829,729.47786702,4883331.0
2026-05-27 10:00:00,732.154923332,732.514527911,726.061623517,729.098284409,7230095.0
2026-05-27 10:30:00,729.038350312,730.027262905,724.872930603,725.557178205,3690949.0
2026-05-27 11:00:00,725.522216648,728.169305912,724.643183232,726.121557614,2898044.0
2026-05-27 11:30:00,726.141535646,727.020569062,724.748067901,726.381272032,1841342.0
2026-05-27 12:00:00,726.391261048,727.120359333,724.733084377,726.001689421,1832827.0
2026-05-27 12:30:00,725.991700405,727.974520098,725.31244731,727.400151673,1846916.0
2026-05-27 13:00:00,727.360195609,728.758657862,726.970623981,727.299861952,2797810.0
2026-05-27 13:30:00,727.300261512,727.51003085,725.0577274,726.501140225,1336263.0
2026-05-27 14:00:00,726.551085306,727.400151673,726.171602584,726.940656933,914732.0
2026-05-27 14:30:00,726.920678901,728.868537039,726.700920547,728.868537039,1724841.0
2026-05-27 15:00:00,728.858548022,729.048339328,728.139338864,728.519021366,1110412.0
2026-05-27 15:30:00,728.508932459,729.048339328,727.789723301,728.189283944,1106561.0
2026-05-27 16:00:00,728.189283944,729.267997792,728.169305912,728.648778685,3595152.0
2026-05-28 10:00:00,728.928471135,730.316944372,725.612117793,727.320239545,4674426.0
2026-05-28 10:30:00,727.320239545,732.045044155,726.671053389,731.125954785,4143957.0
2026-05-28 11:00:00,731.126054675,732.1349453,730.11716405,732.052036466,1783924.0
2026-05-28 11:30:00,732.045044155,734.17769909,731.88661836,733.863045084,2642285.0
2026-05-28 12:00:00,733.883023116,734.602232274,733.573363617,733.903001148,2345825.0
2026-05-28 12:30:00,733.913090054,735.191584224,733.293771057,734.831979644,1512014.0
2026-05-28 13:00:00,734.836974152,735.491254706,734.262605727,735.416337086,838792.0
2026-05-28 13:30:00,735.43132061,735.641089948,734.708115845,734.76705104,1225285.0
2026-05-28 14:00:00,734.76705104,735.790925189,734.352506872,735.221551272,1768974.0
2026-05-28 14:30:00,735.261507336,735.671056996,734.672155387,735.161617175,1187835.0
2026-05-28 15:00:00,735.141639143,735.171606191,734.287578267,734.572265226,2119943.0
2026-05-28 15:30:00,734.572265226,735.041748982,734.112770486,734.84196866,1468462.0
2026-05-28 16:00:00,734.84196866,735.441309626,734.262605727,734.79202358,3934377.0
2026-05-29 10:00:00,737.029563184,740.405750732,736.620013524,740.355905542,4284288.0
2026-05-29 10:30:00,740.355905542,740.815400282,736.230441897,737.688838246,4626411.0
2026-05-29 11:00:00,737.67884923,738.457992485,734.442408017,736.639991557,5044151.0
2026-05-29 11:30:00,736.639991557,738.537904614,736.105579196,737.509035956,1809436.0
2026-05-29 12:00:00,737.509035956,738.048442825,736.490156315,736.649980573,1255854.0
2026-05-29 12:30:00,736.679947621,738.725698116,736.610024508,737.67884923,1400603.0
2026-05-29 13:00:00,737.683843738,738.727695919,737.019574168,737.539003005,1076584.0
2026-05-29 13:30:00,737.539003005,737.843667995,736.510134347,736.819793846,1228599.0
2026-05-29 14:00:00,736.819793846,737.004590644,735.07171603,735.211562256,1336134.0
2026-05-29 14:30:00,735.221551272,737.199376458,734.97182587,737.059530232,1930035.0
2026-05-29 15:00:00,737.049541216,737.598937101,735.546194295,735.725996584,1501088.0
2026-05-29 15:30:00,735.71101306,737.129453345,735.501243722,737.049541216,2092645.0
2026-05-29 16:00:00,737.059530232,738.607827726,737.059530232,737.49904694,5694286.0
2026-06-01 10:00:00,736.230441897,739.317047869,735.441309626,735.641089948,4614158.0
2026-06-01 10:30:00,735.501243722,738.268201179,735.181595207,737.319244651,3102453.0
2026-06-01 11:00:00,737.289277602,738.917487225,737.009585152,738.657772807,2066946.0
2026-06-01 11:30:00,738.687739855,739.906399818,738.118365938,739.706619496,2180353.0
2026-06-01 12:00:00,739.69663048,741.464686328,739.686641464,740.226048333,2358567.0
2026-06-01 12:30:00,740.196081285,740.995202572,739.027366402,740.435817671,1386642.0
2026-06-01 13:00:00,740.445806687,742.203873519,740.365894558,742.133950406,1524371.0
2026-06-01 13:30:00,742.12396139,742.673357275,741.055136668,742.603434162,1051761.0
2026-06-01 14:00:00,742.673357275,744.83098475,741.854257956,744.291577881,3210795.0
2026-06-01 14:30:00,744.280689854,744.361500994,743.242731192,743.722203964,1115837.0
2026-06-01 15:00:00,743.712214948,743.902006254,742.953049725,743.152830047,910786.0
2026-06-01 15:30:00,743.132852015,743.712214948,742.903104645,743.202775128,2532172.0
2026-06-01 16:00:00,743.182797096,743.184794899,741.524620425,741.924181068,4058918.0
2026-06-02 10:00:00,741.584554521,742.783236452,738.418036421,742.703324323,4717482.0
2026-06-02 10:30:00,742.723302355,743.842072157,741.175004861,741.684444682,3062303.0
2026-06-02 11:00:00,741.71441173,743.752171013,741.614521569,743.722203964,2289089.0
2026-06-02 11:30:00,743.73219298,744.561281316,742.973027758,744.281588865,2185783.0
2026-06-02 12:00:00,744.281588865,745.070721137,743.922084176,744.890918847,1522162.0
2026-06-02 12:30:00,744.870940815,745.410347684,743.942461769,744.126759116,1084539.0
2026-06-02 13:00:00,744.142641652,744.980819992,743.702225932,744.937167991,1673213.0
2026-06-02 13:30:00,744.910896879,745.200578346,743.482467578,743.73219298,1174375.0
2026-06-02 14:00:00,743.742181997,743.897011746,742.918088169,743.382577417,1294596.0
2026-06-02 14:30:00,743.382577417,744.261610833,743.087901443,743.662269868,803964.0
2026-06-02 15:00:00,743.662269868,744.031863463,742.683346291,743.65148173,1469065.0
2026-06-02 15:30:00,743.661270966,744.78103967,743.63230282,744.211665753,1396397.0
2026-06-02 16:00:00,744.211665753,745.620117021,744.171709688,745.340424571,4560525.0
2026-06-03 10:00:00,746.489161421,747.827689577,740.196081285,741.844268939,6961516.0
2026-06-03 10:30:00,741.854257956,745.774946771,741.534609441,745.729996198,4568827.0
2026-06-03 11:00:00,745.729996198,746.129556842,743.86205019,744.361500994,2738082.0
2026-06-03 11:30:00,744.386473534,745.550193909,743.122862999,744.411446075,1791895.0
2026-06-03 12:00:00,744.37149001,744.980819992,741.95664537,742.843170548,2073264.0
2026-06-03 12:30:00,742.883126613,743.321744309,741.055136668,741.604532553,1705124.0
2026-06-03 13:00:00,741.564576489,742.923082677,740.455795703,742.923082677,1682842.0
2026-06-03 13:30:00,742.923082677,742.963038742,740.735488153,742.104982259,1149629.0
2026-06-03 14:00:00,742.103983358,743.892017238,741.404752231,743.782138061,1420166.0
2026-06-03 14:30:00,743.802116093,744.651182461,742.943060709,744.591248364,2088566.0
2026-06-03 15:00:00,744.591248364,744.701127541,743.572368723,743.961940351,2292160.0
2026-06-03 15:30:00,743.981918383,744.171709688,742.953549176,743.522423643,1896401.0
2026-06-03 16:00:00,743.522423643,744.940863927,743.122862999,743.392566433,5410949.0
2026-06-04 10:00:00,734.672155387,736.999596136,732.754264298,734.192682615,6991567.0
2026-06-04 10:30:00,734.192682615,736.540101396,731.815296785,736.360299106,3714082.0
2026-06-04 11:00:00,736.340321074,736.769848766,735.180396525,736.729892701,2084788.0
2026-06-04 11:30:00,736.749870734,739.456894094,736.689936637,738.798118483,2484118.0
2026-06-04 12:00:00,738.807608048,738.967432306,736.909694991,738.128354954,1897764.0
2026-06-04 12:30:00,738.148332986,739.861449246,737.668860214,739.736586544,1385933.0
2026-06-04 13:00:00,739.766553593,740.066224075,738.687739855,739.706619496,1514336.0
2026-06-04 13:30:00,739.706619496,740.665565041,739.366992949,740.575663896,1329591.0
2026-06-04 14:00:00,740.56567488,741.754367795,740.475773735,741.684444682,1352856.0
2026-06-04 14:30:00,741.679450174,742.613423178,741.589549029,742.343719744,1840395.0
2026-06-04 15:00:00,742.318747204,742.443609905,741.404752231,741.586652214,1794999.0
2026-06-04 15:30:00,741.624510585,742.493554985,740.930273967,742.465086289,2123008.0
2026-06-04 16:00:00,742.458593429,742.682147609,739.566773271,739.796520641,6149439.0
2026-06-05 10:00:00,729.258108666,730.886318289,722.859144959,722.925072465,8717965.0
2026-06-05 10:30:00,722.945050497,727.040547094,722.545489854,724.16361057,5898466.0
2026-06-05 11:00:00,724.158715952,726.680942515,723.714204736,724.863141367,3645539.0
2026-06-05 11:30:00,724.882919619,725.252513214,720.967225311,721.524812189,4280635.0
2026-06-05 12:00:00,721.466676116,722.056028065,719.069312254,720.198071072,3777382.0
2026-06-05 12:30:00,720.148225882,720.193076564,717.126448625,717.2911675,4591433.0
2026-06-05 13:00:00,717.286272882,717.421124599,713.375573083,716.022662347,8193784.0
2026-06-05 13:30:00,716.032651363,716.042640379,712.906089327,714.86393648,4553454.0
2026-06-05 14:00:00,714.833969432,716.42222299,713.974914048,715.603123671,3575997.0
2026-06-05 14:30:00,715.643079735,715.73298088,709.529801888,710.029252693,6368911.0
2026-06-05 15:00:00,710.049230725,710.358890224,706.523108045,708.86053781,8778977.0
2026-06-05 15:30:00,708.880515842,709.330021566,703.54638125,707.951537346,8174276.0
2026-06-05 16:00:00,707.951537346,708.960427971,704.235623361,704.285568441,17887475.0
2026-06-08 10:00:00,717.021563956,718.420026208,712.56646278,712.756254085,7100836.0
2026-06-08 10:30:00,712.776232118,717.108468396,712.286770329,716.771838554,3649978.0
2026-06-08 11:00:00,716.731882489,720.727488925,716.462179055,720.63758778,3538122.0
2026-06-08 11:30:00,720.647576796,722.235830355,719.339015689,719.460881685,4356978.0
2026-06-08 12:00:00,719.48885093,721.496643164,717.780729179,719.029755751,2823977.0
2026-06-08 12:30:00,719.099279303,721.027159408,718.320136047,718.479960305,1536679.0
2026-06-08 13:00:00,718.479960305,719.558674152,717.690828034,718.310147031,1527690.0
2026-06-08 13:30:00,718.335119572,718.939455045,716.012673331,718.889410074,2069708.0
2026-06-08 14:00:00,718.819586852,719.349004705,716.612014296,717.780729179,1974555.0
2026-06-08 14:30:00,717.800707211,719.069312254,717.720795082,718.589839482,1972545.0
2026-06-08 15:00:00,718.599828498,719.214152988,717.081498052,717.421124599,2211666.0
2026-06-08 15:30:00,717.421124599,717.550881918,713.445496196,714.86393648,3353259.0
2026-06-08 16:00:00,714.878920004,716.282376765,714.424419772,715.283475156,5380324.0
2026-06-09 10:00:00,722.185885274,724.862941586,719.698620268,720.712505401,5312493.0
2026-06-09 10:30:00,720.677543845,721.606522341,713.225737842,715.163606963,6537985.0
2026-06-09 11:00:00,715.163606963,716.182486604,706.38326182,710.159209792,6532926.0
2026-06-09 11:30:00,710.209054982,711.647473299,700.729478713,700.959226083,5283808.0
2026-06-09 12:00:00,700.989193131,703.631287887,696.633982116,696.943641615,8289784.0
2026-06-09 12:30:00,696.983597679,699.171192203,689.24211021,692.813183462,9038036.0
2026-06-09 13:00:00,692.778221905,693.956825914,685.616097369,691.804292837,10357319.0
2026-06-09 13:30:00,691.789309312,699.2311263,691.439693749,698.187274118,7342049.0
2026-06-09 14:00:00,698.162301578,702.597424722,697.273279146,700.250005941,5083850.0
2026-06-09 14:30:00,700.259994957,703.841057225,699.151214171,703.711200016,4190890.0
2026-06-09 15:00:00,703.716194524,706.533097061,702.267787191,705.963723144,4402650.0
2026-06-09 15:30:00,705.92376708,707.821680137,700.409830198,703.176787655,5126145.0
2026-06-09 16:00:00,703.176787655,707.502031622,700.669544616,707.052525898,8019314.0
2026-06-10 10:00:00,700.88930297,708.391054054,698.851543688,704.924865471,7509482.0
2026-06-10 10:30:00,704.974810551,709.989296628,703.706205508,708.570856344,4051193.0
2026-06-10 11:00:00,708.530900279,710.498736449,700.919270019,702.018061789,4286535.0
2026-06-10 11:30:00,702.028050805,704.103768348,696.329317125,699.33101646,5587695.0
2026-06-10 12:00:00,699.370972525,701.388753775,695.415322153,700.919270019,5539823.0
2026-06-10 12:30:00,700.959226083,701.868226547,697.193367017,698.072400433,3032525.0
2026-06-10 13:00:00,698.13233453,700.779423793,696.264388521,697.532993564,2749018.0
2026-06-10 13:30:00,697.572949629,699.061313026,695.365377073,696.80379539,2362347.0
2026-06-10 14:00:00,696.783817357,699.380961541,695.105662654,699.05132401,2927592.0
2026-06-10 14:30:00,699.111258106,700.299951021,697.08348784,697.443092419,1932789.0
2026-06-10 15:00:00,697.413125371,697.532993564,694.106761045,694.8859043,2861929.0
2026-06-10 15:30:00,694.886004191,696.334311633,692.168891924,693.437496967,3499459.0
2026-06-10 16:00:00,693.397540903,696.234421473,692.898090098,692.928057147,9695461.0
2026-06-11 10:00:00,698.521906157,704.785019246,696.054619183,702.028050805,6989470.0
2026-06-11 10:30:00,702.058017853,705.644074629,698.432005012,701.308841646,4845564.0
2026-06-11 11:00:00,701.333814186,703.066908478,694.965816429,695.985195521,3814836.0
2026-06-11 11:30:00,695.98469607,701.029149196,694.236618255,698.581840254,4130866.0
2026-06-11 12:00:00,698.581840254,702.227831127,698.202257642,701.040436784,2717418.0
2026-06-11 12:30:00,701.009171164,703.816084685,700.230027909,700.704506173,2864143.0
2026-06-11 13:00:00,700.679533633,703.616304363,698.781620575,698.811587624,2363087.0
2026-06-11 13:30:00,698.861532704,706.682932303,696.683927197,706.483151981,4221689.0
2026-06-11 14:00:00,706.483151981,711.757352476,706.483151981,709.609714017,8962033.0
2026-06-11 14:30:00,709.604719509,710.868230154,706.078596829,709.030351084,5474687.0
2026-06-11 15:00:00,709.010373052,711.957132798,708.650868363,710.968220205,3053945.0
2026-06-11 15:30:00,711.00817627,715.253508108,710.029252693,714.722392122,4123197.0
2026-06-11 16:00:00,714.784024352,717.58304655,714.254606499,716.332321846,11561556.0
2026-06-12 10:00:00,716.821783634,716.971618875,710.498736449,713.465474228,7404797.0
2026-06-12 10:30:00,713.48545226,720.023263291,713.135836697,717.276283866,4319283.0
2026-06-12 11:00:00,717.211355262,720.527708603,713.395551115,720.17809304,4529447.0
2026-06-12 11:30:00,720.287872327,723.214753932,719.279081592,722.845160336,3239134.0
2026-06-12 12:00:00,722.870132876,722.955039513,714.794013368,715.488249986,5676244.0
2026-06-12 12:30:00,715.473266462,720.987203344,714.784024352,719.219147496,4242840.0
2026-06-12 13:00:00,719.199169463,721.326829891,718.759652755,721.127049569,2096616.0
2026-06-12 13:30:00,721.176994649,723.104874755,720.807401054,722.270791911,2352003.0
2026-06-12 14:00:00,722.285775435,722.435610677,720.497741555,721.346807923,2207381.0
2026-06-12 14:30:00,721.376774971,721.956137904,719.558774043,720.887313183,2312174.0
2026-06-12 15:00:00,720.887413073,722.225841339,720.248016153,720.437807459,2056031.0
2026-06-12 15:30:00,720.35789533,721.986104953,720.25850462,720.76744499,1515046.0
2026-06-12 16:00:00,720.697521877,721.286873826,718.79960882,720.547686636,4583727.0
2026-06-15 10:00:00,737.289277602,741.184993878,736.570068444,738.867442254,6918475.0
2026-06-15 10:30:00,738.877531161,740.345916526,738.128354954,740.178101056,3599038.0
2026-06-15 11:00:00,740.256015381,741.135048797,738.837575096,740.631602386,2167865.0
2026-06-15 11:30:00,740.625608976,742.473477063,740.535707832,742.30376368,2381060.0
2026-06-15 12:00:00,742.343719744,743.342621353,741.334829119,743.152830047,2510084.0
2026-06-15 12:30:00,743.162819063,743.907000762,742.833181532,743.65727536,2717228.0
2026-06-15 13:00:00,743.649284147,743.941862428,742.453598921,742.853159565,2751269.0
2026-06-15 13:30:00,742.863148581,743.422533482,741.954148116,743.192786112,3185684.0
2026-06-15 14:00:00,743.212764144,743.417538974,742.504942464,742.623412194,2138822.0
2026-06-15 14:30:00,742.653379243,743.102884967,741.984115165,742.223851551,1378689.0
2026-06-15 15:00:00,742.203873519,743.462489546,741.834279923,742.713313339,2627080.0
2026-06-15 15:30:00,742.703324323,742.953049725,742.004093197,742.004093197,1951990.0
2026-06-15 16:00:00,741.994104181,743.182797096,741.614521569,743.182797096,6575233.0
2026-06-16 10:00:00,741.43471928,743.402555449,740.006289979,741.394763215,3898985.0
2026-06-16 10:30:00,741.444708296,742.603434162,738.08839889,738.298168227,3976601.0
2026-06-16 11:00:00,738.298168227,739.167212627,735.478768436,736.390266154,3696272.0
2026-06-16 11:30:00,736.390266154,737.918186055,733.92297918,734.802012596,2702323.0
2026-06-16 12:00:00,734.901902757,735.770947157,731.705417608,733.143935815,3343264.0
2026-06-16 12:30:00,733.153824941,735.730991092,733.073912812,734.871935709,2596682.0
2026-06-16 13:00:00,734.861946693,734.97182587,732.624407088,733.862945193,2036470.0
2026-06-16 13:30:00,733.813100003,733.853056067,732.149928824,732.844065552,1466021.0
2026-06-16 14:00:00,732.814198394,734.252616711,731.465681222,733.23373707,1992219.0
2026-06-16 14:30:00,733.242527404,733.663264762,732.484560863,733.05393478,1108597.0
2026-06-16 15:00:00,733.073912812,733.193781006,731.95514301,732.374681686,2653096.0
2026-06-16 15:30:00,732.36469267,733.23383696,729.847460615,732.334725622,3076634.0
2026-06-16 16:00:00,732.329731114,732.724297249,728.83856999,729.058328344,7833430.0
2026-06-17 10:00:00,734.38247392,734.762056532,730.077207985,730.137142082,3558010.0
2026-06-17 10:30:00,730.127153066,734.871935709,729.47786702,734.022869341,3060282.0
2026-06-17 11:00:00,734.052836389,734.092792454,728.758657862,730.426823549,2549378.0
2026-06-17 11:30:00,730.436812565,732.77424233,730.067218969,731.815296785,1530557.0
2026-06-17 12:00:00,731.815296785,732.819592463,731.385169752,732.624407088,3054432.0
2026-06-17 12:30:00,732.654374137,733.173802973,731.995099075,732.844165442,3608936.0
2026-06-17 13:00:00,732.844165442,733.133846909,731.345813029,731.67545056,760846.0
2026-06-17 13:30:00,731.680445068,732.144934316,729.677647342,731.975220933,1291283.0
2026-06-17 14:00:00,731.945153994,733.303660182,731.141038199,733.261206864,1805305.0
2026-06-17 14:30:00,733.253715102,733.403550343,723.734182768,727.889114011,5678186.0
2026-06-17 15:00:00,727.879624446,734.572265226,726.990602014,728.618811636,5389273.0
2026-06-17 15:30:00,728.628800652,730.966230417,724.383468814,725.052732892,4503443.0
2026-06-17 16:00:00,725.03275486,725.881821228,720.058224847,721.716401518,8027599.0
2026-06-18 10:00:00,736.390266154,736.839771878,731.705417608,733.398555835,6051676.0
2026-06-18 10:30:00,733.503440504,737.618915133,733.063923796,734.712111451,3621728.0
2026-06-18 11:00:00,734.692133419,737.988508729,733.393561327,737.069519248,3170604.0
2026-06-18 11:30:00,737.089497281,738.328135276,735.840870269,736.17040791,2263702.0
2026-06-18 12:00:00,736.130551736,737.738783326,734.132748518,737.489057924,5992810.0
2026-06-18 12:30:00,737.469079892,738.657672917,737.169409409,738.448003469,1810195.0
2026-06-18 13:00:00,738.457992485,739.037355418,737.72879431,738.52292109,1487141.0
2026-06-18 13:30:00,738.527915598,739.756564577,737.85865152,739.186691209,1742805.0
2026-06-18 14:00:00,739.177201643,739.806509657,739.00738837,739.117267547,1384681.0
2026-06-18 14:30:00,739.147234595,739.406949013,738.491655469,738.777641,1377196.0
2026-06-18 15:00:00,738.787630016,739.327036885,738.099386807,738.662767315,1538400.0
2026-06-18 15:30:00,738.677750839,738.937465257,737.618915133,738.667761823,2853904.0
2026-06-18 16:00:00,738.647783791,741.005191588,737.938563648,739.806509657,10072576.0
2026-06-22 10:00:00,742.02,744.695,740.43,744.695,4121464.0
2026-06-22 10:30:00,744.6,745.45,740.15,740.435,2794636.0
2026-06-22 11:00:00,740.56,740.56,735.35,737.6695,3933841.0
2026-06-22 11:30:00,737.71,738.59,736.3,736.6286,3745999.0
2026-06-22 12:00:00,736.6301,738.505,735.36,735.7376,2099859.0
2026-06-22 12:30:00,735.74,737.0886,734.39,736.44,1781594.0
2026-06-22 13:00:00,736.44,736.84,734.86,736.47,1723451.0
2026-06-22 13:30:00,736.48,737.02,735.1,736.68,1075525.0
2026-06-22 14:00:00,736.66,737.96,735.765,737.12,1203074.0
2026-06-22 14:30:00,737.13,738.28,736.81,737.43,1172008.0
2026-06-22 15:00:00,737.45,737.9099,735.54,735.72,1850099.0
2026-06-22 15:30:00,735.74,736.66,735.1283,735.4736,1647327.0
2026-06-22 16:00:00,735.49,738.51,735.49,737.95,5795516.0
2026-06-23 10:00:00,715.74,720.9,713.28,720.71,7098279.0
2026-06-23 10:30:00,720.69,723.61,720.58,722.015,4206279.0
2026-06-23 11:00:00,722.05,722.36,717.89,718.8716,3172414.0
2026-06-23 11:30:00,718.88,719.65,715.39,715.77,3016594.0
2026-06-23 12:00:00,715.7,718.05,715.09,717.5314,2189234.0
2026-06-23 12:30:00,717.54,720.2999,717.33,719.39,2460127.0
2026-06-23 13:00:00,719.371,720.0699,718.28,719.045,1882117.0
2026-06-23 13:30:00,719.01,719.71,717.29,719.08,1801567.0
2026-06-23 14:00:00,719.08,719.79,715.85,715.87,1513151.0
2026-06-23 14:30:00,715.93,717.08,715.34,715.88,1980592.0
2026-06-23 15:00:00,715.85,716.06,712.1101,713.38,3404928.0
2026-06-23 15:30:00,713.36,716.35,712.975,715.23,4267891.0
2026-06-23 16:00:00,715.24,716.0,713.5,713.65,8731478.0
2026-06-24 10:00:00,715.37,718.4999,711.78,714.75,5512746.0
2026-06-24 10:30:00,714.78,715.8085,710.88,715.15,3056611.0
2026-06-24 11:00:00,715.19,719.6,715.12,719.55,2695287.0
2026-06-24 11:30:00,719.57,719.93,715.1,717.42,2291635.0
2026-06-24 12:00:00,717.41,718.05,714.96,716.3,1662233.0
2026-06-24 12:30:00,716.34,717.5,715.69,716.23,1102882.0
2026-06-24 13:00:00,716.265,716.29,712.52,712.78,2178034.0
2026-06-24 13:30:00,712.79,714.06,707.87,708.03,2524619.0
2026-06-24 14:00:00,708.06,709.38,706.9662,707.46,2923973.0
2026-06-24 14:30:00,707.47,711.6428,707.22,711.09,2345078.0
2026-06-24 15:00:00,711.14,711.47,705.93,706.43,2660032.0
2026-06-24 15:30:00,706.43,708.07,704.45,707.3223,3361706.0
2026-06-24 16:00:00,707.34,710.98,706.75,710.62,6153575.0
2026-06-25 10:00:00,725.9,726.83,705.3,705.76,9805850.0
2026-06-25 10:30:00,705.84,714.8699,705.61,712.31,7053920.0
2026-06-25 11:00:00,712.29,716.77,711.68,713.43,3430469.0
2026-06-25 11:30:00,713.46,716.07,709.24,712.92,3523343.0
2026-06-25 12:00:00,713.0,716.47,712.77,714.05,1766827.0
2026-06-25 12:30:00,714.05,719.11,713.7,716.57,2308846.0
2026-06-25 13:00:00,716.565,716.64,712.3,714.62,2106656.0
2026-06-25 13:30:00,714.6036,717.69,714.39,716.5868,1913116.0
2026-06-25 14:00:00,716.68,717.5,714.62,717.3412,1731081.0
2026-06-25 14:30:00,717.31,719.6,714.58,719.27,2510279.0
2026-06-25 15:00:00,719.255,719.27,715.07,716.74,1807314.0
2026-06-25 15:30:00,716.77,716.81,713.21,714.58,2234311.0
2026-06-25 16:00:00,714.55,716.52,712.96,716.38,4322720.0
2026-06-26 10:00:00,707.13,709.65,702.81,709.12,5178250.0
2026-06-26 10:30:00,709.14,714.33,708.62,712.66,4482686.0
2026-06-26 11:00:00,712.69,713.26,709.37,710.51,2535305.0
2026-06-26 11:30:00,710.56,712.57,708.22,712.521,1871943.0
2026-06-26 12:00:00,712.5201,715.555,711.11,713.21,2538934.0
2026-06-26 12:30:00,713.25,713.36,710.27,711.85,1460517.0
2026-06-26 13:00:00,711.9,713.84,711.82,713.045,1370337.0
2026-06-26 13:30:00,713.07,715.1699,712.2001,713.58,1419428.0
2026-06-26 14:00:00,713.57,714.59,711.23,711.4,1265473.0
2026-06-26 14:30:00,711.47,712.33,709.33,709.45,2559955.0
2026-06-26 15:00:00,709.48,710.64,707.71,708.37,3456346.0
2026-06-26 15:30:00,708.43,710.5,707.87,709.24,3656233.0
2026-06-26 16:00:00,709.26,712.02,705.1,706.52,5583851.0
2026-06-29 10:00:00,713.99,718.66,711.88,713.3899,5456174.0
2026-06-29 10:30:00,713.46,713.73,705.172,711.84,5989944.0
2026-06-29 11:00:00,711.86,715.96,710.65,715.93,3186157.0
2026-06-29 11:30:00,715.93,717.32,714.54,717.22,2493180.0
2026-06-29 12:00:00,717.24,719.06,716.41,718.948969,2376880.0
2026-06-29 12:30:00,718.92,720.55,718.78,719.61,2442359.0
2026-06-29 13:00:00,719.64,721.12,718.935,720.7088,1323301.0
2026-06-29 13:30:00,720.71,723.047,720.67,723.0,1713887.0
2026-06-29 14:00:00,722.99,723.63,722.41,722.8201,1364502.0
2026-06-29 14:30:00,722.839507,723.33,722.43,722.53,1174992.0
2026-06-29 15:00:00,722.6,724.42,722.48,723.53,1808995.0
2026-06-29 15:30:00,723.53,724.25,722.75,723.43,2644944.0
2026-06-29 16:00:00,723.45,724.58,722.24,724.08,7885116.0
2026-06-30 10:00:00,724.18,731.94,723.91,731.8701,4961293.0
2026-06-30 10:30:00,731.89,733.31,729.72,732.9884,3545417.0
2026-06-30 11:00:00,733.01,733.775,729.94,730.47,2286445.0
2026-06-30 11:30:00,730.5,733.17,730.37,733.025,1955951.0
2026-06-30 12:00:00,733.06,734.7197,732.59,734.229,1655582.0
2026-06-30 12:30:00,734.22,735.39,734.03,735.035,1339389.0
2026-06-30 13:00:00,735.04,736.35,734.64,735.82,1107451.0
2026-06-30 13:30:00,735.85,736.68,735.77,735.91,1142155.0
2026-06-30 14:00:00,735.919,736.27,735.5705,735.78,2106675.0
2026-06-30 14:30:00,735.81,736.36,735.175,735.98,1011137.0
2026-06-30 15:00:00,736.0,736.99,735.76,736.49,1887505.0
2026-06-30 15:30:00,736.48,737.62,736.45,737.05,3043570.0
2026-06-30 16:00:00,737.05,737.62,735.66,736.4,11214370.0
2026-07-01 10:00:00,729.19,730.24,725.52,730.17,6380753.0
2026-07-01 10:30:00,730.24,731.29,729.305,730.28,2533775.0
2026-07-01 11:00:00,730.24,730.35,726.6785,728.03,2913836.0
2026-07-01 11:30:00,728.05,731.75,727.89,731.6216,2037550.0
2026-07-01 12:00:00,731.61,731.92,728.8,729.54,2673502.0
2026-07-01 12:30:00,729.46,730.17,728.58,729.23,1502569.0
2026-07-01 13:00:00,729.225,729.66,727.53,727.9,2253723.0
2026-07-01 13:30:00,727.87,729.12,727.0,728.33,1802656.0
2026-07-01 14:00:00,728.35,728.66,727.08,727.19,1073041.0
2026-07-01 14:30:00,727.225,727.87,726.61,727.11,924691.0
2026-07-01 15:00:00,727.09,727.49,725.6525,726.46,2157029.0
2026-07-01 15:30:00,726.45,728.49,726.365,727.9091,2138314.0
2026-07-01 16:00:00,727.905,728.93,724.6,725.17,6813906.0
2026-07-02 10:00:00,725.58,730.0,723.871,729.9,4296642.0
2026-07-02 10:30:00,729.94,730.83,721.52,722.13,3946707.0
2026-07-02 11:00:00,722.18,723.83,717.21,719.815,5149585.0
2026-07-02 11:30:00,719.845,720.1,714.2827,715.79,3677728.0
2026-07-02 12:00:00,715.76,719.31,714.91,715.87,2985532.0
2026-07-02 12:30:00,715.92,716.1579,712.7659,713.01,3141427.0
2026-07-02 13:00:00,713.02,713.12,710.12,710.785,3232666.0
2026-07-02 13:30:00,710.78,711.29,708.99,710.42,2419947.0
2026-07-02 14:00:00,710.39,711.08,707.56,707.78,2572520.0
2026-07-02 14:30:00,707.82,711.82,707.63,711.43,2347628.0
2026-07-02 15:00:00,711.43,712.405,710.28,711.5,1890958.0
2026-07-02 15:30:00,711.5,711.84,708.07,709.85,2479046.0
2026-07-02 16:00:00,709.85,713.78,709.54,712.6,6703641.0
2026-07-06 10:00:00,719.93,723.99,718.45,722.18,5246715.0
2026-07-06 10:30:00,722.27,724.835,721.5,724.1,2806619.0
2026-07-06 11:00:00,724.15,725.4184,723.52,724.41,1991238.0
2026-07-06 11:30:00,724.54,725.32,722.44,725.28,1610463.0
2026-07-06 12:00:00,725.28,725.84,724.6101,725.58,1511175.0
2026-07-06 12:30:00,725.57,726.08,724.45,724.6,888189.0
2026-07-06 13:00:00,724.64,724.9,723.41,723.58,938107.0
2026-07-06 13:30:00,723.59,724.71,722.58,722.76,1063728.0
2026-07-06 14:00:00,722.76,722.895,721.02,721.36,1694069.0
2026-07-06 14:30:00,721.42,723.86,721.37,723.19,1411675.0
2026-07-06 15:00:00,723.16,723.99,722.63,723.68,1151726.0
2026-07-06 15:30:00,723.69,725.19,723.43,724.79,1944031.0
2026-07-06 16:00:00,724.81,724.84,722.21,722.82,5226833.0
2026-07-07 10:00:00,714.17,716.35,709.97,711.1728,5655573.0
2026-07-07 10:30:00,711.12,712.025,706.08,707.21,4715334.0
2026-07-07 11:00:00,707.21,707.76,704.9,707.19,4460864.0
2026-07-07 11:30:00,707.17,708.5,706.42,707.4494,2557369.0
2026-07-07 12:00:00,707.46,709.26,705.84,709.2,1831789.0
2026-07-07 12:30:00,709.21,713.0462,708.99,712.69,2771781.0
2026-07-07 13:00:00,712.69,713.31,711.56,712.87,2052366.0
2026-07-07 13:30:00,712.81,713.87,712.2,712.74,1897324.0
2026-07-07 14:00:00,712.75,713.6,712.65,713.56,1145387.0
2026-07-07 14:30:00,713.58,713.74,712.22,712.355,1274090.0
2026-07-07 15:00:00,712.37,712.71,709.15,709.31,1965081.0
2026-07-07 15:30:00,709.35,709.79,706.41,707.68,3011256.0
2026-07-07 16:00:00,707.64,709.64,707.24,709.43,5143443.0
2026-07-08 10:00:00,704.95,709.8,704.94,708.95,5450624.0
2026-07-08 10:30:00,708.97,709.47,705.74,707.2,2634943.0
2026-07-08 11:00:00,707.16,708.19,703.75,705.21,2746793.0
2026-07-08 11:30:00,705.26,705.52,700.91,701.45,2835191.0
2026-07-08 12:00:00,701.48,703.77,700.95,702.405,1931384.0
2026-07-08 12:30:00,702.51,707.34,702.34,706.75,1912036.0
2026-07-08 13:00:00,706.75,709.17,706.03,709.07,2190081.0
2026-07-08 13:30:00,709.1,710.8199,708.15,710.71,1657435.0
2026-07-08 14:00:00,710.76,711.14,707.88,708.605,1513135.0
2026-07-08 14:30:00,708.64,710.39,708.02,709.06,1570249.0
2026-07-08 15:00:00,709.02,710.33,708.5,709.9,1187106.0
2026-07-08 15:30:00,709.93,710.73,709.23,710.43,1137712.0
2026-07-08 16:00:00,710.43,712.2599,709.4,711.44,3408354.0
2026-07-09 10:00:00,718.33,722.75,716.5,722.17,4943757.0
2026-07-09 10:30:00,722.21,722.54,715.125,718.74,3666305.0
2026-07-09 11:00:00,718.8,720.14,717.15,719.32,2716512.0
2026-07-09 11:30:00,719.39,721.64,719.13,721.36,2076950.0
2026-07-09 12:00:00,721.38,722.08,720.95,721.6644,1427105.0
2026-07-09 12:30:00,721.66,722.56,721.5225,721.76,1514307.0
2026-07-09 13:00:00,721.78,722.38,721.12,721.94,1137750.0
2026-07-09 13:30:00,721.935,724.16,721.86,724.11,2538726.0
2026-07-09 14:00:00,724.1499,724.23,723.07,723.78,1741404.0
2026-07-09 14:30:00,723.77,724.04,723.04,723.43,1054943.0
2026-07-09 15:00:00,723.4,723.65,722.74,722.96,1098079.0
2026-07-09 15:30:00,722.99,723.42,722.18,722.8,1325989.0
2026-07-09 16:00:00,722.79,723.36,721.97,723.28,3802072.0
2026-07-10 10:00:00,720.7,724.09,719.83,722.81,3622401.0
2026-07-10 10:30:00,722.8,723.8994,721.0,722.4541,1954333.0
2026-07-10 11:00:00,722.42,723.66,717.0,720.3499,3370639.0
2026-07-10 11:30:00,720.31,724.29,719.35,724.0509,1802083.0
2026-07-10 12:00:00,724.09,724.34,720.58,723.24,1865018.0
2026-07-10 12:30:00,723.29,725.27,723.29,724.91,1699269.0
2026-07-10 13:00:00,724.92,725.58,724.73,725.2018,951192.0
2026-07-10 13:30:00,725.24,725.79,724.53,725.77,787787.0
2026-07-10 14:00:00,725.7682,726.26,725.3301,725.5,1588462.0
2026-07-10 14:30:00,725.54,726.27,725.15,725.7,1770910.0
2026-07-10 15:00:00,725.71,725.96,725.25,725.48,501150.0
2026-07-10 15:30:00,725.49,726.39,725.38,725.71,912178.0
2026-07-10 16:00:00,725.68,726.18,725.26,725.51,3369801.0
2026-07-13 10:00:00,717.72,718.43,713.15,715.77,6351489.0
2026-07-13 10:30:00,715.85,717.6,712.56,717.5,4567329.0
2026-07-13 11:00:00,717.59,718.1,715.1401,717.91,1946711.0
2026-07-13 11:30:00,717.93,718.74,716.55,717.66,1221789.0
2026-07-13 12:00:00,717.65,718.03,715.0,715.36,1186977.0
2026-07-13 12:30:00,715.3301,715.975,713.52,714.09,1325934.0
2026-07-13 13:00:00,713.99,713.99,711.7,713.26,2532528.0
2026-07-13 13:30:00,713.25,714.55,712.545,713.01,1450152.0
2026-07-13 14:00:00,713.02,713.35,711.8,712.05,1575702.0
2026-07-13 14:30:00,712.11,713.51,711.83,711.98,1583021.0
2026-07-13 15:00:00,711.99,713.12,711.525,712.42,1654400.0
2026-07-13 15:30:00,712.46,713.2288,710.3,710.63,2260702.0
2026-07-13 16:00:00,710.66,712.67,710.08,711.74,5485801.0
2026-07-14 10:00:00,720.22,720.286,717.12,719.39,4208818.0
2026-07-14 10:30:00,719.43,720.0,714.34,717.18,2689432.0
2026-07-14 11:00:00,717.13,720.93,716.538,719.3,3095797.0
2026-07-14 11:30:00,719.37,722.085,718.86,722.01,2321173.0
2026-07-14 12:00:00,722.05,722.29,719.05,719.65,1728012.0
2026-07-14 12:30:00,719.73,719.8,717.72,719.52,1594023.0
2026-07-14 13:00:00,719.535,720.7106,718.84,720.62,907908.0
2026-07-14 13:30:00,720.63,721.57,720.14,721.15,1307786.0
2026-07-14 14:00:00,721.23,721.57,720.41,721.51,1070082.0
2026-07-14 14:30:00,721.51,721.87,721.04,721.26,819999.0
2026-07-14 15:00:00,721.26,721.65,720.07,720.592,1235857.0
2026-07-14 15:30:00,720.59,720.91,719.525,719.93,1440156.0
2026-07-14 16:00:00,719.98,720.8395,719.29,719.69,3179698.0
2026-07-15 10:00:00,723.85,724.36,718.93,720.66,3672288.0
2026-07-15 10:30:00,720.69,722.29,716.206,718.215,2814938.0
2026-07-15 11:00:00,718.25,718.53,713.72,715.96,3101011.0
2026-07-15 11:30:00,716.0,716.6999,713.58,716.21,1893112.0
2026-07-15 12:00:00,716.17,716.55,714.26,714.74,1291615.0
2026-07-15 12:30:00,714.71,715.14,711.07,711.845,3487809.0
2026-07-15 13:00:00,711.82,713.66,710.23,713.02,2315602.0
2026-07-15 13:30:00,713.02,715.33,712.58,715.26,2087525.0
2026-07-15 14:00:00,715.28,717.7,715.26,717.2,1594833.0
2026-07-15 14:30:00,717.235,718.59,717.13,718.1695,1258870.0
2026-07-15 15:00:00,718.17,718.43,715.05,715.46,1335068.0
2026-07-15 15:30:00,715.44,716.87,714.9205,716.22,1508843.0
2026-07-15 16:00:00,716.25,717.84,715.46,717.74,3272733.0
2026-07-16 10:00:00,712.01,713.599,707.0,709.175,4307868.0
2026-07-16 10:30:00,709.09,712.9,708.54,712.48,2427753.0
2026-07-16 11:00:00,712.475,713.07,709.58,711.35,1803413.0
2026-07-16 11:30:00,711.41,711.91,708.92,710.61,1772776.0
2026-07-16 12:00:00,710.585,712.02,709.35,710.22,1456888.0
2026-07-16 12:30:00,710.25,710.3,707.11,707.96,3512176.0
2026-07-16 13:00:00,707.96,709.22,707.27,708.8671,1552926.0
2026-07-16 13:30:00,708.92,708.98,707.35,708.74,1402575.0
2026-07-16 14:00:00,708.79,709.01,706.04,706.6,1985575.0
2026-07-16 14:30:00,706.58,708.06,706.0,707.21,2184256.0
2026-07-16 15:00:00,707.1,707.1,705.5,705.8,2206717.0
2026-07-16 15:30:00,705.78,706.56,703.59,704.29,2733235.0
2026-07-16 16:00:00,704.29,706.46,702.61,705.94,7123811.0
2026-07-17 10:00:00,691.65,693.54,686.76,693.35,8730501.0
2026-07-17 10:30:00,693.42,698.42,693.04,697.0299,5604044.0
2026-07-17 11:00:00,697.055,698.57,694.35,694.47,3169672.0
2026-07-17 11:30:00,694.54,695.28,693.13,695.045,4545080.0
2026-07-17 12:00:00,695.135,699.87,694.31,699.49,3102223.0
2026-07-17 12:30:00,699.49,700.05,697.35,699.0,3794372.0
2026-07-17 13:00:00,698.98,701.77,698.35,700.5,2791560.0
2026-07-17 13:30:00,700.53,702.3,700.33,702.0,2342708.0
2026-07-17 14:00:00,701.99,702.15,698.28,698.6001,1583140.0
2026-07-17 14:30:00,698.64,699.53,696.77,697.5,2786916.0
2026-07-17 15:00:00,697.5,698.42,696.12,697.7,1806417.0
2026-07-17 15:30:00,697.69,697.85,694.22,696.09,2306412.0
2026-07-17 16:00:00,696.12,697.5,695.08,695.33,5163559.0
2026-07-20 10:00:00,702.16,705.8,700.66,701.09,4359932.0
2026-07-20 10:30:00,701.07,702.36,698.91,701.89,2837849.0
2026-07-20 11:00:00,701.88,702.37,698.11,698.54,1840292.0
2026-07-20 11:30:00,698.51,701.75,698.08,701.53,1465994.0
2026-07-20 12:00:00,701.5405,702.72,700.54,702.38,1338341.0
2026-07-20 12:30:00,702.4099,704.02,701.8354,703.1874,1346839.0
2026-07-20 13:00:00,703.26,703.54,700.135,700.82,2340833.0
2026-07-20 13:30:00,700.79,701.16,699.02,700.13,1001081.0
2026-07-20 14:00:00,700.16,700.74,698.8,700.1499,800860.0
2026-07-20 14:30:00,700.16,701.42,699.56,699.9347,1231099.0
2026-07-20 15:00:00,699.95,699.9599,697.72,698.07,1461641.0
2026-07-20 15:30:00,698.09,698.68,696.26,697.68,2266049.0
2026-07-20 16:00:00,697.71,698.5992,695.51,696.06,4202371.0
2026-07-21 10:00:00,706.57,707.13,703.5,704.89,3447577.0
2026-07-21 10:30:00,704.97,706.45,702.8,706.23,2665550.0
2026-07-21 11:00:00,706.22,707.4,705.2,707.0,1815100.0
2026-07-21 11:30:00,706.98,708.99,705.65,708.69,1782675.0
2026-07-21 12:00:00,708.66,708.68,707.48,707.5203,1370080.0
2026-07-21 12:30:00,707.52,709.41,707.43,708.84,1680499.0
2026-07-21 13:00:00,708.85,709.79,708.6,709.3,1660084.0
2026-07-21 13:30:00,709.3,709.88,709.09,709.315,1572387.0
2026-07-21 14:00:00,709.33,710.05,709.2,709.53,1108231.0
2026-07-21 14:30:00,709.54,710.03,709.03,709.16,1653887.0
2026-07-21 15:00:00,709.15,709.89,708.8,709.2299,1255929.0
2026-07-21 15:30:00,709.23,709.41,708.33,708.39,1046774.0
2026-07-21 16:00:00,708.39,709.87,708.33,708.97,7641161.0
2026-07-22 10:00:00,703.62,708.1,703.62,708.1,3868242.0
2026-07-22 10:30:00,708.09,708.24,706.16,706.6701,2072138.0
2026-07-22 11:00:00,706.69,707.66,705.58,707.19,1813604.0
2026-07-22 11:30:00,707.2,709.65,707.2,709.23,1725597.0
2026-07-22 12:00:00,709.24,709.47,708.0137,709.37,1167353.0
2026-07-22 12:30:00,709.35,709.4877,708.65,708.9,813969.0
2026-07-22 13:00:00,708.9,709.32,708.07,708.87,685232.0
2026-07-22 13:30:00,708.88,709.35,708.502,708.7698,709561.0
2026-07-22 14:00:00,708.745,709.09,707.04,707.2738,764068.0
2026-07-22 14:30:00,707.27,707.93,706.74,707.13,706929.0
2026-07-22 15:00:00,707.1201,707.6199,706.39,707.34,619845.0
2026-07-22 15:30:00,707.34,707.68,706.59,707.5004,1061497.0
2026-07-22 16:00:00,707.5,707.53,705.19,705.35,2953425.0
2026-07-23 10:00:00,694.67,698.66,693.21,694.46,5903457.0
2026-07-23 10:30:00,694.49,696.71,693.76,695.09,3042148.0
2026-07-23 11:00:00,695.015,695.99,691.29,691.75,3505152.0
2026-07-23 11:30:00,691.8,691.9399,688.155,688.63,3941418.0
2026-07-23 12:00:00,688.63,691.6,687.79,691.56,2545185.0
2026-07-23 12:30:00,691.59,694.59,691.2,694.41,2845821.0
2026-07-23 13:00:00,694.39,695.15,692.02,692.77,1857612.0
2026-07-23 13:30:00,692.78,693.65,691.48,693.06,1417551.0
2026-07-23 14:00:00,693.03,693.13,690.945,691.02,1224307.0
2026-07-23 14:30:00,691.01,691.41,690.4038,691.17,1733920.0
2026-07-23 15:00:00,691.14,691.85,689.97,690.56,1359223.0
2026-07-23 15:30:00,690.55,691.58,689.35,691.3,1704660.0
2026-07-23 16:00:00,691.31,692.43,688.93,691.96,5752290.0
2026-07-24 10:00:00,690.41,692.45,685.025,685.22,5550177.0
2026-07-24 10:30:00,685.17,688.29,684.64,686.88,3759496.0
2026-07-24 11:00:00,686.9064,688.539,683.546,688.28,2844482.0
2026-07-24 11:30:00,688.3,690.85,685.975,689.47,3374097.0
2026-07-24 12:00:00,689.5,691.49,689.12,691.2804,2363666.0
2026-07-24 12:30:00,691.3,692.63,690.65,691.07,1320311.0
2026-07-24 13:00:00,691.03,691.11,688.505,689.32,1780706.0
2026-07-24 13:30:00,689.38,689.99,687.7,689.81,1598901.0
2026-07-24 14:00:00,689.81,690.5063,688.29,688.65,1074095.0
2026-07-24 14:30:00,688.66,689.11,685.44,685.49,1891232.0
2026-07-24 15:00:00,685.5175,685.72,683.63,684.6799,4060578.0
2026-07-24 15:30:00,684.64,685.297,682.48,683.47,2872711.0
2026-07-24 16:00:00,683.48,684.66,682.76,684.23,6185027.0
2026-07-27 10:00:00,691.68,692.3,685.6727,685.8,4318899.0
2026-07-27 10:30:00,685.83,686.37,679.22,679.46,5551746.0
2026-07-27 11:00:00,679.45,681.74,675.945,681.47,5317286.0
2026-07-27 11:30:00,681.52,682.16,678.53,679.12,2784972.0
2026-07-27 12:00:00,679.18,679.41,676.91,678.88,1836401.0
2026-07-27 12:30:00,678.92,682.34,678.46,681.12,2846893.0
2026-07-27 13:00:00,681.11,682.13,678.05,678.54,2116728.0
2026-07-27 13:30:00,678.6,678.75,677.08,677.39,1874884.0
2026-07-27 14:00:00,677.39,679.93,677.34,679.91,1362449.0
2026-07-27 14:30:00,679.91,680.3,678.6,679.32,1745189.0
2026-07-27 15:00:00,679.36,682.0,677.85,681.93,2035396.0
2026-07-27 15:30:00,681.93,683.39,681.42,683.28,2007068.0
2026-07-27 16:00:00,683.3499,683.6,681.165,682.12,4991016.0
2026-07-28 10:00:00,676.23,677.32,668.8564,669.38,9554247.0
2026-07-28 10:30:00,669.33,672.433,667.88,670.33,5564789.0
2026-07-28 11:00:00,670.39,674.83,669.45,672.69,3949669.0
2026-07-28 11:30:00,672.71,677.75,671.83,676.598,4128950.0
2026-07-28 12:00:00,676.63,678.99,676.22,678.61,2518497.0
2026-07-28 12:30:00,678.63,679.15,677.08,677.3047,3018847.0
2026-07-28 13:00:00,677.34,679.4,676.33,678.81,2261245.0
2026-07-28 13:30:00,678.82,679.0299,676.7,677.37,1555205.0
2026-07-28 14:00:00,677.375,678.47,675.65,676.7742,1658416.0
2026-07-28 14:30:00,676.84,677.4401,675.35,675.645,1839253.0
2026-07-28 15:00:00,675.68,676.96,675.55,676.8005,1281598.0
2026-07-28 15:30:00,676.8,678.01,676.67,677.93,1789425.0
2026-07-28 16:00:00,677.95,678.06,675.27,675.49,6068200.0
2026-07-29 10:00:00,675.505,677.46,669.56,671.1899,4711104.0
2026-07-29 10:30:00,671.19,673.4,666.485,667.28,3902595.0
2026-07-29 11:00:00,667.27,669.2,665.76,668.0,2905314.0
2026-07-29 11:30:00,667.99,669.3,666.7,666.83,1651889.0
2026-07-29 12:00:00,666.88,667.81,664.64,665.93,2445927.0
2026-07-29 12:30:00,665.93,666.85,663.28,666.74,2973111.0
2026-07-29 13:00:00,666.7,668.0,665.15,667.96,2572611.0
2026-07-29 13:30:00,667.98,671.51,667.82,669.11,2943262.0
2026-07-29 14:00:00,669.11,670.94,668.6,670.8,1892388.0
2026-07-29 14:30:00,670.43,674.9,670.43,672.19,4826436.0
2026-07-29 15:00:00,672.17,679.95,670.6302,679.05,4567222.0
2026-07-29 15:30:00,679.0648,680.05,669.071,670.77,4496899.0
2026-07-29 16:00:00,670.77,671.568,661.14,661.73,9423769.0
2026-07-30 10:00:00,674.76,681.65,673.3,681.515,8026242.0
2026-07-30 10:30:00,681.49,683.64,679.4105,683.3,5296250.0
2026-07-30 11:00:00,683.26,683.73,678.36,679.53,4229516.0
2026-07-30 11:30:00,679.56,681.16,677.75,678.13,3374557.0
2026-07-30 12:00:00,678.16,681.11,677.9,679.79,3469604.0
2026-07-30 12:30:00,679.77,682.55,679.32,681.35,4487848.0
2026-07-30 13:00:00,681.355,681.49,679.25,680.96,3333944.0
2026-07-30 13:30:00,680.97,682.8911,680.95,681.98,4008706.0
2026-07-30 14:00:00,682.0,682.92,681.27,682.17,2439742.0
2026-07-30 14:30:00,682.22,682.85,681.83,682.33,1800794.0
2026-07-30 15:00:00,682.325,682.73,681.51,682.31,2230870.0
2026-07-30 15:30:00,682.31,685.12,682.29,683.84,4079032.0
2026-07-30 16:00:00,683.82,684.35,682.895,683.55,11180787.0
2026-07-31 10:00:00,692.11,695.77,685.29,686.79,9550729.0
2026-07-31 10:30:00,686.76,687.6,680.0512,684.2,6740368.0
2026-07-31 11:00:00,684.22,686.51,683.24,685.61,4677641.0
2026-07-31 11:30:00,685.63,686.43,681.07,681.77,2603065.0
2026-07-31 12:00:00,681.72,685.25,680.94,684.7863,1954883.0
2026-07-31 12:30:00,684.75,686.93,684.02,686.93,1756885.0
2026-07-31 13:00:00,686.95,687.625,685.63,687.06,1905141.0
2026-07-31 13:30:00,687.04,689.72,686.89,689.36,1628348.0
2026-07-31 14:00:00,689.37,690.35,688.265,688.55,2339694.0
2026-07-31 14:30:00,688.565,689.27,687.76,688.38,1324425.0
2026-07-31 15:00:00,688.47,689.4,688.26,688.71,1289472.0
2026-07-31 15:30:00,688.7,690.27,688.02,689.7,2450438.0
2026-07-31 16:00:00,689.68,690.88,687.45,687.99,5752040.0
2026-08-03 10:00:00,688.3,693.4,685.82,693.305,4858564.0
2026-08-03 10:30:00,693.29,694.75,691.08,694.62,3238612.0
2026-08-03 11:00:00,694.66,697.7,694.22,697.585,4341251.0
2026-08-03 11:30:00,697.59,697.59,695.66,695.9,3027328.0
2026-08-03 12:00:00,695.96,697.87,695.875,697.38,1896771.0
2026-08-03 12:30:00,697.44,698.7,697.3425,698.49,2259209.0
2026-08-03 13:00:00,698.48,698.67,697.87,698.07,1847766.0
2026-08-03 13:30:00,698.1,699.7598,697.89,699.67,1798410.0
2026-08-03 14:00:00,699.67,700.56,699.4,700.46,3133559.0
2026-08-03 14:30:00,700.46,701.59,699.77,699.8001,2366182.0
2026-08-03 15:00:00,699.8,700.67,699.61,700.2372,1897757.0
2026-08-03 15:30:00,700.23,701.11,699.93,700.36,2624753.0
2026-08-03 16:00:00,700.38,700.94,699.27,700.07,8012984.0
2026-08-04 10:00:00,708.16,714.66,707.53,713.65,6068007.0
2026-08-04 10:30:00,713.64,716.22,712.98,716.005,4586750.0
2026-08-04 11:00:00,716.05,716.4,715.07,715.8008,4344143.0
2026-08-04 11:30:00,715.85,718.57,715.74,717.99,4442775.0
2026-08-04 12:00:00,717.98,719.4,717.58,718.8,4319341.0
2026-08-04 12:30:00,718.785,719.97,718.56,719.65,2975202.0
2026-08-04 13:00:00,719.665,720.6,719.4,720.57,3901737.0
2026-08-04 13:30:00,720.57,722.5,720.48,722.35,3533829.0
2026-08-04 14:00:00,722.345,724.28,721.985,722.73,3612356.0
2026-08-04 14:30:00,722.73,723.9,722.12,723.8201,2759900.0
2026-08-04 15:00:00,723.84,724.2,722.87,723.85,1955594.0
2026-08-04 15:30:00,723.86,725.39,723.8,724.2944,2682560.0
2026-08-04 16:00:00,724.285,725.66,723.05,723.85,7396733.0
2026-08-05 10:00:00,726.25,728.54,724.63,727.99,4504608.0
2026-08-05 10:30:00,727.9,727.93,724.4,724.72,3297461.0
2026-08-05 11:00:00,724.67,724.7999,721.6,723.04,4453236.0
2026-08-05 11:30:00,723.07,724.115,721.01,722.085,2522741.0
2026-08-05 12:00:00,722.08,723.33,719.77,720.37,1713775.0
2026-08-05 12:30:00,720.38,722.71,719.48,722.665,2466413.0
2026-08-05 13:00:00,722.655,722.88,721.17,722.14,1232212.0
2026-08-05 13:30:00,722.17,722.4,720.45,720.77,958917.0
2026-08-05 14:00:00,720.8,721.37,720.32,720.855,853690.0
2026-08-05 14:30:00,720.86,721.6,720.77,721.28,1136735.0
2026-08-05 15:00:00,721.32,721.32,720.05,720.09,1138038.0
2026-08-05 15:30:00,720.11,721.41,719.92,720.8888,1413353.0
2026-08-05 16:00:00,720.89,721.03,716.92,717.3,3940624.0
2026-08-06 10:00:00,710.82,716.03,708.5,715.48,5190010.0
2026-08-06 10:30:00,715.5,718.86,714.52,716.84,3977636.0
2026-08-06 11:00:00,716.95,718.625,715.61,718.592,2247764.0
2026-08-06 11:30:00,718.6,719.32,716.37,717.42,2063884.0
2026-08-06 12:00:00,717.48,717.86,714.965,715.17,1851514.0
2026-08-06 12:30:00,715.17,715.81,713.53,714.1,1990511.0
2026-08-06 13:00:00,714.11,716.16,713.86,716.1499,1499798.0
2026-08-06 13:30:00,716.14,716.58,715.07,715.41,1002595.0
2026-08-06 14:00:00,715.39,715.77,714.6,715.44,976452.0
2026-08-06 14:30:00,715.48,716.56,714.0,716.12,1608151.0
2026-08-06 15:00:00,716.1,716.21,714.75,715.09,1319171.0
2026-08-06 15:30:00,715.08,716.405,714.65,714.9,1762649.0
2026-08-06 16:00:00,714.9,715.81,714.11,714.65,3615704.0
2026-08-07 10:00:00,720.15,722.71,718.46,719.31,3836344.0
2026-08-07 10:30:00,719.32,721.65,716.51,721.29,3311649.0
2026-08-07 11:00:00,721.24,721.54,718.82,720.27,2070316.0
2026-08-07 11:30:00,720.27,722.86,720.02,722.81,2351610.0
2026-08-07 12:00:00,722.8,723.4999,722.04,722.5,2283998.0
2026-08-07 12:30:00,722.53,722.91,719.5016,720.1,1622347.0
2026-08-07 13:00:00,720.1,721.68,719.05,720.7,1482195.0
2026-08-07 13:30:00,720.68,721.38,720.38,720.92,936990.0
2026-08-07 14:00:00,720.9,721.28,720.4199,720.8,823566.0
2026-08-07 14:30:00,720.795,721.07,719.8201,719.89,936806.0
2026-08-07 15:00:00,719.9,720.54,719.22,720.38,1488758.0
2026-08-07 15:30:00,720.37,722.72,720.34,722.42,2076098.0
2026-08-07 16:00:00,722.425,723.63,721.5002,723.03,4105449.0
2026-08-10 10:00:00,722.39,723.25,720.34,722.45,3410073.0
2026-08-10 10:30:00,722.44,724.67,722.03,723.67,2889583.0
2026-08-10 11:00:00,723.69,724.52,721.75,721.78,2548663.0
2026-08-10 11:30:00,721.79,722.77,721.14,721.69,1231771.0
2026-08-10 12:00:00,721.67,723.56,720.83,723.32,1293343.0
2026-08-10 12:30:00,723.325,723.645,722.37,722.48,1192544.0
2026-08-10 13:00:00,722.47,722.665,720.57,721.76,2108990.0
2026-08-10 13:30:00,721.78,722.54,721.32,721.94,655935.0
2026-08-10 14:00:00,721.94,722.18,720.91,721.28,866396.0
2026-08-10 14:30:00,721.26,721.57,720.86,720.98,684216.0
2026-08-10 15:00:00,720.97,721.88,720.69,721.835,580634.0
2026-08-10 15:30:00,721.83,722.14,721.67,721.8,969462.0
2026-08-10 16:00:00,721.86,722.07,720.33,720.87,4951243.0
2026-08-11 10:00:00,723.29,723.35,718.401,720.68,3807788.0
2026-08-11 10:30:00,720.7,722.1556,720.37,721.83,1926403.0
2026-08-11 11:00:00,721.8,722.44,720.615,721.78,1692737.0
2026-08-11 11:30:00,721.8,722.14,719.89,719.99,1684797.0
2026-08-11 12:00:00,720.04,720.37,718.9716,719.0699,1097464.0
2026-08-11 12:30:00,719.06,719.46,718.035,718.63,1337960.0
2026-08-11 13:00:00,718.61,719.07,717.93,718.14,1875187.0
2026-08-11 13:30:00,718.14,718.3272,716.86,717.66,1711320.0
2026-08-11 14:00:00,717.668,718.47,717.48,718.19,1318042.0
2026-08-11 14:30:00,718.2009,718.36,715.5,716.18,1649071.0
2026-08-11 15:00:00,716.19,717.49,716.1,717.09,2177710.0
2026-08-11 15:30:00,717.09,718.1364,716.82,718.065,1830020.0
2026-08-11 16:00:00,718.09,718.94,717.65,718.45,4409369.0
2026-08-12 10:00:00,727.08,727.25,723.73,725.04,4975544.0
2026-08-12 10:30:00,725.04,725.93,723.61,725.23,2393515.0
2026-08-12 11:00:00,725.23,725.6,723.23,724.08,3543951.0
2026-08-12 11:30:00,724.09,724.64,723.39,724.23,1757316.0
2026-08-12 12:00:00,724.25,724.31,722.92,723.24,1325314.0
2026-08-12 12:30:00,723.24,724.55,723.16,724.2,1141586.0
2026-08-12 13:00:00,724.2295,725.25,723.67,724.99,1226372.0
2026-08-12 13:30:00,724.98,725.43,724.59,725.08,958625.0
2026-08-12 14:00:00,725.07,725.415,724.9037,725.115,1063528.0
2026-08-12 14:30:00,725.115,725.3231,724.66,724.74,1148204.0
2026-08-12 15:00:00,724.74,725.56,724.51,724.63,726798.0
2026-08-12 15:30:00,724.63,724.96,723.82,724.1,1090563.0
2026-08-12 16:00:00,724.09,724.11,723.035,723.7,4624371.0
2026-08-13 10:00:00,725.15,731.69,724.03,731.57,6322989.0
2026-08-13 10:30:00,731.56,733.04,731.1,732.96,3208044.0
2026-08-13 11:00:00,732.95,733.755,732.12,732.15,3417466.0
2026-08-13 11:30:00,732.14,733.1,731.7,731.91,1929258.0
2026-08-13 12:00:00,731.92,732.125,729.86,730.14,1682582.0
2026-08-13 12:30:00,730.15,731.88,730.11,731.83,1712327.0
2026-08-13 13:00:00,731.84,732.24,731.4001,731.975,910159.0
2026-08-13 13:30:00,732.0,733.35,732.0,733.0484,1025501.0
2026-08-13 14:00:00,733.05,733.2263,732.28,732.28,1262414.0
2026-08-13 14:30:00,732.3,732.55,731.765,732.0,1090177.0
2026-08-13 15:00:00,732.01,733.31,732.01,733.29,1295310.0
2026-08-13 15:30:00,733.29,733.96,732.57,732.77,1321002.0
2026-08-13 16:00:00,732.74,732.864,731.55,732.07,3704133.0
2026-08-14 10:00:00,733.41,734.39,731.7201,733.05,2597034.0
2026-08-14 10:30:00,733.03,734.16,730.84,731.4601,2528722.0
2026-08-14 11:00:00,731.4721,731.85,730.6,730.6,1308608.0
2026-08-14 11:30:00,730.6,731.05,728.41,729.3201,1761012.0
2026-08-14 12:00:00,729.37,729.39,728.32,729.225,1488533.0
2026-08-14 12:30:00,729.22,730.215,728.86,730.07,1401369.0
2026-08-14 13:00:00,730.075,730.105,728.94,729.02,964740.0
2026-08-14 13:30:00,729.04,729.54,728.75,729.0131,977882.0
2026-08-14 14:00:00,729.03,729.61,728.78,729.545,814233.0
2026-08-14 14:30:00,729.53,729.81,729.16,729.18,1002069.0
2026-08-14 15:00:00,729.23,730.08,729.09,729.69,1003387.0
2026-08-14 15:30:00,729.7,730.04,729.4,729.86,1629912.0
2026-08-14 16:00:00,729.86,731.125,729.76,731.07,3780613.0
2026-08-17 10:00:00,732.95,734.08,731.64,733.3,2968580.0
2026-08-17 10:30:00,733.3395,733.5,731.51,732.44,2087146.0
2026-08-17 11:00:00,732.45,733.62,732.19,733.56,1576660.0
2026-08-17 11:30:00,733.57,734.58,733.33,734.18,2144949.0
2026-08-17 12:00:00,734.2,734.28,732.73,733.4999,1514236.0
2026-08-17 12:30:00,733.47,733.55,732.37,732.7,1464149.0
2026-08-17 13:00:00,732.7,732.835,731.9513,732.135,1128657.0
2026-08-17 13:30:00,732.13,732.22,729.94,730.035,2727129.0
2026-08-17 14:00:00,730.02,730.775,729.8,730.17,1308749.0
2026-08-17 14:30:00,730.18,730.44,729.63,730.19,1315109.0
2026-08-17 15:00:00,730.19,731.0,729.9301,730.66,874262.0
2026-08-17 15:30:00,730.66,730.72,729.7,729.95,1643432.0
2026-08-17 16:00:00,729.95,730.62,729.27,729.87,3579690.0
2026-08-18 10:00:00,720.21,722.13,718.11,719.125,6087013.0
2026-08-18 10:30:00,719.14,720.56,717.24,719.731749,3766875.0
2026-08-18 11:00:00,719.63,720.2,716.46,716.72,4186050.0
2026-08-18 11:30:00,716.73,717.975,715.92,717.7626,4052196.0
2026-08-18 12:00:00,717.7,718.97,717.15,718.87,3493841.0
2026-08-18 12:30:00,718.88,719.49,718.19,718.2,3862513.0
2026-08-18 13:00:00,718.2,719.67,718.0501,719.18,2613607.0
2026-08-18 13:30:00,719.16,719.44,717.8,718.34,1904764.0
2026-08-18 14:00:00,718.34,718.47,717.12,717.125,2892627.0
2026-08-18 14:30:00,717.121,718.3,716.69,718.02,2722705.0
2026-08-18 15:00:00,718.01,718.265,717.12,717.24,1561274.0
2026-08-18 15:30:00,717.24,718.08,717.08,717.92,1644641.0
2026-08-18 16:00:00,717.93,718.17,716.92,717.51,6478403.0
2026-08-19 10:00:00,720.39,721.4999,713.37,715.5,6319459.0
2026-08-19 10:30:00,715.52,715.93,712.61,715.17,4317947.0
2026-08-19 11:00:00,715.14,718.6,714.82,718.59,2723050.0
2026-08-19 11:30:00,718.57,718.737,717.58,718.33,1211568.0
2026-08-19 12:00:00,718.32,718.4,716.8,718.17,1463986.0
2026-08-19 12:30:00,718.18,719.7,717.71,718.25,1573831.0
2026-08-19 13:00:00,718.26,718.52,716.86,717.04,1044484.0
2026-08-19 13:30:00,717.02,717.345,715.82,716.54,1558826.0
2026-08-19 14:00:00,716.54,717.0491,715.94,716.63,1561763.0
2026-08-19 14:30:00,716.65,717.79,715.38,716.51,1663773.0
2026-08-19 15:00:00,716.5001,717.47,716.24,716.4,1262125.0
2026-08-19 15:30:00,716.4175,717.51,716.295,716.9305,1387207.0
2026-08-19 16:00:00,716.96,717.76,715.24,716.08,5246143.0
2026-08-20 10:00:00,712.09,714.94,711.07,712.19,3683751.0
2026-08-20 10:30:00,712.1595,713.6,711.049,712.09,3098545.0
2026-08-20 11:00:00,712.06,714.08,711.59,713.1095,1680018.0
2026-08-20 11:30:00,713.09,714.66,710.89,711.9536,3067311.0
2026-08-20 12:00:00,711.93,712.08,710.1337,711.565,2383970.0
2026-08-20 12:30:00,711.59,712.2,710.9237,711.84,1502180.0
2026-08-20 13:00:00,711.85,713.0,711.13,712.7847,1248282.0
2026-08-20 13:30:00,712.81,712.82,710.73,710.79,1003914.0
2026-08-20 14:00:00,710.755,711.5,710.46,710.72,1274418.0
2026-08-20 14:30:00,710.715,710.72,708.52,709.21,1776282.0
2026-08-20 15:00:00,709.2,709.84,708.711,709.48,1320910.0
2026-08-20 15:30:00,709.47,710.99,709.44,710.93,1822983.0
2026-08-20 16:00:00,710.931,711.65,710.47,710.93,5491896.0
2026-08-21 10:00:00,715.23,715.39,710.1,711.27,3847808.0
2026-08-21 10:30:00,711.2195,711.97,709.2,710.59,2860212.0
2026-08-21 11:00:00,710.6,711.91,710.1635,711.9,1583180.0
2026-08-21 11:30:00,711.9,712.85,711.78,712.75,2365474.0
2026-08-21 12:00:00,712.78,715.6738,712.68,714.6,3389248.0
2026-08-21 12:30:00,714.6,714.83,713.26,713.77,2443876.0
2026-08-21 13:00:00,713.7795,714.11,713.05,713.83,1662483.0
2026-08-21 13:30:00,713.81,714.1,712.97,713.415,1202472.0
2026-08-21 14:00:00,713.425,713.78,713.09,713.12,774807.0
2026-08-21 14:30:00,713.1299,713.64,712.655,712.655,1517693.0
2026-08-21 15:00:00,712.655,713.61,712.43,713.565,1482543.0
2026-08-21 15:30:00,713.5495,713.89,713.09,713.42,1881438.0
2026-08-21 16:00:00,713.42,714.31,712.91,713.44,4567162.0
2026-08-24 10:00:00,709.66,709.79,702.7,704.48,4854545.0
2026-08-24 10:30:00,704.465,704.8106,702.83,704.21,2822199.0
2026-08-24 11:00:00,704.16,706.545,703.95,705.93,2613221.0
2026-08-24 11:30:00,705.93,707.19,704.82,706.83,2556039.0
2026-08-24 12:00:00,706.82,708.8439,706.51,707.99,2552380.0
2026-08-24 12:30:00,707.9801,709.3359,707.71,708.85,1591997.0
2026-08-24 13:00:00,708.8495,709.03,708.02,708.025,1619016.0
2026-08-24 13:30:00,708.03,708.98,707.09,707.24,1869128.0
2026-08-24 14:00:00,707.26,707.36,706.73,706.9,1492068.0
2026-08-24 14:30:00,706.91,709.29,706.886,709.16,1972483.0
2026-08-24 15:00:00,709.16,709.53,707.61,707.62,1814672.0
2026-08-24 15:30:00,707.62,707.91,707.33,707.71,1517936.0
2026-08-24 16:00:00,707.74,708.06,706.19,706.32,6710689.0
2026-08-25 10:00:00,711.22,714.04,710.76,711.62,3638559.0
2026-08-25 10:30:00,711.67,711.68,709.14,709.3,2709567.0
2026-08-25 11:00:00,709.24,710.55,707.45,709.7,2448119.0
2026-08-25 11:30:00,709.69,710.86,708.88,710.77,1303441.0
2026-08-25 12:00:00,710.76,711.57,709.47,710.435,1556897.0
2026-08-25 12:30:00,710.47,711.27,710.41,711.16,1065927.0
2026-08-25 13:00:00,711.1795,711.29,710.19,710.705,858766.0
2026-08-25 13:30:00,710.7116,710.8,709.27,709.48,1014549.0
2026-08-25 14:00:00,709.49,709.71,709.305,709.544047,707723.0
2026-08-25 14:30:00,709.53,709.55,708.96,709.335,743548.0
2026-08-25 15:00:00,709.35,710.67,709.35,710.26,1125834.0
2026-08-25 15:30:00,710.255,710.48,709.2,709.51,1017009.0
2026-08-25 16:00:00,709.53,711.1,709.18,710.72,3096762.0
