datetime,open,high,low,close,volume
2023-01-03 10:00:00,118.47,118.8,111.61,111.64,35929113.0
2023-01-03 10:30:00,111.64,112.31,110.3507,111.06,20508723.0
2023-01-03 11:00:00,111.05,112.24,110.26,110.9106,15935070.0
2023-01-03 11:30:00,110.9123,111.03,108.05,108.4701,18001834.0
2023-01-03 12:00:00,108.4724,108.495,105.6,106.7,20383976.0
2023-01-03 12:30:00,106.7071,107.3287,105.65,106.15,13067211.0
2023-01-03 13:00:00,106.1488,106.476,104.79,105.53,13308781.0
2023-01-03 13:30:00,105.54,105.7299,104.64,105.67,10801693.0
2023-01-03 14:00:00,105.67,106.72,105.3401,106.4799,11798128.0
2023-01-03 14:30:00,106.4877,107.45,106.0,107.32,11562174.0
2023-01-03 15:00:00,107.32,109.4,106.77,108.355,15814271.0
2023-01-03 15:30:00,108.3527,109.0,107.21,108.085,13738928.0
2023-01-03 16:00:00,108.09,108.75,107.52,108.1,18797647.0
2023-01-04 10:00:00,109.11,112.74,107.52,109.64,33803112.0
2023-01-04 10:30:00,109.58,111.11,107.8201,110.72,20681083.0
2023-01-04 11:00:00,110.6927,112.44,109.9301,111.9,14558821.0
2023-01-04 11:30:00,111.92,112.43,110.66,112.3001,11449314.0
2023-01-04 12:00:00,112.315,114.59,112.25,113.18,16962860.0
2023-01-04 12:30:00,113.19,113.36,112.43,112.7476,8684733.0
2023-01-04 13:00:00,112.75,112.94,111.43,111.7321,7978608.0
2023-01-04 13:30:00,111.7299,112.88,111.56,112.76,6683697.0
2023-01-04 14:00:00,112.765,114.0923,112.54,113.72,8974580.0
2023-01-04 14:30:00,113.6733,114.3,111.84,112.025,14153665.0
2023-01-04 15:00:00,112.0236,113.94,111.9,113.622,8883374.0
2023-01-04 15:30:00,113.62,113.85,113.0,113.01,7655533.0
2023-01-04 16:00:00,113.01,113.72,112.25,113.64,12457739.0
2023-01-05 10:00:00,110.51,111.33,107.44,108.64,26481507.0
2023-01-05 10:30:00,108.64,110.15,107.75,108.4177,17441199.0
2023-01-05 11:00:00,108.41,108.56,107.1601,107.94,13321105.0
2023-01-05 11:30:00,107.93,108.96,107.682,108.6,9550251.0
2023-01-05 12:00:00,108.59,110.47,108.36,110.3713,11433796.0
2023-01-05 12:30:00,110.3713,110.52,109.47,109.9874,9143806.0
2023-01-05 13:00:00,109.98,110.2683,109.21,109.75,7057479.0
2023-01-05 13:30:00,109.75,111.75,109.51,111.085,11107985.0
2023-01-05 14:00:00,111.088,111.45,110.12,110.69,9499413.0
2023-01-05 14:30:00,110.72,111.11,110.1,110.1199,7238828.0
2023-01-05 15:00:00,110.11,111.3299,109.97,110.805,10200861.0
2023-01-05 15:30:00,110.8093,111.2,110.37,110.5901,6925559.0
2023-01-05 16:00:00,110.6028,110.86,110.06,110.34,11043699.0
2023-01-06 10:00:00,103.0,107.11,101.81,105.14,40198561.0
2023-01-06 10:30:00,105.14,107.55,105.14,105.8,20933574.0
2023-01-06 11:00:00,105.79,109.27,105.6,108.75,18026747.0
2023-01-06 11:30:00,108.75,109.8,107.91,109.7,12872061.0
2023-01-06 12:00:00,109.71,111.45,109.2001,111.3301,15110232.0
2023-01-06 12:30:00,111.3573,112.9176,111.01,111.81,15609440.0
2023-01-06 13:00:00,111.81,112.26,110.64,111.28,13852299.0
2023-01-06 13:30:00,111.3,111.7,110.23,111.1384,10131895.0
2023-01-06 14:00:00,111.13,112.04,111.07,111.8819,8106969.0
2023-01-06 14:30:00,111.9,113.13,111.57,112.805,10648274.0
2023-01-06 15:00:00,112.8014,114.04,112.73,113.53,11661051.0
2023-01-06 15:30:00,113.5218,114.39,113.06,113.12,11881859.0
2023-01-06 16:00:00,113.12,113.5992,112.45,113.06,16230025.0
2023-01-09 10:00:00,118.96,122.5,117.11,122.4335,37311137.0
2023-01-09 10:30:00,122.45,123.05,120.33,121.619,24568542.0
2023-01-09 11:00:00,121.61,123.33,121.42,121.5,17353749.0
2023-01-09 11:30:00,121.5,122.51,121.45,122.11,11267309.0
2023-01-09 12:00:00,122.13,122.44,120.875,121.85,10063511.0
2023-01-09 12:30:00,121.8478,122.6,121.65,122.03,7483597.0
2023-01-09 13:00:00,122.04,122.28,121.01,122.1523,8062266.0
2023-01-09 13:30:00,122.15,123.52,121.85,123.21,9923922.0
2023-01-09 14:00:00,123.2139,123.24,120.72,121.24,11980477.0
2023-01-09 14:30:00,121.25,121.96,120.88,121.77,9322166.0
2023-01-09 15:00:00,121.776,122.01,120.48,120.6001,9025405.0
2023-01-09 15:30:00,120.6019,121.01,119.78,120.58,10822749.0
2023-01-09 16:00:00,120.59,120.765,119.26,119.77,14206603.0
2023-01-10 10:00:00,121.07,122.76,117.36,118.922,30407659.0
2023-01-10 10:30:00,118.92,119.76,117.58,117.8599,18070849.0
2023-01-10 11:00:00,117.85,117.87,114.92,115.97,20401460.0
2023-01-10 11:30:00,115.97,117.08,115.44,116.58,11193373.0
2023-01-10 12:00:00,116.575,117.04,116.1801,116.315,8838803.0
2023-01-10 12:30:00,116.3199,116.55,115.71,116.12,7726106.0
2023-01-10 13:00:00,116.1149,117.77,116.04,117.41,9245670.0
2023-01-10 13:30:00,117.4,118.05,117.18,117.52,8034670.0
2023-01-10 14:00:00,117.5166,118.25,117.01,117.8,8767595.0
2023-01-10 14:30:00,117.8,118.12,117.48,117.701,7259939.0
2023-01-10 15:00:00,117.71,117.93,117.24,117.6793,6830355.0
2023-01-10 15:30:00,117.68,117.7352,116.65,117.58,8483888.0
2023-01-10 16:00:00,117.5839,118.88,117.5839,118.85,14443627.0
2023-01-11 10:00:00,122.09,122.66,120.51,121.945,27134881.0
2023-01-11 10:30:00,121.9575,125.95,121.72,125.06,29175779.0
2023-01-11 11:00:00,125.045,125.06,122.6,122.68,20411845.0
2023-01-11 11:30:00,122.6701,123.47,122.05,122.64,14533250.0
2023-01-11 12:00:00,122.62,123.39,122.31,122.7399,9005483.0
2023-01-11 12:30:00,122.7342,123.21,122.2,122.52,8866759.0
2023-01-11 13:00:00,122.54,122.78,121.5,121.7129,9417327.0
2023-01-11 13:30:00,121.72,122.44,121.5,122.05,9426557.0
2023-01-11 14:00:00,122.0429,122.5836,121.64,122.19,8484708.0
2023-01-11 14:30:00,122.19,122.34,121.8399,122.08,5540577.0
2023-01-11 15:00:00,122.075,122.28,121.28,121.5778,8289457.0
2023-01-11 15:30:00,121.58,122.8999,121.57,122.8724,10661652.0
2023-01-11 16:00:00,122.875,123.27,122.135,123.22,16461396.0
2023-01-12 10:00:00,122.56,122.92,117.0,118.117,28439413.0
2023-01-12 10:30:00,118.13,121.08,118.03,119.59,21362780.0
2023-01-12 11:00:00,119.6,120.37,119.0,119.0857,12468062.0
2023-01-12 11:30:00,119.08,119.75,118.61,119.58,9312710.0
2023-01-12 12:00:00,119.59,121.37,119.06,121.23,9573834.0
2023-01-12 12:30:00,121.22,121.48,120.72,121.1601,8160037.0
2023-01-12 13:00:00,121.15,121.48,120.6,120.7799,7075060.0
2023-01-12 13:30:00,120.75,121.25,120.0,120.39,7944756.0
2023-01-12 14:00:00,120.375,122.6399,119.84,122.34,10153563.0
2023-01-12 14:30:00,122.35,123.1399,122.13,122.86,10655881.0
2023-01-12 15:00:00,122.86,124.1311,122.737,123.302,12524318.0
2023-01-12 15:30:00,123.3,123.41,122.33,122.94,8016510.0
2023-01-12 16:00:00,122.95,123.81,122.71,123.56,13712310.0
2023-01-13 10:00:00,116.55,118.47,115.6,117.5736,34410896.0
2023-01-13 10:30:00,117.56,119.92,117.2571,119.9,20194979.0
2023-01-13 11:00:00,119.89,121.66,119.12,120.7001,17000525.0
2023-01-13 11:30:00,120.71,120.9799,118.59,119.15,14197670.0
2023-01-13 12:00:00,119.13,119.8,118.3701,119.725,9155857.0
2023-01-13 12:30:00,119.74,121.15,119.4002,120.6287,9734108.0
2023-01-13 13:00:00,120.6119,120.765,119.95,120.6415,7366160.0
2023-01-13 13:30:00,120.65,121.41,120.071,120.4339,9613836.0
2023-01-13 14:00:00,120.44,121.33,120.4,120.7398,8810355.0
2023-01-13 14:30:00,120.7224,120.98,120.22,120.82,6273304.0
2023-01-13 15:00:00,120.81,121.0704,120.51,120.69,5424666.0
2023-01-13 15:30:00,120.72,122.2785,120.61,122.2,11052350.0
2023-01-13 16:00:00,122.2,122.63,121.68,122.4,15157457.0
2023-01-17 10:00:00,125.695,128.64,125.02,128.5,30810012.0
2023-01-17 10:30:00,128.49,130.58,128.49,129.54,24560792.0
2023-01-17 11:00:00,129.535,129.89,127.91,128.84,16427306.0
2023-01-17 11:30:00,128.84,128.95,127.43,128.52,10579709.0
2023-01-17 12:00:00,128.52,129.68,128.4819,128.9,10800751.0
2023-01-17 12:30:00,128.9,129.62,128.73,129.43,7802419.0
2023-01-17 13:00:00,129.43,130.57,129.28,130.34,9551965.0
2023-01-17 13:30:00,130.3499,131.37,130.22,130.45,11413072.0
2023-01-17 14:00:00,130.4566,131.39,130.27,130.7915,10100969.0
2023-01-17 14:30:00,130.7974,131.1,130.1,130.4499,8978435.0
2023-01-17 15:00:00,130.45,131.13,130.45,130.6716,7948090.0
2023-01-17 15:30:00,130.67,131.29,130.39,131.05,10571605.0
2023-01-17 16:00:00,131.045,131.7,130.93,131.49,16696148.0
2023-01-18 10:00:00,136.555,136.68,132.88,134.16,34546416.0
2023-01-18 10:30:00,134.15,135.18,132.11,132.43,19587704.0
2023-01-18 11:00:00,132.45,133.1899,129.3247,130.72,23191494.0
2023-01-18 11:30:00,130.735,130.9297,128.65,129.242,15116786.0
2023-01-18 12:00:00,129.28,129.87,128.31,129.8011,11842449.0
2023-01-18 12:30:00,129.802,130.47,129.21,129.345,12486460.0
2023-01-18 13:00:00,129.34,129.3499,127.63,127.86,10831219.0
2023-01-18 13:30:00,127.8501,128.16,127.01,127.81,11084327.0
2023-01-18 14:00:00,127.8,128.45,127.26,127.74,9392112.0
2023-01-18 14:30:00,127.75,128.3004,127.34,128.17,7868038.0
2023-01-18 15:00:00,128.1689,128.86,128.0,128.56,8465003.0
2023-01-18 15:30:00,128.565,129.13,128.09,128.6596,8429844.0
2023-01-18 16:00:00,128.65,128.93,127.9701,128.78,12482521.0
2023-01-19 10:00:00,127.26,129.77,126.82,129.18,26212337.0
2023-01-19 10:30:00,129.17,129.99,127.33,127.675,18527107.0
2023-01-19 11:00:00,127.69,128.03,125.63,125.835,16902179.0
2023-01-19 11:30:00,125.82,126.56,125.05,125.24,13912171.0
2023-01-19 12:00:00,125.22,125.99,124.3082,125.6399,14544830.0
2023-01-19 12:30:00,125.63,126.3769,125.04,125.75,10269536.0
2023-01-19 13:00:00,125.74,126.6,125.57,126.5999,7986730.0
2023-01-19 13:30:00,126.6,127.54,126.4,126.7922,10069622.0
2023-01-19 14:00:00,126.78,128.42,126.77,128.05,10014106.0
2023-01-19 14:30:00,128.0484,128.54,127.3,128.2801,8644038.0
2023-01-19 15:00:00,128.3,128.72,127.18,127.52,9156781.0
2023-01-19 15:30:00,127.525,128.2,127.51,127.7436,6948565.0
2023-01-19 16:00:00,127.7408,127.8005,126.955,127.17,10789468.0
2023-01-20 10:00:00,128.68,130.84,127.3466,130.33,23641300.0
2023-01-20 10:30:00,130.35,131.69,129.74,131.0,17669222.0
2023-01-20 11:00:00,130.9827,131.4405,129.62,129.9,12234405.0
2023-01-20 11:30:00,129.9,131.35,129.8,131.31,10621983.0
2023-01-20 12:00:00,131.32,131.4,130.46,130.875,6712459.0
2023-01-20 12:30:00,130.88,131.53,130.86,131.165,7057645.0
2023-01-20 13:00:00,131.16,131.34,130.7119,130.7122,5096468.0
2023-01-20 13:30:00,130.73,131.12,130.36,130.4677,5627007.0
2023-01-20 14:00:00,130.48,131.99,130.44,131.7774,7408477.0
2023-01-20 14:30:00,131.7746,132.53,131.45,132.26,7576248.0
2023-01-20 15:00:00,132.27,132.58,131.64,132.16,6602350.0
2023-01-20 15:30:00,132.16,133.0,132.15,132.71,8655899.0
2023-01-20 16:00:00,132.7,133.51,132.55,133.42,15014562.0
2023-01-23 10:00:00,135.87,139.15,134.27,138.77,30054057.0
2023-01-23 10:30:00,138.74,139.7,138.16,138.79,18770238.0
2023-01-23 11:00:00,138.79,140.35,138.54,139.9581,14957765.0
2023-01-23 11:30:00,139.95,141.55,139.95,140.57,16238972.0
2023-01-23 12:00:00,140.58,142.1,140.235,141.87,12105357.0
2023-01-23 12:30:00,141.87,142.42,141.63,142.04,9726879.0
2023-01-23 13:00:00,142.045,142.63,141.63,142.37,9501138.0
2023-01-23 13:30:00,142.406,143.88,142.31,143.74,11861224.0
2023-01-23 14:00:00,143.74,145.3793,143.61,145.23,13629283.0
2023-01-23 14:30:00,145.235,145.27,143.65,144.01,13759396.0
2023-01-23 15:00:00,143.993,144.3199,142.36,142.8,13576323.0
2023-01-23 15:30:00,142.7975,142.95,141.33,142.46,13220970.0
2023-01-23 16:00:00,142.47,143.9,141.85,143.75,18349066.0
2023-01-24 10:00:00,143.0,146.5,141.77,144.905,27732421.0
2023-01-24 10:30:00,144.921,145.0092,141.1,141.9933,20650717.0
2023-01-24 11:00:00,141.99,144.52,141.33,144.07,14646587.0
2023-01-24 11:30:00,144.07,145.32,143.71,145.305,11661751.0
2023-01-24 12:00:00,145.31,145.322,143.65,143.9277,9195049.0
2023-01-24 12:30:00,143.92,144.23,142.85,144.1251,8789374.0
2023-01-24 13:00:00,144.1251,144.15,142.9,143.0,8166731.0
2023-01-24 13:30:00,142.9901,143.49,142.5,143.3301,8245509.0
2023-01-24 14:00:00,143.34,144.05,142.88,143.7206,6599108.0
2023-01-24 14:30:00,143.72,143.79,142.75,143.06,5934830.0
2023-01-24 15:00:00,143.08,144.17,143.02,143.989,8408143.0
2023-01-24 15:30:00,143.9954,144.09,143.26,143.5074,7100305.0
2023-01-24 16:00:00,143.5074,144.0,142.78,143.89,11113878.0
2023-01-25 10:00:00,141.905,142.8399,138.2,138.925,24600251.0
2023-01-25 10:30:00,138.9,139.8299,138.07,139.45,15474484.0
2023-01-25 11:00:00,139.43,141.81,139.31,141.67,14592273.0
2023-01-25 11:30:00,141.66,142.61,141.28,142.01,12848440.0
2023-01-25 12:00:00,142.0008,143.7499,141.78,143.2642,12224202.0
2023-01-25 12:30:00,143.3,143.57,142.7,142.98,7542096.0
2023-01-25 13:00:00,142.97,143.69,142.7,143.27,8580220.0
2023-01-25 13:30:00,143.27,144.75,143.23,144.6299,10593658.0
2023-01-25 14:00:00,144.6001,144.92,144.09,144.59,8134140.0
2023-01-25 14:30:00,144.6,146.22,144.43,146.1634,12338615.0
2023-01-25 15:00:00,146.1654,146.41,144.76,145.28,11956979.0
2023-01-25 15:30:00,145.2701,146.2,144.66,145.2,11324352.0
2023-01-25 16:00:00,145.2009,145.37,143.86,144.43,15137508.0
2023-01-26 10:00:00,159.965,161.42,155.3727,155.74,52620541.0
2023-01-26 10:30:00,155.74,159.23,154.76,158.87,27938078.0
2023-01-26 11:00:00,158.8799,159.3,155.79,156.1358,18341366.0
2023-01-26 11:30:00,156.135,157.46,155.58,157.4,13191766.0
2023-01-26 12:00:00,157.39,157.435,154.87,155.54,13194607.0
2023-01-26 12:30:00,155.55,156.59,155.14,156.0299,9772320.0
2023-01-26 13:00:00,156.015,158.51,155.9,157.9381,12379683.0
2023-01-26 13:30:00,157.9326,158.48,156.93,158.02,9492857.0
2023-01-26 14:00:00,158.02,158.5,157.4342,158.5,8827243.0
2023-01-26 14:30:00,158.476,159.21,157.91,158.58,10912766.0
2023-01-26 15:00:00,158.58,158.67,156.83,158.3772,10203236.0
2023-01-26 15:30:00,158.37,159.125,157.88,159.0,11350198.0
2023-01-26 16:00:00,159.01,160.51,158.69,160.27,19170211.0
2023-01-27 10:00:00,162.43,166.09,161.17,164.99,33581275.0
2023-01-27 10:30:00,164.99,166.28,164.0,165.6201,20625689.0
2023-01-27 11:00:00,165.6998,167.67,165.51,166.9501,20014800.0
2023-01-27 11:30:00,166.9685,169.94,166.8162,169.5346,19214394.0
2023-01-27 12:00:00,169.53,174.99,169.4803,174.09,34072053.0
2023-01-27 12:30:00,174.0918,178.7,172.88,177.54,32559583.0
2023-01-27 13:00:00,177.5699,178.89,175.14,175.27,24430951.0
2023-01-27 13:30:00,175.2747,176.79,173.82,176.745,17976203.0
2023-01-27 14:00:00,176.76,177.5,176.02,176.9,13870894.0
2023-01-27 14:30:00,176.87,180.45,176.4045,179.5,18669566.0
2023-01-27 15:00:00,179.51,180.68,178.62,179.285,17081710.0
2023-01-27 15:30:00,179.28,180.09,177.54,179.74,18026974.0
2023-01-27 16:00:00,179.745,180.0,177.6,177.9,23466031.0
2023-01-30 10:00:00,178.05,179.77,172.75,176.124,39857260.0
2023-01-30 10:30:00,176.1,178.09,171.5,172.78,23129234.0
2023-01-30 11:00:00,172.8099,173.5,168.3,171.63,27206663.0
2023-01-30 11:30:00,171.6326,173.3466,170.0001,173.1658,19347334.0
2023-01-30 12:00:00,173.15,173.81,171.55,172.69,14421611.0
2023-01-30 12:30:00,172.67,173.3,171.63,173.1701,11176648.0
2023-01-30 13:00:00,173.18,173.33,171.8601,172.25,9091286.0
2023-01-30 13:30:00,172.255,172.6831,171.1256,171.34,9860561.0
2023-01-30 14:00:00,171.3347,171.34,168.78,170.13,13415944.0
2023-01-30 14:30:00,170.1001,170.7285,169.03,169.54,9647433.0
2023-01-30 15:00:00,169.49,170.0681,168.86,169.73,9491353.0
2023-01-30 15:30:00,169.71,170.21,167.57,168.1,12033979.0
2023-01-30 16:00:00,168.09,168.73,166.5,166.66,19211700.0
2023-01-31 10:00:00,164.57,171.0,162.78,167.7326,35099015.0
2023-01-31 10:30:00,167.7,169.63,166.45,169.15,19320960.0
2023-01-31 11:00:00,169.17,173.3,168.6301,173.27,20296076.0
2023-01-31 11:30:00,173.26,173.75,171.3152,172.9386,16527883.0
2023-01-31 12:00:00,172.94,173.32,170.93,171.04,11566649.0
2023-01-31 12:30:00,171.06,172.5995,169.91,172.1805,13246389.0
2023-01-31 13:00:00,172.18,173.03,171.7217,172.13,8988688.0
2023-01-31 13:30:00,172.14,172.8,171.63,171.98,8653791.0
2023-01-31 14:00:00,171.975,172.29,170.71,172.1873,9033858.0
2023-01-31 14:30:00,172.18,172.73,171.52,172.5474,7789776.0
2023-01-31 15:00:00,172.53,173.23,172.15,173.21,8524850.0
2023-01-31 15:30:00,173.23,174.3,171.95,172.4367,13350608.0
2023-01-31 16:00:00,172.44,173.6,171.5,173.22,17321336.0
2023-02-01 10:00:00,173.89,175.8428,171.21,174.8144,26309546.0
2023-02-01 10:30:00,174.775,174.9551,171.84,172.455,16234646.0
2023-02-01 11:00:00,172.4535,173.7899,170.2,170.25,13791940.0
2023-02-01 11:30:00,170.25,172.11,169.93,171.8404,11989736.0
2023-02-01 12:00:00,171.86,173.19,171.3501,172.005,9651776.0
2023-02-01 12:30:00,172.005,173.3,171.44,172.865,7437680.0
2023-02-01 13:00:00,172.8883,174.71,172.7,174.35,9370310.0
2023-02-01 13:30:00,174.3277,174.66,173.77,174.335,6693224.0
2023-02-01 14:00:00,174.3499,175.03,173.74,173.82,8269357.0
2023-02-01 14:30:00,173.78,176.6,172.46,174.48,17584892.0
2023-02-01 15:00:00,174.49,179.77,172.02,178.47,26836435.0
2023-02-01 15:30:00,178.4435,182.8,178.41,182.23,24245093.0
2023-02-01 16:00:00,182.2203,183.805,180.9,181.41,23686293.0
2023-02-02 10:00:00,187.325,191.3,185.0955,187.535,31292977.0
2023-02-02 10:30:00,187.56,190.09,186.38,189.42,17738963.0
2023-02-02 11:00:00,189.445,194.63,189.38,193.761,19144590.0
2023-02-02 11:30:00,193.79,196.7501,191.56,193.56,22299007.0
2023-02-02 12:00:00,193.56,195.26,191.3,192.54,14616231.0
2023-02-02 12:30:00,192.5565,194.66,192.36,193.8629,9814999.0
2023-02-02 13:00:00,193.9,194.76,193.11,193.39,8713418.0
2023-02-02 13:30:00,193.4,194.41,192.64,193.42,8062317.0
2023-02-02 14:00:00,193.4274,195.55,193.32,195.405,9917153.0
2023-02-02 14:30:00,195.4076,195.47,190.3,190.4001,11354510.0
2023-02-02 15:00:00,190.415,190.8899,185.01,185.3499,18658008.0
2023-02-02 15:30:00,185.35,187.9,182.61,186.7508,20504743.0
2023-02-02 16:00:00,186.73,188.51,186.73,188.27,15082866.0
2023-02-03 10:00:00,183.95,195.68,183.69,193.13,37579406.0
2023-02-03 10:30:00,193.07,199.0,192.56,195.76,30637509.0
2023-02-03 11:00:00,195.83,198.58,195.18,196.25,17089257.0
2023-02-03 11:30:00,196.259,198.37,195.8601,197.54,13654227.0
2023-02-03 12:00:00,197.56,198.5,195.11,195.62,13748812.0
2023-02-03 12:30:00,195.61,197.4,195.01,196.4599,10535158.0
2023-02-03 13:00:00,196.47,198.0,194.07,194.5063,12075333.0
2023-02-03 13:30:00,194.48,194.48,190.82,192.03,16959532.0
2023-02-03 14:00:00,192.01,192.4,188.85,191.92,16479596.0
2023-02-03 14:30:00,191.948,193.1,190.36,191.275,12603963.0
2023-02-03 15:00:00,191.2528,191.9472,189.62,189.8,9988996.0
2023-02-03 15:30:00,189.8165,191.22,188.18,189.97,13563580.0
2023-02-03 16:00:00,189.9501,190.8204,189.5,189.98,14908802.0
2023-02-06 10:00:00,193.01,198.17,192.6363,195.33,33315004.0
2023-02-06 10:30:00,195.35,196.49,191.52,192.585,20431865.0
2023-02-06 11:00:00,192.595,195.19,189.92,194.8768,19930867.0
2023-02-06 11:30:00,194.9,196.59,194.41,195.8371,16338684.0
2023-02-06 12:00:00,195.87,196.91,194.06,194.5608,12244422.0
2023-02-06 12:30:00,194.5746,195.52,193.58,194.1496,9468454.0
2023-02-06 13:00:00,194.1,195.23,193.93,194.43,7490510.0
2023-02-06 13:30:00,194.405,195.0,193.47,194.08,8369503.0
2023-02-06 14:00:00,194.07,195.1846,193.37,195.105,8403296.0
2023-02-06 14:30:00,195.08,196.64,194.89,195.8101,10769317.0
2023-02-06 15:00:00,195.81,195.98,194.17,195.1101,8484277.0
2023-02-06 15:30:00,195.11,195.33,193.15,194.19,9169088.0
2023-02-06 16:00:00,194.19,195.04,193.92,194.76,13111177.0
2023-02-07 10:00:00,196.43,197.25,192.56,193.105,25813478.0
2023-02-07 10:30:00,193.13,193.79,191.1,192.3799,17175655.0
2023-02-07 11:00:00,192.35,193.7664,191.45,192.88,12100835.0
2023-02-07 11:30:00,192.88,195.02,192.87,194.7632,10918658.0
2023-02-07 12:00:00,194.7632,195.57,194.4201,194.8821,8962387.0
2023-02-07 12:30:00,194.88,194.96,192.45,192.68,8245038.0
2023-02-07 13:00:00,192.6757,197.2,192.56,196.7469,15450848.0
2023-02-07 13:30:00,196.7496,197.2,191.6864,191.71,16472083.0
2023-02-07 14:00:00,191.69,192.09,189.55,191.89,16291498.0
2023-02-07 14:30:00,191.885,193.95,191.63,192.9835,11923253.0
2023-02-07 15:00:00,193.02,195.1,192.8,194.83,11057482.0
2023-02-07 15:30:00,194.86,195.53,193.67,195.34,9930351.0
2023-02-07 16:00:00,195.33,197.5,194.91,196.81,15791555.0
2023-02-08 10:00:00,196.1,202.45,194.31,201.07,34572489.0
2023-02-08 10:30:00,201.04,202.85,199.25,202.11,20199111.0
2023-02-08 11:00:00,202.11,202.11,198.13,200.225,17060803.0
2023-02-08 11:30:00,200.2,201.44,198.06,198.97,13504398.0
2023-02-08 12:00:00,198.9841,200.85,197.7,200.7655,10956394.0
2023-02-08 12:30:00,200.7704,200.82,198.62,199.3699,7536352.0
2023-02-08 13:00:00,199.35,200.3,198.38,200.166,7306636.0
2023-02-08 13:30:00,200.1673,201.5,199.5419,200.81,9093159.0
2023-02-08 14:00:00,200.81,201.792,200.28,201.6651,8878310.0
2023-02-08 14:30:00,201.6672,203.0,200.85,202.205,10412872.0
2023-02-08 15:00:00,202.2299,202.84,200.42,201.055,11313128.0
2023-02-08 15:30:00,201.055,201.0631,199.51,200.82,10587344.0
2023-02-08 16:00:00,200.84,201.89,200.72,201.29,14160442.0
2023-02-09 10:00:00,207.775,209.31,205.5301,209.1983,31013065.0
2023-02-09 10:30:00,209.22,214.0,208.47,211.1101,31068148.0
2023-02-09 11:00:00,211.09,213.39,210.49,211.9799,19747645.0
2023-02-09 11:30:00,211.94,212.14,209.7802,210.45,13646003.0
2023-02-09 12:00:00,210.515,211.71,209.02,211.1152,12908421.0
2023-02-09 12:30:00,211.1189,213.55,210.92,212.795,12150110.0
2023-02-09 13:00:00,212.81,212.97,210.38,212.205,11133367.0
2023-02-09 13:30:00,212.19,212.77,210.68,212.0399,9761766.0
2023-02-09 14:00:00,212.05,212.75,210.5,211.11,8834334.0
2023-02-09 14:30:00,211.11,211.9332,209.42,209.65,9858709.0
2023-02-09 15:00:00,209.62,211.25,209.44,209.8111,10210872.0
2023-02-09 15:30:00,209.815,210.13,205.61,206.4712,15374069.0
2023-02-09 16:00:00,206.45,208.53,204.77,207.32,19163612.0
2023-02-10 10:00:00,202.225,206.2,199.331,200.1513,32860834.0
2023-02-10 10:30:00,200.18,202.1,195.9,200.6701,28053478.0
2023-02-10 11:00:00,200.685,202.7,196.4,197.6155,18387165.0
2023-02-10 11:30:00,197.6499,199.78,197.01,197.99,13286587.0
2023-02-10 12:00:00,197.95,198.09,196.4,196.475,10627448.0
2023-02-10 12:30:00,196.44,197.1,192.89,193.8092,19003033.0
2023-02-10 13:00:00,193.84,195.86,193.64,195.5539,11703564.0
2023-02-10 13:30:00,195.5696,197.5,195.15,196.6501,11319961.0
2023-02-10 14:00:00,196.69,197.26,194.81,195.195,9184285.0
2023-02-10 14:30:00,195.22,196.04,194.8,195.9101,7904037.0
2023-02-10 15:00:00,195.91,197.79,195.5,197.1809,10629670.0
2023-02-10 15:30:00,197.2,197.72,195.74,196.2999,10011965.0
2023-02-10 16:00:00,196.31,197.5,195.59,196.89,13062108.0
2023-02-13 10:00:00,194.415,194.98,187.61,189.87,31024782.0
2023-02-13 10:30:00,189.87,192.13,188.4101,191.8445,17304237.0
2023-02-13 11:00:00,191.86,196.3,191.32,193.9469,19679403.0
2023-02-13 11:30:00,193.98,195.3,192.9,194.12,14600213.0
2023-02-13 12:00:00,194.14,194.68,192.52,193.345,11058620.0
2023-02-13 12:30:00,193.329,195.34,193.08,194.6,9862169.0
2023-02-13 13:00:00,194.635,195.63,193.82,194.1801,9853976.0
2023-02-13 13:30:00,194.17,194.96,193.0,194.755,8241836.0
2023-02-13 14:00:00,194.7675,195.03,193.56,194.675,7497153.0
2023-02-13 14:30:00,194.69,195.02,193.9301,194.1745,7115373.0
2023-02-13 15:00:00,194.19,194.49,193.57,193.98,6822075.0
2023-02-13 15:30:00,193.99,195.3,193.0703,194.8391,9674347.0
2023-02-13 16:00:00,194.8499,195.69,194.241,194.64,12699191.0
2023-02-14 10:00:00,191.94,202.3,189.44,201.4378,35273584.0
2023-02-14 10:30:00,201.48,204.5,201.15,201.17,24348020.0
2023-02-14 11:00:00,201.1985,202.15,196.01,200.47,23629848.0
2023-02-14 11:30:00,200.45,201.99,199.23,199.605,14136194.0
2023-02-14 12:00:00,199.575,200.08,197.6201,199.945,11619975.0
2023-02-14 12:30:00,199.94,201.46,199.62,200.8797,9418130.0
2023-02-14 13:00:00,200.8839,202.77,200.6706,202.4,9735081.0
2023-02-14 13:30:00,202.4027,204.7515,202.4,203.8184,12182507.0
2023-02-14 14:00:00,203.82,204.3,202.4,203.5735,9332852.0
2023-02-14 14:30:00,203.5662,204.69,202.89,204.2474,8805349.0
2023-02-14 15:00:00,204.255,206.82,204.18,205.9,12781084.0
2023-02-14 15:30:00,205.95,208.73,204.92,208.19,13838740.0
2023-02-14 16:00:00,208.24,209.82,208.0,209.25,19105204.0
2023-02-15 10:00:00,211.755,213.98,206.11,208.115,34443041.0
2023-02-15 10:30:00,208.14,211.25,207.42,209.99,19761775.0
2023-02-15 11:00:00,210.0,211.9299,208.6501,210.103,16851628.0
2023-02-15 11:30:00,210.08,213.0,209.895,212.8001,13164688.0
2023-02-15 12:00:00,212.825,214.66,211.91,213.3201,13481226.0
2023-02-15 12:30:00,213.36,213.4198,211.8,212.06,10681375.0
2023-02-15 13:00:00,212.08,213.1,211.43,211.9004,7737500.0
2023-02-15 13:30:00,211.915,213.0,211.28,212.86,6741922.0
2023-02-15 14:00:00,212.89,212.9899,212.04,212.365,6060172.0
2023-02-15 14:30:00,212.39,213.62,212.22,212.8221,8291203.0
2023-02-15 15:00:00,212.83,213.25,209.68,210.195,9460856.0
2023-02-15 15:30:00,210.19,212.6,210.14,212.4,9519921.0
2023-02-15 16:00:00,212.41,214.24,212.3,214.24,14682315.0
2023-02-16 10:00:00,210.78,215.29,208.31,213.3394,30336232.0
2023-02-16 10:30:00,213.368,215.39,212.34,214.94,18780376.0
2023-02-16 11:00:00,214.94,217.65,214.47,216.81,18665405.0
2023-02-16 11:30:00,216.82,217.5,215.35,216.255,13377461.0
2023-02-16 12:00:00,216.28,216.9376,215.01,215.23,8432305.0
2023-02-16 12:30:00,215.22,215.9127,214.04,215.7102,8844524.0
2023-02-16 13:00:00,215.73,216.8,210.3,211.86,18332453.0
2023-02-16 13:30:00,211.8499,213.34,209.74,210.756,15673993.0
2023-02-16 14:00:00,210.79,212.9,209.8,212.815,11877138.0
2023-02-16 14:30:00,212.802,214.0,211.09,211.29,11469296.0
2023-02-16 15:00:00,211.29,212.29,210.57,211.01,8729861.0
2023-02-16 15:30:00,211.01,211.1699,204.73,204.805,22136643.0
2023-02-16 16:00:00,204.78,204.87,201.84,202.04,28876246.0
2023-02-17 10:00:00,199.985,204.5899,199.17,203.0501,32319323.0
2023-02-17 10:30:00,203.12,204.57,201.33,202.1699,20178802.0
2023-02-17 11:00:00,202.14,203.95,200.16,200.8801,15255078.0
2023-02-17 11:30:00,200.89,201.3882,198.08,198.4387,16386119.0
2023-02-17 12:00:00,198.47,201.09,197.5,200.461,15395536.0
2023-02-17 12:30:00,200.47,202.85,200.4104,200.8561,13614054.0
2023-02-17 13:00:00,200.83,202.05,199.67,200.8438,9410368.0
2023-02-17 13:30:00,200.85,202.4299,200.61,201.33,8831022.0
2023-02-17 14:00:00,201.33,202.81,200.88,202.6278,8753370.0
2023-02-17 14:30:00,202.65,205.2899,202.61,204.9363,15581859.0
2023-02-17 15:00:00,204.9421,208.0,204.89,207.6,15864015.0
2023-02-17 15:30:00,207.6068,208.3,205.11,205.2801,14914817.0
2023-02-17 16:00:00,205.288,208.44,205.08,208.31,18577271.0
2023-02-21 10:00:00,204.99,209.71,203.71,205.1201,26534070.0
2023-02-21 10:30:00,205.17,206.13,203.17,204.2,18058727.0
2023-02-21 11:00:00,204.21,206.48,203.66,204.116,14125745.0
2023-02-21 11:30:00,204.14,204.93,200.52,200.84,15489174.0
2023-02-21 12:00:00,200.845,201.79,199.07,200.96,15455309.0
2023-02-21 12:30:00,200.95,202.39,200.33,201.6059,9642413.0
2023-02-21 13:00:00,201.63,203.5,201.02,203.31,8685664.0
2023-02-21 13:30:00,203.3,203.5899,201.51,201.87,8672137.0
2023-02-21 14:00:00,201.87,201.885,200.03,200.162,8461932.0
2023-02-21 14:30:00,200.18,200.63,198.7,199.6501,11245746.0
2023-02-21 15:00:00,199.6551,201.4,199.63,200.055,9888100.0
2023-02-21 15:30:00,200.06,200.52,198.8,199.3,10020265.0
2023-02-21 16:00:00,199.2801,200.3699,197.22,197.37,16845428.0
2023-02-22 10:00:00,197.93,200.87,195.76,195.8947,26371989.0
2023-02-22 10:30:00,195.9029,196.37,191.78,193.3775,24742852.0
2023-02-22 11:00:00,193.35,195.2902,192.01,195.05,15527223.0
2023-02-22 11:30:00,195.05,195.58,193.55,194.8796,10957605.0
2023-02-22 12:00:00,194.89,197.63,194.71,197.57,12178364.0
2023-02-22 12:30:00,197.57,198.35,196.83,197.61,10596236.0
2023-02-22 13:00:00,197.62,199.99,197.606,198.412,10814120.0
2023-02-22 13:30:00,198.415,199.93,197.5101,199.6799,9219872.0
2023-02-22 14:00:00,199.67,200.48,198.17,198.9443,9762661.0
2023-02-22 14:30:00,198.9999,201.99,196.82,198.64,18976563.0
2023-02-22 15:00:00,198.65,199.92,197.37,198.07,11511221.0
2023-02-22 15:30:00,198.08,200.84,197.8,199.81,10629632.0
2023-02-22 16:00:00,199.8,201.5,198.6901,200.86,13688069.0
2023-02-23 10:00:00,203.91,205.14,201.5,201.7145,20646349.0
2023-02-23 10:30:00,201.73,202.53,198.42,200.9127,17746139.0
2023-02-23 11:00:00,200.9,201.34,197.3628,198.06,12785449.0
2023-02-23 11:30:00,198.05,198.93,196.51,197.5223,9923662.0
2023-02-23 12:00:00,197.535,198.3,196.33,196.775,7852592.0
2023-02-23 12:30:00,196.788,199.58,196.56,199.3577,7869611.0
2023-02-23 13:00:00,199.38,200.0,198.81,199.46,7835001.0
2023-02-23 13:30:00,199.49,200.19,197.7406,199.18,7206460.0
2023-02-23 14:00:00,199.155,200.8299,198.8,200.35,8145881.0
2023-02-23 14:30:00,200.365,203.0,200.126,202.27,11535659.0
2023-02-23 15:00:00,202.3,203.28,200.91,201.2878,9287386.0
2023-02-23 15:30:00,201.31,202.89,200.89,202.8301,8865981.0
2023-02-23 16:00:00,202.86,203.14,201.39,202.07,11922004.0
2023-02-24 10:00:00,196.325,197.44,193.34,194.525,23669872.0
2023-02-24 10:30:00,194.5001,195.11,192.8,194.17,14012065.0
2023-02-24 11:00:00,194.17,195.67,193.75,194.03,12114968.0
2023-02-24 11:30:00,194.08,195.99,193.58,195.4182,10273412.0
2023-02-24 12:00:00,195.4069,197.6695,195.18,197.0499,11392083.0
2023-02-24 12:30:00,197.05,197.33,195.37,195.925,7821594.0
2023-02-24 13:00:00,195.95,196.42,194.75,195.01,6603360.0
2023-02-24 13:30:00,195.04,195.86,194.0,195.522,7601910.0
2023-02-24 14:00:00,195.54,196.41,195.03,195.628,6713794.0
2023-02-24 14:30:00,195.65,196.65,195.33,195.7299,7132631.0
2023-02-24 15:00:00,195.74,196.94,194.79,196.8399,8134141.0
2023-02-24 15:30:00,196.849,197.34,196.0928,196.2,9202541.0
2023-02-24 16:00:00,196.2,197.15,195.66,196.88,12257132.0
2023-02-27 10:00:00,202.03,206.03,201.26,205.9164,25833105.0
2023-02-27 10:30:00,205.915,208.22,205.44,207.03,18429633.0
2023-02-27 11:00:00,207.01,207.4281,204.2202,205.2396,15660461.0
2023-02-27 11:30:00,205.22,205.99,204.5501,205.5548,9479055.0
2023-02-27 12:00:00,205.54,206.37,204.3,205.8301,9692515.0
2023-02-27 12:30:00,205.8301,205.9899,204.6,205.34,7126530.0
2023-02-27 13:00:00,205.33,207.12,205.2,206.9064,7249306.0
2023-02-27 13:30:00,206.91,207.61,206.31,207.1601,8392088.0
2023-02-27 14:00:00,207.17,208.07,206.56,207.985,7585626.0
2023-02-27 14:30:00,208.0,209.42,207.9701,209.12,12181074.0
2023-02-27 15:00:00,209.125,209.18,207.24,208.18,10120772.0
2023-02-27 15:30:00,208.18,208.45,207.48,208.0687,8407479.0
2023-02-27 16:00:00,208.067,208.14,206.35,207.63,14432858.0
2023-02-28 10:00:00,210.59,211.23,206.43,207.79,24089971.0
2023-02-28 10:30:00,207.77,208.43,204.82,205.1321,17392682.0
2023-02-28 11:00:00,205.12,206.19,203.75,204.7288,14305112.0
2023-02-28 11:30:00,204.73,206.33,204.5601,205.2757,9780851.0
2023-02-28 12:00:00,205.24,206.1599,204.86,205.97,7677693.0
2023-02-28 12:30:00,205.98,207.84,205.87,207.795,8978895.0
2023-02-28 13:00:00,207.83,207.8768,206.31,207.16,7907729.0
2023-02-28 13:30:00,207.18,207.5597,206.6,207.2179,6041100.0
2023-02-28 14:00:00,207.22,208.52,206.86,208.183,8056874.0
2023-02-28 14:30:00,208.19,209.41,208.06,208.265,9178004.0
2023-02-28 15:00:00,208.2646,208.96,207.65,207.92,8497377.0
2023-02-28 15:30:00,207.9221,208.1351,205.11,205.36,10171111.0
2023-02-28 16:00:00,205.39,206.69,204.91,205.71,13270376.0
2023-03-01 10:00:00,206.21,207.2,201.8257,202.73,21014288.0
2023-03-01 10:30:00,202.78,203.06,198.52,200.14,21664620.0
2023-03-01 11:00:00,200.14,201.918,199.4,201.53,13015232.0
2023-03-01 11:30:00,201.515,201.52,199.5525,199.88,9892005.0
2023-03-01 12:00:00,199.8945,201.29,198.77,200.74,9996794.0
2023-03-01 12:30:00,200.75,202.3799,200.5801,201.9461,8129056.0
2023-03-01 13:00:00,201.97,202.86,201.445,202.237,7205458.0
2023-03-01 13:30:00,202.23,202.37,200.94,200.998,6527390.0
2023-03-01 14:00:00,201.0,202.07,200.7,201.6995,6357377.0
2023-03-01 14:30:00,201.67,202.56,201.4514,201.8799,6861515.0
2023-03-01 15:00:00,201.88,202.5,201.25,202.26,6968365.0
2023-03-01 15:30:00,202.25,203.42,202.02,202.4599,10190191.0
2023-03-01 16:00:00,202.4428,203.37,202.2229,202.77,11071108.0
2023-03-02 10:00:00,186.74,191.55,186.01,190.96,34734477.0
2023-03-02 10:30:00,190.97,193.7499,190.0,191.2349,23821919.0
2023-03-02 11:00:00,191.2796,192.99,190.8501,191.45,14133610.0
2023-03-02 11:30:00,191.45,191.48,188.55,188.575,14225483.0
2023-03-02 12:00:00,188.59,190.19,188.0,188.88,10944224.0
2023-03-02 12:30:00,188.8862,190.25,188.43,189.46,8748426.0
2023-03-02 13:00:00,189.469,190.65,188.94,189.5923,8448438.0
2023-03-02 13:30:00,189.59,190.45,189.32,189.785,7126572.0
2023-03-02 14:00:00,189.77,191.6,189.248,190.285,11053696.0
2023-03-02 14:30:00,190.285,191.0641,189.71,190.33,7890347.0
2023-03-02 15:00:00,190.36,190.84,189.0,189.3189,8349389.0
2023-03-02 15:30:00,189.31,190.25,188.8,189.92,8368084.0
2023-03-02 16:00:00,189.89,191.5,189.72,190.9,13150285.0
2023-03-03 10:00:00,194.795,197.11,192.88,196.4699,26441635.0
2023-03-03 10:30:00,196.45,197.25,195.12,197.21,15100409.0
2023-03-03 11:00:00,197.235,197.76,195.81,196.175,13061158.0
2023-03-03 11:30:00,196.1899,197.3,195.48,197.1009,9543002.0
2023-03-03 12:00:00,197.1116,198.57,196.8,198.29,10298059.0
2023-03-03 12:30:00,198.315,199.4,198.05,199.273,9671385.0
2023-03-03 13:00:00,199.28,200.22,198.43,199.7831,10209397.0
2023-03-03 13:30:00,199.7601,200.48,199.34,199.63,9267704.0
2023-03-03 14:00:00,199.63,199.766,198.93,199.5237,7133938.0
2023-03-03 14:30:00,199.5316,200.37,199.18,200.05,7188094.0
2023-03-03 15:00:00,200.05,200.17,199.15,199.818,6217346.0
2023-03-03 15:30:00,199.82,200.11,198.69,198.935,7768239.0
2023-03-03 16:00:00,198.91,199.1,196.81,197.79,16049489.0
2023-03-06 10:00:00,198.54,198.6,195.31,196.1,20316325.0
2023-03-06 10:30:00,196.0999,196.87,194.46,196.05,14779900.0
2023-03-06 11:00:00,196.05,197.07,195.25,196.1238,10746500.0
2023-03-06 11:30:00,196.1499,196.62,195.29,195.67,7848366.0
2023-03-06 12:00:00,195.64,196.03,194.94,195.76,6560584.0
2023-03-06 12:30:00,195.79,196.07,194.7427,195.0024,6349594.0
2023-03-06 13:00:00,195.01,195.0293,192.3,193.4,11045815.0
2023-03-06 13:30:00,193.4,194.47,192.82,194.2601,8051386.0
2023-03-06 14:00:00,194.2969,194.4,193.24,193.889,6140074.0
2023-03-06 14:30:00,193.8801,195.12,193.5801,194.55,7180574.0
2023-03-06 15:00:00,194.535,195.3,194.479,194.7731,7035608.0
2023-03-06 15:30:00,194.7787,195.5,194.21,194.318,7563116.0
2023-03-06 16:00:00,194.32,195.15,193.65,193.81,9983924.0
2023-03-07 10:00:00,191.38,192.39,190.01,190.0573,15844620.0
2023-03-07 10:30:00,190.05,190.05,186.1,188.96,22249573.0
2023-03-07 11:00:00,188.95,191.44,188.5698,188.96,16710486.0
2023-03-07 11:30:00,188.97,190.35,188.62,189.0374,10190542.0
2023-03-07 12:00:00,189.05,190.08,188.95,189.22,7328175.0
2023-03-07 12:30:00,189.23,192.48,189.08,191.96,9436594.0
2023-03-07 13:00:00,191.96,194.2,191.69,193.4,11299142.0
2023-03-07 13:30:00,193.3808,193.685,191.93,192.38,7697515.0
2023-03-07 14:00:00,192.3501,192.9,190.41,190.95,7629027.0
2023-03-07 14:30:00,190.97,191.5672,189.524,189.6409,7202156.0
2023-03-07 15:00:00,189.65,189.98,188.42,189.07,7913877.0
2023-03-07 15:30:00,189.05,190.19,188.5401,188.635,8209687.0
2023-03-07 16:00:00,188.63,189.63,187.4401,187.71,12177043.0
2023-03-08 10:00:00,185.04,186.5,180.6611,181.43,26622785.0
2023-03-08 10:30:00,181.44,182.69,180.0,181.8588,20179954.0
2023-03-08 11:00:00,181.8612,182.6799,180.76,182.39,13448740.0
2023-03-08 11:30:00,182.38,183.3,181.65,181.8083,10738446.0
2023-03-08 12:00:00,181.83,182.35,180.77,181.92,9185526.0
2023-03-08 12:30:00,181.94,182.54,181.09,181.26,6512886.0
2023-03-08 13:00:00,181.27,181.5863,180.3194,180.72,7173458.0
2023-03-08 13:30:00,180.72,181.13,180.0,180.38,7676858.0
2023-03-08 14:00:00,180.3968,181.36,180.22,180.64,6833176.0
2023-03-08 14:30:00,180.68,182.18,180.61,182.04,8599641.0
2023-03-08 15:00:00,182.0212,182.5799,181.43,181.955,7652509.0
2023-03-08 15:30:00,181.9401,182.12,180.15,180.51,8962432.0
2023-03-08 16:00:00,180.51,182.39,180.49,182.0,12919007.0
2023-03-09 10:00:00,180.25,185.18,180.0,183.44,23177638.0
2023-03-09 10:30:00,183.4399,183.87,180.71,182.05,17730545.0
2023-03-09 11:00:00,182.08,183.25,181.31,181.34,11316217.0
2023-03-09 11:30:00,181.33,181.935,180.73,180.9798,8483187.0
2023-03-09 12:00:00,180.97,181.86,180.8,181.03,7540536.0
2023-03-09 12:30:00,181.04,181.17,179.02,180.0032,10931628.0
2023-03-09 13:00:00,180.0,180.4365,177.82,178.4308,10122304.0
2023-03-09 13:30:00,178.4355,179.35,177.61,178.0201,8354739.0
2023-03-09 14:00:00,178.03,178.08,176.3515,176.76,10075150.0
2023-03-09 14:30:00,176.75,177.55,175.5111,176.9898,10411994.0
2023-03-09 15:00:00,176.995,177.38,175.81,175.9565,8235048.0
2023-03-09 15:30:00,175.97,176.26,173.02,173.67,14628412.0
2023-03-09 16:00:00,173.66,174.83,172.5124,172.92,17893460.0
2023-03-10 10:00:00,175.13,176.0,168.44,172.58,30220474.0
2023-03-10 10:30:00,172.57,175.45,171.9,174.02,21893547.0
2023-03-10 11:00:00,174.0335,177.08,173.7026,176.85,19192688.0
2023-03-10 11:30:00,176.85,177.605,175.62,177.409,14438897.0
2023-03-10 12:00:00,177.41,178.29,175.4,175.85,13312165.0
2023-03-10 12:30:00,175.9004,176.4492,174.45,175.225,9723563.0
2023-03-10 13:00:00,175.25,176.77,173.75,173.9499,10154834.0
2023-03-10 13:30:00,173.93,174.85,173.44,173.8001,9268267.0
2023-03-10 14:00:00,173.8,173.94,171.775,172.77,10943073.0
2023-03-10 14:30:00,172.77,174.68,172.74,172.96,10336171.0
2023-03-10 15:00:00,172.96,175.5,172.94,174.62,9867675.0
2023-03-10 15:30:00,174.6499,175.16,173.7,174.51,9719226.0
2023-03-10 16:00:00,174.52,174.63,172.43,173.44,12633041.0
2023-03-13 10:00:00,167.455,170.2,163.91,169.34,26937247.0
2023-03-13 10:30:00,169.28,171.11,168.58,168.91,15533568.0
2023-03-13 11:00:00,168.96,170.63,167.75,169.8001,15896558.0
2023-03-13 11:30:00,169.8093,172.87,169.23,172.73,13996789.0
2023-03-13 12:00:00,172.68,172.93,170.96,172.3,10430517.0
2023-03-13 12:30:00,172.28,174.5,172.11,173.3309,11754866.0
2023-03-13 13:00:00,173.3558,174.45,171.46,171.988,9088431.0
2023-03-13 13:30:00,171.995,173.44,170.95,173.175,7777613.0
2023-03-13 14:00:00,173.18,174.19,172.8,174.0712,7417034.0
2023-03-13 14:30:00,174.08,176.44,173.82,176.2575,10913634.0
2023-03-13 15:00:00,176.27,177.35,175.87,176.51,8980316.0
2023-03-13 15:30:00,176.5,176.68,173.7516,174.27,9684427.0
2023-03-13 16:00:00,174.27,175.98,174.16,174.48,11784316.0
2023-03-14 10:00:00,177.31,182.18,177.1401,180.535,24194459.0
2023-03-14 10:30:00,180.535,181.65,178.98,181.495,14886329.0
2023-03-14 11:00:00,181.5026,181.58,179.0936,179.1997,9774893.0
2023-03-14 11:30:00,179.1919,181.28,179.185,180.52,8008453.0
2023-03-14 12:00:00,180.515,181.77,180.49,181.52,7789965.0
2023-03-14 12:30:00,181.54,182.1,180.95,181.61,7767494.0
2023-03-14 13:00:00,181.62,183.51,181.51,182.89,10961758.0
2023-03-14 13:30:00,182.9041,183.8,181.4104,182.57,10354089.0
2023-03-14 14:00:00,182.6052,183.1876,181.8,182.2,7294484.0
2023-03-14 14:30:00,182.2,182.49,180.64,181.4503,8293216.0
2023-03-14 15:00:00,181.45,182.44,181.06,181.225,6194241.0
2023-03-14 15:30:00,181.2379,181.75,179.95,180.37,7868443.0
2023-03-14 16:00:00,180.3501,183.45,180.15,183.26,13464711.0
2023-03-15 10:00:00,180.8,182.34,178.74,179.98,20810360.0
2023-03-15 10:30:00,179.98,182.19,179.66,180.24,12981775.0
2023-03-15 11:00:00,180.17,180.6434,177.8,179.4776,13043455.0
2023-03-15 11:30:00,179.465,180.56,178.52,179.58,10127121.0
2023-03-15 12:00:00,179.57,180.5664,178.3301,179.5301,9788194.0
2023-03-15 12:30:00,179.5474,179.98,177.96,178.558,7745352.0
2023-03-15 13:00:00,178.52,178.65,176.58,176.649,8406784.0
2023-03-15 13:30:00,176.64,178.8201,176.03,178.45,9369647.0
2023-03-15 14:00:00,178.4206,178.45,176.86,177.92,7119366.0
2023-03-15 14:30:00,177.93,179.2192,176.45,179.04,8270410.0
2023-03-15 15:00:00,179.06,180.09,178.18,179.93,9367837.0
2023-03-15 15:30:00,179.9375,180.68,179.15,180.515,9188660.0
2023-03-15 16:00:00,180.5,180.88,178.7468,180.45,11574857.0
2023-03-16 10:00:00,180.365,182.4796,178.84,182.2001,17383190.0
2023-03-16 10:30:00,182.24,182.3999,179.5299,180.3704,12925864.0
2023-03-16 11:00:00,180.37,182.2,179.81,181.95,10552689.0
2023-03-16 11:30:00,181.98,183.93,180.88,183.84,11152777.0
2023-03-16 12:00:00,183.8045,185.42,183.1204,185.0387,10848542.0
2023-03-16 12:30:00,185.0573,185.18,183.9,184.49,7445399.0
2023-03-16 13:00:00,184.45,185.36,183.58,185.3544,7635467.0
2023-03-16 13:30:00,185.34,185.81,184.51,184.91,6492204.0
2023-03-16 14:00:00,184.9193,185.26,183.72,184.42,6280122.0
2023-03-16 14:30:00,184.41,184.738,183.66,184.69,5441151.0
2023-03-16 15:00:00,184.69,185.09,183.85,184.918,5616610.0
2023-03-16 15:30:00,184.93,185.39,184.65,185.04,5802727.0
2023-03-16 16:00:00,185.04,185.1494,183.77,184.13,9983131.0
2023-03-17 10:00:00,184.515,186.2199,182.31,183.91,17457009.0
2023-03-17 10:30:00,183.91,184.9,180.75,180.9099,13919235.0
2023-03-17 11:00:00,180.91,181.46,178.27,179.48,15494468.0
2023-03-17 11:30:00,179.4923,179.65,177.33,177.8783,10700839.0
2023-03-17 12:00:00,177.9,178.98,177.71,178.7,8131306.0
2023-03-17 12:30:00,178.7,180.14,178.5,180.01,7831185.0
2023-03-17 13:00:00,180.02,180.58,178.25,178.8,8472019.0
2023-03-17 13:30:00,178.78,180.18,178.74,179.8628,5609346.0
2023-03-17 14:00:00,179.8573,180.53,179.17,180.3936,6209274.0
2023-03-17 14:30:00,180.4,180.83,178.75,179.07,6368070.0
2023-03-17 15:00:00,179.03,179.8499,178.55,179.45,6268776.0
2023-03-17 15:30:00,179.46,180.38,179.12,180.0899,6798952.0
2023-03-17 16:00:00,180.07,180.45,179.43,180.13,14887927.0
2023-03-20 10:00:00,178.08,180.8,176.35,180.335,16579058.0
2023-03-20 10:30:00,180.3451,185.2076,180.26,185.09,18804112.0
2023-03-20 11:00:00,185.07,186.44,184.42,185.7807,15486248.0
2023-03-20 11:30:00,185.7744,186.0,184.26,185.6999,10084507.0
2023-03-20 12:00:00,185.7,185.81,183.76,183.9537,8735455.0
2023-03-20 12:30:00,183.94,184.4673,181.78,182.35,10165474.0
2023-03-20 13:00:00,182.32,182.7499,181.29,182.3477,7523252.0
2023-03-20 13:30:00,182.36,183.22,181.84,182.8003,6826360.0
2023-03-20 14:00:00,182.82,183.52,182.5345,183.1601,5405046.0
2023-03-20 14:30:00,183.16,184.08,182.13,183.6476,6738023.0
2023-03-20 15:00:00,183.645,184.04,182.99,183.49,5458767.0
2023-03-20 15:30:00,183.49,183.75,182.5802,182.93,5614925.0
2023-03-20 16:00:00,182.92,183.81,182.66,183.25,8823085.0
2023-03-21 10:00:00,188.28,192.1,188.04,191.95,25138185.0
2023-03-21 10:30:00,191.97,192.7,189.6214,190.865,16991100.0
2023-03-21 11:00:00,190.8782,192.08,189.94,191.57,11020712.0
2023-03-21 11:30:00,191.58,194.16,191.42,193.76,12881206.0
2023-03-21 12:00:00,193.76,195.0,193.01,194.215,10993983.0
2023-03-21 12:30:00,194.21,194.5,193.7,193.74,6414419.0
2023-03-21 13:00:00,193.74,196.15,193.73,195.78,9787945.0
2023-03-21 13:30:00,195.79,196.25,195.19,196.04,6839539.0
2023-03-21 14:00:00,196.05,196.35,194.8507,194.954,6571823.0
2023-03-21 14:30:00,194.97,196.8,194.85,196.65,8658857.0
2023-03-21 15:00:00,196.66,197.99,196.53,197.8273,8213987.0
2023-03-21 15:30:00,197.8,198.0,196.44,197.028,9661696.0
2023-03-21 16:00:00,197.03,197.97,196.29,197.58,15257434.0
2023-03-22 10:00:00,199.3,200.66,195.76,197.1712,23737844.0
2023-03-22 10:30:00,197.165,198.25,195.58,198.1301,12240779.0
2023-03-22 11:00:00,198.13,198.2734,196.6989,197.93,9006832.0
2023-03-22 11:30:00,197.93,198.1307,196.39,196.98,6398708.0
2023-03-22 12:00:00,196.9901,197.8961,196.72,197.125,4850096.0
2023-03-22 12:30:00,197.1273,197.17,195.34,196.1433,6982748.0
2023-03-22 13:00:00,196.135,196.55,195.35,196.215,5377819.0
2023-03-22 13:30:00,196.22,196.47,195.42,196.3082,4350063.0
2023-03-22 14:00:00,196.3101,197.41,196.2,197.0999,4780310.0
2023-03-22 14:30:00,197.0128,200.61,195.43,197.785,18462478.0
2023-03-22 15:00:00,197.8084,199.7498,194.5901,196.61,17655846.0
2023-03-22 15:30:00,196.58,197.27,193.82,196.33,14043616.0
2023-03-22 16:00:00,196.35,196.41,190.95,191.15,16702827.0
2023-03-23 10:00:00,195.26,198.25,195.1038,197.53,18248816.0
2023-03-23 10:30:00,197.54,199.31,197.1,198.25,13409063.0
2023-03-23 11:00:00,198.275,198.79,197.01,197.77,10456151.0
2023-03-23 11:30:00,197.78,198.69,196.13,196.3393,9042249.0
2023-03-23 12:00:00,196.34,197.18,194.7615,194.8953,9772285.0
2023-03-23 12:30:00,194.89,195.93,194.3518,195.7001,8792548.0
2023-03-23 13:00:00,195.705,196.27,194.87,195.365,6247595.0
2023-03-23 13:30:00,195.41,195.92,193.01,193.44,8275566.0
2023-03-23 14:00:00,193.47,193.9,191.88,192.15,9610057.0
2023-03-23 14:30:00,192.135,192.6222,190.57,190.605,7908091.0
2023-03-23 15:00:00,190.62,191.249,188.65,190.97,12886593.0
2023-03-23 15:30:00,190.9709,192.54,189.3603,190.68,11729941.0
2023-03-23 16:00:00,190.66,193.38,190.08,192.22,12798160.0
2023-03-24 10:00:00,191.65,192.36,188.26,190.45,17050432.0
2023-03-24 10:30:00,190.43,191.7499,189.43,190.7693,11758083.0
2023-03-24 11:00:00,190.7747,191.24,189.1,189.53,8931763.0
2023-03-24 11:30:00,189.52,189.81,187.25,187.55,10673080.0
2023-03-24 12:00:00,187.56,189.61,187.15,189.51,9477251.0
2023-03-24 12:30:00,189.5126,190.1,187.9642,188.3674,7832344.0
2023-03-24 13:00:00,188.3899,189.55,188.2,189.0306,6645616.0
2023-03-24 13:30:00,189.035,189.4399,187.78,188.3148,6246213.0
2023-03-24 14:00:00,188.3,189.19,188.26,188.955,4964929.0
2023-03-24 14:30:00,188.98,190.36,188.9201,190.2885,6872097.0
2023-03-24 15:00:00,190.27,190.7,189.95,190.17,6500291.0
2023-03-24 15:30:00,190.2,190.79,189.81,190.3667,6515795.0
2023-03-24 16:00:00,190.34,190.5,189.42,190.41,8787179.0
2023-03-27 10:00:00,194.415,197.39,194.08,195.9282,20356366.0
2023-03-27 10:30:00,195.9263,196.93,194.9,194.9625,11391311.0
2023-03-27 11:00:00,194.9964,195.25,193.5,194.065,10873527.0
2023-03-27 11:30:00,194.07,194.97,193.43,194.8399,7505984.0
2023-03-27 12:00:00,194.8478,195.34,192.32,192.43,7449017.0
2023-03-27 12:30:00,192.44,193.03,191.8602,192.695,7347886.0
2023-03-27 13:00:00,192.696,192.78,189.94,191.37,9794196.0
2023-03-27 13:30:00,191.4,191.85,190.84,191.699,6862305.0
2023-03-27 14:00:00,191.71,192.68,191.34,192.22,6135221.0
2023-03-27 14:30:00,192.2251,193.15,191.56,192.7799,6524857.0
2023-03-27 15:00:00,192.775,193.6599,192.74,193.5478,6431841.0
2023-03-27 15:30:00,193.57,193.9299,192.74,193.1301,6872189.0
2023-03-27 16:00:00,193.14,193.4023,191.56,191.81,9217546.0
2023-03-28 10:00:00,192.0,192.35,187.85,188.4494,15027954.0
2023-03-28 10:30:00,188.48,189.96,188.0,188.9299,10304365.0
2023-03-28 11:00:00,188.94,189.16,187.64,188.14,8533557.0
2023-03-28 11:30:00,188.1439,189.57,188.05,189.22,6469355.0
2023-03-28 12:00:00,189.1926,189.3868,188.33,188.7825,4750465.0
2023-03-28 12:30:00,188.79,188.9225,187.02,187.1771,6277211.0
2023-03-28 13:00:00,187.16,187.18,185.43,185.95,8548208.0
2023-03-28 13:30:00,185.98,187.211,185.81,187.04,6272782.0
2023-03-28 14:00:00,187.04,187.39,186.34,186.9314,5763264.0
2023-03-28 14:30:00,186.93,187.93,186.8101,187.21,5306956.0
2023-03-28 15:00:00,187.2072,188.04,186.92,187.82,4375563.0
2023-03-28 15:30:00,187.83,188.88,187.64,188.45,6047123.0
2023-03-28 16:00:00,188.44,189.37,188.19,189.19,8511395.0
2023-03-29 10:00:00,193.13,195.29,192.6203,194.5299,18285109.0
2023-03-29 10:30:00,194.5257,194.7,189.87,190.29,15483803.0
2023-03-29 11:00:00,190.3839,191.25,189.44,190.8399,13142684.0
2023-03-29 11:30:00,190.8253,191.77,190.7801,191.51,8169353.0
2023-03-29 12:00:00,191.53,192.68,191.24,192.62,7374538.0
2023-03-29 12:30:00,192.62,193.53,192.31,193.4,7129426.0
2023-03-29 13:00:00,193.39,193.7,191.56,191.7958,7549469.0
2023-03-29 13:30:00,191.79,192.77,191.4,192.49,6405658.0
2023-03-29 14:00:00,192.48,192.62,190.9,191.18,6845357.0
2023-03-29 14:30:00,191.19,191.589,190.63,191.5399,6003992.0
2023-03-29 15:00:00,191.5375,192.68,191.41,192.5,6062227.0
2023-03-29 15:30:00,192.5299,193.39,192.02,193.28,7246043.0
2023-03-29 16:00:00,193.28,194.0399,192.9692,193.88,10386199.0
2023-03-30 10:00:00,195.58,196.78,194.42,195.96,17441698.0
2023-03-30 10:30:00,195.99,196.5,194.5,196.1901,12045610.0
2023-03-30 11:00:00,196.205,196.48,195.21,195.91,7817987.0
2023-03-30 11:30:00,195.92,197.33,195.7501,196.47,10089114.0
2023-03-30 12:00:00,196.45,196.77,195.94,196.36,6295932.0
2023-03-30 12:30:00,196.36,196.37,195.17,195.4,6318608.0
2023-03-30 13:00:00,195.39,196.1777,194.96,195.9801,5869760.0
2023-03-30 13:30:00,195.98,197.26,195.72,197.0111,7719266.0
2023-03-30 14:00:00,197.01,197.1599,195.5,195.7973,7586531.0
2023-03-30 14:30:00,195.79,196.74,195.33,196.3087,6272841.0
2023-03-30 15:00:00,196.31,196.54,195.3048,195.6262,5212734.0
2023-03-30 15:30:00,195.63,195.98,195.08,195.6876,5576076.0
2023-03-30 16:00:00,195.6898,196.1,195.15,195.28,8073256.0
2023-03-31 10:00:00,197.53,199.4599,197.2,198.88,17722174.0
2023-03-31 10:30:00,198.93,199.9,198.81,199.7299,11783260.0
2023-03-31 11:00:00,199.72,201.85,199.66,201.2961,14009214.0
2023-03-31 11:30:00,201.3,202.24,200.66,202.0241,11270601.0
2023-03-31 12:00:00,202.0241,204.37,201.8,204.169,13891084.0
2023-03-31 12:30:00,204.1608,205.45,203.91,205.32,14794004.0
2023-03-31 13:00:00,205.32,206.34,204.45,204.899,14440341.0
2023-03-31 13:30:00,204.8955,205.68,204.1201,204.83,11162006.0
2023-03-31 14:00:00,204.82,205.8,204.62,205.6769,8851771.0
2023-03-31 14:30:00,205.69,207.18,205.64,206.89,11806087.0
2023-03-31 15:00:00,206.91,207.4,206.74,207.06,8019526.0
2023-03-31 15:30:00,207.03,207.79,206.6611,207.0301,10410288.0
2023-03-31 16:00:00,207.06,207.55,206.02,207.46,16945977.0
2023-04-03 10:00:00,199.91,202.6897,197.44,198.2699,27481460.0
2023-04-03 10:30:00,198.29,198.6,195.5659,196.95,20440243.0
2023-04-03 11:00:00,196.93,197.44,194.23,194.2591,15694094.0
2023-04-03 11:30:00,194.26,195.37,193.8301,194.6701,12788566.0
2023-04-03 12:00:00,194.6852,194.99,193.84,194.89,9805770.0
2023-04-03 12:30:00,194.89,196.04,194.5,195.5625,9545803.0
2023-04-03 13:00:00,195.56,195.64,194.3,194.3295,6638829.0
2023-04-03 13:30:00,194.32,194.498,193.15,193.2299,9688928.0
2023-04-03 14:00:00,193.225,193.66,192.2,192.6901,10051927.0
2023-04-03 14:30:00,192.705,193.72,192.2,193.4201,8507526.0
2023-04-03 15:00:00,193.44,194.489,193.15,194.3,8812683.0
2023-04-03 15:30:00,194.314,194.8,194.02,194.3501,8305764.0
2023-04-03 16:00:00,194.346,195.29,194.16,194.77,12803512.0
2023-04-04 10:00:00,197.32,198.7446,193.47,194.98,23288263.0
2023-04-04 10:30:00,194.98,196.0,192.8,193.72,15440210.0
2023-04-04 11:00:00,193.73,194.06,192.27,192.69,10942601.0
2023-04-04 11:30:00,192.69,193.28,190.5904,191.2283,10910159.0
2023-04-04 12:00:00,191.2,191.99,190.7,191.6299,7754316.0
2023-04-04 12:30:00,191.63,192.29,190.69,191.6393,7832347.0
2023-04-04 13:00:00,191.64,192.49,191.2,192.02,6351229.0
2023-04-04 13:30:00,192.05,192.37,191.3,192.16,5845834.0
2023-04-04 14:00:00,192.1301,192.72,191.75,192.29,5958280.0
2023-04-04 14:30:00,192.3,192.477,191.2,191.2599,5527008.0
2023-04-04 15:00:00,191.25,191.67,190.86,190.8862,5515786.0
2023-04-04 15:30:00,190.87,191.62,190.32,191.0401,7023804.0
2023-04-04 16:00:00,191.05,192.68,190.85,192.58,9831483.0
2023-04-05 10:00:00,190.515,190.68,187.26,187.83,18190124.0
2023-04-05 10:30:00,187.82,188.6,187.08,187.3039,13177072.0
2023-04-05 11:00:00,187.3147,187.91,184.8,184.8899,13494979.0
2023-04-05 11:30:00,184.875,185.15,183.76,184.7897,14407978.0
2023-04-05 12:00:00,184.8,185.4084,184.23,184.715,7799375.0
2023-04-05 12:30:00,184.72,185.05,183.7701,184.7601,7114141.0
2023-04-05 13:00:00,184.77,185.83,184.42,185.47,6869907.0
2023-04-05 13:30:00,185.4835,186.34,184.96,185.72,7630070.0
2023-04-05 14:00:00,185.73,186.69,185.4,186.5999,6440343.0
2023-04-05 14:30:00,186.6,187.02,185.65,185.66,7753141.0
2023-04-05 15:00:00,185.6601,186.59,185.61,185.985,6838133.0
2023-04-05 15:30:00,185.99,186.04,184.82,185.405,7848972.0
2023-04-05 16:00:00,185.4039,186.33,185.15,185.52,12450972.0
2023-04-06 10:00:00,183.08,183.8199,179.74,181.7094,21025703.0
2023-04-06 10:30:00,181.67,184.78,181.6501,183.86,17076453.0
2023-04-06 11:00:00,183.865,185.1,182.73,182.855,11857558.0
2023-04-06 11:30:00,182.88,184.4,182.75,183.5646,8214382.0
2023-04-06 12:00:00,183.57,185.1,183.2,185.0086,8069704.0
2023-04-06 12:30:00,185.01,186.0,184.69,184.885,7810686.0
2023-04-06 13:00:00,184.8983,186.39,184.8701,185.2799,8396524.0
2023-04-06 13:30:00,185.3,185.85,185.07,185.3413,5359915.0
2023-04-06 14:00:00,185.35,185.78,184.9,185.12,5236871.0
2023-04-06 14:30:00,185.13,186.05,185.11,185.945,5089178.0
2023-04-06 15:00:00,185.95,186.15,185.23,185.263,5351153.0
2023-04-06 15:30:00,185.2705,185.48,184.4,185.0391,7036632.0
2023-04-06 16:00:00,185.04,185.39,184.83,185.06,8486788.0
2023-04-10 10:00:00,179.94,180.68,176.11,177.11,23007388.0
2023-04-10 10:30:00,177.08,178.47,176.63,177.9166,12139088.0
2023-04-10 11:00:00,177.9,179.2,177.85,178.19,10052951.0
2023-04-10 11:30:00,178.1888,180.98,178.12,180.97,11330356.0
2023-04-10 12:00:00,180.97,182.5,180.6,180.68,12083369.0
2023-04-10 12:30:00,180.68,181.7,179.56,181.2668,10952973.0
2023-04-10 13:00:00,181.2782,182.68,181.07,182.66,9307918.0
2023-04-10 13:30:00,182.6241,183.74,182.38,183.5497,8832045.0
2023-04-10 14:00:00,183.5402,184.06,182.82,183.818,7737146.0
2023-04-10 14:30:00,183.81,185.09,183.65,184.64,8813364.0
2023-04-10 15:00:00,184.65,185.1,184.0419,184.93,7616463.0
2023-04-10 15:30:00,184.94,185.06,183.98,184.2602,7146064.0
2023-04-10 16:00:00,184.27,184.71,184.05,184.51,8002573.0
2023-04-11 10:00:00,186.69,188.29,185.78,186.975,19319563.0
2023-04-11 10:30:00,186.9647,187.61,185.6475,186.86,12190125.0
2023-04-11 11:00:00,186.898,187.5,186.21,187.335,10190850.0
2023-04-11 11:30:00,187.334,189.19,187.01,188.52,11444365.0
2023-04-11 12:00:00,188.53,188.9,186.4617,186.62,8882967.0
2023-04-11 12:30:00,186.63,187.74,186.62,187.283,6491255.0
2023-04-11 13:00:00,187.29,187.45,186.19,187.0801,6183022.0
2023-04-11 13:30:00,187.091,188.0192,186.79,187.86,5679367.0
2023-04-11 14:00:00,187.8733,188.49,187.67,188.23,5781039.0
2023-04-11 14:30:00,188.24,188.62,187.26,188.36,5848334.0
2023-04-11 15:00:00,188.385,188.48,187.6531,187.9699,4691088.0
2023-04-11 15:30:00,187.9676,188.4,187.43,188.2844,5536706.0
2023-04-11 16:00:00,188.29,188.33,186.56,186.79,9780400.0
2023-04-12 10:00:00,190.74,191.5846,187.27,187.8145,20481881.0
2023-04-12 10:30:00,187.8,188.61,186.85,187.8691,12771613.0
2023-04-12 11:00:00,187.8799,188.15,183.17,183.1892,15970810.0
2023-04-12 11:30:00,183.19,183.72,182.17,183.26,12545921.0
2023-04-12 12:00:00,183.26,184.4001,181.89,184.0538,12102254.0
2023-04-12 12:30:00,184.07,185.0,183.65,184.6035,9315996.0
2023-04-12 13:00:00,184.63,185.0,183.4201,184.215,7540684.0
2023-04-12 13:30:00,184.23,184.54,183.51,183.7339,6021333.0
2023-04-12 14:00:00,183.73,184.0299,182.3714,182.75,6664232.0
2023-04-12 14:30:00,182.7572,183.315,181.33,181.5865,10138139.0
2023-04-12 15:00:00,181.58,181.89,181.1,181.61,8449494.0
2023-04-12 15:30:00,181.6101,182.15,180.32,180.89,9136761.0
2023-04-12 16:00:00,180.91,181.69,180.31,180.54,11967115.0
2023-04-13 10:00:00,182.955,184.29,180.94,183.7449,18575557.0
2023-04-13 10:30:00,183.715,185.24,183.02,184.5505,12967635.0
2023-04-13 11:00:00,184.56,185.64,183.7,185.095,9846565.0
2023-04-13 11:30:00,185.1,186.17,184.76,186.03,9262466.0
2023-04-13 12:00:00,186.01,186.15,184.9501,185.19,7479493.0
2023-04-13 12:30:00,185.19,185.99,184.46,185.9003,7820177.0
2023-04-13 13:00:00,185.91,185.99,184.7706,184.9284,5676107.0
2023-04-13 13:30:00,184.9266,185.25,184.42,184.6807,5720035.0
2023-04-13 14:00:00,184.68,185.72,184.56,185.48,5263799.0
2023-04-13 14:30:00,185.48,186.5,185.38,185.99,7049827.0
2023-04-13 15:00:00,185.9701,186.14,185.39,185.84,6227483.0
2023-04-13 15:30:00,185.84,186.25,185.65,186.02,4797099.0
2023-04-13 16:00:00,186.025,186.3,185.65,185.9,8301269.0
2023-04-14 10:00:00,183.95,186.28,182.2,185.26,15388878.0
2023-04-14 10:30:00,185.21,185.9,183.04,183.9099,11455572.0
2023-04-14 11:00:00,183.8763,184.75,183.0554,183.4262,7374447.0
2023-04-14 11:30:00,183.44,184.5199,183.14,183.55,6027520.0
2023-04-14 12:00:00,183.57,183.8599,182.66,182.88,5414771.0
2023-04-14 12:30:00,182.8899,182.96,182.01,182.6018,6276356.0
2023-04-14 13:00:00,182.59,183.1669,182.26,182.85,5135924.0
2023-04-14 13:30:00,182.8494,183.95,182.74,183.51,5537241.0
2023-04-14 14:00:00,183.5,183.87,182.97,183.85,4708362.0
2023-04-14 14:30:00,183.85,184.98,183.56,184.9401,5518030.0
2023-04-14 15:00:00,184.95,185.39,184.71,185.17,6237493.0
2023-04-14 15:30:00,185.17,185.2,183.95,184.71,5754745.0
2023-04-14 16:00:00,184.72,185.34,184.54,185.0,8083467.0
2023-04-17 10:00:00,186.32,188.49,185.51,188.2962,15469290.0
2023-04-17 10:30:00,188.24,189.69,186.48,186.51,13514901.0
2023-04-17 11:00:00,186.5,186.95,184.68,185.52,11386273.0
2023-04-17 11:30:00,185.54,185.66,183.63,183.7,9486228.0
2023-04-17 12:00:00,183.7,183.75,182.69,183.41,9280353.0
2023-04-17 12:30:00,183.4102,183.89,182.81,183.88,5945351.0
2023-04-17 13:00:00,183.88,185.01,183.8,184.8199,7170295.0
2023-04-17 13:30:00,184.82,185.45,184.4,184.5799,6142782.0
2023-04-17 14:00:00,184.575,185.1364,183.64,183.8601,5436019.0
2023-04-17 14:30:00,183.88,184.59,183.54,184.51,4645706.0
2023-04-17 15:00:00,184.5,185.85,184.44,185.75,6120053.0
2023-04-17 15:30:00,185.7591,186.66,185.72,186.5596,7801611.0
2023-04-17 16:00:00,186.55,187.53,186.04,187.04,11211693.0
2023-04-18 10:00:00,187.15,187.69,184.88,185.0894,13535331.0
2023-04-18 10:30:00,185.07,185.33,183.5775,184.0845,12770237.0
2023-04-18 11:00:00,184.07,184.8362,183.6,184.1221,8290705.0
2023-04-18 11:30:00,184.11,185.78,184.11,185.215,7176819.0
2023-04-18 12:00:00,185.22,185.49,184.17,184.5014,5913228.0
2023-04-18 12:30:00,184.5105,185.81,184.3,185.67,5275160.0
2023-04-18 13:00:00,185.6705,185.75,184.83,184.99,4524214.0
2023-04-18 13:30:00,184.9983,185.63,184.89,185.2239,4403407.0
2023-04-18 14:00:00,185.22,186.03,185.1,185.2101,4861389.0
2023-04-18 14:30:00,185.209,185.3,184.47,185.0,5581502.0
2023-04-18 15:00:00,185.0199,185.1,183.8217,184.3103,5045629.0
2023-04-18 15:30:00,184.322,185.04,184.2,184.65,4624220.0
2023-04-18 16:00:00,184.65,185.18,184.14,184.31,7081778.0
2023-04-19 10:00:00,179.1,180.65,177.65,179.2833,17694589.0
2023-04-19 10:30:00,179.31,181.0,179.24,180.4705,10834798.0
2023-04-19 11:00:00,180.46,181.67,180.15,181.407,9123464.0
2023-04-19 11:30:00,181.3927,182.13,181.3401,181.61,7514829.0
2023-04-19 12:00:00,181.625,181.805,180.6,181.31,6913011.0
2023-04-19 12:30:00,181.315,182.0,180.96,181.9699,5244509.0
2023-04-19 13:00:00,181.96,182.6,181.7329,182.11,5568958.0
2023-04-19 13:30:00,182.12,182.71,181.86,182.525,4496509.0
2023-04-19 14:00:00,182.52,182.67,181.8,182.42,4785025.0
2023-04-19 14:30:00,182.42,183.2499,182.31,182.93,5075054.0
2023-04-19 15:00:00,182.93,183.0,182.39,182.73,4860951.0
2023-04-19 15:30:00,182.7401,183.5,182.4345,182.92,6087557.0
2023-04-19 16:00:00,182.91,183.02,180.05,180.59,13125861.0
2023-04-20 10:00:00,166.165,169.7,165.01,167.11,38375727.0
2023-04-20 10:30:00,167.11,168.76,166.65,167.13,19748591.0
2023-04-20 11:00:00,167.1258,168.15,166.75,166.9215,14167792.0
2023-04-20 11:30:00,166.94,167.01,164.76,165.31,18485946.0
2023-04-20 12:00:00,165.31,165.53,163.8,163.8191,14497791.0
2023-04-20 12:30:00,163.81,163.99,162.66,163.4501,15452142.0
2023-04-20 13:00:00,163.46,163.869,163.03,163.38,9678992.0
2023-04-20 13:30:00,163.41,164.68,163.15,164.3699,9414396.0
2023-04-20 14:00:00,164.35,164.6,163.27,163.2801,8002379.0
2023-04-20 14:30:00,163.29,163.8189,161.85,162.2274,11938532.0
2023-04-20 15:00:00,162.23,162.4,161.61,162.15,8597882.0
2023-04-20 15:30:00,162.16,162.16,160.56,161.081,12021502.0
2023-04-20 16:00:00,161.11,163.32,161.1,162.99,18187821.0
2023-04-21 10:00:00,164.8,165.37,161.3208,161.865,22249734.0
2023-04-21 10:30:00,161.855,164.67,161.7501,163.565,17363315.0
2023-04-21 11:00:00,163.5401,164.1,162.03,163.5437,11385017.0
2023-04-21 11:30:00,163.58,164.32,163.41,163.8579,8504106.0
2023-04-21 12:00:00,163.86,165.19,163.745,165.17,8704232.0
2023-04-21 12:30:00,165.18,165.25,164.21,164.24,6261125.0
2023-04-21 13:00:00,164.2589,165.1,164.245,164.78,4917274.0
2023-04-21 13:30:00,164.79,165.51,164.71,165.2901,6884085.0
2023-04-21 14:00:00,165.29,166.0,165.08,165.6039,7105011.0
2023-04-21 14:30:00,165.61,165.91,165.26,165.5901,5456501.0
2023-04-21 15:00:00,165.62,165.83,164.68,165.025,5890535.0
2023-04-21 15:30:00,165.03,165.6,164.82,165.21,5232007.0
2023-04-21 16:00:00,165.2,165.45,164.835,165.08,8713374.0
2023-04-24 10:00:00,164.65,165.65,162.72,163.57,17104170.0
2023-04-24 10:30:00,163.56,163.78,161.72,161.97,14105284.0
2023-04-24 11:00:00,161.9755,162.07,158.61,160.085,23363756.0
2023-04-24 11:30:00,160.082,160.4399,159.14,159.22,11266648.0
2023-04-24 12:00:00,159.2199,160.06,159.07,159.77,7847232.0
2023-04-24 12:30:00,159.76,160.79,159.74,160.79,7353014.0
2023-04-24 13:00:00,160.7847,161.35,160.28,160.46,7812922.0
2023-04-24 13:30:00,160.45,160.87,159.93,160.4422,6441446.0
2023-04-24 14:00:00,160.43,161.2595,160.14,161.045,5792473.0
2023-04-24 14:30:00,161.0496,161.75,160.93,161.3649,7008179.0
2023-04-24 15:00:00,161.3699,161.91,160.76,161.73,6687414.0
2023-04-24 15:30:00,161.7201,162.75,161.58,162.6825,9280542.0
2023-04-24 16:00:00,162.7,163.22,162.41,162.55,12200544.0
2023-04-25 10:00:00,159.82,161.45,158.75,159.795,18661996.0
2023-04-25 10:30:00,159.7831,162.28,159.59,161.5,14498306.0
2023-04-25 11:00:00,161.49,162.99,160.6,162.8487,13183167.0
2023-04-25 11:30:00,162.842,163.47,162.06,163.08,11469736.0
2023-04-25 12:00:00,163.06,163.4,162.17,162.495,8071178.0
2023-04-25 12:30:00,162.5,163.45,162.047,162.92,6732368.0
2023-04-25 13:00:00,162.93,163.13,162.36,162.97,5432605.0
2023-04-25 13:30:00,162.995,163.2,161.94,162.69,6904270.0
2023-04-25 14:00:00,162.6946,162.95,162.22,162.4205,4765134.0
2023-04-25 14:30:00,162.42,162.65,161.2,161.68,6945775.0
2023-04-25 15:00:00,161.68,162.43,161.6101,162.17,6039724.0
2023-04-25 15:30:00,162.16,162.61,161.52,161.59,6118233.0
2023-04-25 16:00:00,161.58,161.82,160.5,160.67,9171673.0
2023-04-26 10:00:00,160.29,160.67,156.17,156.2482,21024835.0
2023-04-26 10:30:00,156.23,156.38,153.21,154.3707,24251947.0
2023-04-26 11:00:00,154.34,156.05,153.92,155.86,13476844.0
2023-04-26 11:30:00,155.88,156.38,154.81,154.85,12156128.0
2023-04-26 12:00:00,154.84,156.2,154.83,156.125,8525390.0
2023-04-26 12:30:00,156.14,156.5,155.23,155.85,8682911.0
2023-04-26 13:00:00,155.85,156.82,155.3,156.5385,8250543.0
2023-04-26 13:30:00,156.5399,157.07,156.27,156.8431,7559655.0
2023-04-26 14:00:00,156.84,157.19,156.16,156.4117,6862861.0
2023-04-26 14:30:00,156.43,156.59,155.57,156.3101,6533554.0
2023-04-26 15:00:00,156.31,156.45,154.7,154.968,7762426.0
2023-04-26 15:30:00,154.962,155.18,154.12,154.9596,8429254.0
2023-04-26 16:00:00,154.96,155.14,153.14,153.75,15167339.0
2023-04-27 10:00:00,152.64,155.5,152.37,154.11,20266061.0
2023-04-27 10:30:00,154.12,156.23,153.84,155.27,13388490.0
2023-04-27 11:00:00,155.27,156.38,154.38,154.69,9776837.0
2023-04-27 11:30:00,154.69,157.99,154.52,157.62,11480926.0
2023-04-27 12:00:00,157.64,158.25,156.98,157.8311,10317810.0
2023-04-27 12:30:00,157.845,158.54,157.71,157.77,6881345.0
2023-04-27 13:00:00,157.78,158.28,157.27,158.1625,5865900.0
2023-04-27 13:30:00,158.17,159.07,157.8,159.035,6080271.0
2023-04-27 14:00:00,159.035,159.9,159.035,159.2558,6985199.0
2023-04-27 14:30:00,159.26,160.0,159.17,159.97,5675679.0
2023-04-27 15:00:00,159.97,160.285,159.03,159.7499,7713434.0
2023-04-27 15:30:00,159.74,160.18,159.53,159.71,5814532.0
2023-04-27 16:00:00,159.71,160.48,159.35,160.19,11554836.0
2023-04-28 10:00:00,160.9,161.66,157.32,159.0597,17302301.0
2023-04-28 10:30:00,159.06,162.28,158.6983,162.125,14828017.0
2023-04-28 11:00:00,162.11,163.31,160.6,162.16,12615316.0
2023-04-28 11:30:00,162.15,162.6,161.26,162.1318,8702389.0
2023-04-28 12:00:00,162.135,162.85,161.57,162.665,7280203.0
2023-04-28 12:30:00,162.67,164.1899,162.46,164.14,8135630.0
2023-04-28 13:00:00,164.13,164.9799,163.89,164.95,7962814.0
2023-04-28 13:30:00,164.9508,165.0,163.86,164.1695,7062016.0
2023-04-28 14:00:00,164.165,164.8,163.61,164.6305,6270242.0
2023-04-28 14:30:00,164.63,164.91,163.9101,164.2587,5662100.0
2023-04-28 15:00:00,164.26,164.54,163.76,164.36,5855975.0
2023-04-28 15:30:00,164.36,164.579,163.92,164.2201,5406656.0
2023-04-28 16:00:00,164.23,164.56,163.68,164.31,11930208.0
2023-05-01 10:00:00,163.17,163.24,160.27,161.9083,16040828.0
2023-05-01 10:30:00,161.9,163.28,161.0,162.3,11794053.0
2023-05-01 11:00:00,162.29,162.57,160.74,161.4685,9792091.0
2023-05-01 11:30:00,161.465,161.77,158.83,159.09,11133471.0
2023-05-01 12:00:00,159.08,159.99,158.95,159.96,7723494.0
2023-05-01 12:30:00,159.97,161.12,159.77,160.9613,7738658.0
2023-05-01 13:00:00,160.98,162.26,160.94,162.02,6699877.0
2023-05-01 13:30:00,162.01,162.43,161.75,161.94,5820309.0
2023-05-01 14:00:00,161.935,162.6399,161.6754,162.24,5007767.0
2023-05-01 14:30:00,162.2296,162.5483,161.41,161.58,5622081.0
2023-05-01 15:00:00,161.585,161.59,160.56,161.53,6304542.0
2023-05-01 15:30:00,161.52,161.61,160.66,161.1184,4985844.0
2023-05-01 16:00:00,161.13,162.11,160.93,161.83,8297547.0
2023-05-02 10:00:00,161.88,165.49,161.83,164.325,19268293.0
2023-05-02 10:30:00,164.35,164.67,162.62,164.06,13491793.0
2023-05-02 11:00:00,164.06,164.4499,161.33,161.7664,12895334.0
2023-05-02 11:30:00,161.8,162.7,161.01,161.17,10135522.0
2023-05-02 12:00:00,161.19,161.4199,159.75,160.6401,11649785.0
2023-05-02 12:30:00,160.6599,161.34,160.16,161.3252,7214280.0
2023-05-02 13:00:00,161.325,162.04,161.26,161.7,6403566.0
2023-05-02 13:30:00,161.6901,162.4099,161.165,161.2204,5744497.0
2023-05-02 14:00:00,161.2204,162.2399,161.01,161.915,5678669.0
2023-05-02 14:30:00,161.92,162.0,160.16,160.3013,7118899.0
2023-05-02 15:00:00,160.32,160.63,159.8601,160.55,7160790.0
2023-05-02 15:30:00,160.5482,161.07,159.87,159.97,6952202.0
2023-05-02 16:00:00,159.98,160.62,158.93,160.31,11939537.0
2023-05-03 10:00:00,160.01,163.659,159.91,163.14,15645814.0
2023-05-03 10:30:00,163.165,164.86,162.68,163.929,12410744.0
2023-05-03 11:00:00,163.9499,165.0,163.8201,164.16,9891135.0
2023-05-03 11:30:00,164.15,164.39,162.85,163.0273,7828403.0
2023-05-03 12:00:00,163.03,164.06,162.92,163.71,5616027.0
2023-05-03 12:30:00,163.7116,164.4513,163.45,164.2455,5680845.0
2023-05-03 13:00:00,164.25,164.26,163.3001,164.08,4716223.0
2023-05-03 13:30:00,164.09,165.0,163.97,164.83,5904422.0
2023-05-03 14:00:00,164.83,164.88,163.84,164.15,4413578.0
2023-05-03 14:30:00,164.1251,164.99,163.36,164.6,9141539.0
2023-05-03 15:00:00,164.596,164.99,162.89,164.08,11674878.0
2023-05-03 15:30:00,164.06,164.58,161.72,161.8019,10987592.0
2023-05-03 16:00:00,161.82,161.9,160.2889,160.61,13343387.0
2023-05-04 10:00:00,162.71,162.95,160.96,161.57,15484350.0
2023-05-04 10:30:00,161.56,161.72,159.65,160.24,13748034.0
2023-05-04 11:00:00,160.24,161.735,159.82,161.46,9986005.0
2023-05-04 11:30:00,161.42,162.64,161.31,162.0,8371049.0
2023-05-04 12:00:00,161.995,162.36,160.76,161.099,6552588.0
2023-05-04 12:30:00,161.08,162.0,160.88,161.98,5532508.0
2023-05-04 13:00:00,161.96,162.0,160.49,160.9901,6060808.0
2023-05-04 13:30:00,161.0,161.85,160.79,161.3,5157313.0
2023-05-04 14:00:00,161.3,162.28,161.235,162.1488,4093831.0
2023-05-04 14:30:00,162.16,162.26,161.52,161.61,3690077.0
2023-05-04 15:00:00,161.6,161.939,161.03,161.37,3795662.0
2023-05-04 15:30:00,161.34,161.93,161.04,161.6,4310308.0
2023-05-04 16:00:00,161.605,161.83,161.04,161.2,6081294.0
2023-05-05 10:00:00,163.97,167.1,163.51,166.38,19699321.0
2023-05-05 10:30:00,166.39,167.34,166.01,166.87,10417658.0
2023-05-05 11:00:00,166.88,168.29,166.88,167.91,10706535.0
2023-05-05 11:30:00,167.93,169.1,167.8114,168.5725,8477687.0
2023-05-05 12:00:00,168.59,168.65,167.8,168.3799,5849368.0
2023-05-05 12:30:00,168.39,168.73,167.6,168.13,5242257.0
2023-05-05 13:00:00,168.13,168.3886,167.72,168.29,4422468.0
2023-05-05 13:30:00,168.3,169.4,168.3,169.22,6781705.0
2023-05-05 14:00:00,169.23,170.0,169.15,169.9791,6079521.0
2023-05-05 14:30:00,169.979,170.44,169.73,170.1318,6515130.0
2023-05-05 15:00:00,170.13,170.4,169.76,170.105,4581413.0
2023-05-05 15:30:00,170.12,170.7899,169.8,170.16,5858579.0
2023-05-05 16:00:00,170.16,170.24,169.72,170.06,9168109.0
2023-05-08 10:00:00,173.72,173.8,170.4,172.1,19827081.0
2023-05-08 10:30:00,172.0943,172.57,169.65,169.83,14699691.0
2023-05-08 11:00:00,169.85,170.88,169.19,170.4573,10771437.0
2023-05-08 11:30:00,170.46,171.51,170.33,170.6038,8322768.0
2023-05-08 12:00:00,170.5994,172.1,170.25,172.09,7289708.0
2023-05-08 12:30:00,172.09,172.16,171.54,171.7312,5614161.0
2023-05-08 13:00:00,171.7199,172.04,171.12,172.03,5325588.0
2023-05-08 13:30:00,172.03,172.299,171.25,172.2095,6314125.0
2023-05-08 14:00:00,172.2113,172.46,171.3801,171.5317,5790793.0
2023-05-08 14:30:00,171.535,171.68,170.03,171.0657,7189521.0
2023-05-08 15:00:00,171.06,171.73,171.0213,171.715,4653163.0
2023-05-08 15:30:00,171.72,171.93,170.96,171.4579,5570076.0
2023-05-08 16:00:00,171.45,171.95,171.28,171.79,7239015.0
2023-05-09 10:00:00,168.95,169.82,168.3,169.27,14011813.0
2023-05-09 10:30:00,169.28,169.42,167.9202,168.06,10118847.0
2023-05-09 11:00:00,168.09,168.79,167.67,168.1599,7179633.0
2023-05-09 11:30:00,168.145,168.21,167.05,167.4893,7284070.0
2023-05-09 12:00:00,167.5,167.618,166.75,166.875,6473650.0
2023-05-09 12:30:00,166.86,167.18,166.63,166.6431,5303121.0
2023-05-09 13:00:00,166.64,167.64,166.56,167.63,5912559.0
2023-05-09 13:30:00,167.635,167.78,167.39,167.53,4703344.0
2023-05-09 14:00:00,167.5232,168.0,167.25,167.9293,4288493.0
2023-05-09 14:30:00,167.949,168.44,167.87,168.1992,4937546.0
2023-05-09 15:00:00,168.2,168.6581,167.86,168.0093,4547945.0
2023-05-09 15:30:00,168.0008,168.75,167.945,168.48,4385292.0
2023-05-09 16:00:00,168.49,169.16,168.46,169.15,7789566.0
2023-05-10 10:00:00,172.55,173.87,171.4,172.75,18855876.0
2023-05-10 10:30:00,172.77,174.43,172.6,173.0599,13453533.0
2023-05-10 11:00:00,173.0599,173.68,169.01,169.39,14060693.0
2023-05-10 11:30:00,169.4186,170.13,168.55,169.4116,10649769.0
2023-05-10 12:00:00,169.41,169.87,168.6501,168.87,6819310.0
2023-05-10 12:30:00,168.875,168.88,167.83,168.7199,6353366.0
2023-05-10 13:00:00,168.69,169.4,168.51,168.6801,5994256.0
2023-05-10 13:30:00,168.6632,168.75,167.36,167.43,6533628.0
2023-05-10 14:00:00,167.43,167.8018,166.68,167.6914,6567609.0
2023-05-10 14:30:00,167.6914,168.55,167.651,168.2876,5015584.0
2023-05-10 15:00:00,168.29,168.98,168.2,168.85,6088229.0
2023-05-10 15:30:00,168.8594,169.64,168.65,169.13,6588444.0
2023-05-10 16:00:00,169.15,169.5,168.36,168.54,8878182.0
2023-05-11 10:00:00,168.7,168.87,166.79,167.7401,13958528.0
2023-05-11 10:30:00,167.77,169.61,167.7401,168.19,11009571.0
2023-05-11 11:00:00,168.18,168.9607,167.44,168.8649,9654539.0
2023-05-11 11:30:00,168.8501,169.2999,168.12,169.18,6393462.0
2023-05-11 12:00:00,169.19,169.86,169.01,169.845,5769290.0
2023-05-11 12:30:00,169.85,169.9999,168.63,168.8557,5371705.0
2023-05-11 13:00:00,168.86,169.49,168.73,169.1901,4265878.0
2023-05-11 13:30:00,169.19,169.71,168.95,169.1005,4243583.0
2023-05-11 14:00:00,169.12,169.41,168.6429,169.32,4445888.0
2023-05-11 14:30:00,169.35,169.49,168.96,169.3901,3230682.0
2023-05-11 15:00:00,169.408,170.2,169.36,169.9511,5154040.0
2023-05-11 15:30:00,169.94,170.48,169.7207,169.94,5240818.0
2023-05-11 16:00:00,169.93,173.57,169.36,172.08,18887515.0
2023-05-12 10:00:00,176.07,177.38,174.6,176.2,26781026.0
2023-05-12 10:30:00,176.15,176.4998,171.83,171.973,21277075.0
2023-05-12 11:00:00,171.96,172.97,171.15,171.9601,13782801.0
2023-05-12 11:30:00,171.96,172.6,170.19,170.205,11581612.0
2023-05-12 12:00:00,170.21,170.46,168.75,170.26,12214376.0
2023-05-12 12:30:00,170.2699,170.2724,167.61,167.9835,12012867.0
2023-05-12 13:00:00,167.98,168.8,167.23,167.81,9490138.0
2023-05-12 13:30:00,167.81,168.63,167.66,168.32,7083556.0
2023-05-12 14:00:00,168.325,168.7,167.59,167.74,5872011.0
2023-05-12 14:30:00,167.7564,168.24,167.39,167.85,5973342.0
2023-05-12 15:00:00,167.84,168.03,167.33,167.8899,5690162.0
2023-05-12 15:30:00,167.88,168.9309,167.78,168.7,7128986.0
2023-05-12 16:00:00,168.7,169.04,167.27,167.98,13526751.0
2023-05-15 10:00:00,167.655,169.76,165.18,165.32,18666168.0
2023-05-15 10:30:00,165.29,166.66,165.15,166.2578,11623470.0
2023-05-15 11:00:00,166.245,166.89,164.5499,164.7499,9600918.0
2023-05-15 11:30:00,164.74,166.2883,164.6405,165.95,8020786.0
2023-05-15 12:00:00,165.95,167.92,165.78,167.8399,8889652.0
2023-05-15 12:30:00,167.84,168.01,167.21,167.6507,5918669.0
2023-05-15 13:00:00,167.6501,168.24,167.25,168.2019,5131361.0
2023-05-15 13:30:00,168.2,168.43,167.73,168.0701,5271824.0
2023-05-15 14:00:00,168.08,168.13,167.04,167.38,5687816.0
2023-05-15 14:30:00,167.38,167.55,166.92,167.42,4961464.0
2023-05-15 15:00:00,167.42,167.49,166.4,166.66,5002026.0
2023-05-15 15:30:00,166.67,166.67,165.81,166.0899,5697211.0
2023-05-15 16:00:00,166.09,166.54,165.65,166.35,8121315.0
2023-05-16 10:00:00,165.65,167.0999,164.35,164.84,15472630.0
2023-05-16 10:30:00,164.84,167.56,164.75,167.47,11431711.0
2023-05-16 11:00:00,167.45,169.29,167.16,169.0813,10558113.0
2023-05-16 11:30:00,169.1,169.42,167.99,168.58,7462842.0
2023-05-16 12:00:00,168.5649,169.5184,167.92,169.12,6763072.0
2023-05-16 12:30:00,169.12,169.26,168.24,168.43,4854610.0
2023-05-16 13:00:00,168.422,168.97,167.855,168.79,5214724.0
2023-05-16 13:30:00,168.79,168.88,168.0801,168.3169,4356096.0
2023-05-16 14:00:00,168.3201,168.74,168.1601,168.71,3621132.0
2023-05-16 14:30:00,168.725,168.86,166.76,166.9999,6948182.0
2023-05-16 15:00:00,167.02,167.4,166.51,167.3483,5107089.0
2023-05-16 15:30:00,167.3201,167.86,167.25,167.5,4256456.0
2023-05-16 16:00:00,167.5,167.54,166.39,166.52,7106460.0
2023-05-17 10:00:00,168.41,170.69,167.185,169.692,21310970.0
2023-05-17 10:30:00,169.6954,172.2899,169.62,171.818,16740742.0
2023-05-17 11:00:00,171.82,173.99,171.81,173.31,15732127.0
2023-05-17 11:30:00,173.315,173.66,172.37,173.23,11212546.0
2023-05-17 12:00:00,173.24,173.8,172.82,173.525,7218742.0
2023-05-17 12:30:00,173.54,173.58,172.36,172.66,6332951.0
2023-05-17 13:00:00,172.68,173.415,172.64,172.9901,5603053.0
2023-05-17 13:30:00,173.0,173.56,172.7,173.4601,4981249.0
2023-05-17 14:00:00,173.46,174.22,173.42,173.93,6464019.0
2023-05-17 14:30:00,173.94,174.04,173.42,173.8615,4833111.0
2023-05-17 15:00:00,173.8868,174.17,173.2,173.4886,5409456.0
2023-05-17 15:30:00,173.47,174.5,173.34,173.9095,5841906.0
2023-05-17 16:00:00,173.91,174.5,173.58,173.86,10348862.0
2023-05-18 10:00:00,174.22,174.94,172.63,173.3587,18643538.0
2023-05-18 10:30:00,173.355,175.5999,172.45,175.035,13443936.0
2023-05-18 11:00:00,175.032,175.42,173.43,174.36,9711678.0
2023-05-18 11:30:00,174.3701,175.52,174.22,174.9,7808656.0
2023-05-18 12:00:00,174.91,175.75,174.31,175.0639,7572099.0
2023-05-18 12:30:00,175.05,175.2,174.14,174.405,5985857.0
2023-05-18 13:00:00,174.38,174.93,173.89,174.6555,5830850.0
2023-05-18 13:30:00,174.66,175.52,174.54,175.129,5145880.0
2023-05-18 14:00:00,175.14,175.48,174.59,174.7057,4059270.0
2023-05-18 14:30:00,174.7084,175.03,174.09,174.88,5154244.0
2023-05-18 15:00:00,174.87,175.35,174.81,175.25,4309715.0
2023-05-18 15:30:00,175.25,176.29,175.11,176.0803,6320376.0
2023-05-18 16:00:00,176.09,177.06,175.95,176.89,10547438.0
2023-05-19 10:00:00,177.17,179.85,176.31,179.16,19211119.0
2023-05-19 10:30:00,179.16,181.28,178.5107,181.2702,17140620.0
2023-05-19 11:00:00,181.2747,181.95,179.5102,180.4711,15008911.0
2023-05-19 11:30:00,180.48,181.23,178.82,178.82,11942144.0
2023-05-19 12:00:00,178.82,179.68,177.22,179.3694,13307612.0
2023-05-19 12:30:00,179.3699,179.75,178.73,179.0401,8253087.0
2023-05-19 13:00:00,179.04,179.74,178.36,179.4369,7273935.0
2023-05-19 13:30:00,179.4318,180.49,179.4101,180.4506,7490521.0
2023-05-19 14:00:00,180.46,180.57,179.72,179.8184,5711823.0
2023-05-19 14:30:00,179.81,180.48,179.52,179.655,5903163.0
2023-05-19 15:00:00,179.65,179.68,178.7,179.3899,6385858.0
2023-05-19 15:30:00,179.38,179.9,179.1603,179.46,5334408.0
2023-05-19 16:00:00,179.47,180.275,179.4109,180.14,9600613.0
2023-05-22 10:00:00,180.7,185.4,180.11,183.79,23240670.0
2023-05-22 10:30:00,183.77,184.51,182.281,183.91,15352536.0
2023-05-22 11:00:00,183.9141,185.2783,183.85,184.765,10738480.0
2023-05-22 11:30:00,184.77,185.88,184.54,185.625,8844089.0
2023-05-22 12:00:00,185.62,186.2574,184.82,185.28,9222209.0
2023-05-22 12:30:00,185.28,185.83,185.15,185.325,5336630.0
2023-05-22 13:00:00,185.3,185.63,184.67,185.55,4730422.0
2023-05-22 13:30:00,185.555,186.22,185.19,186.0,6307876.0
2023-05-22 14:00:00,186.0185,186.87,186.01,186.4224,6585413.0
2023-05-22 14:30:00,186.4291,187.46,186.16,187.42,5846373.0
2023-05-22 15:00:00,187.435,188.48,187.16,188.29,8183874.0
2023-05-22 15:30:00,188.29,189.32,188.23,188.7399,11482082.0
2023-05-22 16:00:00,188.74,189.24,188.26,188.87,12460160.0
2023-05-23 10:00:00,186.2,192.0,186.065,191.1699,24981812.0
2023-05-23 10:30:00,191.145,191.75,189.88,191.6827,15878934.0
2023-05-23 11:00:00,191.68,192.96,190.92,191.6488,14346924.0
2023-05-23 11:30:00,191.64,192.42,190.63,191.21,9990873.0
2023-05-23 12:00:00,191.22,191.24,188.96,190.0289,10421285.0
2023-05-23 12:30:00,190.04,190.22,187.93,188.01,9295064.0
2023-05-23 13:00:00,188.01,188.037,186.2,187.7283,13724991.0
2023-05-23 13:30:00,187.73,189.1899,187.32,187.51,9989953.0
2023-05-23 14:00:00,187.5,187.8299,186.14,186.52,8846879.0
2023-05-23 14:30:00,186.53,187.59,185.57,186.13,9315696.0
2023-05-23 15:00:00,186.15,186.88,185.78,186.7815,7365319.0
2023-05-23 15:30:00,186.78,187.02,185.26,185.8405,9735142.0
2023-05-23 16:00:00,185.87,186.4,185.6701,185.77,9155484.0
2023-05-24 10:00:00,182.23,182.94,179.26,179.95,23727362.0
2023-05-24 10:30:00,179.94,180.29,178.22,178.66,16182046.0
2023-05-24 11:00:00,178.66,179.89,178.38,179.2507,10574711.0
2023-05-24 11:30:00,179.24,181.49,178.93,180.98,10414611.0
2023-05-24 12:00:00,180.98,181.65,180.4,181.06,7615403.0
2023-05-24 12:30:00,181.05,182.53,180.96,181.1882,9053264.0
2023-05-24 13:00:00,181.1785,182.3,180.88,182.1,6990706.0
2023-05-24 13:30:00,182.12,182.52,181.45,182.34,6923386.0
2023-05-24 14:00:00,182.34,183.81,182.0417,183.455,7814038.0
2023-05-24 14:30:00,183.46,183.65,182.21,182.3974,7350634.0
2023-05-24 15:00:00,182.4054,182.94,181.8,182.08,6783783.0
2023-05-24 15:30:00,182.085,183.66,181.65,183.3801,7488280.0
2023-05-24 16:00:00,183.4,184.22,182.76,182.9,10748833.0
2023-05-25 10:00:00,186.54,186.78,182.59,183.5104,14942793.0
2023-05-25 10:30:00,183.515,184.14,180.58,182.52,10684262.0
2023-05-25 11:00:00,182.55,184.61,182.18,184.275,9213730.0
2023-05-25 11:30:00,184.2689,185.04,183.93,184.395,7967578.0
2023-05-25 12:00:00,184.405,184.63,183.44,184.505,6082929.0
2023-05-25 12:30:00,184.52,185.31,183.91,185.26,5542488.0
2023-05-25 13:00:00,185.27,185.61,184.37,184.415,5022566.0
2023-05-25 13:30:00,184.41,184.58,183.95,184.288,4341422.0
2023-05-25 14:00:00,184.2904,185.0999,184.07,184.97,3856574.0
2023-05-25 14:30:00,184.97,185.77,184.72,184.7299,5627929.0
2023-05-25 15:00:00,184.71,184.7763,182.75,182.8701,5436543.0
2023-05-25 15:30:00,182.87,184.62,182.7701,184.485,5748328.0
2023-05-25 16:00:00,184.5,184.89,184.17,184.47,7726702.0
2023-05-26 10:00:00,184.62,189.22,184.53,189.14,19651316.0
2023-05-26 10:30:00,189.155,190.73,188.9,190.28,15649356.0
2023-05-26 11:00:00,190.28,191.53,189.71,191.31,11697866.0
2023-05-26 11:30:00,191.31,191.4,190.12,191.23,8742106.0
2023-05-26 12:00:00,191.24,194.85,191.24,194.51,13730266.0
2023-05-26 12:30:00,194.52,194.68,193.61,194.14,8916732.0
2023-05-26 13:00:00,194.1361,196.73,193.97,196.5499,11589879.0
2023-05-26 13:30:00,196.56,198.6,196.34,197.12,15240696.0
2023-05-26 14:00:00,197.14,197.79,195.4,195.93,10342535.0
2023-05-26 14:30:00,195.93,196.5399,195.17,196.02,8695688.0
2023-05-26 15:00:00,196.02,196.75,195.36,196.0805,8352908.0
2023-05-26 15:30:00,196.09,197.25,194.64,195.0156,8634903.0
2023-05-26 16:00:00,195.0124,195.05,191.89,193.17,17065407.0
2023-05-30 10:00:00,200.1,204.48,198.5879,199.8202,28233399.0
2023-05-30 10:30:00,199.865,202.3,197.53,200.1844,15089028.0
2023-05-30 11:00:00,200.2,201.49,199.1104,200.2301,9378986.0
2023-05-30 11:30:00,200.2329,201.35,199.09,199.96,8318728.0
2023-05-30 12:00:00,199.9799,201.15,199.63,200.835,6805786.0
2023-05-30 12:30:00,200.82,200.9,199.33,199.52,6037164.0
2023-05-30 13:00:00,199.54,200.12,198.53,199.8,6010755.0
2023-05-30 13:30:00,199.79,200.23,198.8913,198.94,4818398.0
2023-05-30 14:00:00,198.93,199.26,197.68,197.82,5593950.0
2023-05-30 14:30:00,197.83,200.29,197.5842,200.0499,6311382.0
2023-05-30 15:00:00,200.04,201.99,200.04,201.75,8902896.0
2023-05-30 15:30:00,201.74,201.9299,200.35,201.0975,6679295.0
2023-05-30 16:00:00,201.1082,201.44,200.07,201.16,10011843.0
2023-05-31 10:00:00,199.78,202.99,198.17,199.9667,21944348.0
2023-05-31 10:30:00,200.0,200.4093,196.24,197.38,15908557.0
2023-05-31 11:00:00,197.38,198.4,196.9,197.5399,10747645.0
2023-05-31 11:30:00,197.55,197.74,195.12,195.995,10034709.0
2023-05-31 12:00:00,195.995,197.44,195.36,196.775,7372357.0
2023-05-31 12:30:00,196.79,197.38,196.1,196.3866,6220309.0
2023-05-31 13:00:00,196.3817,197.17,196.2101,196.33,5469348.0
2023-05-31 13:30:00,196.335,198.07,195.95,198.03,6467966.0
2023-05-31 14:00:00,198.0432,199.45,197.872,199.42,8685356.0
2023-05-31 14:30:00,199.4194,200.67,199.22,200.5,8620600.0
2023-05-31 15:00:00,200.46,200.61,199.06,199.84,7151797.0
2023-05-31 15:30:00,199.84,199.96,198.5427,198.9699,6801065.0
2023-05-31 16:00:00,198.97,203.95,198.64,203.93,26953987.0
2023-06-01 10:00:00,202.59,205.99,199.37,201.4061,25584288.0
2023-06-01 10:30:00,201.42,203.45,200.54,201.72,14072338.0
2023-06-01 11:00:00,201.74,203.37,200.8731,202.87,10333514.0
2023-06-01 11:30:00,202.87,204.99,202.79,204.04,10883374.0
2023-06-01 12:00:00,204.03,204.88,203.35,204.82,7882038.0
2023-06-01 12:30:00,204.85,206.89,204.44,206.415,10846965.0
2023-06-01 13:00:00,206.4,206.45,205.0,206.34,7673353.0
2023-06-01 13:30:00,206.33,207.19,205.41,206.9404,7536885.0
2023-06-01 14:00:00,206.945,207.59,206.4495,207.0699,7038677.0
2023-06-01 14:30:00,207.07,208.69,206.84,208.2613,9448025.0
2023-06-01 15:00:00,208.27,209.6,208.07,209.46,9177357.0
2023-06-01 15:30:00,209.45,209.8,207.3609,207.9066,10046945.0
2023-06-01 16:00:00,207.9063,208.35,206.78,207.52,13566834.0
2023-06-02 10:00:00,210.15,213.35,209.752,210.855,25400284.0
2023-06-02 10:30:00,210.8315,214.25,210.46,213.73,18599702.0
2023-06-02 11:00:00,213.73,215.86,213.2406,215.826,16223791.0
2023-06-02 11:30:00,215.84,216.94,214.73,216.635,15147211.0
2023-06-02 12:00:00,216.6227,217.25,215.56,216.1699,11794875.0
2023-06-02 12:30:00,216.18,216.4,214.62,215.3853,9519938.0
2023-06-02 13:00:00,215.385,216.8,215.03,216.35,8708262.0
2023-06-02 13:30:00,216.36,216.91,215.96,216.485,7388978.0
2023-06-02 14:00:00,216.49,216.5999,215.53,215.9157,6607689.0
2023-06-02 14:30:00,215.91,215.96,213.82,215.4,10135186.0
2023-06-02 15:00:00,215.41,216.2,215.25,215.5899,7520085.0
2023-06-02 15:30:00,215.59,215.94,214.3,214.88,9048681.0
2023-06-02 16:00:00,214.88,215.03,213.52,213.97,13021445.0
2023-06-05 10:00:00,217.8,221.29,217.45,219.18,27111968.0
2023-06-05 10:30:00,219.1682,220.57,216.4,217.1242,17097984.0
2023-06-05 11:00:00,217.1242,220.2,216.76,219.8425,13744649.0
2023-06-05 11:30:00,219.87,220.2,218.46,218.9665,9851454.0
2023-06-05 12:00:00,218.93,219.27,216.82,217.46,10853404.0
2023-06-05 12:30:00,217.45,218.57,217.02,218.5099,7997689.0
2023-06-05 13:00:00,218.51,219.39,218.41,219.155,7163310.0
2023-06-05 13:30:00,219.17,219.3,217.32,217.61,6578955.0
2023-06-05 14:00:00,217.61,218.56,217.3315,218.0775,6569838.0
2023-06-05 14:30:00,218.1,218.39,216.2068,216.4883,7707469.0
2023-06-05 15:00:00,216.4601,216.92,214.52,216.745,11808182.0
2023-06-05 15:30:00,216.75,217.17,215.18,216.895,7859732.0
2023-06-05 16:00:00,216.88,218.2,216.76,217.61,11674037.0
2023-06-06 10:00:00,216.14,216.86,212.53,213.82,21199055.0
2023-06-06 10:30:00,213.84,215.61,212.9,214.76,14365882.0
2023-06-06 11:00:00,214.78,217.75,214.75,217.3596,14814888.0
2023-06-06 11:30:00,217.36,219.08,216.12,217.84,13516642.0
2023-06-06 12:00:00,217.845,220.79,217.77,220.11,13656471.0
2023-06-06 12:30:00,220.1,220.97,220.02,220.76,8880489.0
2023-06-06 13:00:00,220.75,220.89,217.82,217.9,10803836.0
2023-06-06 13:30:00,217.9,220.37,217.8594,219.799,7863994.0
2023-06-06 14:00:00,219.79,220.45,219.005,219.5745,6202150.0
2023-06-06 14:30:00,219.582,220.41,219.32,220.3,6025902.0
2023-06-06 15:00:00,220.305,220.65,219.8,220.44,5567400.0
2023-06-06 15:30:00,220.4401,220.65,219.28,219.94,6183415.0
2023-06-06 16:00:00,219.95,221.91,218.93,221.31,11885577.0
2023-06-07 10:00:00,228.0,230.4,225.8,228.3394,30049526.0
2023-06-07 10:30:00,228.34,230.8296,227.75,228.4,20645394.0
2023-06-07 11:00:00,228.38,229.8,224.55,226.1432,19521869.0
2023-06-07 11:30:00,226.15,228.9,225.62,228.8,12649194.0
2023-06-07 12:00:00,228.8014,229.5101,225.0,225.28,12160981.0
2023-06-07 12:30:00,225.3,227.1399,223.2,223.8051,14664471.0
2023-06-07 13:00:00,223.81,225.75,223.772,224.52,9841873.0
2023-06-07 13:30:00,224.52,225.58,223.92,224.791,8019839.0
2023-06-07 14:00:00,224.815,225.8,223.93,225.61,7857455.0
2023-06-07 14:30:00,225.605,227.24,225.35,226.2299,9812105.0
2023-06-07 15:00:00,226.22,226.35,224.28,225.84,9023096.0
2023-06-07 15:30:00,225.84,226.13,224.36,225.19,8814563.0
2023-06-07 16:00:00,225.19,226.07,223.24,224.57,15557087.0
2023-06-08 10:00:00,224.22,227.38,223.01,227.041,19544278.0
2023-06-08 10:30:00,227.0184,229.27,226.89,228.96,15880153.0
2023-06-08 11:00:00,228.9609,230.75,228.6,230.5859,15470959.0
2023-06-08 11:30:00,230.575,233.33,230.17,232.665,17332266.0
2023-06-08 12:00:00,232.68,233.2,231.3324,231.925,11024450.0
2023-06-08 12:30:00,231.94,232.8,231.15,232.5986,8983681.0
2023-06-08 13:00:00,232.6,232.62,230.68,231.16,6781839.0
2023-06-08 13:30:00,231.1301,232.2,231.05,231.8613,6027030.0
2023-06-08 14:00:00,231.85,232.14,230.85,231.91,6163473.0
2023-06-08 14:30:00,231.93,233.09,231.81,232.689,8496149.0
2023-06-08 15:00:00,232.69,233.57,232.38,233.09,7357772.0
2023-06-08 15:30:00,233.1,234.505,232.77,234.0599,9757597.0
2023-06-08 16:00:00,234.06,235.23,233.35,234.86,14518605.0
2023-06-09 10:00:00,249.07,250.34,245.0919,248.26,35153192.0
2023-06-09 10:30:00,248.28,252.42,247.39,250.6437,22671816.0
2023-06-09 11:00:00,250.65,251.3,245.84,247.7384,20960999.0
2023-06-09 11:30:00,247.707,250.0,246.9,247.035,13403595.0
2023-06-09 12:00:00,247.0263,249.2,246.4,247.535,10926392.0
2023-06-09 12:30:00,247.55,247.7,242.75,244.12,13949137.0
2023-06-09 13:00:00,244.1298,246.7199,242.02,246.6999,13435595.0
2023-06-09 13:30:00,246.71,247.88,246.01,247.345,9602009.0
2023-06-09 14:00:00,247.37,247.42,245.26,246.99,9143268.0
2023-06-09 14:30:00,247.0,247.55,246.05,246.61,7267629.0
2023-06-09 15:00:00,246.63,246.87,244.05,245.4,10030546.0
2023-06-09 15:30:00,245.3894,245.5,243.37,244.165,9139434.0
2023-06-09 16:00:00,244.165,245.32,243.27,244.4,13484775.0
2023-06-12 10:00:00,247.94,249.48,245.88,248.06,22947398.0
2023-06-12 10:30:00,248.0642,249.92,247.05,247.3064,17453774.0
2023-06-12 11:00:00,247.3139,247.8,244.59,246.91,15901479.0
2023-06-12 11:30:00,246.955,248.3,246.02,246.8091,11227779.0
2023-06-12 12:00:00,246.81,247.98,246.54,247.0913,8106524.0
2023-06-12 12:30:00,247.1,247.35,245.5,246.9297,7312021.0
2023-06-12 13:00:00,246.9343,247.99,246.32,246.6,6864692.0
2023-06-12 13:30:00,246.6,247.49,246.42,247.1075,5625755.0
2023-06-12 14:00:00,247.11,249.085,246.7,248.8035,9428191.0
2023-06-12 14:30:00,248.83,249.4,248.06,248.9299,8171195.0
2023-06-12 15:00:00,248.93,250.0,248.17,249.98,7815044.0
2023-06-12 15:30:00,249.985,250.97,249.17,249.75,10721740.0
2023-06-12 16:00:00,249.75,250.09,248.92,249.83,12228492.0
2023-06-13 10:00:00,253.51,255.83,252.57,253.19,23034960.0
2023-06-13 10:30:00,253.23,255.59,251.4,252.2,16617329.0
2023-06-13 11:00:00,252.18,253.52,251.34,253.3301,12242882.0
2023-06-13 11:30:00,253.35,254.97,253.24,254.6219,11919336.0
2023-06-13 12:00:00,254.635,257.8,253.78,256.0699,14119481.0
2023-06-13 12:30:00,256.0673,258.97,255.845,258.62,13189657.0
2023-06-13 13:00:00,258.65,259.19,257.471,258.33,9247950.0
2023-06-13 13:30:00,258.34,258.95,257.62,258.74,6762690.0
2023-06-13 14:00:00,258.76,259.68,258.43,259.22,8331605.0
2023-06-13 14:30:00,259.2285,259.24,255.63,255.92,10778614.0
2023-06-13 15:00:00,255.955,258.45,255.7,258.01,8834800.0
2023-06-13 15:30:00,258.0001,259.38,257.66,258.245,7589145.0
2023-06-13 16:00:00,258.26,259.0,257.56,258.71,10499743.0
2023-06-14 10:00:00,260.17,260.56,255.25,257.1,24305284.0
2023-06-14 10:30:00,257.1047,261.45,256.01,259.9985,17679149.0
2023-06-14 11:00:00,260.0,261.57,258.72,258.9046,12806699.0
2023-06-14 11:30:00,258.92,259.74,257.6655,258.35,9966766.0
2023-06-14 12:00:00,258.38,258.47,256.51,256.9368,7912926.0
2023-06-14 12:30:00,256.9158,258.25,256.08,257.99,7417145.0
2023-06-14 13:00:00,257.97,259.18,257.48,258.81,5783564.0
2023-06-14 13:30:00,258.8388,258.8399,257.3,258.105,5987448.0
2023-06-14 14:00:00,258.12,258.6899,257.6,258.2999,4332187.0
2023-06-14 14:30:00,258.1601,258.23,250.5,253.0899,22350841.0
2023-06-14 15:00:00,253.0556,257.8494,252.21,256.4935,15590331.0
2023-06-14 15:30:00,256.4701,258.44,253.91,256.43,13085458.0
2023-06-14 16:00:00,256.455,257.0,254.25,256.79,14510956.0
2023-06-15 10:00:00,248.4,255.48,247.29,254.34,26321862.0
2023-06-15 10:30:00,254.335,257.95,254.3,257.455,19306744.0
2023-06-15 11:00:00,257.49,257.58,255.61,256.4,12617120.0
2023-06-15 11:30:00,256.42,257.5,256.0,257.47,8483245.0
2023-06-15 12:00:00,257.47,258.95,256.81,257.335,10799076.0
2023-06-15 12:30:00,257.335,257.35,254.27,254.625,10348655.0
2023-06-15 13:00:00,254.653,256.64,254.47,256.43,9412587.0
2023-06-15 13:30:00,256.46,257.2,255.4845,256.89,7724941.0
2023-06-15 14:00:00,256.89,257.75,256.33,256.91,6936360.0
2023-06-15 14:30:00,256.91,257.0399,254.83,256.155,9951027.0
2023-06-15 15:00:00,256.1547,257.46,256.08,257.1,8267526.0
2023-06-15 15:30:00,257.11,257.18,255.15,255.775,8585070.0
2023-06-15 16:00:00,255.75,257.14,254.64,255.9,13397139.0
2023-06-16 10:00:00,258.92,262.14,257.2091,261.955,30048157.0
2023-06-16 10:30:00,261.92,263.47,260.8,261.9685,16352723.0
2023-06-16 11:00:00,261.9589,262.4,258.89,259.314,13704072.0
2023-06-16 11:30:00,259.33,261.17,258.05,258.6401,11397109.0
2023-06-16 12:00:00,258.65,259.58,257.56,259.52,10896920.0
2023-06-16 12:30:00,259.509,261.16,259.01,261.04,9299176.0
2023-06-16 13:00:00,261.055,261.76,260.4109,260.89,7766058.0
2023-06-16 13:30:00,260.9,261.6,260.2101,260.82,6714208.0
2023-06-16 14:00:00,260.82,261.6,260.43,261.12,6049895.0
2023-06-16 14:30:00,261.115,262.6899,260.65,262.47,8914397.0
2023-06-16 15:00:00,262.469,263.6,261.27,261.34,11322719.0
2023-06-16 15:30:00,261.34,261.6799,259.3701,259.9499,11910333.0
2023-06-16 16:00:00,259.99,261.61,259.99,260.54,16927857.0
2023-06-20 10:00:00,261.5,266.73,261.12,265.22,23750173.0
2023-06-20 10:30:00,265.1829,266.19,262.22,262.44,16802747.0
2023-06-20 11:00:00,262.44,264.4,261.9,263.405,12500898.0
2023-06-20 11:30:00,263.405,264.95,263.08,264.6826,9288695.0
2023-06-20 12:00:00,264.6966,265.95,264.41,264.825,8433156.0
2023-06-20 12:30:00,264.85,268.97,264.64,268.7499,11054217.0
2023-06-20 13:00:00,268.76,270.21,267.86,269.88,11112137.0
2023-06-20 13:30:00,269.88,271.5299,269.21,270.7561,11425484.0
2023-06-20 14:00:00,270.75,271.51,269.7,270.1496,9920131.0
2023-06-20 14:30:00,270.15,271.34,269.46,271.2993,8408285.0
2023-06-20 15:00:00,271.3,271.31,270.13,271.0586,7003787.0
2023-06-20 15:30:00,271.07,272.72,270.03,272.6984,9587901.0
2023-06-20 16:00:00,272.7,274.75,272.32,274.45,17329109.0
2023-06-21 10:00:00,275.13,276.99,268.06,268.1001,30748968.0
2023-06-21 10:30:00,268.0731,270.94,265.11,267.7887,25828458.0
2023-06-21 11:00:00,267.7501,269.8944,265.8621,266.098,16683328.0
2023-06-21 11:30:00,266.07,266.6,260.14,264.27,21776852.0
2023-06-21 12:00:00,264.26,266.28,262.16,262.235,14157846.0
2023-06-21 12:30:00,262.24,263.8999,261.29,261.9032,9929794.0
2023-06-21 13:00:00,261.885,263.0,257.78,258.77,13418417.0
2023-06-21 13:30:00,258.7794,261.24,258.6101,259.09,10631338.0
2023-06-21 14:00:00,259.0719,262.1,258.97,261.7419,9862440.0
2023-06-21 14:30:00,261.76,263.97,260.4,263.86,10635073.0
2023-06-21 15:00:00,263.86,264.7,263.34,264.2301,10267060.0
2023-06-21 15:30:00,264.23,264.2664,262.09,263.12,9513461.0
2023-06-21 16:00:00,263.13,263.52,259.27,259.46,17790198.0
2023-06-22 10:00:00,250.77,257.97,248.25,255.498,29244559.0
2023-06-22 10:30:00,255.38,261.7,255.38,261.575,21381224.0
2023-06-22 11:00:00,261.575,261.7438,256.83,257.5707,15427850.0
2023-06-22 11:30:00,257.52,260.74,257.51,259.145,10808879.0
2023-06-22 12:00:00,259.13,263.4,258.55,263.37,11810993.0
2023-06-22 12:30:00,263.35,263.73,260.7687,262.35,9814289.0
2023-06-22 13:00:00,262.35,262.54,260.55,261.4172,6480421.0
2023-06-22 13:30:00,261.43,262.48,259.71,262.21,8249781.0
2023-06-22 14:00:00,262.24,263.75,261.91,263.0301,7742348.0
2023-06-22 14:30:00,263.06,264.15,262.15,263.145,7362959.0
2023-06-22 15:00:00,263.16,263.9,262.29,263.8,6154074.0
2023-06-22 15:30:00,263.8199,264.28,262.69,262.9899,8735468.0
2023-06-22 16:00:00,262.9899,265.0,262.4,264.61,13267093.0
2023-06-23 10:00:00,259.29,262.02,253.55,255.28,26906150.0
2023-06-23 10:30:00,255.26,256.45,252.8,254.74,18691950.0
2023-06-23 11:00:00,254.72,258.11,254.55,257.0713,15419141.0
2023-06-23 11:30:00,257.12,258.05,256.07,256.78,11427291.0
2023-06-23 12:00:00,256.8,259.4,255.71,258.79,11125002.0
2023-06-23 12:30:00,258.76,260.81,258.7116,260.7,9823301.0
2023-06-23 13:00:00,260.695,261.68,260.1,260.87,8553763.0
2023-06-23 13:30:00,260.898,262.45,260.74,262.11,7769638.0
2023-06-23 14:00:00,262.1091,262.43,260.86,260.93,7384089.0
2023-06-23 14:30:00,260.9217,261.27,258.76,259.06,10483226.0
2023-06-23 15:00:00,259.03,259.04,256.4501,256.92,11904675.0
2023-06-23 15:30:00,256.9237,256.9899,255.11,255.44,10415672.0
2023-06-23 16:00:00,255.45,257.92,254.68,256.6,20403946.0
2023-06-26 10:00:00,250.065,257.1499,250.0,256.55,20925622.0
2023-06-26 10:30:00,256.6,258.37,253.86,254.72,17122669.0
2023-06-26 11:00:00,254.73,255.1,251.7701,253.4333,15575865.0
2023-06-26 11:30:00,253.42,253.46,248.53,249.32,15374947.0
2023-06-26 12:00:00,249.3,251.19,248.58,249.84,10150193.0
2023-06-26 12:30:00,249.83,249.88,242.65,243.84,18767068.0
2023-06-26 13:00:00,243.82,246.42,243.13,246.0,11863905.0
2023-06-26 13:30:00,245.99,246.63,244.49,246.3428,9786121.0
2023-06-26 14:00:00,246.3601,246.5199,243.85,244.756,8538152.0
2023-06-26 14:30:00,244.765,245.92,244.33,245.59,7261453.0
2023-06-26 15:00:00,245.52,247.2,244.77,245.3315,10281411.0
2023-06-26 15:30:00,245.36,246.25,244.4,244.68,7801381.0
2023-06-26 16:00:00,244.71,244.95,240.7,241.05,19161035.0
2023-06-27 10:00:00,243.24,246.43,240.85,246.025,27013793.0
2023-06-27 10:30:00,246.0,247.1,242.99,245.0652,18953581.0
2023-06-27 11:00:00,245.09,246.3,242.61,243.43,12951937.0
2023-06-27 11:30:00,243.4171,245.16,241.8,244.9516,11791114.0
2023-06-27 12:00:00,244.9511,245.73,244.23,245.05,9290110.0
2023-06-27 12:30:00,245.0585,245.21,243.435,244.7301,7912491.0
2023-06-27 13:00:00,244.75,246.91,244.36,246.0067,8009561.0
2023-06-27 13:30:00,246.03,247.51,245.15,247.27,8219048.0
2023-06-27 14:00:00,247.3,249.45,247.29,249.34,11449447.0
2023-06-27 14:30:00,249.37,250.2,248.65,248.9129,9633192.0
2023-06-27 15:00:00,248.94,249.28,246.58,247.0601,10165254.0
2023-06-27 15:30:00,247.12,249.23,246.92,249.0138,9147030.0
2023-06-27 16:00:00,249.0285,250.3899,248.5306,250.21,14176271.0
2023-06-28 10:00:00,249.7,255.86,248.89,254.51,25565117.0
2023-06-28 10:30:00,254.51,257.3,253.6,257.295,14999435.0
2023-06-28 11:00:00,257.31,259.88,256.62,257.5301,15764169.0
2023-06-28 11:30:00,257.53,258.36,254.9,255.9906,15220757.0
2023-06-28 12:00:00,255.99,258.49,255.6701,257.36,10623228.0
2023-06-28 12:30:00,257.34,258.88,255.6,256.2,9814726.0
2023-06-28 13:00:00,256.205,256.4599,253.9,254.7298,12275440.0
2023-06-28 13:30:00,254.7299,256.91,254.3,256.3199,8247127.0
2023-06-28 14:00:00,256.2901,256.71,254.06,254.95,8222547.0
2023-06-28 14:30:00,254.99,256.99,254.5301,256.255,7175168.0
2023-06-28 15:00:00,256.25,257.14,255.55,256.2846,7563912.0
2023-06-28 15:30:00,256.29,256.87,254.48,256.01,8632756.0
2023-06-28 16:00:00,255.98,256.55,255.3101,256.24,10691266.0
2023-06-29 10:00:00,258.03,260.74,256.18,257.0662,21393073.0
2023-06-29 10:30:00,257.0729,258.51,253.61,255.48,15979500.0
2023-06-29 11:00:00,255.48,257.77,254.2,257.39,11505912.0
2023-06-29 11:30:00,257.405,258.64,256.62,258.1261,10854694.0
2023-06-29 12:00:00,258.1399,258.33,256.62,257.8099,8278812.0
2023-06-29 12:30:00,257.8,258.93,257.05,257.63,7071507.0
2023-06-29 13:00:00,257.6215,257.66,255.0,255.43,7717774.0
2023-06-29 13:30:00,255.35,256.6876,254.45,256.4255,8391285.0
2023-06-29 14:00:00,256.43,256.69,255.13,255.19,6092103.0
2023-06-29 14:30:00,255.16,256.1,254.68,255.83,6149808.0
2023-06-29 15:00:00,255.85,256.99,255.1,256.82,6545678.0
2023-06-29 15:30:00,256.82,257.3094,255.85,256.32,6495533.0
2023-06-29 16:00:00,256.3,257.59,255.84,257.5,10198328.0
2023-06-30 10:00:00,260.6,262.51,259.89,261.31,18866767.0
2023-06-30 10:30:00,261.36,264.24,261.36,263.485,15275073.0
2023-06-30 11:00:00,263.49,264.24,262.53,263.38,9512203.0
2023-06-30 11:30:00,263.3799,264.45,263.0101,263.8558,7769891.0
2023-06-30 12:00:00,263.85,263.875,261.6,263.0399,8244659.0
2023-06-30 12:30:00,263.0225,263.8,262.63,263.695,5623319.0
2023-06-30 13:00:00,263.7,263.92,263.35,263.87,5206196.0
2023-06-30 13:30:00,263.89,264.09,263.03,263.385,4746112.0
2023-06-30 14:00:00,263.38,263.93,263.37,263.84,4020774.0
2023-06-30 14:30:00,263.845,263.845,262.56,262.81,5337599.0
2023-06-30 15:00:00,262.82,263.16,262.01,262.4536,6478576.0
2023-06-30 15:30:00,262.47,263.0984,262.18,262.999,5044081.0
2023-06-30 16:00:00,262.98,263.0984,261.63,261.77,11854757.0
2023-07-03 10:00:00,276.49,284.25,276.08,281.9576,33427508.0
2023-07-03 10:30:00,281.8932,282.8,280.04,281.6562,17354947.0
2023-07-03 11:00:00,281.64,282.02,278.9,279.2299,13565007.0
2023-07-03 11:30:00,279.205,279.985,277.3204,277.7958,11582585.0
2023-07-03 12:00:00,277.8,278.55,275.11,276.27,11951873.0
2023-07-03 12:30:00,276.27,278.519,275.42,277.68,9738330.0
2023-07-03 13:00:00,277.6899,280.16,277.03,279.82,13136649.0
2023-07-05 10:00:00,278.82,282.9393,278.0,281.2,21154252.0
2023-07-05 10:30:00,281.27,282.16,279.43,280.9046,13514707.0
2023-07-05 11:00:00,280.8847,281.3499,278.78,280.455,10831584.0
2023-07-05 11:30:00,280.43,280.85,278.03,278.5,8404593.0
2023-07-05 12:00:00,278.5,280.2,277.8201,278.04,8571023.0
2023-07-05 12:30:00,278.02,279.61,277.6,279.37,7041480.0
2023-07-05 13:00:00,279.38,280.21,278.88,279.93,6925407.0
2023-07-05 13:30:00,279.97,281.23,279.87,280.8,7202449.0
2023-07-05 14:00:00,280.79,281.0499,280.2,280.51,4388169.0
2023-07-05 14:30:00,280.53,281.0,278.75,279.41,8287359.0
2023-07-05 15:00:00,279.4499,281.29,279.43,280.6199,6625692.0
2023-07-05 15:30:00,280.6,282.39,280.47,282.3299,8683805.0
2023-07-05 16:00:00,282.31,283.85,281.81,282.48,14803924.0
2023-07-06 10:00:00,278.09,279.97,272.88,274.1501,22782876.0
2023-07-06 10:30:00,274.23,275.53,273.0,275.38,12773290.0
2023-07-06 11:00:00,275.39,276.4792,274.27,275.12,10389994.0
2023-07-06 11:30:00,275.15,276.33,274.4,275.2,8196744.0
2023-07-06 12:00:00,275.18,276.87,274.9701,276.3515,7268594.0
2023-07-06 12:30:00,276.37,278.3599,276.04,277.9373,8477924.0
2023-07-06 13:00:00,277.91,278.71,277.2,277.997,7210469.0
2023-07-06 13:30:00,277.985,278.09,276.3,276.53,5934491.0
2023-07-06 14:00:00,276.5101,277.5,275.57,277.5,6984411.0
2023-07-06 14:30:00,277.51,277.75,276.76,277.065,4954203.0
2023-07-06 15:00:00,277.0501,278.2,276.95,278.01,4989058.0
2023-07-06 15:30:00,278.03,278.13,277.08,277.57,5067449.0
2023-07-06 16:00:00,277.56,277.84,276.31,276.54,9559480.0
2023-07-07 10:00:00,278.43,280.78,277.61,279.11,16860088.0
2023-07-07 10:30:00,279.085,279.3,275.21,276.59,14275765.0
2023-07-07 11:00:00,276.591,277.05,274.05,276.9621,11572336.0
2023-07-07 11:30:00,276.96,277.89,276.51,277.4599,7289263.0
2023-07-07 12:00:00,277.45,278.86,276.8576,278.7401,7078123.0
2023-07-07 12:30:00,278.77,279.38,278.58,278.645,6034451.0
2023-07-07 13:00:00,278.64,279.6,278.15,278.94,6122220.0
2023-07-07 13:30:00,278.95,279.96,278.79,279.675,5522833.0
2023-07-07 14:00:00,279.67,279.7393,278.79,279.07,4251620.0
2023-07-07 14:30:00,279.075,279.49,278.55,279.03,3842752.0
2023-07-07 15:00:00,279.02,279.22,277.08,277.7,5996094.0
2023-07-07 15:30:00,277.72,277.72,275.31,275.43,7624455.0
2023-07-07 16:00:00,275.43,276.15,273.77,274.43,12416345.0
2023-07-10 10:00:00,276.47,277.52,267.8001,270.72,20897950.0
2023-07-10 10:30:00,270.6882,273.28,270.21,272.0304,12632215.0
2023-07-10 11:00:00,272.04,272.87,269.88,270.6082,9636736.0
2023-07-10 11:30:00,270.6299,270.9,268.17,270.06,9806201.0
2023-07-10 12:00:00,270.045,270.85,267.63,268.0408,8253108.0
2023-07-10 12:30:00,268.0401,268.065,265.1,267.12,10619096.0
2023-07-10 13:00:00,267.1053,269.1599,266.63,268.89,6829065.0
2023-07-10 13:30:00,268.87,269.27,267.76,268.55,6471163.0
2023-07-10 14:00:00,268.6,269.55,267.9,268.35,5409487.0
2023-07-10 14:30:00,268.38,269.89,268.05,269.4389,5932530.0
2023-07-10 15:00:00,269.4112,270.36,268.72,269.1885,6019138.0
2023-07-10 15:30:00,269.21,269.95,268.42,268.9401,5582127.0
2023-07-10 16:00:00,268.91,269.7,268.43,269.61,7965173.0
2023-07-11 10:00:00,268.65,270.85,267.23,269.3959,15675016.0
2023-07-11 10:30:00,269.34,269.8699,266.9,269.6,10724496.0
2023-07-11 11:00:00,269.6,270.9,268.88,269.1582,8001771.0
2023-07-11 11:30:00,269.1417,269.89,267.53,268.58,6864951.0
2023-07-11 12:00:00,268.58,269.11,267.41,268.97,5391221.0
2023-07-11 12:30:00,268.98,269.19,266.66,267.055,5844095.0
2023-07-11 13:00:00,267.07,268.33,266.86,268.27,4697595.0
2023-07-11 13:30:00,268.3,268.46,267.54,268.4419,4074365.0
2023-07-11 14:00:00,268.44,268.57,266.46,267.57,5389184.0
2023-07-11 14:30:00,267.5806,268.07,266.37,267.1473,5113242.0
2023-07-11 15:00:00,267.16,268.35,266.85,268.1405,4185163.0
2023-07-11 15:30:00,268.13,269.06,267.71,269.0201,4508057.0
2023-07-11 16:00:00,269.04,270.1797,268.54,269.79,8659131.0
2023-07-12 10:00:00,276.325,276.52,272.0,273.81,17160855.0
2023-07-12 10:30:00,273.78,275.44,273.32,273.865,11068902.0
2023-07-12 11:00:00,273.8601,274.6599,272.3,272.5304,8716326.0
2023-07-12 11:30:00,272.532,274.5484,272.4859,273.485,7091404.0
2023-07-12 12:00:00,273.5,273.67,271.46,272.038,7968854.0
2023-07-12 12:30:00,272.0214,272.97,271.69,272.835,5258994.0
2023-07-12 13:00:00,272.835,273.35,272.1501,272.985,4395076.0
2023-07-12 13:30:00,272.989,273.66,272.6591,273.4,3261591.0
2023-07-12 14:00:00,273.41,274.15,273.2001,273.93,3518420.0
2023-07-12 14:30:00,273.94,274.44,273.07,274.23,4216537.0
2023-07-12 15:00:00,274.2399,274.27,273.17,273.34,3588898.0
2023-07-12 15:30:00,273.33,273.91,272.25,272.7,5279340.0
2023-07-12 16:00:00,272.72,272.98,271.8052,271.99,8358781.0
2023-07-13 10:00:00,274.59,274.97,272.5,273.57,12809811.0
2023-07-13 10:30:00,273.5935,273.73,270.91,271.08,10504872.0
2023-07-13 11:00:00,271.1,272.8899,270.6,272.57,8465641.0
2023-07-13 11:30:00,272.57,272.83,271.16,271.61,6197850.0
2023-07-13 12:00:00,271.615,272.65,271.03,272.5,5106747.0
2023-07-13 12:30:00,272.51,273.6799,272.36,273.575,6153683.0
2023-07-13 13:00:00,273.56,274.42,272.75,274.095,6018538.0
2023-07-13 13:30:00,274.105,274.95,273.71,274.785,6215778.0
2023-07-13 14:00:00,274.785,275.93,274.62,275.2316,7420844.0
2023-07-13 14:30:00,275.2301,276.32,274.76,276.19,6894306.0
2023-07-13 15:00:00,276.2073,278.93,275.94,278.38,10197819.0
2023-07-13 15:30:00,278.39,279.17,277.9,278.423,7777898.0
2023-07-13 16:00:00,278.42,279.45,277.56,277.9,12597849.0
2023-07-14 10:00:00,277.01,280.54,276.31,280.49,14620340.0
2023-07-14 10:30:00,280.44,280.45,278.0335,279.435,11473008.0
2023-07-14 11:00:00,279.435,279.95,276.5,277.82,9568627.0
2023-07-14 11:30:00,277.83,279.94,277.7,279.365,6592040.0
2023-07-14 12:00:00,279.36,282.75,279.23,282.6094,10048209.0
2023-07-14 12:30:00,282.61,283.69,281.86,283.32,9299550.0
2023-07-14 13:00:00,283.3264,285.3,282.64,284.54,10265608.0
2023-07-14 13:30:00,284.54,284.62,281.28,283.59,10072184.0
2023-07-14 14:00:00,283.6,283.97,282.02,282.16,5663081.0
2023-07-14 14:30:00,282.18,282.67,280.56,280.639,5169094.0
2023-07-14 15:00:00,280.65,280.95,279.25,279.84,7246970.0
2023-07-14 15:30:00,279.835,280.47,278.78,279.9572,6337237.0
2023-07-14 16:00:00,279.98,281.48,279.76,281.38,8593203.0
2023-07-17 10:00:00,286.625,292.23,286.04,290.425,23065797.0
2023-07-17 10:30:00,290.44,290.4996,286.47,287.0252,14507306.0
2023-07-17 11:00:00,287.03,288.18,284.51,284.61,12964310.0
2023-07-17 11:30:00,284.64,286.86,283.57,286.6273,10826112.0
2023-07-17 12:00:00,286.62,287.96,286.06,287.8401,6800783.0
2023-07-17 12:30:00,287.8501,288.9,286.26,286.6753,8130354.0
2023-07-17 13:00:00,286.69,287.7,285.8108,287.618,6038450.0
2023-07-17 13:30:00,287.6064,287.64,285.36,286.465,5617334.0
2023-07-17 14:00:00,286.45,287.7,286.3,287.38,4859958.0
2023-07-17 14:30:00,287.3837,289.0,287.16,288.81,6709664.0
2023-07-17 15:00:00,288.81,289.83,288.35,289.52,6897178.0
2023-07-17 15:30:00,289.53,290.63,288.7,289.0701,7549431.0
2023-07-17 16:00:00,289.06,290.5,288.65,290.38,11403551.0
2023-07-18 10:00:00,290.15,290.52,286.7,288.8348,17969145.0
2023-07-18 10:30:00,288.78,289.26,286.2602,286.595,11515234.0
2023-07-18 11:00:00,286.59,288.9,286.01,288.4983,8942474.0
2023-07-18 11:30:00,288.51,289.48,287.55,288.88,6856968.0
2023-07-18 12:00:00,288.9051,288.98,287.5,288.59,6188538.0
2023-07-18 12:30:00,288.639,288.87,287.6,288.46,4719223.0
2023-07-18 13:00:00,288.45,290.44,288.35,289.51,6822709.0
2023-07-18 13:30:00,289.51,291.4,289.34,290.66,6226127.0
2023-07-18 14:00:00,290.68,291.3,290.33,290.73,4579415.0
2023-07-18 14:30:00,290.7,292.26,290.62,291.9,5675808.0
2023-07-18 15:00:00,291.895,293.77,291.593,293.4,7392582.0
2023-07-18 15:30:00,293.43,293.75,292.4101,292.8,6486615.0
2023-07-18 16:00:00,292.8,295.26,292.75,293.34,14665823.0
2023-07-19 10:00:00,296.04,297.48,294.23,296.4848,17150878.0
2023-07-19 10:30:00,296.52,297.18,295.15,296.8,10006971.0
2023-07-19 11:00:00,296.8,299.0,296.76,297.73,12612522.0
2023-07-19 11:30:00,297.7555,298.78,297.5,298.1,7378158.0
2023-07-19 12:00:00,298.1,299.29,296.44,296.9687,9729658.0
2023-07-19 12:30:00,296.97,297.72,294.45,294.98,9652929.0
2023-07-19 13:00:00,294.96,295.13,293.0,294.5232,9366806.0
2023-07-19 13:30:00,294.51,294.84,292.5,294.596,7131167.0
2023-07-19 14:00:00,294.59,294.72,293.11,293.39,5105641.0
2023-07-19 14:30:00,293.39,293.57,291.35,292.2301,7770971.0
2023-07-19 15:00:00,292.26,292.53,289.5201,291.1701,9767130.0
2023-07-19 15:30:00,291.2,293.85,291.03,293.7098,7896677.0
2023-07-19 16:00:00,293.7284,294.0,291.02,291.26,10884189.0
2023-07-20 10:00:00,279.56,280.93,275.25,275.6,24612091.0
2023-07-20 10:30:00,275.57,275.97,272.01,272.69,18503256.0
2023-07-20 11:00:00,272.69,272.715,269.46,270.0039,16509935.0
2023-07-20 11:30:00,270.01,271.78,269.52,270.86,10239339.0
2023-07-20 12:00:00,270.865,274.06,270.77,271.99,10198155.0
2023-07-20 12:30:00,271.9795,272.93,270.01,270.02,7477311.0
2023-07-20 13:00:00,270.0111,270.7,266.6,266.805,11540242.0
2023-07-20 13:30:00,266.8001,267.69,264.21,266.1306,13160879.0
2023-07-20 14:00:00,266.12,266.95,265.1,266.3999,8308718.0
2023-07-20 14:30:00,266.37,266.47,264.12,264.541,9074223.0
2023-07-20 15:00:00,264.575,265.5716,263.69,264.3259,8423183.0
2023-07-20 15:30:00,264.3242,265.27,261.2,262.4067,11484638.0
2023-07-20 16:00:00,262.435,265.55,262.4101,262.9,16389412.0
2023-07-21 10:00:00,268.0,268.0,261.0,261.5501,20654286.0
2023-07-21 10:30:00,261.565,262.5,256.6,256.6721,17207498.0
2023-07-21 11:00:00,256.68,259.47,255.8,258.58,13657612.0
2023-07-21 11:30:00,258.5701,262.45,258.53,262.4399,10661828.0
2023-07-21 12:00:00,262.44,262.45,259.7,262.0393,9875227.0
2023-07-21 12:30:00,262.04,262.3,260.33,261.3894,5956910.0
2023-07-21 13:00:00,261.3697,264.83,261.281,263.945,11000168.0
2023-07-21 13:30:00,263.9477,265.99,263.7501,265.9501,6832332.0
2023-07-21 14:00:00,265.96,267.48,264.7,265.7798,9183511.0
2023-07-21 14:30:00,265.79,265.91,262.5,263.144,7825535.0
2023-07-21 15:00:00,263.15,264.88,262.2601,263.25,7234248.0
2023-07-21 15:30:00,263.28,263.8497,261.222,262.32,8077586.0
2023-07-21 16:00:00,262.34,262.39,259.36,260.02,26136112.0
2023-07-24 10:00:00,255.85,259.18,254.12,256.6525,19525707.0
2023-07-24 10:30:00,256.62,262.72,256.48,262.25,14407333.0
2023-07-24 11:00:00,262.2699,262.55,259.51,261.3799,10820385.0
2023-07-24 11:30:00,261.3896,265.17,260.89,263.9355,12571014.0
2023-07-24 12:00:00,263.92,266.19,263.3,265.82,9190011.0
2023-07-24 12:30:00,265.8474,267.59,265.34,266.8299,9970870.0
2023-07-24 13:00:00,266.87,267.1,265.4,266.96,7522035.0
2023-07-24 13:30:00,266.975,267.8,265.86,267.125,7078643.0
2023-07-24 14:00:00,267.16,269.49,266.82,269.1443,8081005.0
2023-07-24 14:30:00,269.15,269.85,268.17,268.28,7146485.0
2023-07-24 15:00:00,268.26,269.355,267.6001,269.27,6943266.0
2023-07-24 15:30:00,269.28,269.58,267.45,267.6597,6730062.0
2023-07-24 16:00:00,267.6415,269.16,267.64,269.06,11773229.0
2023-07-25 10:00:00,272.38,272.9,268.76,270.2628,19012089.0
2023-07-25 10:30:00,270.255,271.02,267.7,268.34,13331139.0
2023-07-25 11:00:00,268.37,268.7299,265.41,266.13,12584291.0
2023-07-25 11:30:00,266.14,268.1,265.5943,267.84,8280628.0
2023-07-25 12:00:00,267.87,269.38,267.3601,267.94,7695382.0
2023-07-25 12:30:00,267.941,268.2,266.88,268.1564,6087866.0
2023-07-25 13:00:00,268.1385,269.15,267.5,268.8528,4788990.0
2023-07-25 13:30:00,268.86,270.038,268.28,269.395,6118331.0
2023-07-25 14:00:00,269.39,270.24,268.19,268.7301,5437131.0
2023-07-25 14:30:00,268.7289,269.77,268.4,269.6855,4682730.0
2023-07-25 15:00:00,269.695,269.98,267.38,267.615,5478309.0
2023-07-25 15:30:00,267.6172,268.414,267.06,267.4154,5326038.0
2023-07-25 16:00:00,267.42,267.65,265.0,265.28,9936196.0
2023-07-26 10:00:00,263.25,267.5,261.75,267.22,13673657.0
2023-07-26 10:30:00,267.22,268.04,265.57,266.85,10102396.0
2023-07-26 11:00:00,266.85,267.83,263.5701,264.05,8837856.0
2023-07-26 11:30:00,264.045,265.1,263.75,263.835,6753780.0
2023-07-26 12:00:00,263.835,264.8,263.19,264.4046,5672890.0
2023-07-26 12:30:00,264.46,264.98,263.77,263.9,4531168.0
2023-07-26 13:00:00,263.895,264.2463,262.72,263.535,5348609.0
2023-07-26 13:30:00,263.5204,264.66,263.42,264.39,3934684.0
2023-07-26 14:00:00,264.39,264.66,263.43,263.5199,2914734.0
2023-07-26 14:30:00,263.48,265.7,263.06,263.76,7401086.0
2023-07-26 15:00:00,263.79,266.3865,263.66,265.65,8647971.0
2023-07-26 15:30:00,265.67,265.8,263.35,264.55,7027438.0
2023-07-26 16:00:00,264.5739,265.29,263.4001,264.35,8631987.0
2023-07-27 10:00:00,268.31,269.13,265.7601,266.1231,13088725.0
2023-07-27 10:30:00,266.1427,267.05,263.42,263.4667,9778002.0
2023-07-27 11:00:00,263.46,265.75,263.33,264.63,8390203.0
2023-07-27 11:30:00,264.67,266.2,264.25,266.032,5053990.0
2023-07-27 12:00:00,266.04,266.66,265.28,266.3999,5196210.0
2023-07-27 12:30:00,266.3872,267.33,266.2555,267.17,5092911.0
2023-07-27 13:00:00,267.18,267.48,265.13,265.298,4681287.0
2023-07-27 13:30:00,265.31,265.6668,262.5,262.945,7626409.0
2023-07-27 14:00:00,262.9001,263.2494,261.81,262.7491,5529714.0
2023-07-27 14:30:00,262.7401,262.97,259.5,259.6199,7893264.0
2023-07-27 15:00:00,259.58,260.3599,256.67,256.67,9652819.0
2023-07-27 15:30:00,256.67,258.05,256.03,257.155,7480887.0
2023-07-27 16:00:00,257.17,257.59,255.3,255.71,10198674.0
2023-07-28 10:00:00,259.86,263.06,258.2312,262.0901,14876568.0
2023-07-28 10:30:00,262.2,264.0,261.7602,262.2141,11007394.0
2023-07-28 11:00:00,262.205,263.18,260.5501,262.9318,9232706.0
2023-07-28 11:30:00,262.95,265.0,262.24,264.335,8345775.0
2023-07-28 12:00:00,264.335,266.43,264.3,266.275,8296855.0
2023-07-28 12:30:00,266.293,266.88,264.5619,266.683,7554599.0
2023-07-28 13:00:00,266.67,267.05,265.3,265.5701,6708613.0
2023-07-28 13:30:00,265.59,266.38,265.23,265.7806,4955260.0
2023-07-28 14:00:00,265.78,266.18,263.9,265.325,6836450.0
2023-07-28 14:30:00,265.3,266.23,264.66,266.19,4809448.0
2023-07-28 15:00:00,266.195,267.25,265.7737,266.95,6281048.0
2023-07-28 15:30:00,266.95,266.98,265.1401,265.3701,5747981.0
2023-07-28 16:00:00,265.38,266.86,265.27,266.44,11908266.0
2023-07-31 10:00:00,267.48,269.08,263.78,264.7369,15397999.0
2023-07-31 10:30:00,264.76,266.3,263.95,266.1901,9165747.0
2023-07-31 11:00:00,266.225,266.92,264.6,266.765,6765963.0
2023-07-31 11:30:00,266.75,267.2399,265.89,266.0862,5981383.0
2023-07-31 12:00:00,266.088,267.24,265.21,267.104,5931254.0
2023-07-31 12:30:00,267.135,268.6308,267.08,268.1999,6881201.0
2023-07-31 13:00:00,268.19,268.69,267.1201,267.3221,5079851.0
2023-07-31 13:30:00,267.31,268.1,266.48,266.59,4916600.0
2023-07-31 14:00:00,266.58,267.82,266.56,267.3637,3595397.0
2023-07-31 14:30:00,267.39,268.33,267.33,267.58,4008091.0
2023-07-31 15:00:00,267.6,268.05,266.78,267.575,3698914.0
2023-07-31 15:30:00,267.5963,267.7,266.43,266.92,3659228.0
2023-07-31 16:00:00,266.92,267.56,265.82,267.43,7350054.0
2023-08-01 10:00:00,266.26,266.47,262.22,262.806,13177826.0
2023-08-01 10:30:00,262.92,263.85,261.648,262.4701,10199110.0
2023-08-01 11:00:00,262.52,264.1,262.22,263.68,8331274.0
2023-08-01 11:30:00,263.6963,264.07,262.6156,263.605,6317296.0
2023-08-01 12:00:00,263.6138,263.9072,262.1,262.6,5270956.0
2023-08-01 12:30:00,262.6045,262.6045,260.5,260.705,6632258.0
2023-08-01 13:00:00,260.705,261.75,260.25,261.6057,4925541.0
2023-08-01 13:30:00,261.6,262.15,260.9,261.19,4376511.0
2023-08-01 14:00:00,261.15,261.28,260.3,261.1699,4043761.0
2023-08-01 14:30:00,261.1699,261.92,260.88,261.45,3465816.0
2023-08-01 15:00:00,261.46,261.7,260.72,261.0299,3141074.0
2023-08-01 15:30:00,261.03,262.18,260.92,261.0125,4022182.0
2023-08-01 16:00:00,261.02,261.72,260.36,261.07,6513685.0
2023-08-02 10:00:00,255.57,259.52,254.0301,259.08,15429106.0
2023-08-02 10:30:00,259.11,259.25,255.0,255.9254,11878906.0
2023-08-02 11:00:00,255.9562,257.58,254.56,254.77,9302804.0
2023-08-02 11:30:00,254.75,255.73,253.33,254.285,8084778.0
2023-08-02 12:00:00,254.2863,255.28,251.745,251.7601,8257371.0
2023-08-02 12:30:00,251.7601,252.3899,250.49,251.41,8164856.0
2023-08-02 13:00:00,251.39,252.86,251.36,252.672,5243563.0
2023-08-02 13:30:00,252.685,254.53,252.57,253.855,5218881.0
2023-08-02 14:00:00,253.855,254.91,253.26,253.4001,4475147.0
2023-08-02 14:30:00,253.405,255.37,252.94,255.1799,4894057.0
2023-08-02 15:00:00,255.16,255.45,254.15,254.7,4399896.0
2023-08-02 15:30:00,254.7299,255.48,253.02,253.2199,4942108.0
2023-08-02 16:00:00,253.21,254.6499,253.08,254.11,7594037.0
2023-08-03 10:00:00,252.04,257.5,252.0,256.69,14357725.0
2023-08-03 10:30:00,256.6963,257.4,253.01,253.24,11396759.0
2023-08-03 11:00:00,253.2258,255.35,253.115,254.86,9275966.0
2023-08-03 11:30:00,254.88,257.2,254.85,256.3201,8554177.0
2023-08-03 12:00:00,256.35,257.1,255.44,255.81,6581103.0
2023-08-03 12:30:00,255.8,256.4199,255.45,255.8399,4401773.0
2023-08-03 13:00:00,255.85,257.7499,255.52,257.6687,4860120.0
2023-08-03 13:30:00,257.675,258.59,257.43,257.7002,5107505.0
2023-08-03 14:00:00,257.7,258.75,257.48,257.7298,4604265.0
2023-08-03 14:30:00,257.73,258.61,257.02,258.44,4466940.0
2023-08-03 15:00:00,258.465,260.49,258.42,260.2099,7121541.0
2023-08-03 15:30:00,260.21,260.22,258.3,259.5999,6338213.0
2023-08-03 16:00:00,259.5988,260.1099,258.72,259.32,7545359.0
2023-08-04 10:00:00,260.97,264.77,259.42,259.6,14826010.0
2023-08-04 10:30:00,259.6,259.7199,257.3,257.995,11900511.0
2023-08-04 11:00:00,257.9614,259.8,256.5,258.2802,9298054.0
2023-08-04 11:30:00,258.32,259.3099,257.93,259.06,5690371.0
2023-08-04 12:00:00,259.06,260.44,258.1,260.295,6176911.0
2023-08-04 12:30:00,260.3299,260.39,258.46,259.81,4997871.0
2023-08-04 13:00:00,259.85,261.04,259.46,260.605,4983235.0
2023-08-04 13:30:00,260.605,260.8599,259.21,259.56,4478302.0
2023-08-04 14:00:00,259.5799,259.9,258.31,258.5,4250763.0
2023-08-04 14:30:00,258.504,258.5892,255.4,255.665,7362385.0
2023-08-04 15:00:00,255.67,256.05,254.11,254.755,7304103.0
2023-08-04 15:30:00,254.74,255.0999,253.64,254.24,6547136.0
2023-08-04 16:00:00,254.2604,254.6699,253.11,253.86,8800028.0
2023-08-07 10:00:00,251.45,253.6511,246.0101,246.02,20125545.0
2023-08-07 10:30:00,246.0114,249.5965,245.0,248.1731,11499440.0
2023-08-07 11:00:00,248.13,249.2,246.0,246.72,9057902.0
2023-08-07 11:30:00,246.74,247.2,243.88,244.0041,11050422.0
2023-08-07 12:00:00,243.98,245.7,242.76,245.65,8649474.0
2023-08-07 12:30:00,245.655,247.06,245.4,246.945,5937598.0
2023-08-07 13:00:00,246.9453,247.038,245.45,246.012,5216991.0
2023-08-07 13:30:00,246.03,246.97,245.34,246.72,4445641.0
2023-08-07 14:00:00,246.73,248.6793,246.3,248.385,5685985.0
2023-08-07 14:30:00,248.38,249.5,247.86,248.73,5151906.0
2023-08-07 15:00:00,248.7399,249.74,248.51,249.31,5538591.0
2023-08-07 15:30:00,249.35,250.5399,249.31,249.6492,5837535.0
2023-08-07 16:00:00,249.625,251.58,249.31,251.45,9100241.0
2023-08-08 10:00:00,247.45,249.2,245.01,246.97,14182642.0
2023-08-08 10:30:00,246.91,250.4,246.12,250.1199,13150227.0
2023-08-08 11:00:00,250.12,250.92,248.06,249.0801,9564893.0
2023-08-08 11:30:00,249.1002,249.58,247.44,248.0,8617957.0
2023-08-08 12:00:00,248.02,248.2899,246.3,246.9,6922300.0
2023-08-08 12:30:00,246.9028,248.59,246.65,247.885,4868705.0
2023-08-08 13:00:00,247.875,248.81,247.1301,248.4804,5322157.0
2023-08-08 13:30:00,248.5496,249.64,248.35,249.17,4545579.0
2023-08-08 14:00:00,249.15,249.76,248.35,249.1465,4568809.0
2023-08-08 14:30:00,249.1586,250.2899,248.71,249.7001,5017910.0
2023-08-08 15:00:00,249.7101,250.46,249.13,250.045,4427317.0
2023-08-08 15:30:00,250.0599,250.21,248.91,249.5,5290716.0
2023-08-08 16:00:00,249.49,250.32,248.6287,249.7,7704270.0
2023-08-09 10:00:00,250.87,251.1,245.7804,247.085,13418963.0
2023-08-09 10:30:00,247.09,248.5499,245.85,246.71,9203686.0
2023-08-09 11:00:00,246.71,247.3,244.75,244.8855,9444416.0
2023-08-09 11:30:00,244.84,245.75,242.2,243.4193,10128932.0
2023-08-09 12:00:00,243.41,245.29,243.0533,243.405,7806086.0
2023-08-09 12:30:00,243.38,244.25,243.0,243.97,5920625.0
2023-08-09 13:00:00,243.93,244.74,243.06,243.235,5083649.0
2023-08-09 13:30:00,243.2331,245.65,243.07,245.17,5288353.0
2023-08-09 14:00:00,245.1701,245.74,244.66,244.98,4472406.0
2023-08-09 14:30:00,244.9999,246.46,244.68,246.06,4545392.0
2023-08-09 15:00:00,246.065,246.64,245.1,245.18,4487957.0
2023-08-09 15:30:00,245.185,245.58,243.9206,244.725,5519650.0
2023-08-09 16:00:00,244.7515,244.9084,241.9,242.19,12491131.0
2023-08-10 10:00:00,245.4,250.5896,244.53,250.495,16302769.0
2023-08-10 10:30:00,250.5,251.58,249.71,250.9733,12671232.0
2023-08-10 11:00:00,250.96,251.8,248.25,249.12,11650976.0
2023-08-10 11:30:00,249.12,249.18,246.09,246.63,9754996.0
2023-08-10 12:00:00,246.63,247.21,244.43,244.81,9004032.0
2023-08-10 12:30:00,244.76,245.65,243.8,244.5901,7737630.0
2023-08-10 13:00:00,244.6147,246.41,244.41,245.1872,6022782.0
2023-08-10 13:30:00,245.175,245.64,244.1,244.82,4485770.0
2023-08-10 14:00:00,244.8,245.0796,243.0,243.9612,6134270.0
2023-08-10 14:30:00,243.98,245.98,243.85,245.48,5348775.0
2023-08-10 15:00:00,245.475,245.7799,244.03,245.54,4810970.0
2023-08-10 15:30:00,245.5201,246.19,244.5554,245.02,5115176.0
2023-08-10 16:00:00,245.0,245.9,244.4,245.34,6799323.0
2023-08-11 10:00:00,241.77,242.67,238.02,239.5208,18055500.0
2023-08-11 10:30:00,239.55,241.92,239.5401,240.94,11018823.0
2023-08-11 11:00:00,240.98,242.56,239.8,242.02,8908006.0
2023-08-11 11:30:00,242.025,242.64,240.46,240.69,7343455.0
2023-08-11 12:00:00,240.68,240.94,239.32,240.4299,6224741.0
2023-08-11 12:30:00,240.38,242.4,240.16,242.3755,5604139.0
2023-08-11 13:00:00,242.355,243.1999,241.0801,241.75,6215566.0
2023-08-11 13:30:00,241.7699,242.53,240.8,242.39,4667558.0
2023-08-11 14:00:00,242.35,242.68,241.4,242.03,4238221.0
2023-08-11 14:30:00,242.0601,243.07,242.01,242.66,4572612.0
2023-08-11 15:00:00,242.65,243.79,242.5702,243.635,5999151.0
2023-08-11 15:30:00,243.6309,243.6399,242.35,242.96,5802314.0
2023-08-11 16:00:00,242.96,243.07,241.98,242.65,8218763.0
2023-08-14 10:00:00,235.7,237.08,233.75,236.47,17815955.0
2023-08-14 10:30:00,236.44,238.96,235.96,238.0101,11167421.0
2023-08-14 11:00:00,238.02,240.66,237.51,239.96,8675205.0
2023-08-14 11:30:00,239.96,240.03,238.06,238.99,7465668.0
2023-08-14 12:00:00,238.99,239.21,236.9,237.09,7196908.0
2023-08-14 12:30:00,237.09,238.5491,236.71,238.2691,6397364.0
2023-08-14 13:00:00,238.2701,239.617,238.0,239.0101,5974768.0
2023-08-14 13:30:00,239.05,239.6,238.1001,238.7699,5465510.0
2023-08-14 14:00:00,238.76,239.02,237.6601,238.2272,4277536.0
2023-08-14 14:30:00,238.25,238.505,237.36,238.3484,4157941.0
2023-08-14 15:00:00,238.36,239.06,237.66,238.4603,4358094.0
2023-08-14 15:30:00,238.4507,238.9,238.03,238.425,4168948.0
2023-08-14 16:00:00,238.42,239.84,238.23,239.76,6900021.0
2023-08-15 10:00:00,238.73,240.5,235.87,236.46,14405426.0
2023-08-15 10:30:00,236.49,236.88,235.13,235.3599,10882517.0
2023-08-15 11:00:00,235.36,236.055,234.27,234.76,8878375.0
2023-08-15 11:30:00,234.7799,236.39,234.75,235.3508,6482888.0
2023-08-15 12:00:00,235.35,236.13,234.89,235.8985,4983253.0
2023-08-15 12:30:00,235.91,236.14,234.51,235.25,4635850.0
2023-08-15 13:00:00,235.25,235.6237,233.85,233.9799,5047310.0
2023-08-15 13:30:00,233.9791,234.44,233.2,233.9227,5047961.0
2023-08-15 14:00:00,233.9215,234.0699,232.8506,233.58,4545087.0
2023-08-15 14:30:00,233.5791,234.09,233.04,233.13,4007871.0
2023-08-15 15:00:00,233.14,234.12,233.09,233.8699,3816173.0
2023-08-15 15:30:00,233.87,234.4,232.61,232.74,4343432.0
2023-08-15 16:00:00,232.77,233.74,232.6201,232.96,8336086.0
2023-08-16 10:00:00,228.02,233.97,227.45,233.43,18214659.0
2023-08-16 10:30:00,233.435,233.87,230.84,231.18,11437172.0
2023-08-16 11:00:00,231.145,232.5899,230.25,230.4599,8474741.0
2023-08-16 11:30:00,230.5,230.7599,228.4,228.78,9665897.0
2023-08-16 12:00:00,228.79,229.09,227.7101,228.488,8257171.0
2023-08-16 12:30:00,228.4786,229.28,226.67,226.9283,8144421.0
2023-08-16 13:00:00,226.9391,228.59,226.87,227.68,5308062.0
2023-08-16 13:30:00,227.6899,228.83,227.18,228.56,4912417.0
2023-08-16 14:00:00,228.5443,229.22,228.11,228.9023,4231055.0
2023-08-16 14:30:00,228.91,229.35,226.95,228.9601,7164847.0
2023-08-16 15:00:00,228.97,229.47,227.91,228.34,5233709.0
2023-08-16 15:30:00,228.34,228.34,226.25,227.03,6294128.0
2023-08-16 16:00:00,227.06,227.62,225.38,225.6,10362094.0
2023-08-17 10:00:00,226.06,226.74,221.5312,223.13,18416907.0
2023-08-17 10:30:00,223.13,224.705,222.2101,224.4138,13300825.0
2023-08-17 11:00:00,224.385,225.68,223.47,224.475,11422481.0
2023-08-17 11:30:00,224.4801,225.17,223.06,223.39,9378087.0
2023-08-17 12:00:00,223.42,224.1994,222.8,223.98,6827042.0
2023-08-17 12:30:00,223.97,225.18,223.6,224.865,6379794.0
2023-08-17 13:00:00,224.8899,225.53,224.1235,225.35,5564021.0
2023-08-17 13:30:00,225.35,225.525,223.5,223.89,5808950.0
2023-08-17 14:00:00,223.89,223.9266,222.61,223.1,5081694.0
2023-08-17 14:30:00,223.05,223.3,221.91,222.1299,5756952.0
2023-08-17 15:00:00,222.115,222.1399,220.55,221.05,7721011.0
2023-08-17 15:30:00,221.0699,221.51,219.3801,220.1399,8633024.0
2023-08-17 16:00:00,220.1409,220.23,218.83,219.22,11836712.0
2023-08-18 10:00:00,214.12,217.58,213.5,216.025,21213161.0
2023-08-18 10:30:00,216.03,217.3,214.8201,215.71,14861508.0
2023-08-18 11:00:00,215.74,216.6393,213.86,214.67,13583468.0
2023-08-18 11:30:00,214.67,215.47,212.76,212.9737,10761539.0
2023-08-18 12:00:00,212.9959,214.95,212.36,214.8308,9623233.0
2023-08-18 12:30:00,214.81,216.9,214.53,214.61,11118667.0
2023-08-18 13:00:00,214.6402,216.65,214.5315,215.119,8024271.0
2023-08-18 13:30:00,215.12,216.335,214.25,215.23,7782369.0
2023-08-18 14:00:00,215.2231,215.8,214.7,214.95,5966739.0
2023-08-18 14:30:00,214.96,215.55,214.25,215.0663,5947345.0
2023-08-18 15:00:00,215.01,216.32,214.86,215.1458,6252362.0
2023-08-18 15:30:00,215.14,215.31,214.17,214.93,5720571.0
2023-08-18 16:00:00,214.94,216.31,214.67,215.49,10539462.0
2023-08-21 10:00:00,221.5512,228.75,220.58,228.38,23472169.0
2023-08-21 10:30:00,228.39,229.94,226.76,226.9249,17493420.0
2023-08-21 11:00:00,226.98,227.41,225.62,225.7889,12720603.0
2023-08-21 11:30:00,225.765,226.84,224.76,225.06,9466408.0
2023-08-21 12:00:00,225.06,226.04,224.55,225.6299,7300248.0
2023-08-21 12:30:00,225.62,227.45,225.51,227.22,6412711.0
2023-08-21 13:00:00,227.2,228.56,226.9437,228.4335,6377543.0
2023-08-21 13:30:00,228.4201,228.62,227.24,228.15,5669672.0
2023-08-21 14:00:00,228.1329,229.64,228.07,228.7901,6423877.0
2023-08-21 14:30:00,228.8,230.45,228.363,230.03,7384069.0
2023-08-21 15:00:00,230.0588,231.06,229.58,230.57,6552552.0
2023-08-21 15:30:00,230.5737,230.98,229.89,230.1535,6066408.0
2023-08-21 16:00:00,230.15,232.1343,229.44,231.28,15153196.0
2023-08-22 10:00:00,240.25,240.82,234.76,235.09,24849413.0
2023-08-22 10:30:00,235.09,238.36,234.7,235.2201,13857262.0
2023-08-22 11:00:00,235.25,236.337,233.47,236.32,11936167.0
2023-08-22 11:30:00,236.31,236.55,233.0319,233.08,8042980.0
2023-08-22 12:00:00,233.0864,234.12,231.482,231.978,8162146.0
2023-08-22 12:30:00,231.94,232.54,229.55,231.68,9457808.0
2023-08-22 13:00:00,231.6799,234.185,231.63,233.6299,8278264.0
2023-08-22 13:30:00,233.61,234.04,231.44,232.285,7003043.0
2023-08-22 14:00:00,232.3,232.69,230.7901,232.265,6018600.0
2023-08-22 14:30:00,232.25,233.77,231.85,233.3915,6849153.0
2023-08-22 15:00:00,233.41,233.615,232.1,233.2302,5757033.0
2023-08-22 15:30:00,233.212,234.19,232.36,232.5999,7055140.0
2023-08-22 16:00:00,232.58,233.48,231.82,233.19,8207295.0
2023-08-23 10:00:00,229.34,232.97,229.29,231.6637,15899624.0
2023-08-23 10:30:00,231.67,234.7099,230.95,234.03,11301231.0
2023-08-23 11:00:00,234.015,235.18,233.2,233.88,8967871.0
2023-08-23 11:30:00,233.8889,235.59,233.53,235.33,7468236.0
2023-08-23 12:00:00,235.359,237.04,234.89,236.95,7355131.0
2023-08-23 12:30:00,236.9512,237.14,235.68,236.505,6217045.0
2023-08-23 13:00:00,236.57,236.72,235.315,235.365,4582801.0
2023-08-23 13:30:00,235.34,236.88,235.26,236.6761,4553862.0
2023-08-23 14:00:00,236.68,238.46,236.6666,238.43,5657081.0
2023-08-23 14:30:00,238.425,238.98,237.35,237.87,5733032.0
2023-08-23 15:00:00,237.855,238.0998,237.06,237.53,4504899.0
2023-08-23 15:30:00,237.54,238.27,237.27,237.86,4004581.0
2023-08-23 16:00:00,237.85,238.25,236.51,236.86,7651181.0
2023-08-24 10:00:00,238.66,238.92,232.35,233.2802,15350870.0
2023-08-24 10:30:00,233.29,233.715,229.24,229.2927,12959963.0
2023-08-24 11:00:00,229.275,231.65,228.1801,230.3515,10618885.0
2023-08-24 11:30:00,230.39,231.28,229.26,231.0799,7911743.0
2023-08-24 12:00:00,231.06,231.4439,229.7,230.9,7241357.0
2023-08-24 12:30:00,230.9372,233.13,230.89,232.7299,5762859.0
2023-08-24 13:00:00,232.73,234.44,232.5052,232.81,6058765.0
2023-08-24 13:30:00,232.8205,233.1,231.82,232.12,4470348.0
2023-08-24 14:00:00,232.13,233.3,231.93,232.4185,4185673.0
2023-08-24 14:30:00,232.425,233.78,232.34,232.53,4630394.0
2023-08-24 15:00:00,232.52,232.9799,231.2,231.9674,4561287.0
2023-08-24 15:30:00,231.95,232.53,230.62,230.8804,4596171.0
2023-08-24 16:00:00,230.91,231.23,229.86,230.04,8191709.0
2023-08-25 10:00:00,231.31,235.91,230.93,234.6,14779832.0
2023-08-25 10:30:00,234.6,237.76,232.3,233.6113,15739889.0
2023-08-25 11:00:00,233.64,234.92,230.35,230.4363,10173246.0
2023-08-25 11:30:00,230.4101,234.49,230.37,234.36,8772460.0
2023-08-25 12:00:00,234.3606,235.25,232.55,233.02,7025052.0
2023-08-25 12:30:00,233.01,234.86,232.83,234.86,5317001.0
2023-08-25 13:00:00,234.84,235.73,234.15,235.34,5327776.0
2023-08-25 13:30:00,235.3454,236.1199,234.48,234.91,4372447.0
2023-08-25 14:00:00,234.93,235.79,234.2807,235.6481,3882987.0
2023-08-25 14:30:00,235.64,238.49,235.52,238.4334,6488696.0
2023-08-25 15:00:00,238.46,238.76,237.27,238.42,6795079.0
2023-08-25 15:30:00,238.44,238.9,237.81,238.5285,5690627.0
2023-08-25 16:00:00,238.53,239.0,237.57,238.59,9520667.0
2023-08-28 10:00:00,242.58,244.38,237.2,238.6,20357226.0
2023-08-28 10:30:00,238.62,240.44,238.07,240.25,11104036.0
2023-08-28 11:00:00,240.2401,240.87,238.09,238.93,9497617.0
2023-08-28 11:30:00,238.95,240.2,237.81,239.46,7202785.0
2023-08-28 12:00:00,239.465,239.86,236.4,237.6151,7914621.0
2023-08-28 12:30:00,237.615,237.6841,235.52,236.165,8247631.0
2023-08-28 13:00:00,236.1834,237.26,235.35,237.16,6446422.0
2023-08-28 13:30:00,237.15,239.15,237.0,239.06,5487241.0
2023-08-28 14:00:00,239.08,239.12,236.03,236.45,5505497.0
2023-08-28 14:30:00,236.48,237.25,236.31,237.15,4231037.0
2023-08-28 15:00:00,237.1319,238.04,236.55,238.0,3903313.0
2023-08-28 15:30:00,238.025,238.5,237.16,237.615,4895632.0
2023-08-28 16:00:00,237.59,239.68,237.47,238.82,9520413.0
2023-08-29 10:00:00,238.58,242.4093,237.77,242.355,16428997.0
2023-08-29 10:30:00,242.355,249.66,242.22,249.2201,20504592.0
2023-08-29 11:00:00,249.24,251.19,248.59,248.99,15602937.0
2023-08-29 11:30:00,248.98,251.89,248.87,251.45,10442714.0
2023-08-29 12:00:00,251.475,253.74,250.91,253.365,9400519.0
2023-08-29 12:30:00,253.36,254.6488,253.02,253.83,8063433.0
2023-08-29 13:00:00,253.87,254.87,253.4451,254.3886,6903365.0
2023-08-29 13:30:00,254.4,254.5482,252.655,253.2904,5700073.0
2023-08-29 14:00:00,253.3,254.56,253.1,253.97,6291215.0
2023-08-29 14:30:00,253.9662,255.3699,253.8401,254.9752,5970947.0
2023-08-29 15:00:00,254.9675,255.55,254.48,255.36,5752435.0
2023-08-29 15:30:00,255.37,257.04,254.83,256.6476,7807709.0
2023-08-29 16:00:00,256.64,257.48,255.41,257.18,12005336.0
2023-08-30 10:00:00,254.2,255.45,250.59,254.5201,20753875.0
2023-08-30 10:30:00,254.53,256.38,251.8125,252.9706,15304663.0
2023-08-30 11:00:00,252.9701,255.22,252.97,254.9642,10233770.0
2023-08-30 11:30:00,254.97,255.89,253.81,255.4101,7601899.0
2023-08-30 12:00:00,255.4101,258.78,255.25,257.77,9359258.0
2023-08-30 12:30:00,257.775,260.51,257.6801,260.0192,8788973.0
2023-08-30 13:00:00,259.99,260.14,258.31,259.115,6815948.0
2023-08-30 13:30:00,259.13,259.19,257.7431,257.91,5015788.0
2023-08-30 14:00:00,257.93,259.25,256.01,256.65,6660599.0
2023-08-30 14:30:00,256.6415,256.81,254.91,254.915,7252540.0
2023-08-30 15:00:00,254.91,257.35,254.73,256.9799,5871014.0
2023-08-30 15:30:00,256.99,257.65,254.21,255.94,6488508.0
2023-08-30 16:00:00,255.97,257.56,255.82,256.9,8606516.0
2023-08-31 10:00:00,255.98,259.66,255.05,257.2699,17613342.0
2023-08-31 10:30:00,257.25,258.34,255.71,258.19,11523081.0
2023-08-31 11:00:00,258.2,259.79,257.5006,258.77,10893196.0
2023-08-31 11:30:00,258.7601,259.3,257.9,258.84,7854064.0
2023-08-31 12:00:00,258.82,259.92,258.1301,259.68,7595761.0
2023-08-31 12:30:00,259.7,259.73,257.0,257.2,6755242.0
2023-08-31 13:00:00,257.21,257.8198,255.65,257.0101,6885774.0
2023-08-31 13:30:00,257.02,258.1649,256.54,257.735,5057378.0
2023-08-31 14:00:00,257.7501,258.18,256.8,257.36,3991484.0
2023-08-31 14:30:00,257.375,259.13,257.3,258.825,4607856.0
2023-08-31 15:00:00,258.835,258.92,258.0203,258.532,3914624.0
2023-08-31 15:30:00,258.545,259.48,258.46,258.91,4658465.0
2023-08-31 16:00:00,258.97,261.18,257.89,258.08,12632080.0
2023-09-01 10:00:00,257.26,259.0794,251.68,252.69,19677392.0
2023-09-01 10:30:00,252.67,253.9,251.0501,252.57,12607086.0
2023-09-01 11:00:00,252.55,252.5511,246.86,247.185,14096397.0
2023-09-01 11:30:00,247.1748,249.0,247.0,248.0564,9841574.0
2023-09-01 12:00:00,248.09,248.515,245.57,246.305,8575938.0
2023-09-01 12:30:00,246.27,247.24,245.46,246.77,7551279.0
2023-09-01 13:00:00,246.7637,247.99,246.36,247.32,6062912.0
2023-09-01 13:30:00,247.2903,247.9397,246.56,246.6238,5290741.0
2023-09-01 14:00:00,246.6207,247.07,244.53,245.5001,7858444.0
2023-09-01 14:30:00,245.49,245.8,242.51,242.91,8156681.0
2023-09-01 15:00:00,242.92,244.23,242.01,244.13,7470442.0
2023-09-01 15:30:00,244.1467,244.3,242.75,244.0865,7733937.0
2023-09-01 16:00:00,244.09,245.48,243.9,245.01,12599719.0
2023-09-05 10:00:00,245.0,252.99,244.86,249.6525,24283554.0
2023-09-05 10:30:00,249.72,253.72,249.03,252.15,16696549.0
2023-09-05 11:00:00,252.1493,253.88,251.08,253.085,11004806.0
2023-09-05 11:30:00,253.1,253.99,252.11,252.29,8394616.0
2023-09-05 12:00:00,252.2749,253.32,252.092,252.7401,6198669.0
2023-09-05 12:30:00,252.76,255.81,252.61,255.5144,9028959.0
2023-09-05 13:00:00,255.55,256.9,255.33,256.48,7803208.0
2023-09-05 13:30:00,256.4787,256.66,255.14,255.36,6921893.0
2023-09-05 14:00:00,255.35,256.26,255.1,255.8801,5746497.0
2023-09-05 14:30:00,255.92,257.5,255.54,257.3216,7124657.0
2023-09-05 15:00:00,257.33,258.0,256.84,257.8937,5797455.0
2023-09-05 15:30:00,257.89,257.925,256.58,257.275,6382289.0
2023-09-05 16:00:00,257.29,257.805,255.95,256.49,10658841.0
2023-09-06 10:00:00,255.135,255.39,248.11,249.74,21035666.0
2023-09-06 10:30:00,249.68,253.11,245.39,245.65,17128753.0
2023-09-06 11:00:00,245.66,247.399,245.06,246.12,10523407.0
2023-09-06 11:30:00,246.11,247.6,245.53,247.1892,7255108.0
2023-09-06 12:00:00,247.18,248.89,247.13,248.6282,6879555.0
2023-09-06 12:30:00,248.629,249.7041,248.35,249.36,6077027.0
2023-09-06 13:00:00,249.36,249.4171,247.41,248.49,5822875.0
2023-09-06 13:30:00,248.49,251.08,248.32,250.5727,8134497.0
2023-09-06 14:00:00,250.57,251.9899,250.47,250.9347,6615466.0
2023-09-06 14:30:00,250.96,251.81,250.15,251.4749,5750500.0
2023-09-06 15:00:00,251.5,252.44,251.43,251.75,5374576.0
2023-09-06 15:30:00,251.735,252.3,250.96,251.6589,5655639.0
2023-09-06 16:00:00,251.65,252.24,251.2316,251.92,8111125.0
2023-09-07 10:00:00,245.07,248.7,243.265,246.1901,19270210.0
2023-09-07 10:30:00,246.19,247.3599,243.76,245.12,13543225.0
2023-09-07 11:00:00,245.145,246.72,243.51,245.315,10345749.0
2023-09-07 11:30:00,245.34,246.94,245.315,246.33,6937029.0
2023-09-07 12:00:00,246.37,247.57,245.8,247.2,6788537.0
2023-09-07 12:30:00,247.19,250.39,246.83,249.71,7571306.0
2023-09-07 13:00:00,249.71,250.74,248.91,250.009,6362170.0
2023-09-07 13:30:00,249.9919,251.2,249.58,250.82,5917124.0
2023-09-07 14:00:00,250.89,252.18,250.3,252.09,6207673.0
2023-09-07 14:30:00,252.07,252.81,250.75,250.8467,6957936.0
2023-09-07 15:00:00,250.86,252.19,250.21,251.8393,5829393.0
2023-09-07 15:30:00,251.83,252.1469,250.91,251.665,5571345.0
2023-09-07 16:00:00,251.6691,252.3399,251.0,251.49,9079026.0
2023-09-08 10:00:00,251.22,256.52,250.31,253.74,21157945.0
2023-09-08 10:30:00,253.76,255.48,252.96,254.765,12486659.0
2023-09-08 11:00:00,254.88,255.25,251.65,251.665,9256654.0
2023-09-08 11:30:00,251.65,253.96,251.4,253.76,8343219.0
2023-09-08 12:00:00,253.7525,254.35,252.92,253.0899,5737289.0
2023-09-08 12:30:00,253.09,253.14,250.41,250.53,7860679.0
2023-09-08 13:00:00,250.5039,250.89,249.07,249.9799,8797946.0
2023-09-08 13:30:00,249.98,249.98,246.67,247.334,9337298.0
2023-09-08 14:00:00,247.36,248.28,246.86,248.025,7043092.0
2023-09-08 14:30:00,248.021,248.88,246.84,247.2832,6974401.0
2023-09-08 15:00:00,247.31,248.2499,246.9238,247.58,5572738.0
2023-09-08 15:30:00,247.58,248.55,246.945,248.3885,5504877.0
2023-09-08 16:00:00,248.3868,248.78,247.75,248.5,8030600.0
2023-09-11 10:00:00,264.27,265.94,260.61,264.305,30526461.0
2023-09-11 10:30:00,264.3184,265.9,262.6156,264.33,15300355.0
2023-09-11 11:00:00,264.328,266.3357,263.2001,265.96,13879847.0
2023-09-11 11:30:00,265.96,270.45,265.92,270.09,16329891.0
2023-09-11 12:00:00,270.08,272.5299,269.5501,271.55,14764593.0
2023-09-11 12:30:00,271.57,272.5,271.12,271.85,10081901.0
2023-09-11 13:00:00,271.8394,271.978,270.35,270.7801,8197701.0
2023-09-11 13:30:00,270.78,272.18,270.6301,271.8992,7635569.0
2023-09-11 14:00:00,271.9099,273.06,271.862,272.9999,8445897.0
2023-09-11 14:30:00,273.0,274.23,272.28,274.1599,8311287.0
2023-09-11 15:00:00,274.17,274.64,273.53,274.3746,7827659.0
2023-09-11 15:30:00,274.39,274.85,273.73,274.61,8202748.0
2023-09-11 16:00:00,274.615,274.64,272.55,273.58,15038559.0
2023-09-12 10:00:00,270.76,278.21,268.33,277.4821,26607281.0
2023-09-12 10:30:00,277.4809,278.39,273.52,273.57,18721285.0
2023-09-12 11:00:00,273.55,275.5,271.59,271.94,13307482.0
2023-09-12 11:30:00,271.92,273.2,269.89,271.68,10478101.0
2023-09-12 12:00:00,271.69,272.9699,271.05,271.22,7717888.0
2023-09-12 12:30:00,271.22,272.224,270.6,270.8544,6005173.0
2023-09-12 13:00:00,270.8509,270.8509,268.922,269.25,6774151.0
2023-09-12 13:30:00,269.2399,271.14,268.56,270.5766,7061318.0
2023-09-12 14:00:00,270.5899,270.9482,267.0,267.4096,8250026.0
2023-09-12 14:30:00,267.4,268.1599,266.6,267.98,6743183.0
2023-09-12 15:00:00,267.98,268.1799,266.76,267.4299,6049318.0
2023-09-12 15:30:00,267.4099,268.42,267.03,268.0885,6123396.0
2023-09-12 16:00:00,268.1,268.14,266.89,267.48,8947156.0
2023-09-13 10:00:00,270.07,274.98,268.61,272.61,23020154.0
2023-09-13 10:30:00,272.5772,273.1439,268.1,270.5699,14011353.0
2023-09-13 11:00:00,270.57,272.65,270.12,272.26,9697015.0
2023-09-13 11:30:00,272.27,273.19,271.58,272.3899,7690640.0
2023-09-13 12:00:00,272.365,273.08,270.2506,271.225,6673768.0
2023-09-13 12:30:00,271.24,271.54,270.0,271.18,5696132.0
2023-09-13 13:00:00,271.2,272.45,270.65,271.87,5308691.0
2023-09-13 13:30:00,271.8847,272.5383,271.12,272.1406,4369416.0
2023-09-13 14:00:00,272.1656,273.68,271.7701,272.8,5895325.0
2023-09-13 14:30:00,272.8018,273.03,271.45,272.605,5152843.0
2023-09-13 15:00:00,272.59,272.83,270.56,271.1608,6001866.0
2023-09-13 15:30:00,271.19,271.25,270.0,271.13,5951842.0
2023-09-13 16:00:00,271.13,271.5,270.5,271.3,7422219.0
2023-09-14 10:00:00,271.32,274.51,270.42,273.945,19644563.0
2023-09-14 10:30:00,273.9462,274.62,271.57,273.195,13189956.0
2023-09-14 11:00:00,273.21,275.71,273.19,274.63,12197343.0
2023-09-14 11:30:00,274.63,276.18,274.5,274.966,7946024.0
2023-09-14 12:00:00,274.97,275.1,273.35,274.9191,7508209.0
2023-09-14 12:30:00,274.92,275.42,274.1924,274.28,5759170.0
2023-09-14 13:00:00,274.29,275.5,274.03,275.165,4555356.0
2023-09-14 13:30:00,275.151,275.87,274.4,274.68,4906159.0
2023-09-14 14:00:00,274.7,275.55,274.65,274.965,4272314.0
2023-09-14 14:30:00,274.97,275.91,274.84,275.45,4626635.0
2023-09-14 15:00:00,275.445,276.54,274.9301,276.4093,7049507.0
2023-09-14 15:30:00,276.42,276.7094,275.5,275.59,5047358.0
2023-09-14 16:00:00,275.58,276.44,275.27,276.04,7801912.0
2023-09-15 10:00:00,277.55,278.98,271.65,272.25,23658603.0
2023-09-15 10:30:00,272.27,275.38,271.98,275.0,14733413.0
2023-09-15 11:00:00,275.02,276.04,272.79,273.2496,11170482.0
2023-09-15 11:30:00,273.24,275.4768,273.19,273.9076,8147879.0
2023-09-15 12:00:00,273.8938,275.23,273.53,275.1984,6966198.0
2023-09-15 12:30:00,275.1801,275.6,274.2,275.2774,6310855.0
2023-09-15 13:00:00,275.2864,276.557,275.21,276.3081,6540351.0
2023-09-15 13:30:00,276.295,276.5,274.3,274.57,5679239.0
2023-09-15 14:00:00,274.59,275.03,274.0001,274.3707,4727220.0
2023-09-15 14:30:00,274.37,274.3925,271.42,271.69,7376998.0
2023-09-15 15:00:00,271.7283,273.33,271.0,273.1989,7284431.0
2023-09-15 15:30:00,273.19,273.8493,272.34,273.51,6351176.0
2023-09-15 16:00:00,273.55,278.0,272.77,274.39,18815049.0
2023-09-18 10:00:00,271.16,271.44,263.7601,266.15,21302621.0
2023-09-18 10:30:00,266.11,268.41,265.61,266.2,11975324.0
2023-09-18 11:00:00,266.2382,266.76,264.48,266.52,9715162.0
2023-09-18 11:30:00,266.51,267.91,265.921,267.91,6734349.0
2023-09-18 12:00:00,267.9199,268.6399,266.86,267.2,6688495.0
2023-09-18 12:30:00,267.205,267.3786,266.25,267.05,5282721.0
2023-09-18 13:00:00,267.075,267.986,266.81,267.2899,4675164.0
2023-09-18 13:30:00,267.29,267.95,266.7003,267.265,4285661.0
2023-09-18 14:00:00,267.265,268.43,267.03,267.1699,4426334.0
2023-09-18 14:30:00,267.185,267.58,265.96,266.19,4148785.0
2023-09-18 15:00:00,266.195,266.71,264.76,265.29,5936032.0
2023-09-18 15:30:00,265.29,266.2346,265.16,265.835,5357708.0
2023-09-18 16:00:00,265.8305,265.939,264.71,265.28,7992471.0
2023-09-19 10:00:00,264.35,267.85,261.5301,261.935,19456803.0
2023-09-19 10:30:00,261.945,264.98,261.2,263.86,13374302.0
2023-09-19 11:00:00,263.84,263.9799,262.08,263.03,8073406.0
2023-09-19 11:30:00,263.02,264.9199,262.93,264.87,7581250.0
2023-09-19 12:00:00,264.87,265.28,264.1802,264.925,5731767.0
2023-09-19 12:30:00,264.91,265.05,263.5601,264.585,5192443.0
2023-09-19 13:00:00,264.56,265.42,263.64,265.18,5043719.0
2023-09-19 13:30:00,265.19,266.81,265.03,266.0397,6525028.0
2023-09-19 14:00:00,266.05,267.42,265.9,267.13,5731325.0
2023-09-19 14:30:00,267.15,267.5,265.95,266.035,5402630.0
2023-09-19 15:00:00,266.02,267.47,265.5607,265.695,6065755.0
2023-09-19 15:30:00,265.66,266.34,265.2201,266.21,5303783.0
2023-09-19 16:00:00,266.205,266.79,265.62,266.5,7917795.0
2023-09-20 10:00:00,267.04,268.37,265.3101,267.08,15397140.0
2023-09-20 10:30:00,267.13,268.6,266.47,267.56,10530829.0
2023-09-20 11:00:00,267.55,268.15,266.5001,266.8323,6306624.0
2023-09-20 11:30:00,266.8321,267.19,265.4601,265.86,5448281.0
2023-09-20 12:00:00,265.835,267.14,265.62,267.073,4488456.0
2023-09-20 12:30:00,267.082,268.07,266.77,268.0213,4117319.0
2023-09-20 13:00:00,268.0206,268.43,267.2801,268.29,4267819.0
2023-09-20 13:30:00,268.2801,273.93,268.01,271.57,14724654.0
2023-09-20 14:00:00,271.59,272.26,270.58,271.27,7185466.0
2023-09-20 14:30:00,271.2999,272.125,269.2,271.68,9409447.0
2023-09-20 15:00:00,271.728,273.55,269.85,270.3899,11935048.0
2023-09-20 15:30:00,270.32,271.0,266.1,267.02,10380063.0
2023-09-20 16:00:00,267.0228,267.13,262.4606,262.59,15610109.0
2023-09-21 10:00:00,257.85,260.3899,254.21,255.71,21389008.0
2023-09-21 10:30:00,255.75,258.23,255.08,256.2667,14570484.0
2023-09-21 11:00:00,256.26,258.48,255.9,257.31,9655988.0
2023-09-21 11:30:00,257.305,258.55,256.63,257.3484,7358493.0
2023-09-21 12:00:00,257.35,258.33,256.9601,257.78,5815487.0
2023-09-21 12:30:00,257.78,258.36,257.01,258.28,5155245.0
2023-09-21 13:00:00,258.27,260.47,258.27,259.14,9089303.0
2023-09-21 13:30:00,259.1201,260.86,258.72,259.91,6764312.0
2023-09-21 14:00:00,259.905,260.259,258.53,258.57,4750835.0
2023-09-21 14:30:00,258.5795,258.8886,256.8,257.1,6220256.0
2023-09-21 15:00:00,257.08,257.63,256.3901,256.9237,5795452.0
2023-09-21 15:30:00,256.9447,257.4999,255.22,256.9399,7459372.0
2023-09-21 16:00:00,256.945,257.67,255.37,255.7,11086813.0
2023-09-22 10:00:00,257.4,257.7888,252.13,254.44,20576651.0
2023-09-22 10:30:00,254.455,255.6799,253.45,254.1044,12431290.0
2023-09-22 11:00:00,254.13,256.05,253.6301,255.57,8690989.0
2023-09-22 11:30:00,255.6,256.14,254.1001,255.2,7241092.0
2023-09-22 12:00:00,255.2285,255.9099,254.16,254.16,5501336.0
2023-09-22 12:30:00,254.175,254.6499,253.41,253.9324,6016773.0
2023-09-22 13:00:00,253.95,254.66,252.94,253.05,4779171.0
2023-09-22 13:30:00,253.06,253.1299,249.63,249.65,10397481.0
2023-09-22 14:00:00,249.6534,250.44,248.46,248.465,8566343.0
2023-09-22 14:30:00,248.46,248.64,245.71,247.19,11005734.0
2023-09-22 15:00:00,247.19,247.89,245.46,245.89,7966247.0
2023-09-22 15:30:00,245.9099,248.15,245.71,247.29,8082881.0
2023-09-22 16:00:00,247.3,247.5482,244.48,244.88,12492492.0
2023-09-25 10:00:00,243.38,244.7,238.31,243.93,21649663.0
2023-09-25 10:30:00,243.9018,244.88,241.49,242.01,12441786.0
2023-09-25 11:00:00,242.0,244.6799,241.7,242.275,8298648.0
2023-09-25 11:30:00,242.2604,246.18,242.16,244.72,8597196.0
2023-09-25 12:00:00,244.73,246.53,244.5601,246.05,6853694.0
2023-09-25 12:30:00,246.0799,247.07,245.02,246.7849,6225239.0
2023-09-25 13:00:00,246.79,246.86,244.5501,245.1429,5604369.0
2023-09-25 13:30:00,245.1557,246.2426,244.88,245.22,4633734.0
2023-09-25 14:00:00,245.27,246.08,245.05,245.9899,4045485.0
2023-09-25 14:30:00,245.99,246.54,244.94,245.3799,4475617.0
2023-09-25 15:00:00,245.35,246.21,245.04,245.5434,4193232.0
2023-09-25 15:30:00,245.55,245.98,244.02,245.83,5596099.0
2023-09-25 16:00:00,245.83,247.1,245.41,246.99,7712054.0
2023-09-26 10:00:00,242.98,246.56,241.6601,244.3,17374288.0
2023-09-26 10:30:00,244.28,246.2199,243.97,245.95,12302974.0
2023-09-26 11:00:00,245.95,249.55,245.77,247.65,11913858.0
2023-09-26 11:30:00,247.6567,247.8899,246.6,246.9399,6991829.0
2023-09-26 12:00:00,246.9363,248.6463,246.512,246.645,6806925.0
2023-09-26 12:30:00,246.67,247.56,246.1515,247.36,4733602.0
2023-09-26 13:00:00,247.316,247.67,245.9401,246.1756,4146083.0
2023-09-26 13:30:00,246.18,246.69,244.97,245.05,5758605.0
2023-09-26 14:00:00,245.07,245.4499,243.53,244.51,6183392.0
2023-09-26 14:30:00,244.5,244.5,242.92,243.6701,5593601.0
2023-09-26 15:00:00,243.66,244.8973,243.5301,244.7323,5114227.0
2023-09-26 15:30:00,244.735,244.9,243.67,243.72,4606951.0
2023-09-26 16:00:00,243.76,244.68,243.561,244.12,7520510.0
2023-09-27 10:00:00,244.262,245.33,241.42,244.09,19007174.0
2023-09-27 10:30:00,244.07,244.5,242.07,244.0143,11757957.0
2023-09-27 11:00:00,243.98,244.41,241.4421,241.7,9544278.0
2023-09-27 11:30:00,241.72,242.87,240.7301,242.5699,8994424.0
2023-09-27 12:00:00,242.555,242.93,241.23,241.44,6403806.0
2023-09-27 12:30:00,241.43,241.47,238.57,239.05,9376421.0
2023-09-27 13:00:00,239.05,239.55,236.36,236.5,9621830.0
2023-09-27 13:30:00,236.495,237.67,234.58,234.975,10544678.0
2023-09-27 14:00:00,234.9501,236.67,234.74,236.5401,8835527.0
2023-09-27 14:30:00,236.54,238.2499,235.42,238.0601,7705853.0
2023-09-27 15:00:00,238.078,240.4,238.078,239.775,10365899.0
2023-09-27 15:30:00,239.77,242.2999,239.5101,241.5,10761949.0
2023-09-27 16:00:00,241.4521,241.9699,239.5215,240.5,11009252.0
2023-09-28 10:00:00,240.02,243.18,238.65,242.67,16901748.0
2023-09-28 10:30:00,242.67,243.3,239.15,239.62,12387979.0
2023-09-28 11:00:00,239.6186,241.9,238.78,241.7077,9546296.0
2023-09-28 11:30:00,241.69,244.1,241.1201,244.08,8731503.0
2023-09-28 12:00:00,244.08,247.3899,243.8601,247.3601,11335214.0
2023-09-28 12:30:00,247.375,247.55,245.87,247.0537,8574303.0
2023-09-28 13:00:00,247.08,247.15,244.96,245.53,6756427.0
2023-09-28 13:30:00,245.525,246.5,244.5889,246.0899,6709424.0
2023-09-28 14:00:00,246.09,246.36,245.0,246.04,5466982.0
2023-09-28 14:30:00,246.0281,247.15,245.4401,246.83,5183398.0
2023-09-28 15:00:00,246.85,246.91,244.2201,245.1328,6272248.0
2023-09-28 15:30:00,245.1,246.55,244.8618,246.1918,5509885.0
2023-09-28 16:00:00,246.21,247.0,244.56,246.38,11032512.0
2023-09-29 10:00:00,250.0,253.5,248.6,253.24,20022947.0
2023-09-29 10:30:00,253.25,254.77,251.91,252.55,16861248.0
2023-09-29 11:00:00,252.57,254.16,252.38,252.8999,10503114.0
2023-09-29 11:30:00,252.876,253.298,251.24,251.286,9061270.0
2023-09-29 12:00:00,251.31,252.29,250.72,252.0,8458414.0
2023-09-29 12:30:00,252.0,252.49,251.0501,251.98,6232190.0
2023-09-29 13:00:00,252.0,252.63,250.53,250.8562,5988531.0
2023-09-29 13:30:00,250.88,250.88,248.0,249.235,8778645.0
2023-09-29 14:00:00,249.21,249.48,246.75,246.7699,7372365.0
2023-09-29 14:30:00,246.76,248.96,246.35,248.12,7213386.0
2023-09-29 15:00:00,248.14,250.4392,247.62,250.39,7030616.0
2023-09-29 15:30:00,250.37,250.6,249.31,250.04,6901507.0
2023-09-29 16:00:00,250.058,251.15,249.5301,250.22,10670332.0
2023-10-02 10:00:00,244.81,248.81,242.62,246.16,20327065.0
2023-10-02 10:30:00,246.13,250.78,245.82,248.1024,15072513.0
2023-10-02 11:00:00,248.15,251.68,247.4019,250.25,10702228.0
2023-10-02 11:30:00,250.25,254.19,250.12,254.07,9526038.0
2023-10-02 12:00:00,254.07,254.2799,251.14,251.43,8602257.0
2023-10-02 12:30:00,251.4371,253.25,251.07,252.16,6825857.0
2023-10-02 13:00:00,252.16,253.12,250.56,250.5977,6066487.0
2023-10-02 13:30:00,250.6,250.93,248.53,250.29,8344796.0
2023-10-02 14:00:00,250.32,250.57,248.75,249.4001,5462239.0
2023-10-02 14:30:00,249.4175,249.88,248.1,248.832,6134120.0
2023-10-02 15:00:00,248.86,249.4599,247.88,248.81,5460261.0
2023-10-02 15:30:00,248.79,250.6,248.05,249.9899,6116525.0
2023-10-02 16:00:00,249.9701,251.75,249.835,251.6,8981074.0
2023-10-03 10:00:00,248.61,250.02,246.51,249.76,17558911.0
2023-10-03 10:30:00,249.76,249.85,246.0801,247.45,13160482.0
2023-10-03 11:00:00,247.48,248.0,244.6201,244.76,10243964.0
2023-10-03 11:30:00,244.76,247.58,244.45,246.87,7365081.0
2023-10-03 12:00:00,246.86,248.44,246.25,248.0001,7074792.0
2023-10-03 12:30:00,248.0599,249.74,248.03,249.065,6500924.0
2023-10-03 13:00:00,249.0639,249.24,247.89,248.31,4830655.0
2023-10-03 13:30:00,248.3,249.08,247.65,247.83,3878656.0
2023-10-03 14:00:00,247.85,248.3699,247.13,247.961,4384542.0
2023-10-03 14:30:00,247.98,248.3,246.19,246.322,4924919.0
2023-10-03 15:00:00,246.32,247.417,246.2501,246.914,4615594.0
2023-10-03 15:30:00,246.88,247.05,245.47,245.59,5304977.0
2023-10-03 16:00:00,245.58,246.865,245.19,246.53,9432407.0
2023-10-04 10:00:00,248.14,253.3,247.6,252.61,20545385.0
2023-10-04 10:30:00,252.57,253.23,250.43,251.38,15299491.0
2023-10-04 11:00:00,251.4195,255.46,251.3521,254.52,13673047.0
2023-10-04 11:30:00,254.515,256.99,253.8,255.94,10880869.0
2023-10-04 12:00:00,255.95,257.52,255.31,257.4899,7774416.0
2023-10-04 12:30:00,257.47,257.668,256.2,257.45,6247835.0
2023-10-04 13:00:00,257.4477,257.99,256.7849,257.78,5674662.0
2023-10-04 13:30:00,257.8,258.4599,257.02,257.13,6529873.0
2023-10-04 14:00:00,257.15,257.6,256.53,256.6,5040404.0
2023-10-04 14:30:00,256.58,258.06,256.41,257.96,5705992.0
2023-10-04 15:00:00,257.96,258.99,257.74,258.7999,6206679.0
2023-10-04 15:30:00,258.8,260.5199,258.29,260.06,7972408.0
2023-10-04 16:00:00,260.08,261.86,259.95,261.16,14419035.0
2023-10-05 10:00:00,260.0,263.6,258.2,259.52,22329984.0
2023-10-05 10:30:00,259.55,259.85,257.57,259.655,14526273.0
2023-10-05 11:00:00,259.65,259.75,256.61,257.13,10550413.0
2023-10-05 11:30:00,257.13,258.39,256.25,258.0416,8886244.0
2023-10-05 12:00:00,258.04,259.17,257.2342,258.8,7205624.0
2023-10-05 12:30:00,258.79,260.0,258.7,259.7199,7291456.0
2023-10-05 13:00:00,259.6906,260.1,257.9501,258.86,6441664.0
2023-10-05 13:30:00,258.87,259.53,258.1,259.482,4931987.0
2023-10-05 14:00:00,259.47,260.85,259.01,260.8322,6206545.0
2023-10-05 14:30:00,260.85,261.95,260.77,261.66,6494033.0
2023-10-05 15:00:00,261.665,262.39,261.183,261.99,6121632.0
2023-10-05 15:30:00,261.99,262.2,260.265,260.7715,6253395.0
2023-10-05 16:00:00,260.77,261.15,259.82,260.05,8557728.0
2023-10-06 10:00:00,253.98,255.08,250.65,252.145,21409436.0
2023-10-06 10:30:00,252.155,254.58,251.61,254.25,13343225.0
2023-10-06 11:00:00,254.28,255.5038,252.99,253.79,10659554.0
2023-10-06 11:30:00,253.7933,255.0,253.36,254.16,8234800.0
2023-10-06 12:00:00,254.2,257.83,254.125,257.671,9162643.0
2023-10-06 12:30:00,257.6844,258.3799,256.88,257.6499,7271317.0
2023-10-06 13:00:00,257.63,259.69,257.32,259.2365,6145863.0
2023-10-06 13:30:00,259.22,260.28,258.54,259.7894,5993885.0
2023-10-06 14:00:00,259.8,260.21,258.87,259.1087,5088278.0
2023-10-06 14:30:00,259.0956,260.62,258.76,260.5707,5310728.0
2023-10-06 15:00:00,260.589,261.28,260.4703,261.1,5540599.0
2023-10-06 15:30:00,261.1,261.65,260.62,261.3799,6078684.0
2023-10-06 16:00:00,261.36,261.38,260.26,260.53,8233393.0
2023-10-09 10:00:00,255.31,256.62,253.47,256.0,15920834.0
2023-10-09 10:30:00,255.975,256.32,253.86,254.91,9979132.0
2023-10-09 11:00:00,254.9139,255.24,252.75,253.24,8819178.0
2023-10-09 11:30:00,253.24,253.89,252.05,253.78,6909942.0
2023-10-09 12:00:00,253.79,254.13,253.08,253.7351,5278456.0
2023-10-09 12:30:00,253.74,255.68,253.58,255.36,5680950.0
2023-10-09 13:00:00,255.3357,255.61,254.12,254.925,4701484.0
2023-10-09 13:30:00,254.935,255.88,254.8101,255.78,4466919.0
2023-10-09 14:00:00,255.81,258.69,255.7744,258.68,7693830.0
2023-10-09 14:30:00,258.7,260.1299,258.11,260.0966,7065287.0
2023-10-09 15:00:00,260.08,260.67,259.25,260.27,6797143.0
2023-10-09 15:30:00,260.27,261.04,259.84,260.7375,6672964.0
2023-10-09 16:00:00,260.73,261.36,259.2001,259.67,8824777.0
2023-10-10 10:00:00,257.75,265.61,257.65,265.2501,21318611.0
2023-10-10 10:30:00,265.2964,265.8986,263.64,265.235,13263686.0
2023-10-10 11:00:00,265.25,268.32,265.2134,267.16,13599025.0
2023-10-10 11:30:00,267.18,268.73,266.66,268.375,9138601.0
2023-10-10 12:00:00,268.4,268.94,267.13,267.6991,6776866.0
2023-10-10 12:30:00,267.68,267.85,265.51,266.5415,7438243.0
2023-10-10 13:00:00,266.55,266.89,265.18,265.305,6570077.0
2023-10-10 13:30:00,265.31,265.31,262.89,264.38,9181371.0
2023-10-10 14:00:00,264.38,264.5,262.94,263.775,6342724.0
2023-10-10 14:30:00,263.78,264.7499,262.8,262.8605,6157241.0
2023-10-10 15:00:00,262.89,265.61,262.8101,264.4018,7038148.0
2023-10-10 15:30:00,264.42,264.8,263.76,264.24,5339028.0
2023-10-10 16:00:00,264.25,264.54,263.34,263.62,8427073.0
2023-10-11 10:00:00,266.2,268.6,264.34,264.9842,19066069.0
2023-10-11 10:30:00,264.9437,265.51,263.58,264.14,12093599.0
2023-10-11 11:00:00,264.11,266.1,263.08,266.0623,9437388.0
2023-10-11 11:30:00,266.08,266.45,263.92,264.142,7512447.0
2023-10-11 12:00:00,264.16,264.75,261.93,262.77,7744635.0
2023-10-11 12:30:00,262.77,262.85,261.04,262.0,7070988.0
2023-10-11 13:00:00,262.005,262.8,261.31,262.3932,4988935.0
2023-10-11 13:30:00,262.415,263.18,261.68,261.9695,4631124.0
2023-10-11 14:00:00,261.95,261.9999,260.9,261.85,5054270.0
2023-10-11 14:30:00,261.83,263.96,261.71,263.33,5953568.0
2023-10-11 15:00:00,263.335,263.915,263.1201,263.5242,4186684.0
2023-10-11 15:30:00,263.55,264.13,262.23,263.265,5106946.0
2023-10-11 16:00:00,263.24,263.88,262.92,262.99,7832318.0
2023-10-12 10:00:00,262.92,265.41,260.95,262.795,16763973.0
2023-10-12 10:30:00,262.795,265.24,262.7508,263.1222,13372722.0
2023-10-12 11:00:00,263.1,263.6,261.65,262.335,8345550.0
2023-10-12 11:30:00,262.335,264.08,261.48,263.22,7640263.0
2023-10-12 12:00:00,263.24,264.1599,262.9701,264.0,5224566.0
2023-10-12 12:30:00,263.9922,264.96,263.531,264.46,5938566.0
2023-10-12 13:00:00,264.48,265.39,263.16,263.4116,6565086.0
2023-10-12 13:30:00,263.416,263.53,259.64,259.77,9047847.0
2023-10-12 14:00:00,259.76,260.41,258.3501,258.55,7612722.0
2023-10-12 14:30:00,258.5401,259.33,256.6307,259.1,9517230.0
2023-10-12 15:00:00,259.09,259.48,257.9601,258.24,5873615.0
2023-10-12 15:30:00,258.25,259.33,258.0801,258.31,4993592.0
2023-10-12 16:00:00,258.31,259.74,258.24,258.87,7741481.0
2023-10-13 10:00:00,258.9,259.6,256.07,257.8799,15840625.0
2023-10-13 10:30:00,257.81,257.85,254.89,255.24,12568685.0
2023-10-13 11:00:00,255.23,256.3799,253.35,254.12,10158842.0
2023-10-13 11:30:00,254.1,255.06,253.02,253.49,8407447.0
2023-10-13 12:00:00,253.51,254.0899,252.7201,253.04,6857502.0
2023-10-13 12:30:00,253.0284,254.36,252.45,253.82,6167470.0
2023-10-13 13:00:00,253.837,254.3994,252.6916,253.2119,4636939.0
2023-10-13 13:30:00,253.19,253.4,251.52,251.5266,4967422.0
2023-10-13 14:00:00,251.53,252.27,250.79,251.69,5744345.0
2023-10-13 14:30:00,251.7,252.0092,250.3836,250.7215,4862038.0
2023-10-13 15:00:00,250.73,251.77,250.4303,250.97,4819411.0
2023-10-13 15:30:00,250.99,252.48,250.22,251.405,5612813.0
2023-10-13 16:00:00,251.43,251.7,250.22,251.12,8904406.0
2023-10-16 10:00:00,250.05,254.17,248.48,251.56,16408595.0
2023-10-16 10:30:00,251.5899,253.25,250.91,253.0973,9620147.0
2023-10-16 11:00:00,253.1,253.6798,252.03,253.2,7193405.0
2023-10-16 11:30:00,253.22,253.87,251.87,252.41,6545589.0
2023-10-16 12:00:00,252.36,252.67,251.45,252.04,4855882.0
2023-10-16 12:30:00,252.05,253.14,251.58,253.0112,4820475.0
2023-10-16 13:00:00,253.0,253.26,252.28,252.7484,3835244.0
2023-10-16 13:30:00,252.75,253.3799,250.82,251.9499,5063777.0
2023-10-16 14:00:00,251.96,253.39,251.71,253.23,4131890.0
2023-10-16 14:30:00,253.24,255.3999,253.1,254.5658,7043034.0
2023-10-16 15:00:00,254.55,255.18,254.12,254.9799,4758806.0
2023-10-16 15:30:00,254.97,255.01,253.78,255.0,4421956.0
2023-10-16 16:00:00,255.0,255.2277,253.68,253.92,7469569.0
2023-10-17 10:00:00,250.1,251.4,247.08,248.5925,14215504.0
2023-10-17 10:30:00,248.59,251.89,248.3601,251.0201,11430371.0
2023-10-17 11:00:00,251.0313,253.87,250.8001,253.515,8570614.0
2023-10-17 11:30:00,253.52,254.376,252.78,253.8222,6862913.0
2023-10-17 12:00:00,253.84,255.09,253.4,254.965,6258679.0
2023-10-17 12:30:00,254.9403,256.9299,254.83,256.0,7486157.0
2023-10-17 13:00:00,255.98,257.183,255.56,255.89,5451791.0
2023-10-17 13:30:00,255.91,256.005,254.37,254.41,4889600.0
2023-10-17 14:00:00,254.4038,254.9951,253.6725,254.29,4906606.0
2023-10-17 14:30:00,254.33,255.44,254.03,255.13,4871967.0
2023-10-17 15:00:00,255.13,256.219,254.5402,254.9501,5167806.0
2023-10-17 15:30:00,254.96,255.56,254.2941,254.92,4094204.0
2023-10-17 16:00:00,254.96,255.06,253.92,254.85,6995583.0
2023-10-18 10:00:00,252.7,254.63,251.28,252.79,11823158.0
2023-10-18 10:30:00,252.74,252.74,250.38,250.4781,10086271.0
2023-10-18 11:00:00,250.4401,250.4699,247.31,247.7299,11307410.0
2023-10-18 11:30:00,247.65,248.51,247.071,248.0164,7801786.0
2023-10-18 12:00:00,248.0,248.7199,246.54,246.9606,7478396.0
2023-10-18 12:30:00,247.0021,247.81,246.0,246.04,6862197.0
2023-10-18 13:00:00,246.04,246.19,243.02,243.0454,8892681.0
2023-10-18 13:30:00,243.03,246.27,243.016,245.2416,8793814.0
2023-10-18 14:00:00,245.2359,245.24,243.56,244.8001,5920452.0
2023-10-18 14:30:00,244.818,245.2799,243.81,244.42,5035476.0
2023-10-18 15:00:00,244.43,244.79,242.5,242.68,6543858.0
2023-10-18 15:30:00,242.6801,243.44,242.08,242.791,6946874.0
2023-10-18 16:00:00,242.83,243.48,242.32,242.68,10374899.0
2023-10-19 10:00:00,225.95,230.61,222.8,223.7337,31340717.0
2023-10-19 10:30:00,223.682,226.02,222.22,222.6,16928749.0
2023-10-19 11:00:00,222.58,223.79,220.35,221.2821,14194388.0
2023-10-19 11:30:00,221.28,222.4,218.67,220.09,13977723.0
2023-10-19 12:00:00,220.07,221.49,219.48,221.17,8948736.0
2023-10-19 12:30:00,221.17,223.09,220.3627,221.565,11023233.0
2023-10-19 13:00:00,221.5447,221.72,219.02,220.751,9527018.0
2023-10-19 13:30:00,220.78,222.49,220.78,221.255,7399464.0
2023-10-19 14:00:00,221.28,221.4299,219.5,220.04,6920973.0
2023-10-19 14:30:00,220.0251,220.28,218.73,218.86,6608445.0
2023-10-19 15:00:00,218.87,219.01,216.78,217.3116,11339507.0
2023-10-19 15:30:00,217.31,218.57,217.1601,218.52,7475347.0
2023-10-19 16:00:00,218.57,221.0,217.31,220.11,14811452.0
2023-10-20 10:00:00,217.01,217.84,214.0905,216.7,22657839.0
2023-10-20 10:30:00,216.71,218.8606,215.0,215.1694,13979401.0
2023-10-20 11:00:00,215.1521,215.84,213.46,213.75,10699743.0
2023-10-20 11:30:00,213.7584,214.25,211.32,211.6399,11789362.0
2023-10-20 12:00:00,211.64,213.09,210.42,212.9,12773567.0
2023-10-20 12:30:00,212.91,213.4,211.34,212.4799,8206583.0
2023-10-20 13:00:00,212.48,215.29,212.4301,215.05,7839507.0
2023-10-20 13:30:00,215.06,215.75,213.05,215.352,8581031.0
2023-10-20 14:00:00,215.38,215.72,213.401,213.8226,6377725.0
2023-10-20 14:30:00,213.855,213.8799,211.72,211.91,6788916.0
2023-10-20 15:00:00,211.88,213.3,211.34,212.72,6592238.0
2023-10-20 15:30:00,212.73,213.48,212.23,212.8192,5848301.0
2023-10-20 16:00:00,212.81,213.3199,211.655,211.99,12057057.0
2023-10-23 10:00:00,210.0,210.48,202.51,206.443,27360190.0
2023-10-23 10:30:00,206.4235,210.58,205.37,209.6499,17045712.0
2023-10-23 11:00:00,209.66,213.55,208.57,213.4506,14306831.0
2023-10-23 11:30:00,213.46,215.4,213.26,215.35,12882656.0
2023-10-23 12:00:00,215.33,216.11,213.15,214.4034,11264878.0
2023-10-23 12:30:00,214.4185,215.76,213.92,214.64,8873004.0
2023-10-23 13:00:00,214.65,216.9099,214.11,216.7219,7722566.0
2023-10-23 13:30:00,216.7237,216.98,212.94,213.6399,8589724.0
2023-10-23 14:00:00,213.61,215.3,213.2444,214.2415,6528101.0
2023-10-23 14:30:00,214.24,215.41,213.47,213.8,7067574.0
2023-10-23 15:00:00,213.81,214.24,213.04,213.66,6199844.0
2023-10-23 15:30:00,213.69,214.5699,211.42,211.89,7683476.0
2023-10-23 16:00:00,211.87,212.76,211.42,212.08,9744947.0
2023-10-24 10:00:00,216.5,220.4399,214.8214,220.28,21631335.0
2023-10-24 10:30:00,220.27,222.05,219.52,220.3863,15254585.0
2023-10-24 11:00:00,220.36,220.5964,217.5601,217.86,10815054.0
2023-10-24 11:30:00,217.88,218.71,216.28,216.495,9249819.0
2023-10-24 12:00:00,216.48,217.58,215.91,217.4175,7871715.0
2023-10-24 12:30:00,217.44,217.64,215.05,215.54,6549358.0
2023-10-24 13:00:00,215.55,215.59,214.11,215.57,6938336.0
2023-10-24 13:30:00,215.55,217.83,215.4901,217.705,6528370.0
2023-10-24 14:00:00,217.665,218.32,217.11,217.7299,6082634.0
2023-10-24 14:30:00,217.7189,217.96,216.397,216.8739,5467491.0
2023-10-24 15:00:00,216.885,217.46,215.71,216.04,4916597.0
2023-10-24 15:30:00,216.05,216.68,215.68,216.03,4695951.0
2023-10-24 16:00:00,216.05,216.94,215.9,216.52,8085029.0
2023-10-25 10:00:00,215.88,218.63,214.26,217.61,16081357.0
2023-10-25 10:30:00,217.6189,219.2799,215.6005,217.055,13256537.0
2023-10-25 11:00:00,217.1,219.78,216.9876,217.39,10219933.0
2023-10-25 11:30:00,217.36,220.1,217.32,218.6701,9121455.0
2023-10-25 12:00:00,218.7099,218.88,215.55,215.71,6622063.0
2023-10-25 12:30:00,215.725,216.8799,215.03,216.7254,6478747.0
2023-10-25 13:00:00,216.7176,217.1499,215.55,216.41,4915120.0
2023-10-25 13:30:00,216.4022,216.81,214.12,214.49,5995202.0
2023-10-25 14:00:00,214.47,215.1,212.9401,214.5124,6783100.0
2023-10-25 14:30:00,214.515,215.77,214.35,214.8049,5323873.0
2023-10-25 15:00:00,214.8,215.15,213.4232,214.29,4575005.0
2023-10-25 15:30:00,214.3,214.43,212.85,213.266,5168518.0
2023-10-25 16:00:00,213.27,213.84,212.2,212.42,8656555.0
2023-10-26 10:00:00,211.32,214.8,207.13,208.495,18400565.0
2023-10-26 10:30:00,208.46,211.45,207.12,210.98,12737124.0
2023-10-26 11:00:00,210.945,213.01,209.76,211.55,9845592.0
2023-10-26 11:30:00,211.53,211.6,208.28,208.8224,8600190.0
2023-10-26 12:00:00,208.84,209.47,206.58,208.22,7960755.0
2023-10-26 12:30:00,208.2,208.3884,205.42,206.3899,7760690.0
2023-10-26 13:00:00,206.39,206.7421,204.88,205.48,6973136.0
2023-10-26 13:30:00,205.5,207.25,205.2,205.842,5896629.0
2023-10-26 14:00:00,205.83,207.3775,205.23,207.17,5053155.0
2023-10-26 14:30:00,207.165,208.04,206.47,207.55,5399065.0
2023-10-26 15:00:00,207.5201,209.29,207.171,209.2867,5512350.0
2023-10-26 15:30:00,209.26,209.5699,207.68,207.77,5535472.0
2023-10-26 16:00:00,207.75,207.79,205.29,205.76,10654352.0
2023-10-27 10:00:00,210.6,212.41,206.5,208.93,16770842.0
2023-10-27 10:30:00,208.87,211.68,204.86,208.5,12382021.0
2023-10-27 11:00:00,208.525,208.78,204.35,208.177,8399272.0
2023-10-27 11:30:00,208.177,214.64,203.39,210.07,7338545.0
2023-10-27 12:00:00,210.08,214.2,205.45,210.61,5623086.0
2023-10-27 12:30:00,210.61,210.88,208.28,208.8,5335159.0
2023-10-27 13:00:00,208.83,209.29,207.55,207.959,4052447.0
2023-10-27 13:30:00,207.98,208.31,207.15,208.09,4630931.0
2023-10-27 14:00:00,208.085,208.3864,206.92,207.2598,4200376.0
2023-10-27 14:30:00,207.24,207.6,205.77,206.125,5346118.0
2023-10-27 15:00:00,206.1599,207.79,205.81,206.5099,5146159.0
2023-10-27 15:30:00,206.4787,207.52,206.3,207.38,4129445.0
2023-10-27 16:00:00,207.35,207.76,205.95,207.3,8356224.0
2023-10-30 10:00:00,209.28,211.35,206.26,206.7895,16036163.0
2023-10-30 10:30:00,206.7885,210.23,198.21,201.44,13806414.0
2023-10-30 11:00:00,201.45,204.76,196.02,199.4,19252549.0
2023-10-30 11:30:00,199.42,204.76,193.37,198.3399,11222249.0
2023-10-30 12:00:00,198.3163,203.05,196.85,199.355,8307324.0
2023-10-30 12:30:00,199.34,203.58,194.33,198.2056,7511802.0
2023-10-30 13:00:00,198.2,201.43,191.6,195.9476,10440453.0
2023-10-30 13:30:00,195.955,199.97,191.25,196.585,7001250.0
2023-10-30 14:00:00,196.6181,198.35,196.26,198.1513,6812426.0
2023-10-30 14:30:00,198.13,198.47,195.76,195.7801,6974240.0
2023-10-30 15:00:00,195.785,197.16,195.56,196.3859,6160006.0
2023-10-30 15:30:00,196.37,198.89,196.2,198.1018,8299336.0
2023-10-30 16:00:00,198.1,198.22,196.93,197.36,11567070.0
2023-10-31 10:00:00,196.12,198.9804,194.07,198.7301,21421535.0
2023-10-31 10:30:00,198.73,201.16,197.45,199.17,15725905.0
2023-10-31 11:00:00,199.2167,199.77,197.34,198.26,11125020.0
2023-10-31 11:30:00,198.26,199.5,196.3711,196.55,7876537.0
2023-10-31 12:00:00,196.57,198.15,196.5,197.9146,6547553.0
2023-10-31 12:30:00,197.92,198.83,197.24,197.69,5531702.0
2023-10-31 13:00:00,197.7145,199.41,197.05,199.17,5806637.0
2023-10-31 13:30:00,199.1613,199.75,198.42,199.75,5176749.0
2023-10-31 14:00:00,199.74,201.7,199.4401,201.3883,7464886.0
2023-10-31 14:30:00,201.38,202.5899,201.03,201.0333,7369226.0
2023-10-31 15:00:00,201.0699,201.86,201.033,201.52,4610205.0
2023-10-31 15:30:00,201.55,202.8,201.375,201.695,6314668.0
2023-10-31 16:00:00,201.7,201.7,200.35,200.84,8963023.0
2023-11-01 10:00:00,204.04,204.73,201.66,202.275,16901539.0
2023-11-01 10:30:00,202.33,203.39,200.26,201.5301,12566674.0
2023-11-01 11:00:00,201.5414,201.74,197.85,198.846,12059195.0
2023-11-01 11:30:00,198.83,199.9,198.0601,198.8701,7484098.0
2023-11-01 12:00:00,198.87,201.07,198.7401,200.7773,6920496.0
2023-11-01 12:30:00,200.78,201.68,199.69,201.33,5765629.0
2023-11-01 13:00:00,201.336,201.75,200.13,201.33,4942717.0
2023-11-01 13:30:00,201.3201,202.23,200.79,201.0795,5438090.0
2023-11-01 14:00:00,201.0696,201.74,199.86,201.49,4735270.0
2023-11-01 14:30:00,201.5,202.6999,200.25,201.25,6956997.0
2023-11-01 15:00:00,201.2103,203.63,200.63,203.345,10784045.0
2023-11-01 15:30:00,203.365,204.88,203.1701,204.16,10550364.0
2023-11-01 16:00:00,204.14,205.99,203.93,205.66,12557218.0
2023-11-02 10:00:00,212.97,219.19,211.45,215.7107,24181800.0
2023-11-02 10:30:00,215.735,217.05,213.51,216.4308,15601259.0
2023-11-02 11:00:00,216.446,217.21,215.37,216.94,9711755.0
2023-11-02 11:30:00,216.95,217.81,215.93,216.1388,9352787.0
2023-11-02 12:00:00,216.1214,217.6,215.63,217.48,7742061.0
2023-11-02 12:30:00,217.49,218.12,216.6101,216.9842,7483509.0
2023-11-02 13:00:00,216.97,217.8,216.36,216.8377,6391209.0
2023-11-02 13:30:00,216.8218,217.44,216.14,216.94,5193545.0
2023-11-02 14:00:00,216.95,217.8,216.62,217.7543,4616884.0
2023-11-02 14:30:00,217.74,218.6599,217.045,218.2397,5298751.0
2023-11-02 15:00:00,218.24,219.2,217.93,219.1201,5686744.0
2023-11-02 15:30:00,219.1301,219.17,217.6701,217.6901,6040731.0
2023-11-02 16:00:00,217.685,218.64,217.2,218.51,12631864.0
2023-11-03 10:00:00,221.15,226.3701,220.53,225.03,21010118.0
2023-11-03 10:30:00,225.1,225.78,221.54,222.62,14555791.0
2023-11-03 11:00:00,222.5935,223.02,220.9,221.81,10917940.0
2023-11-03 11:30:00,221.82,221.82,219.77,219.99,9902751.0
2023-11-03 12:00:00,220.03,221.66,218.94,219.05,7835088.0
2023-11-03 12:30:00,219.05,221.38,218.5,220.96,8419983.0
2023-11-03 13:00:00,220.9699,221.36,219.56,219.7307,5637587.0
2023-11-03 13:30:00,219.71,220.3,218.92,219.3332,5325614.0
2023-11-03 14:00:00,219.34,219.7,218.4,219.4172,5164509.0
2023-11-03 14:30:00,219.41,220.24,218.8131,220.1775,5072797.0
2023-11-03 15:00:00,220.18,220.82,219.57,219.74,5442492.0
2023-11-03 15:30:00,219.7508,220.0537,218.9201,219.4007,5341940.0
2023-11-03 16:00:00,219.4,220.1699,218.65,219.96,9987262.0
2023-11-06 10:00:00,223.98,226.32,220.07,220.7926,21033030.0
2023-11-06 10:30:00,220.84,221.64,219.05,221.12,12917197.0
2023-11-06 11:00:00,221.16,222.05,219.66,219.7112,9153353.0
2023-11-06 11:30:00,219.68,221.21,219.28,220.48,6992097.0
2023-11-06 12:00:00,220.47,220.75,218.62,219.3801,7005795.0
2023-11-06 12:30:00,219.4,219.6,216.84,217.57,7509680.0
2023-11-06 13:00:00,217.59,217.718,216.31,217.3957,6472564.0
2023-11-06 13:30:00,217.41,217.5973,215.0,215.81,7397677.0
2023-11-06 14:00:00,215.8299,216.63,215.1,215.6328,5770916.0
2023-11-06 14:30:00,215.64,217.24,215.01,217.225,6158922.0
2023-11-06 15:00:00,217.22,218.55,216.9,217.985,7192329.0
2023-11-06 15:30:00,217.97,219.42,217.54,219.3,6339595.0
2023-11-06 16:00:00,219.31,219.7659,218.7,219.27,9083794.0
2023-11-07 10:00:00,219.98,220.9598,215.91,217.345,16982827.0
2023-11-07 10:30:00,217.353,217.64,215.72,217.1552,12781748.0
2023-11-07 11:00:00,217.14,217.94,216.5,216.8,9607842.0
2023-11-07 11:30:00,216.81,218.8299,216.36,218.662,8411189.0
2023-11-07 12:00:00,218.66,219.72,217.72,217.81,7599187.0
2023-11-07 12:30:00,217.84,218.26,216.9791,218.06,5949412.0
2023-11-07 13:00:00,218.06,218.7399,217.3,218.5,5546110.0
2023-11-07 13:30:00,218.52,220.19,218.36,219.2375,7097659.0
2023-11-07 14:00:00,219.2652,221.25,219.22,220.71,7266829.0
2023-11-07 14:30:00,220.7,222.0,220.62,221.97,6882210.0
2023-11-07 15:00:00,221.9873,222.15,220.54,220.8,6971055.0
2023-11-07 15:30:00,220.8,222.75,220.6,222.6689,7456731.0
2023-11-07 16:00:00,222.65,223.12,221.76,222.18,11259564.0
2023-11-08 10:00:00,223.15,224.15,219.62,219.946,16687116.0
2023-11-08 10:30:00,219.9799,220.3399,217.86,218.26,12363792.0
2023-11-08 11:00:00,218.2899,219.98,218.0,219.615,9821187.0
2023-11-08 11:30:00,219.65,220.66,219.21,220.4603,8461888.0
2023-11-08 12:00:00,220.45,221.2375,219.35,219.47,7075771.0
2023-11-08 12:30:00,219.47,219.57,218.05,218.38,7442897.0
2023-11-08 13:00:00,218.41,219.05,217.64,218.81,5755849.0
2023-11-08 13:30:00,218.8383,220.15,218.63,219.99,5366921.0
2023-11-08 14:00:00,220.0,220.93,219.88,220.6608,4475692.0
2023-11-08 14:30:00,220.68,221.46,220.5448,220.95,5642492.0
2023-11-08 15:00:00,220.9598,221.42,220.28,220.7821,5136652.0
2023-11-08 15:30:00,220.7801,222.09,220.7702,221.94,6023022.0
2023-11-08 16:00:00,221.94,222.95,221.46,222.11,9283873.0
2023-11-09 10:00:00,219.75,220.8,215.9,216.9943,17468694.0
2023-11-09 10:30:00,216.98,217.3499,213.5201,213.9801,15039174.0
2023-11-09 11:00:00,213.98,215.17,213.33,214.02,10837487.0
2023-11-09 11:30:00,214.0001,215.3,213.13,213.325,8560708.0
2023-11-09 12:00:00,213.34,213.4992,211.82,212.21,10058447.0
2023-11-09 12:30:00,212.24,212.26,209.15,209.6363,10650118.0
2023-11-09 13:00:00,209.605,210.41,208.9609,209.76,8515917.0
2023-11-09 13:30:00,209.745,209.87,207.02,209.105,10798696.0
2023-11-09 14:00:00,209.09,210.49,208.3,208.82,8380940.0
2023-11-09 14:30:00,208.805,209.48,207.16,209.0,8838137.0
2023-11-09 15:00:00,208.9701,209.535,207.43,207.46,7317143.0
2023-11-09 15:30:00,207.46,209.08,206.68,208.1301,8794293.0
2023-11-09 16:00:00,208.165,210.5399,208.11,209.98,13159153.0
2023-11-10 10:00:00,210.03,213.68,208.28,212.2699,19822792.0
2023-11-10 10:30:00,212.23,212.31,205.69,207.0999,17687695.0
2023-11-10 11:00:00,207.0617,209.55,206.64,209.1686,10844153.0
2023-11-10 11:30:00,209.18,211.24,208.16,210.43,10046546.0
2023-11-10 12:00:00,210.43,212.33,209.28,212.245,9113162.0
2023-11-10 12:30:00,212.25,213.18,211.75,212.65,8905222.0
2023-11-10 13:00:00,212.63,213.33,212.01,212.73,6789715.0
2023-11-10 13:30:00,212.73,213.46,211.92,213.23,6016637.0
2023-11-10 14:00:00,213.22,215.2,213.22,214.6601,7948596.0
2023-11-10 14:30:00,214.68,215.38,214.0,214.81,6407353.0
2023-11-10 15:00:00,214.81,215.35,214.18,214.945,5511531.0
2023-11-10 15:30:00,214.95,215.08,213.62,214.8697,6774900.0
2023-11-10 16:00:00,214.86,215.0289,213.98,214.65,11158145.0
2023-11-13 10:00:00,215.6,217.44,211.6101,216.06,18897341.0
2023-11-13 10:30:00,216.01,220.42,215.51,219.985,16130521.0
2023-11-13 11:00:00,219.97,222.11,219.37,221.235,13794204.0
2023-11-13 11:30:00,221.24,223.92,221.14,223.53,12590230.0
2023-11-13 12:00:00,223.55,225.4,223.13,224.2155,10972586.0
2023-11-13 12:30:00,224.2255,224.68,222.71,224.13,9191516.0
2023-11-13 13:00:00,224.1012,224.33,221.722,222.48,7654199.0
2023-11-13 13:30:00,222.46,223.17,221.57,222.1213,7345286.0
2023-11-13 14:00:00,222.12,223.9,221.77,223.3599,6640098.0
2023-11-13 14:30:00,223.29,224.89,223.29,224.86,6603533.0
2023-11-13 15:00:00,224.88,224.98,223.34,223.62,6811059.0
2023-11-13 15:30:00,223.635,224.3599,222.86,224.0011,6878907.0
2023-11-13 16:00:00,224.02,224.53,223.48,223.71,10181910.0
2023-11-14 10:00:00,235.03,235.59,231.35,233.825,27013178.0
2023-11-14 10:30:00,233.825,234.34,230.72,232.7899,16689861.0
2023-11-14 11:00:00,232.79,234.32,232.37,232.85,10724314.0
2023-11-14 11:30:00,232.86,235.2635,232.81,233.99,10061613.0
2023-11-14 12:00:00,233.9601,235.95,233.51,233.96,9264133.0
2023-11-14 12:30:00,233.96,234.7678,233.1,234.0492,7421824.0
2023-11-14 13:00:00,234.05,235.71,234.0401,235.54,6588240.0
2023-11-14 13:30:00,235.5589,236.364,235.03,236.09,6611755.0
2023-11-14 14:00:00,236.105,236.57,234.91,235.1801,6756396.0
2023-11-14 14:30:00,235.19,236.1199,234.06,236.085,7462790.0
2023-11-14 15:00:00,236.0752,237.08,235.86,236.855,7979675.0
2023-11-14 15:30:00,236.846,237.98,236.51,237.87,8533336.0
2023-11-14 16:00:00,237.8799,238.135,236.72,237.41,11023601.0
2023-11-15 10:00:00,239.29,242.0,236.45,240.422,25178348.0
2023-11-15 10:30:00,240.425,243.2,240.06,242.1638,15859730.0
2023-11-15 11:00:00,242.17,246.6599,242.11,246.395,16006160.0
2023-11-15 11:30:00,246.41,246.7,244.13,246.0786,11439374.0
2023-11-15 12:00:00,246.0799,246.14,241.81,241.9801,11674782.0
2023-11-15 12:30:00,241.9887,243.92,241.62,243.8901,8778017.0
2023-11-15 13:00:00,243.88,245.17,243.52,244.245,7567522.0
2023-11-15 13:30:00,244.245,244.3,240.4503,242.31,10686242.0
2023-11-15 14:00:00,242.32,243.42,242.17,243.3916,6514359.0
2023-11-15 14:30:00,243.41,244.1399,242.58,243.925,6441859.0
2023-11-15 15:00:00,243.93,244.46,243.43,243.91,6117758.0
2023-11-15 15:30:00,243.8899,244.28,242.73,244.02,6550205.0
2023-11-15 16:00:00,244.03,244.26,242.4881,242.84,10504808.0
2023-11-16 10:00:00,239.49,240.79,237.6,239.7071,18626656.0
2023-11-16 10:30:00,239.74,240.88,236.01,237.1,15949978.0
2023-11-16 11:00:00,237.13,237.6,234.3,235.27,13463406.0
2023-11-16 11:30:00,235.285,237.24,234.9201,235.5799,10312925.0
2023-11-16 12:00:00,235.56,236.43,234.5301,235.34,8180795.0
2023-11-16 12:30:00,235.37,236.38,234.75,235.8,7320667.0
2023-11-16 13:00:00,235.8,236.75,234.84,236.3391,6694103.0
2023-11-16 13:30:00,236.3222,236.38,233.53,233.73,7531719.0
2023-11-16 14:00:00,233.77,234.32,231.42,231.8694,9417880.0
2023-11-16 14:30:00,231.85,232.93,230.96,232.0452,9019769.0
2023-11-16 15:00:00,232.0499,233.45,231.935,232.255,6876257.0
2023-11-16 15:30:00,232.2699,233.15,231.66,232.71,6670352.0
2023-11-16 16:00:00,232.75,234.5,232.2831,233.59,12060618.0
2023-11-17 10:00:00,232.0,232.11,226.54,230.4315,24259021.0
2023-11-17 10:30:00,230.4354,232.87,229.18,231.5355,16997454.0
2023-11-17 11:00:00,231.5,234.89,230.76,234.59,13636969.0
2023-11-17 11:30:00,234.6,236.14,233.41,235.7599,13891257.0
2023-11-17 12:00:00,235.725,236.33,234.08,235.2299,9783047.0
2023-11-17 12:30:00,235.2307,235.7174,234.26,234.71,7220040.0
2023-11-17 13:00:00,234.7096,236.489,234.25,236.27,6787938.0
2023-11-17 13:30:00,236.275,237.08,235.84,236.52,7149356.0
2023-11-17 14:00:00,236.55,237.39,235.09,235.9002,7372127.0
2023-11-17 14:30:00,235.905,236.16,234.3075,235.11,6994275.0
2023-11-17 15:00:00,235.13,235.1592,233.45,234.659,8271543.0
2023-11-17 15:30:00,234.657,235.35,234.23,234.6881,6406040.0
2023-11-17 16:00:00,234.69,234.93,234.1,234.3,9516470.0
2023-11-20 10:00:00,234.04,236.17,231.02,234.3408,21301471.0
2023-11-20 10:30:00,234.36,235.08,232.4,233.74,15127346.0
2023-11-20 11:00:00,233.7866,233.8399,231.83,233.2399,10327613.0
2023-11-20 11:30:00,233.27,235.186,232.6636,234.19,9371953.0
2023-11-20 12:00:00,234.17,235.2,234.05,234.16,6599560.0
2023-11-20 12:30:00,234.18,234.82,233.54,233.78,5622429.0
2023-11-20 13:00:00,233.8,233.8,232.83,233.0,6060438.0
2023-11-20 13:30:00,233.0,234.56,232.82,233.855,6435799.0
2023-11-20 14:00:00,233.85,234.26,233.36,233.93,4833818.0
2023-11-20 14:30:00,233.9215,235.05,233.915,234.405,5840964.0
2023-11-20 15:00:00,234.43,235.54,234.31,235.24,5061072.0
2023-11-20 15:30:00,235.25,236.775,235.06,236.59,7267007.0
2023-11-20 16:00:00,236.6,237.1,235.13,235.6,9855604.0
2023-11-21 10:00:00,235.04,242.0,233.34,241.29,24987440.0
2023-11-21 10:30:00,241.28,243.62,239.72,240.1727,17183162.0
2023-11-21 11:00:00,240.18,241.73,239.27,241.1,12924101.0
2023-11-21 11:30:00,241.12,242.14,240.4,241.9599,9018605.0
2023-11-21 12:00:00,241.9398,242.96,241.5201,242.57,7924778.0
2023-11-21 12:30:00,242.6,242.86,241.18,241.4328,6397888.0
2023-11-21 13:00:00,241.4243,242.05,241.02,241.955,5336957.0
2023-11-21 13:30:00,241.9675,242.14,239.86,240.35,6347579.0
2023-11-21 14:00:00,240.3668,241.059,240.01,240.81,4948110.0
2023-11-21 14:30:00,240.8097,242.04,240.49,241.73,6479920.0
2023-11-21 15:00:00,241.71,241.8,240.94,241.435,4313974.0
2023-11-21 15:30:00,241.44,242.23,240.91,241.053,5108924.0
2023-11-21 16:00:00,241.07,241.86,240.8223,241.2,7672941.0
2023-11-22 10:00:00,242.04,244.01,235.82,236.745,22433566.0
2023-11-22 10:30:00,236.73,236.87,232.5946,234.365,15813608.0
2023-11-22 11:00:00,234.365,236.09,232.32,232.3786,11945134.0
2023-11-22 11:30:00,232.39,233.5,231.4638,231.97,9888295.0
2023-11-22 12:00:00,231.9604,233.15,231.71,232.968,7003217.0
2023-11-22 12:30:00,232.9799,233.7499,232.18,232.3901,6368302.0
2023-11-22 13:00:00,232.39,232.82,231.5701,232.5703,5831817.0
2023-11-22 13:30:00,232.588,234.23,232.15,234.175,5198829.0
2023-11-22 14:00:00,234.18,234.55,233.74,234.01,5705162.0
2023-11-22 14:30:00,234.015,234.8206,232.95,233.2095,5406076.0
2023-11-22 15:00:00,233.18,233.2,231.4,232.91,6185558.0
2023-11-22 15:30:00,232.9199,233.36,232.37,233.0792,5191891.0
2023-11-22 16:00:00,233.0758,234.5,233.01,234.21,8543380.0
2023-11-24 10:00:00,233.75,236.58,232.33,236.0102,16316064.0
2023-11-24 10:30:00,236.0,236.82,234.69,235.3598,9476739.0
2023-11-24 11:00:00,235.36,238.17,235.18,238.1022,10280870.0
2023-11-24 11:30:00,238.1178,238.75,237.5401,237.8471,7575535.0
2023-11-24 12:00:00,237.82,238.22,237.02,237.15,6140862.0
2023-11-24 12:30:00,237.15,237.6,236.63,237.35,5668664.0
2023-11-24 13:00:00,237.35,237.52,235.43,235.45,7614070.0
2023-11-27 10:00:00,236.89,237.8,232.1,234.14,19674487.0
2023-11-27 10:30:00,234.17,235.56,233.0,234.19,12977912.0
2023-11-27 11:00:00,234.19,236.3452,234.19,235.39,10001581.0
2023-11-27 11:30:00,235.3646,235.4,233.57,234.3499,7713220.0
2023-11-27 12:00:00,234.325,235.49,234.02,235.35,5967279.0
2023-11-27 12:30:00,235.3449,237.0,235.1,236.98,7185650.0
2023-11-27 13:00:00,236.98,237.75,236.6801,237.47,7064030.0
2023-11-27 13:30:00,237.4659,238.33,236.94,237.44,7559724.0
2023-11-27 14:00:00,237.44,237.49,236.5,237.2707,5179415.0
2023-11-27 14:30:00,237.29,237.95,236.82,237.0816,5391598.0
2023-11-27 15:00:00,237.0831,237.62,235.72,236.2504,6293624.0
2023-11-27 15:30:00,236.23,236.8499,235.75,236.645,5294389.0
2023-11-27 16:00:00,236.66,237.1788,235.9842,236.08,8240215.0
2023-11-28 10:00:00,236.68,239.1899,234.31,235.41,20506060.0
2023-11-28 10:30:00,235.405,236.53,234.79,235.79,11203971.0
2023-11-28 11:00:00,235.75,237.68,234.01,237.5877,12545819.0
2023-11-28 11:30:00,237.6,241.99,237.21,240.95,17982441.0
2023-11-28 12:00:00,240.9571,242.72,240.77,241.96,12500172.0
2023-11-28 12:30:00,241.95,242.87,241.3179,242.575,8966554.0
2023-11-28 13:00:00,242.5611,243.3599,241.55,243.28,8483140.0
2023-11-28 13:30:00,243.31,244.0,241.62,243.8182,8781751.0
2023-11-28 14:00:00,243.825,245.42,243.65,245.13,9914497.0
2023-11-28 14:30:00,245.1743,245.62,244.81,245.4075,7440148.0
2023-11-28 15:00:00,245.41,246.23,244.86,245.7361,7521782.0
2023-11-28 15:30:00,245.75,246.43,245.1609,245.39,7179693.0
2023-11-28 16:00:00,245.37,247.0,245.33,246.72,11148407.0
2023-11-29 10:00:00,249.21,252.62,247.72,252.12,24511904.0
2023-11-29 10:30:00,252.13,252.75,249.3125,251.23,16216035.0
2023-11-29 11:00:00,251.25,251.55,247.36,249.27,13472623.0
2023-11-29 11:30:00,249.27,249.58,245.36,245.57,11020265.0
2023-11-29 12:00:00,245.6,248.1999,245.54,248.118,8851299.0
2023-11-29 12:30:00,248.1195,249.04,247.5302,248.9595,6249708.0
2023-11-29 13:00:00,248.965,249.06,247.75,248.46,6068572.0
2023-11-29 13:30:00,248.48,248.79,246.44,247.11,6744784.0
2023-11-29 14:00:00,247.12,247.21,245.76,247.07,5422364.0
2023-11-29 14:30:00,247.07,247.5,245.87,246.255,6418694.0
2023-11-29 15:00:00,246.2561,246.31,244.29,245.4317,7923133.0
2023-11-29 15:30:00,245.44,245.44,242.76,243.158,8589494.0
2023-11-29 16:00:00,243.17,244.5899,243.11,244.14,9358130.0
2023-11-30 10:00:00,245.14,245.22,239.51,242.275,19976513.0
2023-11-30 10:30:00,242.2501,244.55,240.2501,243.44,14320977.0
2023-11-30 11:00:00,243.46,244.4699,240.57,241.8815,11460571.0
2023-11-30 11:30:00,241.86,242.24,239.66,239.8803,8983329.0
2023-11-30 12:00:00,239.88,241.09,239.11,239.716,8215425.0
2023-11-30 12:30:00,239.73,240.7,239.0952,240.18,6964113.0
2023-11-30 13:00:00,240.1877,241.6,239.89,241.38,6360673.0
2023-11-30 13:30:00,241.395,241.54,239.28,239.7199,6576903.0
2023-11-30 14:00:00,239.72,239.73,238.23,239.055,6530316.0
2023-11-30 14:30:00,239.04,240.31,239.01,239.96,5508336.0
2023-11-30 15:00:00,239.9473,241.43,239.63,241.04,6376358.0
2023-11-30 15:30:00,241.02,241.85,238.74,239.42,8255178.0
2023-11-30 16:00:00,239.46,240.51,236.91,240.08,15885192.0
2023-12-01 10:00:00,233.14,236.0,231.9,234.6799,21814137.0
2023-12-01 10:30:00,234.66,236.33,233.14,233.255,13265671.0
2023-12-01 11:00:00,233.2562,234.99,232.33,234.965,10122081.0
2023-12-01 11:30:00,234.975,237.71,234.38,236.99,11913375.0
2023-12-01 12:00:00,236.97,237.99,235.82,237.34,8878657.0
2023-12-01 12:30:00,237.34,239.5,237.1743,239.475,8888701.0
2023-12-01 13:00:00,239.475,240.19,238.59,238.715,7340406.0
2023-12-01 13:30:00,238.715,239.73,238.23,238.91,5779545.0
2023-12-01 14:00:00,238.91,239.0089,237.2,237.227,5617265.0
2023-12-01 14:30:00,237.23,238.16,236.6167,238.075,5389876.0
2023-12-01 15:00:00,238.09,238.7699,237.5501,238.64,5308128.0
2023-12-01 15:30:00,238.62,238.92,237.61,238.6542,5240582.0
2023-12-01 16:00:00,238.655,239.08,238.03,238.83,8000903.0
2023-12-04 10:00:00,235.75,239.2,234.68,237.83,17404988.0
2023-12-04 10:30:00,237.86,239.3733,235.41,235.8,10971888.0
2023-12-04 11:00:00,235.81,236.3085,233.7,233.72,10480872.0
2023-12-04 11:30:00,233.7,235.7869,233.2902,235.44,8335325.0
2023-12-04 12:00:00,235.4463,237.15,235.0,236.785,7197062.0
2023-12-04 12:30:00,236.79,237.54,236.34,237.17,5764911.0
2023-12-04 13:00:00,237.18,238.04,237.0,237.899,4634849.0
2023-12-04 13:30:00,237.92,238.42,236.42,236.46,5067450.0
2023-12-04 14:00:00,236.46,237.5873,236.14,236.98,5489126.0
2023-12-04 14:30:00,236.95,237.2996,235.9,237.12,5306245.0
2023-12-04 15:00:00,237.1254,237.43,236.57,236.715,4849926.0
2023-12-04 15:30:00,236.7406,237.18,235.73,236.1335,5933110.0
2023-12-04 16:00:00,236.14,237.09,235.42,235.58,9596638.0
2023-12-05 10:00:00,233.87,238.71,233.7,238.09,17462945.0
2023-12-05 10:30:00,238.1499,243.2866,238.0401,242.1,17128056.0
2023-12-05 11:00:00,242.1238,246.66,241.98,245.69,15526381.0
2023-12-05 11:30:00,245.68,246.65,244.11,244.725,11237083.0
2023-12-05 12:00:00,244.7001,245.09,242.8,243.47,8823709.0
2023-12-05 12:30:00,243.5,243.77,242.55,243.4024,7334564.0
2023-12-05 13:00:00,243.43,243.55,240.66,241.24,9246430.0
2023-12-05 13:30:00,241.255,241.34,239.74,240.1,8799448.0
2023-12-05 14:00:00,240.11,240.35,238.25,238.4579,9275984.0
2023-12-05 14:30:00,238.45,239.37,237.59,239.2209,8370393.0
2023-12-05 15:00:00,239.22,239.92,238.03,239.7965,6358253.0
2023-12-05 15:30:00,239.8,240.45,239.3,239.39,7074309.0
2023-12-05 16:00:00,239.39,239.94,238.17,238.72,8835355.0
2023-12-06 10:00:00,242.92,246.2,242.29,244.4,22639866.0
2023-12-06 10:30:00,244.36,245.41,241.3451,242.03,14550091.0
2023-12-06 11:00:00,242.04,244.4,241.96,244.265,10216535.0
2023-12-06 11:30:00,244.2692,245.31,243.85,245.1369,9595240.0
2023-12-06 12:00:00,245.12,245.39,243.1,244.905,8141659.0
2023-12-06 12:30:00,244.89,245.07,243.59,244.6111,6566281.0
2023-12-06 13:00:00,244.63,246.57,243.84,243.92,10100431.0
2023-12-06 13:30:00,243.92,244.16,242.06,242.415,7537902.0
2023-12-06 14:00:00,242.421,243.02,241.26,242.45,6458553.0
2023-12-06 14:30:00,242.48,242.62,241.61,241.6483,4999215.0
2023-12-06 15:00:00,241.655,243.12,241.62,242.339,5373153.0
2023-12-06 15:30:00,242.34,242.5599,239.79,239.96,6506367.0
2023-12-06 16:00:00,239.95,240.79,239.1709,239.37,10560514.0
2023-12-07 10:00:00,241.55,242.7,236.98,238.0699,17593205.0
2023-12-07 10:30:00,238.02,240.54,237.4,240.05,12124982.0
2023-12-07 11:00:00,240.0241,243.0699,239.25,243.0576,11122160.0
2023-12-07 11:30:00,243.07,244.08,241.33,242.07,11446620.0
2023-12-07 12:00:00,242.05,243.35,242.04,242.54,7031001.0
2023-12-07 12:30:00,242.54,243.07,241.12,241.27,6265762.0
2023-12-07 13:00:00,241.28,241.3,239.56,240.515,6906527.0
2023-12-07 13:30:00,240.51,241.27,239.4,239.9851,5747520.0
2023-12-07 14:00:00,239.99,241.41,239.92,241.255,4864426.0
2023-12-07 14:30:00,241.25,241.87,240.7601,241.4194,4653142.0
2023-12-07 15:00:00,241.4199,241.4493,240.32,240.86,3958040.0
2023-12-07 15:30:00,240.86,241.83,240.73,241.79,4401464.0
2023-12-07 16:00:00,241.7858,242.8586,241.32,242.64,8258471.0
2023-12-08 10:00:00,240.27,243.65,239.2701,242.395,14848291.0
2023-12-08 10:30:00,242.4,244.8985,242.4,244.66,12246952.0
2023-12-08 11:00:00,244.64,245.23,242.5,245.185,10185260.0
2023-12-08 11:30:00,245.19,245.27,243.31,244.2572,7960150.0
2023-12-08 12:00:00,244.26,244.67,241.67,241.9803,7893271.0
2023-12-08 12:30:00,241.975,242.32,240.48,241.3401,6799715.0
2023-12-08 13:00:00,241.38,241.68,240.69,241.5855,5509051.0
2023-12-08 13:30:00,241.5972,242.74,241.42,242.535,5216133.0
2023-12-08 14:00:00,242.54,243.51,242.5,243.46,5404715.0
2023-12-08 14:30:00,243.47,244.3253,243.4573,244.0099,4871175.0
2023-12-08 15:00:00,244.01,244.74,243.51,243.7299,5808108.0
2023-12-08 15:30:00,243.705,244.15,243.05,243.77,5370662.0
2023-12-08 16:00:00,243.77,244.0,243.22,243.84,7652295.0
2023-12-11 10:00:00,242.74,243.441,240.62,242.0667,16012674.0
2023-12-11 10:30:00,242.04,242.5,239.45,239.555,11442093.0
2023-12-11 11:00:00,239.59,242.0699,239.4,241.91,8428402.0
2023-12-11 11:30:00,241.94,242.04,239.325,239.75,7408396.0
2023-12-11 12:00:00,239.76,239.9,237.45,238.0077,8376270.0
2023-12-11 12:30:00,238.0,239.04,237.52,238.7085,5293617.0
2023-12-11 13:00:00,238.71,239.5699,238.29,239.3,4725128.0
2023-12-11 13:30:00,239.29,239.6699,238.66,238.718,4678267.0
2023-12-11 14:00:00,238.7,239.14,238.12,239.04,4311377.0
2023-12-11 14:30:00,239.0464,240.38,239.0,240.202,5105020.0
2023-12-11 15:00:00,240.2,240.57,239.08,240.01,4831575.0
2023-12-11 15:30:00,240.02,240.67,239.6,239.6101,6252895.0
2023-12-11 16:00:00,239.6115,239.9999,239.16,239.74,8669409.0
2023-12-12 10:00:00,238.55,238.99,233.87,236.35,17836714.0
2023-12-12 10:30:00,236.3598,237.36,235.0601,236.0,11461999.0
2023-12-12 11:00:00,235.9893,236.62,234.73,235.225,8118246.0
2023-12-12 11:30:00,235.2244,236.1366,234.3308,235.69,7392569.0
2023-12-12 12:00:00,235.71,236.0,234.9,234.96,4565885.0
2023-12-12 12:30:00,234.9545,235.25,233.88,234.37,6452022.0
2023-12-12 13:00:00,234.365,235.18,234.3301,234.99,4991761.0
2023-12-12 13:30:00,234.99,235.87,234.41,234.6866,4824069.0
2023-12-12 14:00:00,234.67,236.59,234.54,236.26,5533429.0
2023-12-12 14:30:00,236.25,236.99,236.125,236.75,4841500.0
2023-12-12 15:00:00,236.76,237.12,236.27,236.47,4201580.0
2023-12-12 15:30:00,236.46,237.5262,236.41,236.9422,5111208.0
2023-12-12 16:00:00,236.9482,237.09,236.41,237.01,7086000.0
2023-12-13 10:00:00,234.19,236.9,232.54,232.825,16340116.0
2023-12-13 10:30:00,232.81,234.29,232.2,233.86,12045228.0
2023-12-13 11:00:00,233.86,234.46,232.51,232.6301,8213063.0
2023-12-13 11:30:00,232.66,232.97,228.2,229.4001,16369201.0
2023-12-13 12:00:00,229.42,230.5,229.12,229.5625,9746300.0
2023-12-13 12:30:00,229.53,230.88,228.78,230.44,7978007.0
2023-12-13 13:00:00,230.4599,231.6399,229.7,231.51,5900198.0
2023-12-13 13:30:00,231.52,231.52,230.0705,230.33,5305986.0
2023-12-13 14:00:00,230.336,231.81,230.01,231.1149,4838431.0
2023-12-13 14:30:00,231.13,234.46,231.13,233.9401,10915810.0
2023-12-13 15:00:00,233.946,238.16,232.71,237.18,15409148.0
2023-12-13 15:30:00,237.17,240.3,235.83,236.81,15833613.0
2023-12-13 16:00:00,236.79,239.35,236.5301,239.29,13689353.0
2023-12-14 10:00:00,241.22,247.08,240.79,246.67,23660262.0
2023-12-14 10:30:00,246.655,248.04,245.05,246.7699,16307506.0
2023-12-14 11:00:00,246.75,249.87,246.23,246.62,14940140.0
2023-12-14 11:30:00,246.625,248.5,246.13,248.2753,9738251.0
2023-12-14 12:00:00,248.28,250.99,248.16,249.7874,13736104.0
2023-12-14 12:30:00,249.79,252.3,249.28,252.28,10139807.0
2023-12-14 13:00:00,252.27,253.88,250.91,250.98,12859334.0
2023-12-14 13:30:00,250.98,252.3299,249.41,249.575,11427627.0
2023-12-14 14:00:00,249.57,250.71,247.2,248.3701,9497084.0
2023-12-14 14:30:00,248.3799,250.2799,247.82,250.07,8461129.0
2023-12-14 15:00:00,250.054,251.21,249.77,251.02,6693542.0
2023-12-14 15:30:00,251.0155,252.15,250.62,251.104,8547190.0
2023-12-14 16:00:00,251.1,251.55,249.91,251.05,11157685.0
2023-12-15 10:00:00,251.21,252.8699,248.3,249.5312,23174456.0
2023-12-15 10:30:00,249.59,253.07,249.02,252.7905,13369472.0
2023-12-15 11:00:00,252.8,253.3,251.16,252.36,9951806.0
2023-12-15 11:30:00,252.4,252.5444,250.14,251.87,7737369.0
2023-12-15 12:00:00,251.87,252.99,250.82,252.8227,6740308.0
2023-12-15 12:30:00,252.82,253.37,252.12,253.1932,7456786.0
2023-12-15 13:00:00,253.19,253.68,251.79,252.0401,7737311.0
2023-12-15 13:30:00,252.0401,253.05,251.78,252.8099,5561848.0
2023-12-15 14:00:00,252.79,252.9799,250.86,251.14,6133794.0
2023-12-15 14:30:00,251.13,251.98,250.6,250.7172,4814158.0
2023-12-15 15:00:00,250.7048,251.8489,250.68,251.58,4232848.0
2023-12-15 15:30:00,251.55,252.3,251.5,251.8908,4340523.0
2023-12-15 16:00:00,251.88,254.13,251.86,253.5,29292235.0
2023-12-18 10:00:00,253.78,257.49,252.56,256.69,18765141.0
2023-12-18 10:30:00,256.69,258.74,256.69,258.39,12238187.0
2023-12-18 11:00:00,258.39,258.49,255.51,255.5566,8858931.0
2023-12-18 11:30:00,255.56,257.2898,255.4801,255.78,8752543.0
2023-12-18 12:00:00,255.79,256.3741,253.2506,253.9385,9208879.0
2023-12-18 12:30:00,253.94,254.55,253.3501,254.51,8044198.0
2023-12-18 13:00:00,254.5,255.16,254.27,254.7301,5787800.0
2023-12-18 13:30:00,254.7581,255.3794,254.02,254.1443,6243804.0
2023-12-18 14:00:00,254.145,254.76,253.51,254.37,4845482.0
2023-12-18 14:30:00,254.36,254.97,252.6401,252.7136,7180961.0
2023-12-18 15:00:00,252.73,253.62,252.14,253.16,6573018.0
2023-12-18 15:30:00,253.18,253.38,252.37,252.7846,6276674.0
2023-12-18 16:00:00,252.76,252.89,251.36,252.08,10696628.0
2023-12-19 10:00:00,253.48,255.78,253.01,254.66,15833268.0
2023-12-19 10:30:00,254.69,256.97,253.5101,256.9699,12437445.0
2023-12-19 11:00:00,256.96,257.76,255.55,257.6249,10701329.0
2023-12-19 11:30:00,257.6425,258.3399,257.12,257.9299,10014161.0
2023-12-19 12:00:00,257.94,258.1499,256.38,256.43,7957198.0
2023-12-19 12:30:00,256.3967,256.68,255.24,256.05,6874478.0
2023-12-19 13:00:00,256.065,256.45,254.66,255.3899,6187050.0
2023-12-19 13:30:00,255.39,256.2399,254.77,256.225,4961359.0
2023-12-19 14:00:00,256.23,256.95,255.2,255.56,7058651.0
2023-12-19 14:30:00,255.57,256.28,255.5,256.18,4596211.0
2023-12-19 15:00:00,256.1971,256.84,255.5715,256.65,4546828.0
2023-12-19 15:30:00,256.67,256.9,255.86,256.1,4410356.0
2023-12-19 16:00:00,256.0601,257.25,256.01,257.22,8762749.0
2023-12-20 10:00:00,256.41,259.16,254.8701,258.8892,17091493.0
2023-12-20 10:30:00,258.91,259.84,258.23,258.4804,11972608.0
2023-12-20 11:00:00,258.48,258.92,257.44,257.8556,9235141.0
2023-12-20 11:30:00,257.845,258.01,256.7601,256.9001,6975907.0
2023-12-20 12:00:00,256.9,257.67,256.3301,256.6686,6089937.0
2023-12-20 12:30:00,256.67,256.94,255.6,255.7869,6344843.0
2023-12-20 13:00:00,255.77,256.5,255.2,256.29,5432694.0
2023-12-20 13:30:00,256.28,256.93,255.8,256.86,4824837.0
2023-12-20 14:00:00,256.84,257.44,256.64,256.79,4385422.0
2023-12-20 14:30:00,256.79,256.9,254.5,254.5012,6112587.0
2023-12-20 15:00:00,254.5164,254.59,248.83,249.3701,13795314.0
2023-12-20 15:30:00,249.41,250.555,247.29,248.55,14845790.0
2023-12-20 16:00:00,248.58,249.46,247.0,247.14,14368645.0
2023-12-21 10:00:00,251.9,253.95,249.5505,249.8183,18582753.0
2023-12-21 10:30:00,249.84,251.0,248.55,249.635,12823956.0
2023-12-21 11:00:00,249.69,251.27,249.53,251.08,8590889.0
2023-12-21 11:30:00,251.11,253.0,251.0,252.978,8728249.0
2023-12-21 12:00:00,252.9776,254.01,252.23,252.5,9238019.0
2023-12-21 12:30:00,252.5499,252.55,250.7,251.2758,7281732.0
2023-12-21 13:00:00,251.3,252.18,250.57,250.8099,5564495.0
2023-12-21 13:30:00,250.7791,251.71,250.0701,251.23,5458841.0
2023-12-21 14:00:00,251.26,252.9,251.09,252.817,5172859.0
2023-12-21 14:30:00,252.8,253.55,252.58,252.9546,5462392.0
2023-12-21 15:00:00,252.96,253.8699,252.64,253.28,4880931.0
2023-12-21 15:30:00,253.2821,254.62,253.0101,254.5648,5738343.0
2023-12-21 16:00:00,254.56,254.7999,253.74,254.5,8686241.0
2023-12-22 10:00:00,256.76,258.22,255.75,256.2439,16438248.0
2023-12-22 10:30:00,256.24,257.8799,255.03,256.25,10957239.0
2023-12-22 11:00:00,256.28,256.65,255.23,255.6127,7211076.0
2023-12-22 11:30:00,255.615,255.615,254.26,255.125,7371940.0
2023-12-22 12:00:00,255.1303,256.01,254.83,255.735,5922455.0
2023-12-22 12:30:00,255.73,256.34,255.3,255.8701,4950217.0
2023-12-22 13:00:00,255.88,256.39,255.65,256.04,3557755.0
2023-12-22 13:30:00,256.04,256.07,255.42,255.535,3605319.0
2023-12-22 14:00:00,255.5151,255.7308,254.71,254.745,3862929.0
2023-12-22 14:30:00,254.7599,254.97,251.7,251.785,8911511.0
2023-12-22 15:00:00,251.79,253.33,251.37,253.2599,6124342.0
2023-12-22 15:30:00,253.26,253.42,252.47,253.325,4770133.0
2023-12-22 16:00:00,253.3101,253.3399,252.15,252.54,6844696.0
2023-12-26 10:00:00,254.49,255.48,252.91,254.79,11962057.0
2023-12-26 10:30:00,254.8,256.98,254.41,256.17,10623273.0
2023-12-26 11:00:00,256.16,256.99,255.39,256.1379,8400074.0
2023-12-26 11:30:00,256.1379,257.479,255.85,256.395,7901284.0
2023-12-26 12:00:00,256.4097,257.27,256.1,257.06,5510958.0
2023-12-26 12:30:00,257.0761,257.519,256.4691,257.445,5402310.0
2023-12-26 13:00:00,257.4402,257.82,256.82,256.97,5358722.0
2023-12-26 13:30:00,256.98,257.79,256.59,257.72,4641667.0
2023-12-26 14:00:00,257.73,257.97,257.2102,257.52,4106892.0
2023-12-26 14:30:00,257.5121,257.82,257.24,257.503,3379757.0
2023-12-26 15:00:00,257.51,257.63,256.18,256.63,4761358.0
2023-12-26 15:30:00,256.655,257.03,256.235,256.855,4267844.0
2023-12-26 16:00:00,256.87,257.46,256.34,256.61,8794016.0
2023-12-27 10:00:00,258.35,262.82,257.52,262.51,20962846.0
2023-12-27 10:30:00,262.54,263.34,261.52,262.84,13256501.0
2023-12-27 11:00:00,262.83,262.95,261.07,261.9219,9304938.0
2023-12-27 11:30:00,261.93,262.5,260.69,262.25,8303935.0
2023-12-27 12:00:00,262.245,262.9,262.03,262.72,5191430.0
2023-12-27 12:30:00,262.72,262.96,261.92,262.465,5166816.0
2023-12-27 13:00:00,262.48,262.6,261.85,262.045,4680697.0
2023-12-27 13:30:00,262.0549,262.92,261.83,262.8429,5185626.0
2023-12-27 14:00:00,262.85,263.2499,262.5204,262.71,4822697.0
2023-12-27 14:30:00,262.69,262.6985,261.61,262.2399,5615035.0
2023-12-27 15:00:00,262.24,262.44,261.06,261.5163,4354552.0
2023-12-27 15:30:00,261.53,261.64,260.1425,260.59,4744708.0
2023-12-27 16:00:00,260.58,261.56,260.45,261.44,12050092.0
2023-12-28 10:00:00,263.66,265.13,260.83,261.7172,19264147.0
2023-12-28 10:30:00,261.7,261.73,259.82,260.8768,11460558.0
2023-12-28 11:00:00,260.8701,261.76,260.5,261.058,7589841.0
2023-12-28 11:30:00,261.09,261.1599,258.6,259.0,10237793.0
2023-12-28 12:00:00,259.0,259.24,258.3,258.87,6789261.0
2023-12-28 12:30:00,258.8607,259.42,258.56,258.98,4774048.0
2023-12-28 13:00:00,258.98,259.87,258.7625,259.17,4244541.0
2023-12-28 13:30:00,259.1901,259.25,256.48,256.693,8801782.0
2023-12-28 14:00:00,256.7053,257.1799,255.58,255.82,6150194.0
2023-12-28 14:30:00,255.82,256.34,255.44,256.01,4712932.0
2023-12-28 15:00:00,256.02,256.07,253.9,254.155,7182136.0
2023-12-28 15:30:00,254.155,254.48,252.71,253.9655,8131601.0
2023-12-28 16:00:00,253.96,254.48,252.8,253.18,10762927.0
2023-12-29 10:00:00,255.1,255.19,251.52,253.0,15173445.0
2023-12-29 10:30:00,253.03,253.68,251.67,252.59,10823906.0
2023-12-29 11:00:00,252.6,252.71,248.4,249.61,12839958.0
2023-12-29 11:30:00,249.64,249.7361,247.43,248.02,8497083.0
2023-12-29 12:00:00,248.04,249.75,247.66,249.36,6654663.0
2023-12-29 12:30:00,249.4142,249.7299,248.25,248.4601,5412873.0
2023-12-29 13:00:00,248.475,249.3899,247.7901,248.15,5423819.0
2023-12-29 13:30:00,248.12,250.0,247.83,249.8126,5668066.0
2023-12-29 14:00:00,249.82,251.02,249.77,250.75,5039471.0
2023-12-29 14:30:00,250.76,251.05,249.36,249.418,4625469.0
2023-12-29 15:00:00,249.415,250.67,249.4,250.6001,4072753.0
2023-12-29 15:30:00,250.62,250.7299,249.85,250.405,4559790.0
2023-12-29 16:00:00,250.4,250.42,248.12,248.48,9607446.0
2024-01-02 10:00:00,250.08,250.9,244.41,248.794,19051518.0
2024-01-02 10:30:00,248.78,251.25,248.05,249.61,13846181.0
2024-01-02 11:00:00,249.6,249.6382,246.82,248.92,10503025.0
2024-01-02 11:30:00,248.9,250.26,248.34,250.0,6429874.0
2024-01-02 12:00:00,249.9941,251.0,249.9001,250.4754,6197233.0
2024-01-02 12:30:00,250.45,250.66,247.9417,248.35,5924333.0
2024-01-02 13:00:00,248.355,249.133,247.49,247.5814,4590945.0
2024-01-02 13:30:00,247.5838,248.72,247.0,248.3517,4709403.0
2024-01-02 14:00:00,248.39,249.38,247.95,248.2484,4269095.0
2024-01-02 14:30:00,248.2561,248.54,247.3,248.1372,4500646.0
2024-01-02 15:00:00,248.1,248.38,247.51,247.7299,3633543.0
2024-01-02 15:30:00,247.72,247.87,246.33,246.78,5997322.0
2024-01-02 16:00:00,246.77,248.69,246.06,248.42,10193321.0
2024-01-03 10:00:00,244.98,245.68,238.86,239.142,22144807.0
2024-01-03 10:30:00,239.14,240.39,236.32,237.9339,16950795.0
2024-01-03 11:00:00,237.96,239.67,237.12,239.53,10100739.0
2024-01-03 11:30:00,239.525,240.31,238.08,239.0401,8777332.0
2024-01-03 12:00:00,239.05,240.19,238.35,240.08,6508639.0
2024-01-03 12:30:00,240.08,240.87,239.263,240.4586,6709767.0
2024-01-03 13:00:00,240.44,241.16,240.03,240.9501,5065654.0
2024-01-03 13:30:00,240.95,241.28,239.86,240.1659,5079661.0
2024-01-03 14:00:00,240.17,241.06,239.69,240.76,4459898.0
2024-01-03 14:30:00,240.79,241.57,238.8,241.253,8191944.0
2024-01-03 15:00:00,241.28,241.62,239.96,239.99,6584146.0
2024-01-03 15:30:00,240.0,240.39,238.71,239.2501,6115759.0
2024-01-03 16:00:00,239.2564,239.74,237.99,238.45,10242302.0
2024-01-04 10:00:00,239.25,241.0,237.73,239.695,18002709.0
2024-01-04 10:30:00,239.67,241.76,239.25,240.475,11794835.0
2024-01-04 11:00:00,240.49,242.18,240.4303,241.1412,9713513.0
2024-01-04 11:30:00,241.1559,242.7,240.9164,241.745,7494849.0
2024-01-04 12:00:00,241.72,242.15,240.3,240.5399,6404786.0
2024-01-04 12:30:00,240.5214,241.25,239.78,241.2,5322891.0
2024-01-04 13:00:00,241.195,241.87,240.36,241.0167,4931366.0
2024-01-04 13:30:00,241.0,241.35,240.35,241.17,4312011.0
2024-01-04 14:00:00,241.1631,241.8,240.53,240.74,4420450.0
2024-01-04 14:30:00,240.735,241.09,239.0103,239.0501,5790580.0
2024-01-04 15:00:00,239.05,239.85,238.68,239.7,6027379.0
2024-01-04 15:30:00,239.6999,240.2299,239.1,239.8601,5138336.0
2024-01-04 16:00:00,239.88,240.25,237.8,237.93,9818565.0
2024-01-05 10:00:00,236.86,238.59,234.9001,237.8581,17805802.0
2024-01-05 10:30:00,237.91,239.68,237.855,239.1967,10439981.0
2024-01-05 11:00:00,239.175,240.1196,239.03,239.205,7048719.0
2024-01-05 11:30:00,239.225,239.72,238.2,238.445,6722238.0
2024-01-05 12:00:00,238.4699,238.8497,237.63,238.215,5050978.0
2024-01-05 12:30:00,238.2299,238.2999,236.33,236.61,6203467.0
2024-01-05 13:00:00,236.6001,238.09,236.26,237.6599,5055532.0
2024-01-05 13:30:00,237.6391,237.82,236.81,237.8142,4581350.0
2024-01-05 14:00:00,237.8123,239.15,237.7824,238.69,4994586.0
2024-01-05 14:30:00,238.69,239.38,238.18,238.29,4681694.0
2024-01-05 15:00:00,238.3,238.49,236.9,237.085,4920515.0
2024-01-05 15:30:00,237.1,237.59,236.7,236.96,4541284.0
2024-01-05 16:00:00,236.95,237.84,236.79,237.49,7134150.0
2024-01-08 10:00:00,236.14,239.2,235.3,238.5457,14555631.0
2024-01-08 10:30:00,238.51,238.62,235.97,236.95,9992925.0
2024-01-08 11:00:00,236.97,237.42,236.0501,236.65,6997174.0
2024-01-08 11:30:00,236.65,238.45,236.42,238.275,6645604.0
2024-01-08 12:00:00,238.2601,238.9,237.685,238.4511,4863871.0
2024-01-08 12:30:00,238.44,240.0,238.41,239.2095,5918193.0
2024-01-08 13:00:00,239.205,239.6694,238.74,239.5,4428845.0
2024-01-08 13:30:00,239.495,239.87,238.833,238.93,4029202.0
2024-01-08 14:00:00,238.9385,240.06,238.67,239.9901,4548686.0
2024-01-08 14:30:00,240.0,240.2499,239.27,239.7999,4545918.0
2024-01-08 15:00:00,239.792,240.85,239.67,240.71,4178561.0
2024-01-08 15:30:00,240.69,241.16,240.21,240.738,4426320.0
2024-01-08 16:00:00,240.77,241.25,240.3006,240.45,8090611.0
2024-01-09 10:00:00,238.11,238.9646,234.62,235.6648,15792164.0
2024-01-09 10:30:00,235.66,235.9949,232.04,232.325,14387586.0
2024-01-09 11:00:00,232.3164,234.11,232.2,233.44,8688123.0
2024-01-09 11:30:00,233.43,235.29,233.42,234.2952,7549211.0
2024-01-09 12:00:00,234.3,235.35,233.65,235.135,6943156.0
2024-01-09 12:30:00,235.15,235.58,234.52,234.92,5134902.0
2024-01-09 13:00:00,234.95,235.08,233.82,234.6863,4318999.0
2024-01-09 13:30:00,234.685,235.43,234.11,234.1546,4773140.0
2024-01-09 14:00:00,234.175,234.75,233.31,234.6399,5282480.0
2024-01-09 14:30:00,234.61,235.14,233.6501,233.8988,4641444.0
2024-01-09 15:00:00,233.9,234.5499,233.8801,234.17,3766243.0
2024-01-09 15:30:00,234.18,235.01,234.07,234.8141,4675697.0
2024-01-09 16:00:00,234.82,235.15,233.78,234.96,8598888.0
2024-01-10 10:00:00,235.1,235.5,231.29,232.6068,15344637.0
2024-01-10 10:30:00,232.58,233.34,231.3915,233.03,10133537.0
2024-01-10 11:00:00,233.05,234.54,233.05,234.335,7154162.0
2024-01-10 11:30:00,234.349,235.0799,232.5567,232.5931,7783196.0
2024-01-10 12:00:00,232.61,233.71,232.41,233.335,5181416.0
2024-01-10 12:30:00,233.35,233.99,232.5901,232.7,5087452.0
2024-01-10 13:00:00,232.6979,233.3,232.2,233.0001,5244060.0
2024-01-10 13:30:00,233.0,233.64,232.02,233.4786,5428460.0
2024-01-10 14:00:00,233.47,234.37,233.47,234.1,4521728.0
2024-01-10 14:30:00,234.1029,235.16,234.02,234.54,5220754.0
2024-01-10 15:00:00,234.525,235.22,234.04,235.1536,4255223.0
2024-01-10 15:30:00,235.15,235.25,233.54,233.73,5577653.0
2024-01-10 16:00:00,233.76,234.04,232.775,233.94,8473643.0
2024-01-11 10:00:00,230.57,230.93,227.55,228.0725,20220975.0
2024-01-11 10:30:00,228.1,228.2,226.04,227.9537,13192341.0
2024-01-11 11:00:00,227.97,228.6,226.45,227.23,8670154.0
2024-01-11 11:30:00,227.24,227.5337,225.54,226.02,8239325.0
2024-01-11 12:00:00,226.0394,227.37,225.85,225.9701,5959284.0
2024-01-11 12:30:00,226.0,226.8293,225.37,225.7381,5402740.0
2024-01-11 13:00:00,225.74,227.4599,225.74,226.56,4557452.0
2024-01-11 13:30:00,226.5569,227.26,226.3,226.645,4714444.0
2024-01-11 14:00:00,226.66,227.99,226.3101,227.6401,4573261.0
2024-01-11 14:30:00,227.6401,227.9,226.39,226.9399,5086232.0
2024-01-11 15:00:00,226.95,228.6,226.76,228.27,4624560.0
2024-01-11 15:30:00,228.29,228.6335,227.45,228.258,5624260.0
2024-01-11 16:00:00,228.26,228.65,226.32,227.22,9763795.0
2024-01-12 10:00:00,220.08,225.34,219.6,224.41,21784779.0
2024-01-12 10:30:00,224.41,224.44,221.32,221.62,13936033.0
2024-01-12 11:00:00,221.5972,222.5457,220.47,220.96,9876679.0
2024-01-12 11:30:00,220.965,222.11,220.09,221.8001,8281282.0
2024-01-12 12:00:00,221.81,222.0,217.67,218.19,12909412.0
2024-01-12 12:30:00,218.2,218.92,217.3,218.675,8717108.0
2024-01-12 13:00:00,218.6999,219.59,218.36,219.55,6426933.0
2024-01-12 13:30:00,219.55,219.85,219.11,219.275,4737469.0
2024-01-12 14:00:00,219.28,219.3699,217.88,218.5701,5642036.0
2024-01-12 14:30:00,218.57,218.9899,217.78,217.78,5015307.0
2024-01-12 15:00:00,217.79,218.18,217.1501,217.74,6433387.0
2024-01-12 15:30:00,217.742,218.64,217.46,218.5204,4825950.0
2024-01-12 16:00:00,218.54,219.33,218.21,218.89,9557599.0
2024-01-16 10:00:00,215.1,218.85,212.18,218.69,20646327.0
2024-01-16 10:30:00,218.69,223.49,218.41,222.96,19273149.0
2024-01-16 11:00:00,222.96,223.44,220.93,221.1014,11888156.0
2024-01-16 11:30:00,221.12,221.99,219.75,221.4262,9105645.0
2024-01-16 12:00:00,221.45,222.0,219.27,219.61,6734333.0
2024-01-16 12:30:00,219.6185,219.78,218.53,219.03,7452867.0
2024-01-16 13:00:00,219.05,220.194,218.91,220.06,5514314.0
2024-01-16 13:30:00,220.07,221.3,219.98,221.2017,4477737.0
2024-01-16 14:00:00,221.23,221.33,219.92,220.285,4273694.0
2024-01-16 14:30:00,220.29,220.8,219.55,220.06,4752204.0
2024-01-16 15:00:00,220.07,220.57,219.35,220.4503,4640062.0
2024-01-16 15:30:00,220.44,220.6883,219.53,219.6195,4362188.0
2024-01-16 16:00:00,219.63,220.1,219.22,219.91,7819228.0
2024-01-17 10:00:00,214.86,215.56,212.345,214.21,18865055.0
2024-01-17 10:30:00,214.215,215.3899,212.6,213.19,12006890.0
2024-01-17 11:00:00,213.19,214.0,212.4,213.945,9556642.0
2024-01-17 11:30:00,213.93,214.63,213.0,213.34,6946662.0
2024-01-17 12:00:00,213.34,214.44,212.51,214.03,7147085.0
2024-01-17 12:30:00,214.05,214.19,213.2312,214.085,5443853.0
2024-01-17 13:00:00,214.1,214.11,212.96,213.885,4811568.0
2024-01-17 13:30:00,213.88,214.25,212.4101,212.8001,5566468.0
2024-01-17 14:00:00,212.79,212.94,212.01,212.5847,5676758.0
2024-01-17 14:30:00,212.575,213.91,212.21,213.89,4721925.0
2024-01-17 15:00:00,213.87,214.9,213.71,214.59,5032169.0
2024-01-17 15:30:00,214.5713,215.18,213.92,214.125,4817859.0
2024-01-17 16:00:00,214.14,215.67,214.07,215.55,8527633.0
2024-01-18 10:00:00,216.88,217.45,213.66,216.01,16436602.0
2024-01-18 10:30:00,216.01,216.18,213.56,214.3,9315604.0
2024-01-18 11:00:00,214.4,214.5299,211.31,211.49,12049236.0
2024-01-18 11:30:00,211.4841,212.21,210.5,211.98,9797980.0
2024-01-18 12:00:00,211.99,212.69,211.36,211.945,6209980.0
2024-01-18 12:30:00,211.96,212.0127,209.51,210.64,8300540.0
2024-01-18 13:00:00,210.6536,210.93,209.35,210.13,5267372.0
2024-01-18 13:30:00,210.13,210.22,208.74,209.28,6242493.0
2024-01-18 14:00:00,209.26,210.33,209.22,209.6301,4165559.0
2024-01-18 14:30:00,209.63,211.69,209.63,211.57,5541157.0
2024-01-18 15:00:00,211.59,211.8399,210.16,211.0244,6152662.0
2024-01-18 15:30:00,211.06,211.94,210.59,211.6,4997471.0
2024-01-18 16:00:00,211.61,212.0,210.83,211.88,10677544.0
2024-01-19 10:00:00,209.99,213.19,209.12,211.85,16199362.0
2024-01-19 10:30:00,211.85,212.08,208.9,210.02,11244979.0
2024-01-19 11:00:00,210.0001,210.63,208.32,209.3798,10177017.0
2024-01-19 11:30:00,209.38,209.94,208.19,209.3506,7777311.0
2024-01-19 12:00:00,209.34,209.45,207.56,208.6275,7498391.0
2024-01-19 12:30:00,208.63,209.4781,208.33,209.2999,5122260.0
2024-01-19 13:00:00,209.3,210.12,208.8154,209.43,5442102.0
2024-01-19 13:30:00,209.41,210.73,209.1305,210.66,4806656.0
2024-01-19 14:00:00,210.67,211.07,210.23,210.9515,4444692.0
2024-01-19 14:30:00,210.97,211.98,210.82,211.58,4988834.0
2024-01-19 15:00:00,211.5705,212.31,210.73,211.94,5118366.0
2024-01-19 15:30:00,211.96,212.82,210.6908,211.6001,7255148.0
2024-01-19 16:00:00,211.62,212.26,210.82,212.19,8666266.0
2024-01-22 10:00:00,212.26,217.01,210.11,216.9475,18898636.0
2024-01-22 10:30:00,216.9891,217.8,212.56,212.7143,14446636.0
2024-01-22 11:00:00,212.71,212.7394,208.8501,210.04,13439206.0
2024-01-22 11:30:00,210.045,210.97,208.75,209.2001,9847509.0
2024-01-22 12:00:00,209.2325,210.53,208.59,210.22,6538067.0
2024-01-22 12:30:00,210.23,210.2732,208.95,210.145,5279689.0
2024-01-22 13:00:00,210.1757,210.4,208.99,209.33,4410941.0
2024-01-22 13:30:00,209.3303,209.3599,207.62,207.8,6792268.0
2024-01-22 14:00:00,207.8065,209.16,207.61,208.97,5725592.0
2024-01-22 14:30:00,208.97,209.1995,206.27,206.935,7391625.0
2024-01-22 15:00:00,206.93,207.82,206.59,207.2099,5386151.0
2024-01-22 15:30:00,207.21,209.66,206.83,209.4147,6254281.0
2024-01-22 16:00:00,209.4333,209.58,208.61,208.8,9523774.0
2024-01-23 10:00:00,211.3,215.65,211.16,212.395,21985614.0
2024-01-23 10:30:00,212.39,213.4,210.581,211.2582,12540316.0
2024-01-23 11:00:00,211.26,211.44,210.01,211.035,9311107.0
2024-01-23 11:30:00,211.05,211.85,209.4401,209.735,8445774.0
2024-01-23 12:00:00,209.735,210.16,209.01,209.935,6530302.0
2024-01-23 12:30:00,209.935,210.18,208.46,208.78,5472322.0
2024-01-23 13:00:00,208.76,209.6,208.38,209.29,5548004.0
2024-01-23 13:30:00,209.3,209.57,208.26,208.32,4416198.0
2024-01-23 14:00:00,208.33,208.66,207.7516,208.5904,6304410.0
2024-01-23 14:30:00,208.598,209.2899,208.4,208.675,5027701.0
2024-01-23 15:00:00,208.675,208.9499,208.34,208.7,3819331.0
2024-01-23 15:30:00,208.71,209.67,208.69,209.15,5007445.0
2024-01-23 16:00:00,209.155,209.2399,208.28,209.14,7922140.0
2024-01-24 10:00:00,211.88,212.73,208.56,209.15,16823105.0
2024-01-24 10:30:00,209.1127,211.3,208.85,210.03,10977804.0
2024-01-24 11:00:00,210.1,212.48,209.98,211.9099,9039895.0
2024-01-24 11:30:00,211.915,212.17,210.22,211.05,7243076.0
2024-01-24 12:00:00,211.06,211.51,210.0,211.395,6105193.0
2024-01-24 12:30:00,211.38,211.73,210.58,211.7075,5484040.0
2024-01-24 13:00:00,211.72,211.819,210.9,210.99,4514663.0
2024-01-24 13:30:00,210.96,211.1,210.01,210.84,5808312.0
2024-01-24 14:00:00,210.8799,211.07,208.93,209.3672,6467110.0
2024-01-24 14:30:00,209.36,209.86,208.12,208.45,6446245.0
2024-01-24 15:00:00,208.4327,209.4,208.27,208.665,5399460.0
2024-01-24 15:30:00,208.66,209.38,206.91,207.11,8070355.0
2024-01-24 16:00:00,207.13,208.32,206.77,207.83,10867100.0
2024-01-25 10:00:00,189.7,193.0,186.49,189.3899,38633344.0
2024-01-25 10:30:00,189.39,190.58,186.0,187.14,22582650.0
2024-01-25 11:00:00,187.125,187.39,185.02,185.0599,14609222.0
2024-01-25 11:30:00,185.045,186.58,185.0,186.37,11941884.0
2024-01-25 12:00:00,186.37,186.43,184.18,184.2543,10518745.0
2024-01-25 12:30:00,184.2109,184.38,180.86,180.93,15682671.0
2024-01-25 13:00:00,180.93,181.8,180.06,181.63,13914043.0
2024-01-25 13:30:00,181.64,182.08,180.77,181.94,9704366.0
2024-01-25 14:00:00,181.92,182.68,180.74,180.81,9069427.0
2024-01-25 14:30:00,180.82,181.79,180.21,181.585,8304779.0
2024-01-25 15:00:00,181.6,183.0,181.2,182.95,8168325.0
2024-01-25 15:30:00,182.94,183.49,181.8015,182.2508,8838533.0
2024-01-25 16:00:00,182.27,183.19,182.22,182.63,14229635.0
2024-01-26 10:00:00,185.5,186.78,183.55,185.1284,21690060.0
2024-01-26 10:30:00,185.11,185.77,182.5004,183.84,13563258.0
2024-01-26 11:00:00,183.8511,185.46,183.7701,185.2417,9278589.0
2024-01-26 11:30:00,185.2357,185.66,183.53,184.038,7629221.0
2024-01-26 12:00:00,184.05,185.18,183.91,184.601,6143739.0
2024-01-26 12:30:00,184.641,184.96,183.86,184.105,4728681.0
2024-01-26 13:00:00,184.1032,184.22,183.38,183.751,5155401.0
2024-01-26 13:30:00,183.756,183.756,182.7,183.48,5645472.0
2024-01-26 14:00:00,183.4901,183.63,182.291,182.6444,5029298.0
2024-01-26 14:30:00,182.655,182.66,182.1,182.2801,3917701.0
2024-01-26 15:00:00,182.3,183.38,182.12,183.27,4844728.0
2024-01-26 15:30:00,183.27,183.32,182.38,182.63,5212694.0
2024-01-26 16:00:00,182.6299,183.47,182.61,183.25,9364944.0
2024-01-29 10:00:00,185.63,186.88,183.67,184.1,17570408.0
2024-01-29 10:30:00,184.1,186.1699,183.73,185.28,10592353.0
2024-01-29 11:00:00,185.27,188.42,185.01,187.29,13629516.0
2024-01-29 11:30:00,187.27,190.9,187.2,189.865,14903274.0
2024-01-29 12:00:00,189.89,190.59,188.62,189.38,10175506.0
2024-01-29 12:30:00,189.4274,189.45,187.62,187.68,7315566.0
2024-01-29 13:00:00,187.6623,188.97,187.66,188.3972,6316183.0
2024-01-29 13:30:00,188.41,188.58,187.2,187.4243,5855481.0
2024-01-29 14:00:00,187.44,188.6,187.39,188.5975,4283294.0
2024-01-29 14:30:00,188.5801,189.4891,188.32,189.0323,4757512.0
2024-01-29 15:00:00,189.04,189.41,188.29,188.69,4533946.0
2024-01-29 15:30:00,188.71,191.23,188.675,191.2,8081618.0
2024-01-29 16:00:00,191.18,191.48,189.9101,190.93,12245558.0
2024-01-30 10:00:00,195.33,195.51,192.19,194.445,19742588.0
2024-01-30 10:30:00,194.4178,195.1488,192.64,194.7988,12146374.0
2024-01-30 11:00:00,194.81,196.3593,194.25,194.4999,11734428.0
2024-01-30 11:30:00,194.48,194.5,192.62,193.2711,8365592.0
2024-01-30 12:00:00,193.28,194.4,192.66,193.85,6749515.0
2024-01-30 12:30:00,193.8585,194.0,191.38,191.6402,7385449.0
2024-01-30 13:00:00,191.62,191.8,190.7537,191.49,6147814.0
2024-01-30 13:30:00,191.4808,192.23,190.61,192.085,5534189.0
2024-01-30 14:00:00,192.1,192.4,191.3,191.4499,6287488.0
2024-01-30 14:30:00,191.4301,192.0516,191.14,191.8532,3550155.0
2024-01-30 15:00:00,191.8634,192.25,191.44,192.2302,3436611.0
2024-01-30 15:30:00,192.26,192.34,191.8403,191.98,3299060.0
2024-01-30 16:00:00,191.99,192.28,191.58,191.59,6725252.0
2024-01-31 10:00:00,186.995,190.37,185.8459,189.38,15209604.0
2024-01-31 10:30:00,189.38,190.14,188.5,188.7297,8293171.0
2024-01-31 11:00:00,188.71,190.8499,188.5928,190.1399,8190835.0
2024-01-31 11:30:00,190.11,191.35,189.51,190.53,5962622.0
2024-01-31 12:00:00,190.53,190.5977,189.54,190.1599,4142219.0
2024-01-31 12:30:00,190.155,191.03,189.9,190.8327,3706313.0
2024-01-31 13:00:00,190.83,191.85,190.38,191.52,4987153.0
2024-01-31 13:30:00,191.54,191.68,190.83,191.3285,3932643.0
2024-01-31 14:00:00,191.3199,192.24,191.3077,191.73,4273981.0
2024-01-31 14:30:00,191.73,192.1,189.47,189.625,6919514.0
2024-01-31 15:00:00,189.62,193.97,189.11,191.79,9931913.0
2024-01-31 15:30:00,191.8,191.88,188.51,189.2099,9899337.0
2024-01-31 16:00:00,189.2,189.3424,187.13,187.29,13098738.0
2024-02-01 10:00:00,188.5,189.88,187.65,188.12,12926622.0
2024-02-01 10:30:00,188.08,188.49,186.89,187.585,9718777.0
2024-02-01 11:00:00,187.5921,187.94,184.41,184.58,11237354.0
2024-02-01 11:30:00,184.575,185.5399,184.28,185.0901,8394227.0
2024-02-01 12:00:00,185.1,186.34,184.9,185.65,6030694.0
2024-02-01 12:30:00,185.645,187.15,185.46,186.7199,5514418.0
2024-02-01 13:00:00,186.69,188.03,186.03,187.52,5349422.0
2024-02-01 13:30:00,187.518,187.79,186.69,187.192,4178722.0
2024-02-01 14:00:00,187.1985,187.95,186.9,187.5889,4270437.0
2024-02-01 14:30:00,187.6385,188.22,187.42,187.5985,4110948.0
2024-02-01 15:00:00,187.59,188.634,187.12,188.5328,4583767.0
2024-02-01 15:30:00,188.54,188.97,188.17,188.31,4444150.0
2024-02-01 16:00:00,188.31,189.02,188.1254,188.86,7559827.0
2024-02-02 10:00:00,185.04,186.8297,183.58,184.2224,15593739.0
2024-02-02 10:30:00,184.2,184.48,182.32,183.7,12412283.0
2024-02-02 11:00:00,183.7,184.09,182.52,182.8799,9421935.0
2024-02-02 11:30:00,182.88,183.45,182.41,183.41,6597723.0
2024-02-02 12:00:00,183.42,183.9699,182.53,183.365,6065483.0
2024-02-02 12:30:00,183.36,183.5499,182.745,183.06,4469441.0
2024-02-02 13:00:00,183.08,184.112,182.0,184.04,7507111.0
2024-02-02 13:30:00,184.06,185.38,184.01,185.27,8042951.0
2024-02-02 14:00:00,185.29,186.37,184.76,186.26,6377081.0
2024-02-02 14:30:00,186.28,188.69,186.2312,187.8512,8930433.0
2024-02-02 15:00:00,187.8681,188.37,187.19,187.83,6263183.0
2024-02-02 15:30:00,187.85,188.29,187.25,188.26,5581854.0
2024-02-02 16:00:00,188.26,188.37,187.71,187.91,9258965.0
2024-02-05 10:00:00,184.26,184.68,181.89,182.63,15339141.0
2024-02-05 10:30:00,182.6,182.6799,178.73,178.9252,16798376.0
2024-02-05 11:00:00,178.93,178.96,175.01,175.6054,19962357.0
2024-02-05 11:30:00,175.61,177.74,175.59,177.39,10832542.0
2024-02-05 12:00:00,177.38,178.88,177.36,178.765,8446358.0
2024-02-05 12:30:00,178.76,180.36,178.5,180.3571,7958179.0
2024-02-05 13:00:00,180.35,181.99,180.19,181.9497,8286507.0
2024-02-05 13:30:00,181.95,182.58,178.28,181.355,7921170.0
2024-02-05 14:00:00,181.3584,182.16,180.8,181.258,5811946.0
2024-02-05 14:30:00,181.2401,182.24,181.0,181.9603,5500480.0
2024-02-05 15:00:00,181.97,182.33,180.95,181.02,6251949.0
2024-02-05 15:30:00,181.03,181.24,179.28,180.5001,7650018.0
2024-02-05 16:00:00,180.515,181.3,180.15,181.06,9962265.0
2024-02-06 10:00:00,177.21,185.25,177.11,183.8631,23730467.0
2024-02-06 10:30:00,183.9,186.49,182.79,182.8699,16427432.0
2024-02-06 11:00:00,182.8599,185.5,182.64,185.04,10994070.0
2024-02-06 11:30:00,185.05,185.21,183.19,183.28,8628709.0
2024-02-06 12:00:00,183.27,183.72,181.42,181.498,8537799.0
2024-02-06 12:30:00,181.4943,183.1,181.22,183.025,7328022.0
2024-02-06 13:00:00,183.03,183.32,182.45,183.02,5005375.0
2024-02-06 13:30:00,183.0006,183.39,182.33,182.7399,5638501.0
2024-02-06 14:00:00,182.75,183.56,182.37,183.3997,6345053.0
2024-02-06 14:30:00,183.4,183.6,182.57,183.08,4825749.0
2024-02-06 15:00:00,183.102,185.13,182.98,185.0128,5847114.0
2024-02-06 15:30:00,185.02,185.77,184.34,184.454,6449087.0
2024-02-06 16:00:00,184.4501,185.11,183.86,185.1,8912259.0
2024-02-07 10:00:00,188.18,189.22,184.5,184.8,19300835.0
2024-02-07 10:30:00,184.79,186.33,182.68,186.19,15803489.0
2024-02-07 11:00:00,186.22,187.34,185.81,186.0,11371577.0
2024-02-07 11:30:00,186.0,187.54,185.59,187.1595,7678231.0
2024-02-07 12:00:00,187.17,187.48,186.56,186.97,4772479.0
2024-02-07 12:30:00,186.99,187.13,186.3502,186.945,3872309.0
2024-02-07 13:00:00,186.9586,187.8199,186.47,187.72,4471531.0
2024-02-07 13:30:00,187.7105,189.45,187.11,189.2,7813514.0
2024-02-07 14:00:00,189.21,189.79,188.64,189.5399,6515970.0
2024-02-07 14:30:00,189.52,189.74,187.75,188.78,6890616.0
2024-02-07 15:00:00,188.7982,189.06,188.08,188.9601,4682138.0
2024-02-07 15:30:00,188.96,189.045,187.9,188.68,4892133.0
2024-02-07 16:00:00,188.7,188.83,187.4,187.58,8082672.0
2024-02-08 10:00:00,189.0,189.0,185.58,187.98,13504292.0
2024-02-08 10:30:00,187.98,189.23,187.6501,188.1599,8582134.0
2024-02-08 11:00:00,188.16,189.5,188.07,189.24,6635772.0
2024-02-08 11:30:00,189.27,191.28,188.97,190.79,9358984.0
2024-02-08 12:00:00,190.8,191.6171,190.19,190.8084,6259127.0
2024-02-08 12:30:00,190.8,191.36,190.11,190.66,5004597.0
2024-02-08 13:00:00,190.645,190.665,188.93,189.1055,5887298.0
2024-02-08 13:30:00,189.12,189.99,188.52,188.9099,4992445.0
2024-02-08 14:00:00,188.91,189.94,188.68,189.8886,4353702.0
2024-02-08 14:30:00,189.9,190.19,189.41,189.61,3656493.0
2024-02-08 15:00:00,189.5913,189.898,188.76,189.355,3321126.0
2024-02-08 15:30:00,189.3322,190.21,189.33,190.005,3487690.0
2024-02-08 16:00:00,190.01,190.0501,189.02,189.56,6097019.0
2024-02-09 10:00:00,190.18,194.12,189.48,193.6,16734240.0
2024-02-09 10:30:00,193.64,194.01,192.25,193.56,9920293.0
2024-02-09 11:00:00,193.58,193.7399,191.42,192.0799,8908965.0
2024-02-09 11:30:00,192.08,192.53,190.77,191.077,6682163.0
2024-02-09 12:00:00,191.07,191.58,190.51,191.36,5813655.0
2024-02-09 12:30:00,191.372,192.3,191.3001,192.12,3641187.0
2024-02-09 13:00:00,192.125,192.8,191.35,192.5318,4047606.0
2024-02-09 13:30:00,192.55,193.2,192.55,193.133,4745380.0
2024-02-09 14:00:00,193.13,193.25,192.52,192.5502,3661952.0
2024-02-09 14:30:00,192.55,193.1207,192.45,192.9185,2880710.0
2024-02-09 15:00:00,192.92,193.3,192.72,192.805,3036323.0
2024-02-09 15:30:00,192.8069,192.94,192.1803,192.75,3734425.0
2024-02-09 16:00:00,192.74,193.71,192.29,193.57,8213295.0
2024-02-12 10:00:00,192.11,194.59,191.43,194.27,13774517.0
2024-02-12 10:30:00,194.2902,194.73,191.77,192.565,9917379.0
2024-02-12 11:00:00,192.5501,193.34,190.45,190.6652,9087656.0
2024-02-12 11:30:00,190.66,191.71,190.38,191.3101,6635148.0
2024-02-12 12:00:00,191.33,191.97,190.67,191.12,5766816.0
2024-02-12 12:30:00,191.117,191.16,187.7,188.3222,9637059.0
2024-02-12 13:00:00,188.31,189.8387,188.18,189.7506,6088562.0
2024-02-12 13:30:00,189.75,190.15,188.75,188.79,4867889.0
2024-02-12 14:00:00,188.79,189.1,187.98,188.68,5400806.0
2024-02-12 14:30:00,188.65,188.93,187.28,188.538,5405059.0
2024-02-12 15:00:00,188.5568,189.03,187.6735,187.826,4481991.0
2024-02-12 15:30:00,187.81,188.63,187.69,188.52,3792058.0
2024-02-12 16:00:00,188.5023,188.78,187.75,188.13,7698233.0
2024-02-13 10:00:00,183.99,186.53,183.25,186.39,14179933.0
2024-02-13 10:30:00,186.4099,187.26,184.38,184.86,9740702.0
2024-02-13 11:00:00,184.865,185.72,183.711,183.81,7935552.0
2024-02-13 11:30:00,183.83,184.989,183.67,184.5,5161330.0
2024-02-13 12:00:00,184.51,185.34,184.11,184.12,4349216.0
2024-02-13 12:30:00,184.13,184.21,183.07,183.1902,5584420.0
2024-02-13 13:00:00,183.19,184.12,183.08,183.6601,4557175.0
2024-02-13 13:30:00,183.67,184.65,183.461,184.37,3808518.0
2024-02-13 14:00:00,184.35,184.5,183.38,183.69,3525881.0
2024-02-13 14:30:00,183.6986,183.6986,182.51,182.9499,5444337.0
2024-02-13 15:00:00,182.94,183.47,182.26,182.63,4530512.0
2024-02-13 15:30:00,182.63,182.99,182.1087,182.44,4439867.0
2024-02-13 16:00:00,182.4368,184.11,182.401,184.02,9512753.0
2024-02-14 10:00:00,185.3,186.75,183.35,184.79,12461479.0
2024-02-14 10:30:00,184.82,187.06,183.68,186.08,9495986.0
2024-02-14 11:00:00,186.085,186.48,184.71,184.83,6120193.0
2024-02-14 11:30:00,184.82,185.4199,183.91,185.2101,5442409.0
2024-02-14 12:00:00,185.22,186.1,184.91,185.792,4623493.0
2024-02-14 12:30:00,185.8,186.18,184.9597,186.06,3766277.0
2024-02-14 13:00:00,186.0769,186.28,185.43,186.13,3048314.0
2024-02-14 13:30:00,186.14,186.74,185.92,186.1994,4443484.0
2024-02-14 14:00:00,186.21,187.47,186.1,186.7899,4653726.0
2024-02-14 14:30:00,186.8,187.1788,185.93,187.16,4176003.0
2024-02-14 15:00:00,187.158,187.35,186.66,186.9331,3245201.0
2024-02-14 15:30:00,186.94,188.1,186.82,188.08,4175389.0
2024-02-14 16:00:00,188.09,188.89,187.81,188.71,9089325.0
2024-02-15 10:00:00,189.16,193.61,188.8595,192.87,15919513.0
2024-02-15 10:30:00,192.89,195.76,192.6801,195.16,13774519.0
2024-02-15 11:00:00,195.17,195.45,193.01,193.0529,9898979.0
2024-02-15 11:30:00,193.06,193.85,192.37,193.6471,6988439.0
2024-02-15 12:00:00,193.64,194.76,193.53,194.69,5185533.0
2024-02-15 12:30:00,194.71,196.33,194.6701,195.58,7702561.0
2024-02-15 13:00:00,195.58,196.55,195.5101,195.8601,5568550.0
2024-02-15 13:30:00,195.87,198.3323,195.61,198.1115,9611328.0
2024-02-15 14:00:00,198.122,198.7499,197.27,198.165,8294280.0
2024-02-15 14:30:00,198.1515,198.17,197.05,197.9,5724655.0
2024-02-15 15:00:00,197.9,198.63,197.9,198.35,5500174.0
2024-02-15 15:30:00,198.36,198.9,197.565,198.815,6261961.0
2024-02-15 16:00:00,198.81,200.88,198.81,200.45,16492642.0
2024-02-16 10:00:00,202.06,203.17,197.4,198.68,21476463.0
2024-02-16 10:30:00,198.67,201.02,197.7301,199.11,11210279.0
2024-02-16 11:00:00,199.13,200.68,198.03,200.31,8608878.0
2024-02-16 11:30:00,200.35,201.7,199.82,201.22,7383796.0
2024-02-16 12:00:00,201.2173,202.65,201.2,202.2912,7186032.0
2024-02-16 12:30:00,202.31,202.94,199.6,200.4999,8367363.0
2024-02-16 13:00:00,200.4974,201.2891,199.74,200.03,5842631.0
2024-02-16 13:30:00,200.0202,200.0999,198.11,199.4143,6122743.0
2024-02-16 14:00:00,199.4,199.9,198.76,199.66,4470960.0
2024-02-16 14:30:00,199.68,201.11,199.66,200.86,5430950.0
2024-02-16 15:00:00,200.8505,201.37,199.1,200.4,5932506.0
2024-02-16 15:30:00,200.42,200.8,199.81,200.09,4465643.0
2024-02-16 16:00:00,200.09,200.2244,199.32,199.95,9342248.0
2024-02-20 10:00:00,196.13,198.6,192.47,193.2808,18276789.0
2024-02-20 10:30:00,193.29,194.52,191.33,191.4188,11956899.0
2024-02-20 11:00:00,191.415,193.39,191.08,193.17,8535738.0
2024-02-20 11:30:00,193.18,193.7486,192.52,192.6312,5902067.0
2024-02-20 12:00:00,192.643,192.67,191.33,191.3501,5427250.0
2024-02-20 12:30:00,191.36,191.38,189.17,190.18,8339910.0
2024-02-20 13:00:00,190.17,190.5331,189.13,189.7,6402205.0
2024-02-20 13:30:00,189.71,191.14,189.61,190.5399,5751158.0
2024-02-20 14:00:00,190.54,191.5499,189.95,191.4749,5122955.0
2024-02-20 14:30:00,191.45,191.77,190.55,191.59,5681553.0
2024-02-20 15:00:00,191.5619,192.37,191.3912,192.1407,4837023.0
2024-02-20 15:30:00,192.15,193.18,191.81,193.14,5243066.0
2024-02-20 16:00:00,193.1367,193.88,192.145,193.76,9542531.0
2024-02-21 10:00:00,193.36,198.44,192.7,197.21,18389511.0
2024-02-21 10:30:00,197.215,199.44,195.91,196.17,12570572.0
2024-02-21 11:00:00,196.205,196.67,194.7603,195.01,9434415.0
2024-02-21 11:30:00,195.02,195.44,193.95,194.06,7857391.0
2024-02-21 12:00:00,194.0799,194.569,193.61,193.8206,6077135.0
2024-02-21 12:30:00,193.84,193.88,192.5,193.03,6085456.0
2024-02-21 13:00:00,193.04,193.77,192.55,193.6982,5150534.0
2024-02-21 13:30:00,193.69,193.74,191.95,192.82,6715988.0
2024-02-21 14:00:00,192.81,194.18,192.48,193.76,4784697.0
2024-02-21 14:30:00,193.7752,194.6984,192.91,193.47,6184403.0
2024-02-21 15:00:00,193.44,193.66,192.3,192.85,4697654.0
2024-02-21 15:30:00,192.8601,193.53,192.56,193.36,3983381.0
2024-02-21 16:00:00,193.37,194.88,193.285,194.77,8464341.0
2024-02-22 10:00:00,194.0,194.3,191.36,192.92,13526952.0
2024-02-22 10:30:00,192.95,195.37,192.1,193.225,9682353.0
2024-02-22 11:00:00,193.225,193.3999,191.39,193.2,9402877.0
2024-02-22 11:30:00,193.2,194.27,192.73,193.9,5637128.0
2024-02-22 12:00:00,193.91,195.05,193.8901,194.56,5793585.0
2024-02-22 12:30:00,194.5699,196.18,194.37,195.905,5581305.0
2024-02-22 13:00:00,195.92,196.5,195.33,196.47,7053579.0
2024-02-22 13:30:00,196.47,197.4,196.25,197.285,5776822.0
2024-02-22 14:00:00,197.28,197.86,196.7,196.9,5127106.0
2024-02-22 14:30:00,196.88,197.55,196.81,197.535,3741750.0
2024-02-22 15:00:00,197.55,197.58,196.5,197.085,3821100.0
2024-02-22 15:30:00,197.08,197.99,196.64,197.66,4550064.0
2024-02-22 16:00:00,197.66,198.32,197.17,197.41,9533035.0
2024-02-23 10:00:00,195.31,197.57,191.5,194.9173,12158171.0
2024-02-23 10:30:00,194.91,195.01,193.44,193.5752,9546562.0
2024-02-23 11:00:00,193.58,195.55,193.54,195.015,6278164.0
2024-02-23 11:30:00,195.015,195.3,193.45,194.52,5894905.0
2024-02-23 12:00:00,194.52,195.1,193.91,194.98,3746687.0
2024-02-23 12:30:00,194.97,195.38,193.82,193.92,4657671.0
2024-02-23 13:00:00,193.93,193.98,193.13,193.705,5538931.0
2024-02-23 13:30:00,193.7,194.0786,192.7101,193.97,4380902.0
2024-02-23 14:00:00,193.97,194.09,193.21,193.35,3493744.0
2024-02-23 14:30:00,193.35,193.35,192.15,192.61,5741503.0
2024-02-23 15:00:00,192.61,193.17,192.42,193.1401,3294009.0
2024-02-23 15:30:00,193.16,193.25,191.892,191.97,4126657.0
2024-02-23 16:00:00,191.99,192.54,191.71,191.97,7919123.0
2024-02-26 10:00:00,192.29,197.98,192.0,196.44,17263142.0
2024-02-26 10:30:00,196.42,199.86,196.14,197.71,12800722.0
2024-02-26 11:00:00,197.72,200.21,197.23,198.7887,11397608.0
2024-02-26 11:30:00,198.8,200.17,197.83,199.96,9329810.0
2024-02-26 12:00:00,199.9597,201.78,199.3,200.96,10879923.0
2024-02-26 12:30:00,200.97,201.6,200.2,200.28,6932379.0
2024-02-26 13:00:00,200.2715,200.52,199.42,199.8401,7893097.0
2024-02-26 13:30:00,199.8539,200.74,199.07,199.23,5486654.0
2024-02-26 14:00:00,199.25,199.84,198.86,199.642,4761572.0
2024-02-26 14:30:00,199.63,200.0,198.6,199.655,4353222.0
2024-02-26 15:00:00,199.6668,200.0,199.03,199.0899,5336926.0
2024-02-26 15:30:00,199.1,199.63,198.53,199.4202,4638607.0
2024-02-26 16:00:00,199.42,199.895,198.8003,199.4,8008041.0
2024-02-27 10:00:00,204.04,205.6,201.0,202.3157,21111304.0
2024-02-27 10:30:00,202.32,203.76,201.91,202.4985,10590115.0
2024-02-27 11:00:00,202.49,203.5932,202.05,202.45,7261278.0
2024-02-27 11:30:00,202.46,202.59,201.09,201.98,7751338.0
2024-02-27 12:00:00,201.95,202.74,201.63,201.94,6289579.0
2024-02-27 12:30:00,201.94,202.65,200.57,200.6343,5975295.0
2024-02-27 13:00:00,200.63,200.96,198.6,198.7987,8354508.0
2024-02-27 13:30:00,198.7302,199.34,198.3301,198.61,6842233.0
2024-02-27 14:00:00,198.64,200.24,198.26,200.224,6111159.0
2024-02-27 14:30:00,200.2376,200.8,199.19,200.665,7408605.0
2024-02-27 15:00:00,200.6676,200.92,199.871,200.6099,5142548.0
2024-02-27 15:30:00,200.592,200.6899,199.43,199.9868,4474493.0
2024-02-27 16:00:00,199.98,200.04,198.855,199.73,7432892.0
2024-02-28 10:00:00,200.42,202.38,198.44,199.6514,15613505.0
2024-02-28 10:30:00,199.65,203.33,199.36,202.75,13168519.0
2024-02-28 11:00:00,202.758,203.75,202.43,203.718,10675051.0
2024-02-28 11:30:00,203.72,205.2,203.69,205.12,10018327.0
2024-02-28 12:00:00,205.13,205.3,203.82,204.27,6770878.0
2024-02-28 12:30:00,204.2881,204.3,202.94,203.26,6085974.0
2024-02-28 13:00:00,203.27,203.6699,202.5,203.3568,4980393.0
2024-02-28 13:30:00,203.36,203.75,202.42,202.8001,4458508.0
2024-02-28 14:00:00,202.82,203.73,202.78,203.72,4091803.0
2024-02-28 14:30:00,203.7,203.73,202.15,202.165,5200051.0
2024-02-28 15:00:00,202.1669,202.41,201.67,202.17,4638408.0
2024-02-28 15:30:00,202.182,202.4399,201.3,202.0513,4951067.0
2024-02-28 16:00:00,202.0614,202.41,201.6601,202.04,6258953.0
2024-02-29 10:00:00,204.18,205.28,202.31,202.435,15632540.0
2024-02-29 10:30:00,202.433,203.53,200.5,202.04,10679756.0
2024-02-29 11:00:00,202.032,202.22,199.93,200.38,8277415.0
2024-02-29 11:30:00,200.3878,200.68,199.51,199.67,6378224.0
2024-02-29 12:00:00,199.656,200.2493,198.4463,200.06,6220732.0
2024-02-29 12:30:00,200.035,200.42,199.47,199.57,3839768.0
2024-02-29 13:00:00,199.57,200.3733,199.51,200.35,2927732.0
2024-02-29 13:30:00,200.37,200.87,199.96,200.61,3146356.0
2024-02-29 14:00:00,200.62,201.04,200.05,200.74,3168203.0
2024-02-29 14:30:00,200.75,201.06,199.8301,200.054,3514797.0
2024-02-29 15:00:00,200.05,200.58,199.99,200.578,2481657.0
2024-02-29 15:30:00,200.58,201.25,200.56,200.864,3293798.0
2024-02-29 16:00:00,200.865,202.19,200.74,201.88,11455108.0
2024-03-01 10:00:00,200.52,201.46,198.5,199.91,13138506.0
2024-03-01 10:30:00,199.95,200.72,199.47,199.558,7855366.0
2024-03-01 11:00:00,199.56,199.93,198.91,199.2,6146521.0
2024-03-01 11:30:00,199.2,200.99,199.0807,200.86,5698221.0
2024-03-01 12:00:00,200.8668,201.12,200.52,200.6703,4352669.0
2024-03-01 12:30:00,200.68,202.68,200.55,202.445,6882740.0
2024-03-01 13:00:00,202.46,203.25,202.17,203.1201,5359109.0
2024-03-01 13:30:00,203.14,204.43,202.76,204.27,5602310.0
2024-03-01 14:00:00,204.28,204.52,203.45,203.76,5363458.0
2024-03-01 14:30:00,203.77,203.9,203.02,203.58,4606227.0
2024-03-01 15:00:00,203.57,203.8,202.73,203.07,3875552.0
2024-03-01 15:30:00,203.06,203.44,202.47,203.3299,4395507.0
2024-03-01 16:00:00,203.32,203.39,202.51,202.64,7039880.0
2024-03-04 10:00:00,198.73,199.75,192.87,193.29,20237044.0
2024-03-04 10:30:00,193.32,193.47,191.81,192.065,12437761.0
2024-03-04 11:00:00,192.0752,192.5,190.72,191.265,10601469.0
2024-03-04 11:30:00,191.265,191.55,190.12,190.56,9440243.0
2024-03-04 12:00:00,190.56,190.72,189.25,190.23,9834515.0
2024-03-04 12:30:00,190.2101,190.3999,188.72,189.164,7979690.0
2024-03-04 13:00:00,189.1511,189.38,186.84,187.759,11070066.0
2024-03-04 13:30:00,187.755,188.38,187.31,187.35,7500253.0
2024-03-04 14:00:00,187.355,187.71,186.72,187.255,6301125.0
2024-03-04 14:30:00,187.24,187.61,186.75,187.2273,5922810.0
2024-03-04 15:00:00,187.235,189.1488,187.14,189.0399,7624660.0
2024-03-04 15:30:00,189.02,190.11,188.861,189.9915,8446338.0
2024-03-04 16:00:00,190.02,190.14,188.12,188.14,13053919.0
2024-03-05 10:00:00,183.05,184.59,181.57,182.51,19631945.0
2024-03-05 10:30:00,182.5,184.35,178.77,178.8977,17595682.0
2024-03-05 11:00:00,178.87,180.0,178.33,178.82,12217246.0
2024-03-05 11:30:00,178.84,179.05,177.57,178.31,8450539.0
2024-03-05 12:00:00,178.315,179.18,178.2303,178.9275,5836061.0
2024-03-05 12:30:00,178.935,181.29,178.87,181.2446,7014637.0
2024-03-05 13:00:00,181.25,181.77,180.37,181.14,5740113.0
2024-03-05 13:30:00,181.12,181.37,180.1,180.6499,4765905.0
2024-03-05 14:00:00,180.63,181.8999,180.5,181.06,5928538.0
2024-03-05 14:30:00,181.05,181.72,180.57,180.8995,4647433.0
2024-03-05 15:00:00,180.9,180.9384,179.27,179.38,5135016.0
2024-03-05 15:30:00,179.39,180.33,179.28,180.28,5590063.0
2024-03-05 16:00:00,180.28,181.09,179.88,180.74,11162318.0
2024-03-06 10:00:00,179.99,181.576,175.76,176.27,17173511.0
2024-03-06 10:30:00,176.28,176.64,173.7,176.395,15463990.0
2024-03-06 11:00:00,176.38,178.14,176.28,176.948,9188239.0
2024-03-06 11:30:00,176.945,178.0,176.4,176.62,6528126.0
2024-03-06 12:00:00,176.6126,178.09,176.06,177.83,5574925.0
2024-03-06 12:30:00,177.84,178.99,177.4004,178.66,5249077.0
2024-03-06 13:00:00,178.67,179.03,178.07,178.7301,4359986.0
2024-03-06 13:30:00,178.7578,179.99,178.69,179.8801,4547451.0
2024-03-06 14:00:00,179.9,180.07,177.5501,177.77,6985420.0
2024-03-06 14:30:00,177.76,177.76,176.3,177.075,6223463.0
2024-03-06 15:00:00,177.09,178.12,176.45,177.74,5304711.0
2024-03-06 15:30:00,177.72,178.02,176.9454,177.22,4632082.0
2024-03-06 16:00:00,177.23,177.25,176.19,176.54,9525866.0
2024-03-07 10:00:00,174.35,179.78,173.7,177.865,19329385.0
2024-03-07 10:30:00,177.78,177.78,175.5,175.92,10823517.0
2024-03-07 11:00:00,175.925,178.81,175.25,178.38,10264145.0
2024-03-07 11:30:00,178.39,179.2,177.26,177.3799,7045509.0
2024-03-07 12:00:00,177.38,177.51,176.62,176.98,5872119.0
2024-03-07 12:30:00,176.97,177.2,176.0,176.8899,5655986.0
2024-03-07 13:00:00,176.87,177.79,176.86,177.32,3917638.0
2024-03-07 13:30:00,177.3299,179.11,177.26,179.0,5023729.0
2024-03-07 14:00:00,179.015,179.76,178.44,178.6876,6579705.0
2024-03-07 14:30:00,178.6975,179.81,178.21,179.4001,4504288.0
2024-03-07 15:00:00,179.4004,180.04,179.26,179.715,5245822.0
2024-03-07 15:30:00,179.715,179.715,178.76,179.018,4464168.0
2024-03-07 16:00:00,179.01,179.67,178.49,178.65,8649944.0
2024-03-08 10:00:00,181.5,182.73,179.21,180.2027,13380049.0
2024-03-08 10:30:00,180.2,180.3804,177.7,179.015,9858801.0
2024-03-08 11:00:00,179.035,179.23,175.59,175.6799,10302470.0
2024-03-08 11:30:00,175.6523,176.2599,174.77,175.06,7936623.0
2024-03-08 12:00:00,175.07,176.7099,174.7,176.44,5936958.0
2024-03-08 12:30:00,176.45,176.8199,175.451,176.25,4390917.0
2024-03-08 13:00:00,176.27,176.305,175.15,175.3653,3449127.0
2024-03-08 13:30:00,175.37,176.34,175.21,176.07,3163773.0
2024-03-08 14:00:00,176.05,176.24,174.9,175.46,3765776.0
2024-03-08 14:30:00,175.48,175.89,175.2,175.48,3260074.0
2024-03-08 15:00:00,175.47,176.8,175.47,176.21,3979264.0
2024-03-08 15:30:00,176.2,176.49,175.51,175.6,3777195.0
2024-03-08 16:00:00,175.61,176.18,175.04,175.34,7799087.0
2024-03-11 10:00:00,175.445,182.39,174.8,181.806,19194341.0
2024-03-11 10:30:00,181.83,182.87,178.91,179.88,11885542.0
2024-03-11 11:00:00,179.8899,180.6,178.15,178.815,7749026.0
2024-03-11 11:30:00,178.8,178.99,177.85,177.885,4774992.0
2024-03-11 12:00:00,177.888,178.57,177.11,178.1694,5495962.0
2024-03-11 12:30:00,178.16,178.95,177.63,178.505,4279003.0
2024-03-11 13:00:00,178.52,179.0899,178.0,178.818,3916385.0
2024-03-11 13:30:00,178.83,179.05,177.9,178.9101,3894198.0
2024-03-11 14:00:00,178.9207,179.43,178.5,179.2798,3576020.0
2024-03-11 14:30:00,179.27,179.58,179.1,179.1005,2704237.0
2024-03-11 15:00:00,179.1101,179.13,178.45,178.66,2750998.0
2024-03-11 15:30:00,178.66,178.66,176.69,176.73,4063142.0
2024-03-11 16:00:00,176.75,177.9,176.52,177.77,8576898.0
2024-03-12 10:00:00,177.77,177.96,172.4101,173.21,19457609.0
2024-03-12 10:30:00,173.2499,175.48,172.62,175.2999,10724774.0
2024-03-12 11:00:00,175.3,177.3499,174.84,177.0102,8208021.0
2024-03-12 11:30:00,177.02,178.78,176.61,178.55,7209444.0
2024-03-12 12:00:00,178.568,178.7199,176.76,178.1943,6759291.0
2024-03-12 12:30:00,178.205,179.08,177.92,178.11,4882225.0
2024-03-12 13:00:00,178.11,178.2,176.83,177.3099,4048148.0
2024-03-12 13:30:00,177.2888,178.12,176.83,178.1046,3767504.0
2024-03-12 14:00:00,178.12,178.49,177.8,178.4635,2801334.0
2024-03-12 14:30:00,178.46,178.84,178.12,178.83,2713173.0
2024-03-12 15:00:00,178.8262,179.43,178.75,178.99,3470874.0
2024-03-12 15:30:00,178.99,179.12,178.51,179.055,2775485.0
2024-03-12 16:00:00,179.07,179.09,177.32,177.54,7283128.0
2024-03-13 10:00:00,173.05,176.05,172.6,173.5599,15226213.0
2024-03-13 10:30:00,173.56,173.64,171.71,172.36,12175152.0
2024-03-13 11:00:00,172.37,172.5499,170.6,170.76,11629123.0
2024-03-13 11:30:00,170.79,172.96,170.62,172.705,7406304.0
2024-03-13 12:00:00,172.72,173.16,171.72,172.1599,5314427.0
2024-03-13 12:30:00,172.16,172.44,171.38,171.82,4155329.0
2024-03-13 13:00:00,171.81,171.8564,170.85,170.95,3940707.0
2024-03-13 13:30:00,170.9476,172.05,170.9,171.7511,4019111.0
2024-03-13 14:00:00,171.7628,172.03,170.7,170.875,4606818.0
2024-03-13 14:30:00,170.8799,171.23,170.11,170.17,5427922.0
2024-03-13 15:00:00,170.1571,170.7379,170.06,170.25,4825674.0
2024-03-13 15:30:00,170.245,171.04,169.29,169.562,7173268.0
2024-03-13 16:00:00,169.57,170.12,169.15,169.48,12154224.0
2024-03-14 10:00:00,167.77,171.17,165.0,165.34,20830829.0
2024-03-14 10:30:00,165.332,167.3699,165.2,166.0456,10132766.0
2024-03-14 11:00:00,166.0001,166.84,165.11,165.3897,7494266.0
2024-03-14 11:30:00,165.378,165.46,163.3115,163.3491,11239026.0
2024-03-14 12:00:00,163.36,163.86,162.72,162.81,10336079.0
2024-03-14 12:30:00,162.8176,163.2,161.88,162.59,8740577.0
2024-03-14 13:00:00,162.597,163.75,162.49,162.88,6296774.0
2024-03-14 13:30:00,162.88,163.3299,162.07,162.0999,4944215.0
2024-03-14 14:00:00,162.08,163.27,161.68,163.1301,5338073.0
2024-03-14 14:30:00,163.16,163.54,162.2,162.36,4915448.0
2024-03-14 15:00:00,162.37,162.55,160.84,160.965,7237601.0
2024-03-14 15:30:00,160.96,161.35,160.51,161.14,7439366.0
2024-03-14 16:00:00,161.15,162.68,160.63,162.5,14436364.0
2024-03-15 10:00:00,163.16,165.1845,161.26,161.475,20310371.0
2024-03-15 10:30:00,161.4993,163.07,161.11,162.92,9164418.0
2024-03-15 11:00:00,162.945,164.15,162.44,162.73,7512849.0
2024-03-15 11:30:00,162.75,163.79,162.36,163.6099,5010635.0
2024-03-15 12:00:00,163.57,163.66,162.19,162.8894,4514235.0
2024-03-15 12:30:00,162.85,162.8585,161.33,161.83,5206580.0
2024-03-15 13:00:00,161.828,161.94,160.84,160.855,4568777.0
2024-03-15 13:30:00,160.8683,162.19,160.76,161.97,3947225.0
2024-03-15 14:00:00,161.95,163.27,161.91,162.88,4536865.0
2024-03-15 14:30:00,162.88,163.1,162.331,162.6602,3512707.0
2024-03-15 15:00:00,162.6602,163.89,162.57,163.51,4488440.0
2024-03-15 15:30:00,163.522,163.72,162.67,163.19,4812799.0
2024-03-15 16:00:00,163.18,163.7787,162.71,163.57,14279737.0
2024-03-18 10:00:00,170.02,170.2,165.9,167.362,16576393.0
2024-03-18 10:30:00,167.38,171.21,166.82,171.15,12639384.0
2024-03-18 11:00:00,171.1501,173.07,171.0,172.995,13516035.0
2024-03-18 11:30:00,172.9877,174.72,172.7001,173.68,11360620.0
2024-03-18 12:00:00,173.67,174.1,172.75,173.6604,6540648.0
2024-03-18 12:30:00,173.67,173.76,172.48,172.82,5756097.0
2024-03-18 13:00:00,172.8,173.72,172.55,172.97,4827403.0
2024-03-18 13:30:00,172.98,173.04,171.92,172.82,4311173.0
2024-03-18 14:00:00,172.83,173.46,172.03,173.2618,3948946.0
2024-03-18 14:30:00,173.26,174.2,173.1,174.1599,4154003.0
2024-03-18 15:00:00,174.16,174.234,173.41,173.4399,3822710.0
2024-03-18 15:30:00,173.4204,174.219,173.22,174.15,3967390.0
2024-03-18 16:00:00,174.15,174.405,173.33,173.8,11015267.0
2024-03-19 10:00:00,172.36,172.82,167.42,168.88,16704178.0
2024-03-19 10:30:00,168.8875,170.69,168.3,169.36,9797643.0
2024-03-19 11:00:00,169.36,171.42,168.845,170.4808,7452193.0
2024-03-19 11:30:00,170.5,171.84,170.31,171.7599,5145114.0
2024-03-19 12:00:00,171.76,172.33,171.214,171.53,4372506.0
2024-03-19 12:30:00,171.52,172.0,171.0,171.94,3667800.0
2024-03-19 13:00:00,171.93,172.4,171.2,171.83,3532741.0
2024-03-19 13:30:00,171.83,172.72,171.17,171.7256,3578783.0
2024-03-19 14:00:00,171.72,171.92,171.1,171.46,2722398.0
2024-03-19 14:30:00,171.455,171.54,170.5587,171.43,3347075.0
2024-03-19 15:00:00,171.42,172.2,171.4,171.6699,3301475.0
2024-03-19 15:30:00,171.65,171.94,171.02,171.22,3190711.0
2024-03-19 16:00:00,171.21,171.8,171.09,171.32,6303824.0
2024-03-20 10:00:00,173.0,174.3199,171.42,171.8675,12275510.0
2024-03-20 10:30:00,171.86,172.84,170.82,171.12,8576791.0
2024-03-20 11:00:00,171.14,173.17,171.094,172.9,7002899.0
2024-03-20 11:30:00,172.8986,173.51,172.61,172.65,5857040.0
2024-03-20 12:00:00,172.65,173.46,172.65,172.84,4281397.0
2024-03-20 12:30:00,172.842,172.842,171.78,171.9,3778847.0
2024-03-20 13:00:00,171.9177,173.06,171.75,172.828,3031611.0
2024-03-20 13:30:00,172.835,173.17,172.53,172.95,2533809.0
2024-03-20 14:00:00,172.94,173.39,172.82,173.1,2762648.0
2024-03-20 14:30:00,173.09,174.83,173.0815,173.87,7129773.0
2024-03-20 15:00:00,173.87,175.61,172.48,174.925,8770434.0
2024-03-20 15:30:00,174.94,175.64,174.53,175.375,5713735.0
2024-03-20 16:00:00,175.37,176.25,175.24,175.66,9049750.0
2024-03-21 10:00:00,176.39,178.18,174.32,174.4,13730712.0
2024-03-21 10:30:00,174.38,175.3496,173.8,175.07,8266093.0
2024-03-21 11:00:00,175.07,175.8,174.08,175.3,6516125.0
2024-03-21 11:30:00,175.2943,175.95,174.3406,175.08,4827890.0
2024-03-21 12:00:00,175.0899,175.29,173.76,174.235,4863808.0
2024-03-21 12:30:00,174.253,174.75,173.78,174.26,3366074.0
2024-03-21 13:00:00,174.27,174.4165,173.84,174.09,3008994.0
2024-03-21 13:30:00,174.075,174.09,172.833,173.3695,4438609.0
2024-03-21 14:00:00,173.36,173.58,172.3,172.406,3572456.0
2024-03-21 14:30:00,172.4,172.51,171.82,172.26,3967474.0
2024-03-21 15:00:00,172.26,173.01,171.8,172.9222,3408337.0
2024-03-21 15:30:00,172.92,173.27,172.702,173.095,3347383.0
2024-03-21 16:00:00,173.0995,173.36,172.76,172.82,6432740.0
2024-03-22 10:00:00,166.69,169.6,166.3,168.14,16239664.0
2024-03-22 10:30:00,168.147,170.03,168.06,169.3208,9308662.0
2024-03-22 11:00:00,169.34,170.03,168.7,169.68,6114513.0
2024-03-22 11:30:00,169.695,170.75,169.03,170.675,5693416.0
2024-03-22 12:00:00,170.675,170.69,169.35,169.6699,4710392.0
2024-03-22 12:30:00,169.67,169.8,168.71,169.37,3768586.0
2024-03-22 13:00:00,169.4,169.91,169.3,169.6331,2619977.0
2024-03-22 13:30:00,169.62,170.46,169.5,170.39,3966554.0
2024-03-22 14:00:00,170.38,170.82,170.11,170.2165,2991144.0
2024-03-22 14:30:00,170.2,170.98,170.16,170.91,3127519.0
2024-03-22 15:00:00,170.92,171.2,170.66,170.75,2647861.0
2024-03-22 15:30:00,170.73,170.85,170.24,170.62,2962897.0
2024-03-22 16:00:00,170.64,171.18,170.49,170.83,5779495.0
2024-03-25 10:00:00,168.76,175.24,168.73,172.595,15731098.0
2024-03-25 10:30:00,172.5672,172.6999,170.07,170.565,8642518.0
2024-03-25 11:00:00,170.59,170.79,169.55,169.96,7221883.0
2024-03-25 11:30:00,169.9617,171.28,169.96,171.165,5016676.0
2024-03-25 12:00:00,171.18,172.08,170.88,171.9,4458821.0
2024-03-25 12:30:00,171.9,172.64,171.65,172.325,3876819.0
2024-03-25 13:00:00,172.34,173.08,172.1,172.8601,4308315.0
2024-03-25 13:30:00,172.87,172.87,172.24,172.2733,3032066.0
2024-03-25 14:00:00,172.27,172.73,172.17,172.5914,2146431.0
2024-03-25 14:30:00,172.61,173.6,172.53,173.3165,5305873.0
2024-03-25 15:00:00,173.32,173.72,172.64,172.66,3336427.0
2024-03-25 15:30:00,172.66,172.7385,171.93,171.98,2798926.0
2024-03-25 16:00:00,171.97,172.81,171.88,172.63,5775930.0
2024-03-26 10:00:00,178.58,183.28,177.6301,181.9797,26950744.0
2024-03-26 10:30:00,181.995,183.32,180.95,182.21,12418493.0
2024-03-26 11:00:00,182.212,184.25,181.38,183.32,11156954.0
2024-03-26 11:30:00,183.3136,183.38,181.76,181.865,7415515.0
2024-03-26 12:00:00,181.865,182.28,180.81,180.8529,7482513.0
2024-03-26 12:30:00,180.86,182.02,179.79,180.52,7681097.0
2024-03-26 13:00:00,180.502,181.0,179.94,180.145,4413538.0
2024-03-26 13:30:00,180.13,180.19,178.85,179.3115,5254904.0
2024-03-26 14:00:00,179.305,179.54,178.71,179.075,3659453.0
2024-03-26 14:30:00,179.07,179.88,178.96,179.025,3477906.0
2024-03-26 15:00:00,179.02,179.6,178.9,179.565,3195581.0
2024-03-26 15:30:00,179.568,179.568,178.44,178.5279,4098178.0
2024-03-26 16:00:00,178.522,178.58,177.38,177.67,9333883.0
2024-03-27 10:00:00,181.41,181.577,176.1999,176.255,16811623.0
2024-03-27 10:30:00,176.23,178.37,176.0,177.7492,8923786.0
2024-03-27 11:00:00,177.73,178.83,177.24,178.53,6250397.0
2024-03-27 11:30:00,178.51,179.45,178.13,179.0415,4859742.0
2024-03-27 12:00:00,179.0634,179.545,178.25,179.48,4253987.0
2024-03-27 12:30:00,179.47,180.75,179.35,180.65,5838418.0
2024-03-27 13:00:00,180.6382,181.91,180.39,180.68,6882997.0
2024-03-27 13:30:00,180.7,180.71,179.65,179.87,4091746.0
2024-03-27 14:00:00,179.86,180.09,179.43,179.615,3272912.0
2024-03-27 14:30:00,179.63,180.58,179.57,180.45,3275605.0
2024-03-27 15:00:00,180.45,180.79,180.1017,180.1017,3667478.0
2024-03-27 15:30:00,180.1002,180.2494,179.35,179.75,3202604.0
2024-03-27 16:00:00,179.76,180.18,179.13,179.83,6914442.0
2024-03-28 10:00:00,177.45,179.57,176.3,176.7301,13587455.0
2024-03-28 10:30:00,176.81,177.25,175.7,176.912,8843192.0
2024-03-28 11:00:00,176.915,177.86,176.3,177.53,6629310.0
2024-03-28 11:30:00,177.54,177.78,176.5,176.63,4731578.0
2024-03-28 12:00:00,176.61,177.17,176.01,176.85,4600376.0
2024-03-28 12:30:00,176.85,177.63,176.27,177.4596,4194019.0
2024-03-28 13:00:00,177.4448,177.98,177.3,177.594,3835435.0
2024-03-28 13:30:00,177.58,177.84,176.96,177.155,3176782.0
2024-03-28 14:00:00,177.15,177.41,176.68,176.7908,3445056.0
2024-03-28 14:30:00,176.8,177.01,176.39,176.64,3056366.0
2024-03-28 15:00:00,176.6308,176.94,176.07,176.25,3123290.0
2024-03-28 15:30:00,176.2649,176.5785,175.8,175.85,3983804.0
2024-03-28 16:00:00,175.86,176.0,175.3,175.79,9349954.0
2024-04-01 10:00:00,176.17,176.75,174.09,175.565,12544306.0
2024-04-01 10:30:00,175.53,175.7399,171.6,171.728,9895793.0
2024-04-01 11:00:00,171.74,171.74,170.21,171.1397,10140030.0
2024-04-01 11:30:00,171.12,172.19,170.94,172.105,5638229.0
2024-04-01 12:00:00,172.09,172.2,170.89,171.18,4646750.0
2024-04-01 12:30:00,171.19,172.43,171.07,172.28,3449189.0
2024-04-01 13:00:00,172.2882,173.2771,172.1,173.02,3553531.0
2024-04-01 13:30:00,173.0301,173.0499,171.74,171.89,3466541.0
2024-04-01 14:00:00,171.86,172.72,171.75,172.615,2549400.0
2024-04-01 14:30:00,172.6,173.105,172.11,172.94,3155902.0
2024-04-01 15:00:00,172.93,173.18,172.5901,172.9613,2963827.0
2024-04-01 15:30:00,172.9613,174.0868,172.841,173.955,4499462.0
2024-04-01 16:00:00,173.96,175.41,173.1901,175.22,11831761.0
2024-04-02 10:00:00,164.75,167.2,163.43,165.915,25044052.0
2024-04-02 10:30:00,165.94,166.95,164.89,165.5701,12528208.0
2024-04-02 11:00:00,165.58,165.8699,164.34,164.4727,9340494.0
2024-04-02 11:30:00,164.485,165.8707,163.9,165.67,8813091.0
2024-04-02 12:00:00,165.67,166.65,165.1129,165.8728,6455031.0
2024-04-02 12:30:00,165.8895,166.35,165.51,166.26,5107289.0
2024-04-02 13:00:00,166.255,167.69,165.99,167.4996,5967675.0
2024-04-02 13:30:00,167.48,167.64,166.6001,166.7302,4360742.0
2024-04-02 14:00:00,166.734,167.06,166.2902,166.3499,3928258.0
2024-04-02 14:30:00,166.35,166.56,165.9006,165.96,3926290.0
2024-04-02 15:00:00,165.96,166.04,165.25,165.388,4586845.0
2024-04-02 15:30:00,165.38,166.1919,165.36,166.065,4729254.0
2024-04-02 16:00:00,166.06,167.02,165.81,166.63,10488740.0
2024-04-03 10:00:00,164.02,166.48,163.28,164.91,15948090.0
2024-04-03 10:30:00,164.95,167.39,164.72,167.255,10386631.0
2024-04-03 11:00:00,167.26,167.64,166.5,167.372,7753178.0
2024-04-03 11:30:00,167.3783,168.53,167.22,167.735,6945339.0
2024-04-03 12:00:00,167.74,168.46,167.33,167.4573,5211610.0
2024-04-03 12:30:00,167.45,168.17,167.05,168.17,3949391.0
2024-04-03 13:00:00,168.18,168.82,167.8295,167.95,4469221.0
2024-04-03 13:30:00,167.97,168.2993,167.6601,167.71,3078910.0
2024-04-03 14:00:00,167.72,167.94,167.35,167.63,3317745.0
2024-04-03 14:30:00,167.635,168.27,167.52,168.11,2987212.0
2024-04-03 15:00:00,168.09,168.54,167.9,168.32,2953163.0
2024-04-03 15:30:00,168.33,168.56,167.32,167.515,3952158.0
2024-04-03 16:00:00,167.5006,168.44,167.12,168.38,7717462.0
2024-04-04 10:00:00,170.07,170.74,168.01,169.0999,11612748.0
2024-04-04 10:30:00,169.08,170.55,168.3736,170.095,7769773.0
2024-04-04 11:00:00,170.095,171.36,169.96,170.9299,7660702.0
2024-04-04 11:30:00,170.9299,172.055,170.72,171.86,6941150.0
2024-04-04 12:00:00,171.84,175.33,171.84,175.265,12027705.0
2024-04-04 12:30:00,175.25,175.68,174.44,175.45,12207922.0
2024-04-04 13:00:00,175.45,177.09,175.33,176.864,10204354.0
2024-04-04 13:30:00,176.867,177.19,175.58,175.9299,8351171.0
2024-04-04 14:00:00,175.926,176.32,175.05,175.1842,6811501.0
2024-04-04 14:30:00,175.17,175.4799,173.31,173.47,7780116.0
2024-04-04 15:00:00,173.45,173.45,171.87,172.245,9004805.0
2024-04-04 15:30:00,172.2665,172.2665,170.75,170.875,7680545.0
2024-04-04 16:00:00,170.88,172.24,170.845,171.11,11245150.0
2024-04-05 10:00:00,169.08,170.2,167.12,169.53,14322116.0
2024-04-05 10:30:00,169.54,170.86,168.8,169.1017,8024520.0
2024-04-05 11:00:00,169.12,170.56,168.87,170.0436,6870149.0
2024-04-05 11:30:00,170.055,170.27,161.31,161.37,28962308.0
2024-04-05 12:00:00,161.35,168.1,160.51,165.0101,25709996.0
2024-04-05 12:30:00,165.0127,167.58,165.01,167.0939,7800725.0
2024-04-05 13:00:00,167.085,169.0,166.58,168.94,6157143.0
2024-04-05 13:30:00,168.93,168.965,167.78,167.8,4730767.0
2024-04-05 14:00:00,167.82,168.19,165.44,165.44,5921207.0
2024-04-05 14:30:00,165.45,165.88,164.25,164.2815,6022250.0
2024-04-05 15:00:00,164.35,165.2,164.0,165.05,5080440.0
2024-04-05 15:30:00,165.07,165.44,164.81,165.08,4204347.0
2024-04-05 16:00:00,165.0678,165.69,164.85,164.9,9372619.0
2024-04-08 10:00:00,169.34,173.16,167.79,172.065,21189377.0
2024-04-08 10:30:00,172.09,172.41,170.6,171.485,9628211.0
2024-04-08 11:00:00,171.46,174.05,170.85,173.375,9683413.0
2024-04-08 11:30:00,173.38,174.5,172.72,173.65,10305195.0
2024-04-08 12:00:00,173.65,173.7378,172.42,172.99,6632583.0
2024-04-08 12:30:00,172.9843,173.4639,172.26,173.1891,5779568.0
2024-04-08 13:00:00,173.2,173.45,172.161,173.13,4928676.0
2024-04-08 13:30:00,173.13,173.99,173.0502,173.8,5273115.0
2024-04-08 14:00:00,173.819,174.0,173.3511,173.9346,4339806.0
2024-04-08 14:30:00,173.94,174.4,173.73,173.886,4869849.0
2024-04-08 15:00:00,173.875,174.0,173.31,173.672,3442769.0
2024-04-08 15:30:00,173.66,173.73,172.85,173.332,3953258.0
2024-04-08 16:00:00,173.32,173.44,172.5534,172.98,8822039.0
2024-04-09 10:00:00,172.91,176.3499,171.92,176.015,17395048.0
2024-04-09 10:30:00,175.975,179.22,175.61,177.14,19580310.0
2024-04-09 11:00:00,177.1594,177.4,175.51,176.17,11227685.0
2024-04-09 11:30:00,176.17,176.56,174.91,175.0605,8004923.0
2024-04-09 12:00:00,175.066,175.36,174.34,175.12,6127778.0
2024-04-09 12:30:00,175.1,175.82,175.02,175.3939,4024734.0
2024-04-09 13:00:00,175.3884,175.4,174.27,174.57,4167006.0
2024-04-09 13:30:00,174.5831,175.43,174.5025,175.3911,3441303.0
2024-04-09 14:00:00,175.38,176.33,175.27,175.645,4830589.0
2024-04-09 14:30:00,175.6599,176.48,175.29,176.02,3884825.0
2024-04-09 15:00:00,176.02,176.1,175.21,175.2562,3032720.0
2024-04-09 15:30:00,175.265,176.0,174.7533,175.96,3962603.0
2024-04-09 16:00:00,175.96,177.0,175.88,176.88,9617773.0
2024-04-10 10:00:00,173.04,174.93,170.72,171.85,17165698.0
2024-04-10 10:30:00,171.8244,173.2097,171.35,172.1363,8809678.0
2024-04-10 11:00:00,172.13,173.09,171.11,171.4301,7257349.0
2024-04-10 11:30:00,171.435,172.49,171.31,172.47,4465481.0
2024-04-10 12:00:00,172.46,172.48,171.19,171.42,3897445.0
2024-04-10 12:30:00,171.3961,171.92,170.86,171.415,4195429.0
2024-04-10 13:00:00,171.418,172.08,171.0,171.8701,3789723.0
2024-04-10 13:30:00,171.895,172.06,170.43,171.395,5818791.0
2024-04-10 14:00:00,171.38,171.8,170.54,171.2,4266286.0
2024-04-10 14:30:00,171.161,171.38,170.69,170.8,3238295.0
2024-04-10 15:00:00,170.7901,171.15,170.25,170.2619,3603829.0
2024-04-10 15:30:00,170.2779,171.78,170.01,171.4287,4882420.0
2024-04-10 16:00:00,171.42,172.1435,170.97,171.76,7943377.0
2024-04-11 10:00:00,172.55,174.1699,170.1427,170.36,12774000.0
2024-04-11 10:30:00,170.37,170.38,168.51,169.35,10953504.0
2024-04-11 11:00:00,169.36,170.38,169.12,169.52,6819076.0
2024-04-11 11:30:00,169.52,171.09,169.3907,170.51,6193448.0
2024-04-11 12:00:00,170.515,172.07,170.4,172.0453,6252119.0
2024-04-11 12:30:00,172.07,172.49,171.8,172.08,5307142.0
2024-04-11 13:00:00,172.09,172.78,171.88,172.1585,4490679.0
2024-04-11 13:30:00,172.155,174.29,171.98,173.84,6957435.0
2024-04-11 14:00:00,173.84,174.72,173.78,174.53,5893954.0
2024-04-11 14:30:00,174.53,175.19,174.36,174.96,5866036.0
2024-04-11 15:00:00,174.97,175.15,174.03,174.06,5488731.0
2024-04-11 15:30:00,174.06,175.29,174.01,174.9271,4778660.0
2024-04-11 16:00:00,174.93,175.88,174.52,174.6,9277825.0
2024-04-12 10:00:00,172.34,173.6158,171.7071,172.815,10632507.0
2024-04-12 10:30:00,172.85,173.8099,171.89,171.9202,7572636.0
2024-04-12 11:00:00,171.92,172.54,171.29,171.59,5929620.0
2024-04-12 11:30:00,171.588,172.64,171.54,172.4854,3772749.0
2024-04-12 12:00:00,172.51,172.95,172.245,172.44,3176915.0
2024-04-12 12:30:00,172.44,172.46,171.43,171.5606,3527197.0
2024-04-12 13:00:00,171.54,171.8,170.61,171.2,4018875.0
2024-04-12 13:30:00,171.21,171.79,170.3644,170.6,3500999.0
2024-04-12 14:00:00,170.6,171.62,170.51,171.2601,3111498.0
2024-04-12 14:30:00,171.26,171.78,171.0701,171.3044,2963192.0
2024-04-12 15:00:00,171.31,171.55,170.84,170.8513,2625423.0
2024-04-12 15:30:00,170.86,171.36,170.67,171.0701,2430129.0
2024-04-12 16:00:00,171.065,171.4,170.83,171.05,7590054.0
2024-04-15 10:00:00,170.24,170.69,164.86,165.2,17087538.0
2024-04-15 10:30:00,165.17,166.4,164.64,166.065,10445156.0
2024-04-15 11:00:00,166.0975,166.39,165.11,165.4479,6472583.0
2024-04-15 11:30:00,165.45,166.35,164.4,166.3,6317732.0
2024-04-15 12:00:00,166.31,166.94,165.95,165.98,4436919.0
2024-04-15 12:30:00,165.99,166.55,164.74,164.7713,4766875.0
2024-04-15 13:00:00,164.77,164.8299,163.87,164.21,5834352.0
2024-04-15 13:30:00,164.19,164.62,162.89,162.97,4941780.0
2024-04-15 14:00:00,162.98,163.4858,162.5,163.447,5228763.0
2024-04-15 14:30:00,163.43,163.4499,162.5,162.5302,3679585.0
2024-04-15 15:00:00,162.53,163.35,162.32,162.5042,4229977.0
2024-04-15 15:30:00,162.5,162.69,161.61,161.9108,7055723.0
2024-04-15 16:00:00,161.93,162.52,161.38,161.48,13306788.0
2024-04-16 10:00:00,156.742,157.8,153.75,154.95,21988356.0
2024-04-16 10:30:00,154.9501,157.48,154.55,155.555,12264973.0
2024-04-16 11:00:00,155.54,157.1,154.86,157.06,7989529.0
2024-04-16 11:30:00,157.065,158.19,156.5,158.02,6666744.0
2024-04-16 12:00:00,158.01,158.18,156.73,156.742,5061550.0
2024-04-16 12:30:00,156.73,157.43,156.375,156.8799,4168099.0
2024-04-16 13:00:00,156.8699,157.99,156.75,157.54,3651498.0
2024-04-16 13:30:00,157.55,157.75,156.73,156.75,3804039.0
2024-04-16 14:00:00,156.8,156.85,155.5099,156.02,5245871.0
2024-04-16 14:30:00,156.02,157.83,155.66,155.84,5108012.0
2024-04-16 15:00:00,155.795,156.78,155.69,156.725,3363413.0
2024-04-16 15:30:00,156.71,157.38,156.11,157.33,3880417.0
2024-04-16 16:00:00,157.32,157.68,156.78,157.11,8208091.0
2024-04-17 10:00:00,157.64,157.71,154.46,154.66,14392431.0
2024-04-17 10:30:00,154.665,155.25,153.78,154.86,9031705.0
2024-04-17 11:00:00,154.87,155.673,154.14,154.845,5875179.0
2024-04-17 11:30:00,154.8352,156.37,154.83,155.85,5917880.0
2024-04-17 12:00:00,155.865,156.47,155.4115,156.23,3996101.0
2024-04-17 12:30:00,156.2263,156.62,155.35,155.645,4622434.0
2024-04-17 13:00:00,155.63,155.97,154.7501,155.6801,4860508.0
2024-04-17 13:30:00,155.72,157.26,155.6,157.1681,4430703.0
2024-04-17 14:00:00,157.18,158.0,156.751,157.81,4911317.0
2024-04-17 14:30:00,157.79,158.0,157.0,157.05,4384421.0
2024-04-17 15:00:00,157.0698,158.33,156.86,156.9901,5108374.0
2024-04-17 15:30:00,157.0057,157.15,156.21,156.25,4094668.0
2024-04-17 16:00:00,156.26,156.58,155.3,155.45,7429202.0
2024-04-18 10:00:00,151.25,152.1,148.7,150.0308,20446833.0
2024-04-18 10:30:00,150.06,151.38,149.21,151.26,10283387.0
2024-04-18 11:00:00,151.28,152.2,150.95,151.645,6606981.0
2024-04-18 11:30:00,151.65,151.87,150.73,150.8671,5839701.0
2024-04-18 12:00:00,150.8542,151.04,150.01,150.0413,5054200.0
2024-04-18 12:30:00,150.05,150.5799,149.77,150.4814,5582882.0
2024-04-18 13:00:00,150.485,150.4999,149.51,149.9315,5168685.0
2024-04-18 13:30:00,149.94,150.9884,149.85,150.8735,4428526.0
2024-04-18 14:00:00,150.885,150.94,149.4707,149.8161,4814568.0
2024-04-18 14:30:00,149.81,150.81,149.42,150.5001,5043011.0
2024-04-18 15:00:00,150.52,150.6291,149.96,150.413,3664874.0
2024-04-18 15:30:00,150.41,151.42,150.38,150.6691,4533941.0
2024-04-18 16:00:00,150.67,150.98,149.8,149.93,8301536.0
2024-04-19 10:00:00,148.97,150.94,148.1,148.75,13963478.0
2024-04-19 10:30:00,148.75,150.45,148.26,149.52,8893394.0
2024-04-19 11:00:00,149.5,150.51,148.82,150.06,7906804.0
2024-04-19 11:30:00,150.0699,150.78,149.44,149.96,5697777.0
2024-04-19 12:00:00,149.95,150.09,149.2,149.24,4254881.0
2024-04-19 12:30:00,149.23,149.67,148.01,148.185,5183321.0
2024-04-19 13:00:00,148.17,148.94,147.81,148.77,4306885.0
2024-04-19 13:30:00,148.7546,149.67,148.71,148.9105,4614054.0
2024-04-19 14:00:00,148.89,149.3271,148.44,148.622,2724764.0
2024-04-19 14:30:00,148.63,148.6932,147.66,147.71,3871775.0
2024-04-19 15:00:00,147.71,147.99,146.64,147.2302,5473853.0
2024-04-19 15:30:00,147.21,147.4499,146.76,147.215,3756547.0
2024-04-19 16:00:00,147.2,147.2466,146.22,147.05,10459659.0
2024-04-22 10:00:00,140.56,144.44,138.8025,143.43,23989530.0
2024-04-22 10:30:00,143.4312,144.12,141.06,141.2401,11485107.0
2024-04-22 11:00:00,141.24,141.67,140.14,140.33,8889506.0
2024-04-22 11:30:00,140.35,140.76,139.61,140.1646,8646450.0
2024-04-22 12:00:00,140.16,141.6757,139.95,141.6,6846984.0
2024-04-22 12:30:00,141.61,142.83,141.55,142.1342,6042557.0
2024-04-22 13:00:00,142.126,142.4799,141.53,141.8799,4735073.0
2024-04-22 13:30:00,141.89,142.73,141.7507,142.17,4479329.0
2024-04-22 14:00:00,142.15,143.34,141.82,142.879,4737025.0
2024-04-22 14:30:00,142.865,142.87,141.85,141.892,3809524.0
2024-04-22 15:00:00,141.8816,142.14,141.46,142.06,3514093.0
2024-04-22 15:30:00,142.06,142.5799,141.77,142.35,3886172.0
2024-04-22 16:00:00,142.368,142.4836,141.65,142.05,9430021.0
2024-04-23 10:00:00,143.33,145.12,141.11,145.0,15660755.0
2024-04-23 10:30:00,145.02,145.76,144.42,144.76,10879219.0
2024-04-23 11:00:00,144.755,146.184,144.17,144.6441,8437135.0
2024-04-23 11:30:00,144.65,145.81,143.95,145.66,6366380.0
2024-04-23 12:00:00,145.6502,145.86,144.52,144.74,4883207.0
2024-04-23 12:30:00,144.74,146.9,144.65,146.89,6304575.0
2024-04-23 13:00:00,146.86,147.26,145.62,145.75,5809657.0
2024-04-23 13:30:00,145.725,146.19,145.32,145.7,4925796.0
2024-04-23 14:00:00,145.7,145.72,145.0,145.5315,4218256.0
2024-04-23 14:30:00,145.53,145.67,145.02,145.4144,4415873.0
2024-04-23 15:00:00,145.425,145.94,145.15,145.5798,4384494.0
2024-04-23 15:30:00,145.56,145.57,144.47,145.03,6560350.0
2024-04-23 16:00:00,145.003,145.13,144.52,144.68,10233677.0
2024-04-24 10:00:00,162.84,164.63,158.3,162.6255,37834649.0
2024-04-24 10:30:00,162.64,167.97,162.53,164.583,27861641.0
2024-04-24 11:00:00,164.53,165.1395,161.31,161.92,16122014.0
2024-04-24 11:30:00,161.89,162.55,160.75,161.33,10877572.0
2024-04-24 12:00:00,161.36,163.09,159.47,160.035,10910666.0
2024-04-24 12:30:00,160.015,160.4,158.17,158.62,9515060.0
2024-04-24 13:00:00,158.62,159.75,157.51,159.74,8277510.0
2024-04-24 13:30:00,159.7499,161.02,159.01,160.79,7027147.0
2024-04-24 14:00:00,160.8,162.18,160.7,161.98,7578829.0
2024-04-24 14:30:00,161.992,162.09,160.71,161.19,5902606.0
2024-04-24 15:00:00,161.16,161.45,160.34,160.6401,5657273.0
2024-04-24 15:30:00,160.63,162.58,160.31,161.885,7805981.0
2024-04-24 16:00:00,161.9,162.56,161.53,162.13,14943787.0
2024-04-25 10:00:00,158.96,164.85,158.36,162.51,20096469.0
2024-04-25 10:30:00,162.485,165.7899,161.23,165.49,13092993.0
2024-04-25 11:00:00,165.49,166.38,164.31,165.01,11158778.0
2024-04-25 11:30:00,165.015,166.88,164.97,166.45,8164646.0
2024-04-25 12:00:00,166.448,166.5399,164.1727,164.72,5775076.0
2024-04-25 12:30:00,164.71,164.89,163.4226,163.6531,5436865.0
2024-04-25 13:00:00,163.68,164.74,162.75,164.7129,5608478.0
2024-04-25 13:30:00,164.72,165.17,163.91,164.6342,4790420.0
2024-04-25 14:00:00,164.61,166.2,164.54,166.12,5009627.0
2024-04-25 14:30:00,166.14,167.13,166.03,166.15,5886178.0
2024-04-25 15:00:00,166.146,167.64,165.75,167.565,6778682.0
2024-04-25 15:30:00,167.57,170.88,167.46,169.35,11624345.0
2024-04-25 16:00:00,169.37,170.6,168.8601,170.18,16193129.0
2024-04-26 10:00:00,168.85,171.25,167.37,168.28,18146053.0
2024-04-26 10:30:00,168.33,169.94,167.26,168.4031,10532344.0
2024-04-26 11:00:00,168.43,169.88,168.27,169.88,6128752.0
2024-04-26 11:30:00,169.89,171.1,169.33,170.68,7645273.0
2024-04-26 12:00:00,170.69,172.12,170.43,171.4267,7493934.0
2024-04-26 12:30:00,171.4299,171.539,170.1401,171.36,4969899.0
2024-04-26 13:00:00,171.37,172.029,171.15,171.725,5054915.0
2024-04-26 13:30:00,171.74,171.99,170.76,170.91,4436761.0
2024-04-26 14:00:00,170.94,170.98,169.45,169.58,5017374.0
2024-04-26 14:30:00,169.585,169.81,168.07,168.31,5780436.0
2024-04-26 15:00:00,168.32,168.47,166.37,167.2,9160392.0
2024-04-26 15:30:00,167.2,168.2,166.94,167.5853,8846791.0
2024-04-26 16:00:00,167.58,168.68,166.92,168.29,10856847.0
2024-04-29 10:00:00,188.42,190.8,184.54,186.5557,39940745.0
2024-04-29 10:30:00,186.595,188.48,185.21,185.61,16946395.0
2024-04-29 11:00:00,185.5837,190.26,184.91,189.5543,17641420.0
2024-04-29 11:30:00,189.5201,193.1196,188.61,192.78,17809299.0
2024-04-29 12:00:00,192.78,196.36,191.12,196.1407,22103040.0
2024-04-29 12:30:00,196.16,198.62,193.0,198.5566,21214191.0
2024-04-29 13:00:00,198.5597,198.87,194.67,196.5653,16606005.0
2024-04-29 13:30:00,196.58,197.1,193.3028,195.63,13141928.0
2024-04-29 14:00:00,195.64,195.66,193.9201,194.04,8242300.0
2024-04-29 14:30:00,194.03,194.47,192.12,193.2799,9661008.0
2024-04-29 15:00:00,193.26,194.23,192.01,193.265,9452070.0
2024-04-29 15:30:00,193.24,193.38,191.14,192.355,9956823.0
2024-04-29 16:00:00,192.34,195.17,192.05,194.05,19134065.0
2024-04-30 10:00:00,186.98,190.95,186.7731,189.37,20853471.0
2024-04-30 10:30:00,189.3768,190.2,186.29,186.2961,12441209.0
2024-04-30 11:00:00,186.3064,187.79,185.1541,185.58,10652718.0
2024-04-30 11:30:00,185.5899,185.75,183.74,184.2799,11976901.0
2024-04-30 12:00:00,184.29,184.55,183.01,183.7701,9146138.0
2024-04-30 12:30:00,183.8,185.71,183.64,185.4037,8136060.0
2024-04-30 13:00:00,185.424,185.424,183.71,185.24,7017286.0
2024-04-30 13:30:00,185.2538,185.69,184.3,184.4,5865659.0
2024-04-30 14:00:00,184.395,185.39,184.1503,184.9932,4862342.0
2024-04-30 14:30:00,184.97,185.91,184.57,184.66,5012870.0
2024-04-30 15:00:00,184.705,185.66,184.05,184.17,4502277.0
2024-04-30 15:30:00,184.15,184.5,182.8401,183.705,6844700.0
2024-04-30 16:00:00,183.7,184.87,183.22,183.28,12352843.0
2024-05-01 10:00:00,182.0,184.11,180.42,182.7899,12314979.0
2024-05-01 10:30:00,182.79,183.1699,179.5601,180.445,9223530.0
2024-05-01 11:00:00,180.43,182.22,179.41,180.855,7394148.0
2024-05-01 11:30:00,180.885,181.94,179.01,180.4972,6865056.0
2024-05-01 12:00:00,180.5,180.74,179.36,180.0,4286743.0
2024-05-01 12:30:00,179.99,181.63,179.71,181.3662,4243149.0
2024-05-01 13:00:00,181.33,182.88,181.01,181.22,4202584.0
2024-05-01 13:30:00,181.2176,181.25,179.8264,179.99,3549564.0
2024-05-01 14:00:00,179.9985,181.17,179.86,180.98,3513747.0
2024-05-01 14:30:00,181.01,182.48,180.5,182.3,4818525.0
2024-05-01 15:00:00,182.35,185.5699,180.75,185.09,9310426.0
2024-05-01 15:30:00,185.09,185.86,183.752,183.795,6526809.0
2024-05-01 16:00:00,183.795,183.82,179.98,179.99,12116686.0
2024-05-02 10:00:00,182.86,184.6,178.353,178.36,13310030.0
2024-05-02 10:30:00,178.36,178.4599,176.02,177.93,12742532.0
2024-05-02 11:00:00,177.94,179.75,177.21,179.56,8799106.0
2024-05-02 11:30:00,179.6,179.9541,178.4,179.9541,7424714.0
2024-05-02 12:00:00,179.96,180.44,178.61,180.135,6452958.0
2024-05-02 12:30:00,180.12,180.37,178.93,179.755,4777412.0
2024-05-02 13:00:00,179.748,179.8,178.41,179.7801,4805116.0
2024-05-02 13:30:00,179.8,180.56,179.72,180.395,4094061.0
2024-05-02 14:00:00,180.3801,180.66,179.58,180.465,3745388.0
2024-05-02 14:30:00,180.465,181.225,180.01,180.84,3819393.0
2024-05-02 15:00:00,180.869,181.75,180.77,181.48,4084561.0
2024-05-02 15:30:00,181.49,181.51,180.46,180.8885,4029768.0
2024-05-02 16:00:00,180.87,181.3099,179.7901,180.01,7978231.0
2024-05-03 10:00:00,182.1,184.39,181.4395,184.04,12048798.0
2024-05-03 10:30:00,184.17,184.78,180.59,181.0399,9985660.0
2024-05-03 11:00:00,181.02,181.39,179.62,179.92,7502727.0
2024-05-03 11:30:00,179.94,180.02,178.42,179.6081,6393415.0
2024-05-03 12:00:00,179.61,180.67,179.51,180.2884,5117852.0
2024-05-03 12:30:00,180.3,180.88,179.5105,179.9601,4028778.0
2024-05-03 13:00:00,179.95,180.67,179.8,180.0899,3437463.0
2024-05-03 13:30:00,180.09,181.4493,179.76,181.33,3619570.0
2024-05-03 14:00:00,181.37,181.47,180.62,180.7501,3253139.0
2024-05-03 14:30:00,180.759,181.83,180.759,181.5,3070951.0
2024-05-03 15:00:00,181.48,181.83,180.93,181.0,3334056.0
2024-05-03 15:30:00,181.01,182.02,180.75,181.42,3511150.0
2024-05-03 16:00:00,181.41,181.66,180.861,181.19,6674791.0
2024-05-06 10:00:00,183.8,187.56,183.3285,187.22,15962583.0
2024-05-06 10:30:00,187.22,187.4,184.27,184.465,9341946.0
2024-05-06 11:00:00,184.4798,185.44,183.57,183.572,8347539.0
2024-05-06 11:30:00,183.59,183.59,182.37,183.21,7478315.0
2024-05-06 12:00:00,183.19,183.7387,182.92,183.01,4727139.0
2024-05-06 12:30:00,183.025,183.6,182.2,182.83,4372050.0
2024-05-06 13:00:00,182.84,184.16,182.6,184.0793,5378869.0
2024-05-06 13:30:00,184.0701,184.58,183.65,184.53,4427054.0
2024-05-06 14:00:00,184.52,185.35,184.14,184.97,4218465.0
2024-05-06 14:30:00,184.985,185.4,184.52,185.3377,3736131.0
2024-05-06 15:00:00,185.32,185.38,184.12,184.195,3612391.0
2024-05-06 15:30:00,184.195,184.3,183.55,183.64,3093070.0
2024-05-06 16:00:00,183.62,184.89,183.51,184.76,7394316.0
2024-05-07 10:00:00,182.4,183.26,178.77,179.13,13682675.0
2024-05-07 10:30:00,179.095,179.75,178.16,179.1799,8521241.0
2024-05-07 11:00:00,179.1689,180.25,178.32,179.93,5841852.0
2024-05-07 11:30:00,179.96,180.62,179.4,179.47,4668263.0
2024-05-07 12:00:00,179.47,179.94,178.9,179.5949,4173092.0
2024-05-07 12:30:00,179.6099,180.09,179.0,179.695,6254847.0
2024-05-07 13:00:00,179.708,179.9399,179.0101,179.0265,3370541.0
2024-05-07 13:30:00,179.05,179.67,178.56,179.4,3604184.0
2024-05-07 14:00:00,179.41,179.58,178.71,178.85,2659653.0
2024-05-07 14:30:00,178.85,178.945,177.62,178.11,4523106.0
2024-05-07 15:00:00,178.11,178.35,177.4,177.96,3866644.0
2024-05-07 15:30:00,177.9899,178.4,177.773,178.1424,3211678.0
2024-05-07 16:00:00,178.1499,178.41,177.63,177.81,6908433.0
2024-05-08 10:00:00,171.59,173.59,170.15,173.14,16956750.0
2024-05-08 10:30:00,173.1,174.31,172.05,174.0901,9200203.0
2024-05-08 11:00:00,174.0902,175.69,173.88,174.96,8049018.0
2024-05-08 11:30:00,174.9614,175.1399,173.93,174.9712,5394274.0
2024-05-08 12:00:00,174.98,176.06,174.6,174.92,6376735.0
2024-05-08 12:30:00,174.926,175.48,174.15,174.28,3841456.0
2024-05-08 13:00:00,174.29,174.8299,173.87,174.66,3433091.0
2024-05-08 13:30:00,174.66,174.94,174.05,174.47,2955328.0
2024-05-08 14:00:00,174.45,175.08,174.33,174.4,2833003.0
2024-05-08 14:30:00,174.39,175.08,174.27,174.912,2597766.0
2024-05-08 15:00:00,174.94,174.97,174.11,174.3569,2336563.0
2024-05-08 15:30:00,174.33,174.89,174.05,174.7301,2435880.0
2024-05-08 16:00:00,174.72,174.96,174.22,174.72,7890707.0
2024-05-09 10:00:00,175.01,175.62,173.15,174.1201,8746323.0
2024-05-09 10:30:00,174.145,175.1,173.35,173.5345,7043067.0
2024-05-09 11:00:00,173.52,174.6481,172.5,172.5897,6098394.0
2024-05-09 11:30:00,172.57,172.96,172.26,172.5,5656625.0
2024-05-09 12:00:00,172.5247,173.06,172.01,172.735,5267030.0
2024-05-09 12:30:00,172.7217,173.38,172.43,173.0542,4143841.0
2024-05-09 13:00:00,173.0499,173.42,172.54,173.0201,2758405.0
2024-05-09 13:30:00,173.044,173.45,172.81,173.1599,3208880.0
2024-05-09 14:00:00,173.15,173.15,172.51,172.615,2851610.0
2024-05-09 14:30:00,172.6168,172.6168,172.08,172.322,3059835.0
2024-05-09 15:00:00,172.31,172.43,171.83,171.9302,3379508.0
2024-05-09 15:30:00,171.94,172.37,171.54,171.78,3656184.0
2024-05-09 16:00:00,171.77,172.23,171.37,171.97,6777410.0
2024-05-10 10:00:00,173.05,173.0599,170.07,172.175,11485535.0
2024-05-10 10:30:00,172.175,172.69,169.11,169.23,10007476.0
2024-05-10 11:00:00,169.23,169.61,167.86,168.17,9433190.0
2024-05-10 11:30:00,168.17,169.1994,167.94,169.1525,5944303.0
2024-05-10 12:00:00,169.1615,169.26,168.38,169.0476,5101879.0
2024-05-10 12:30:00,169.045,169.05,167.75,168.42,5377286.0
2024-05-10 13:00:00,168.42,169.08,168.21,168.66,2851027.0
2024-05-10 13:30:00,168.66,169.05,168.38,168.62,2754107.0
2024-05-10 14:00:00,168.636,169.0499,168.22,168.6301,2720148.0
2024-05-10 14:30:00,168.64,168.64,167.7765,168.5599,3199312.0
2024-05-10 15:00:00,168.5538,168.8684,168.32,168.83,1956462.0
2024-05-10 15:30:00,168.835,169.2,168.4313,169.154,3005927.0
2024-05-10 16:00:00,169.16,169.31,168.44,168.47,6862078.0
2024-05-13 10:00:00,170.0,175.08,169.0,174.9504,14530531.0
2024-05-13 10:30:00,174.97,175.4,173.41,174.4801,9376982.0
2024-05-13 11:00:00,174.4889,174.73,172.55,172.9319,6295694.0
2024-05-13 11:30:00,172.94,173.57,172.35,172.45,4711603.0
2024-05-13 12:00:00,172.43,172.85,172.04,172.78,3902449.0
2024-05-13 12:30:00,172.78,173.07,171.46,171.87,4269702.0
2024-05-13 13:00:00,171.89,172.0583,171.42,171.654,2800592.0
2024-05-13 13:30:00,171.63,171.6899,170.8306,171.59,3362437.0
2024-05-13 14:00:00,171.58,171.6486,170.91,171.422,2458319.0
2024-05-13 14:30:00,171.43,172.17,171.14,172.11,2536465.0
2024-05-13 15:00:00,172.1001,172.35,171.73,172.2901,2605114.0
2024-05-13 15:30:00,172.2902,172.4,171.76,171.87,2359288.0
2024-05-13 16:00:00,171.8699,172.2,171.63,171.89,5719633.0
2024-05-14 10:00:00,174.4959,177.86,174.07,176.2,15753821.0
2024-05-14 10:30:00,176.175,176.28,174.4205,176.1099,9426115.0
2024-05-14 11:00:00,176.11,178.14,175.11,178.0407,8501396.0
2024-05-14 11:30:00,178.0499,179.49,177.73,178.93,9635798.0
2024-05-14 12:00:00,178.9219,179.04,177.83,177.9397,5408918.0
2024-05-14 12:30:00,177.93,177.93,176.83,177.02,4460623.0
2024-05-14 13:00:00,177.03,177.6699,176.27,176.6005,4651428.0
2024-05-14 13:30:00,176.61,176.6535,175.76,176.25,3714443.0
2024-05-14 14:00:00,176.2309,176.75,175.92,176.5707,3863057.0
2024-05-14 14:30:00,176.58,176.99,176.11,176.5924,3524166.0
2024-05-14 15:00:00,176.58,177.34,176.35,177.1444,3452080.0
2024-05-14 15:30:00,177.14,177.82,176.93,177.6,3503995.0
2024-05-14 16:00:00,177.59,178.0,177.28,177.55,7651711.0
2024-05-15 10:00:00,179.9,180.0,173.22,174.0701,20066225.0
2024-05-15 10:30:00,174.08,174.67,173.2,173.21,9367642.0
2024-05-15 11:00:00,173.28,174.46,173.11,174.13,7151865.0
2024-05-15 11:30:00,174.15,175.12,173.77,174.8401,5836168.0
2024-05-15 12:00:00,174.86,175.43,174.15,174.7301,4890974.0
2024-05-15 12:30:00,174.72,175.26,174.46,174.9,3097043.0
2024-05-15 13:00:00,174.9099,175.48,174.86,175.17,3083770.0
2024-05-15 13:30:00,175.1699,175.47,174.85,175.3099,3177484.0
2024-05-15 14:00:00,175.3,175.6,174.94,175.17,3226314.0
2024-05-15 14:30:00,175.15,175.225,174.4,174.725,2664238.0
2024-05-15 15:00:00,174.74,175.07,174.5601,174.79,2066299.0
2024-05-15 15:30:00,174.772,175.0,174.56,174.635,2406209.0
2024-05-15 16:00:00,174.63,174.78,173.76,173.99,8390741.0
2024-05-16 10:00:00,174.1,174.24,171.43,172.79,10447229.0
2024-05-16 10:30:00,172.8,174.28,172.79,174.2139,6774839.0
2024-05-16 11:00:00,174.225,175.061,174.225,174.9325,6292750.0
2024-05-16 11:30:00,174.95,175.79,174.25,174.361,6248617.0
2024-05-16 12:00:00,174.365,174.9099,173.88,174.7875,3869825.0
2024-05-16 12:30:00,174.78,175.4183,174.38,175.323,3249448.0
2024-05-16 13:00:00,175.3102,175.38,174.8,174.9529,2917911.0
2024-05-16 13:30:00,174.9417,174.98,174.11,174.2747,2222914.0
2024-05-16 14:00:00,174.275,174.48,173.9601,174.3316,2009942.0
2024-05-16 14:30:00,174.33,174.58,174.05,174.3999,2437393.0
2024-05-16 15:00:00,174.39,174.73,174.32,174.525,1921671.0
2024-05-16 15:30:00,174.53,175.22,174.52,174.96,2363948.0
2024-05-16 16:00:00,174.95,175.21,174.59,174.84,5517680.0
2024-05-17 10:00:00,173.55,174.33,172.75,173.29,8354931.0
2024-05-17 10:30:00,173.27,175.9,173.25,175.7947,6708344.0
2024-05-17 11:00:00,175.79,178.455,175.79,177.4799,12380325.0
2024-05-17 11:30:00,177.47,178.17,176.83,177.85,5876965.0
2024-05-17 12:00:00,177.81,179.09,177.5152,178.9959,7873587.0
2024-05-17 12:30:00,178.9991,179.4573,178.56,179.255,5644272.0
2024-05-17 13:00:00,179.27,179.63,178.07,178.1815,4290852.0
2024-05-17 13:30:00,178.19,178.1999,177.12,177.22,4318868.0
2024-05-17 14:00:00,177.23,177.69,176.46,176.525,4323449.0
2024-05-17 14:30:00,176.525,176.75,176.0,176.1701,3188466.0
2024-05-17 15:00:00,176.185,177.1897,176.14,177.1,2992602.0
2024-05-17 15:30:00,177.0999,177.3507,176.81,177.1201,3198384.0
2024-05-17 16:00:00,177.12,177.69,176.93,177.46,6118092.0
2024-05-20 10:00:00,177.56,177.754,173.94,174.1,13218884.0
2024-05-20 10:30:00,174.105,175.83,173.82,174.74,8178243.0
2024-05-20 11:00:00,174.725,175.75,174.3512,174.9,5060931.0
2024-05-20 11:30:00,174.93,175.0199,174.0619,174.3582,4848684.0
2024-05-20 12:00:00,174.34,174.889,173.62,173.9901,4842805.0
2024-05-20 12:30:00,173.995,174.37,173.6,174.09,2986419.0
2024-05-20 13:00:00,174.0802,174.78,173.88,174.64,2536454.0
2024-05-20 13:30:00,174.63,175.25,174.14,174.2495,3287612.0
2024-05-20 14:00:00,174.25,174.58,173.9301,174.5299,2217124.0
2024-05-20 14:30:00,174.5107,174.53,173.52,174.2639,3027711.0
2024-05-20 15:00:00,174.2699,174.68,174.16,174.55,2096300.0
2024-05-20 15:30:00,174.57,174.93,174.44,174.9084,2059458.0
2024-05-20 16:00:00,174.9,175.02,174.47,174.95,5413970.0
2024-05-21 10:00:00,175.51,179.27,174.71,178.17,15635506.0
2024-05-21 10:30:00,178.16,179.69,177.58,178.13,8139534.0
2024-05-21 11:00:00,178.14,178.82,177.7707,178.55,5552092.0
2024-05-21 11:30:00,178.5399,179.21,178.47,178.896,4946799.0
2024-05-21 12:00:00,178.89,180.13,178.1301,180.08,5051002.0
2024-05-21 12:30:00,180.09,182.17,180.07,181.85,10003329.0
2024-05-21 13:00:00,181.86,182.2,180.54,181.01,5863073.0
2024-05-21 13:30:00,181.0267,181.72,180.62,181.65,4644117.0
2024-05-21 14:00:00,181.64,183.89,181.57,183.88,8451392.0
2024-05-21 14:30:00,183.87,185.52,183.76,184.41,10807226.0
2024-05-21 15:00:00,184.41,186.55,184.364,185.8901,9860137.0
2024-05-21 15:30:00,185.875,185.9141,184.41,184.7683,8041317.0
2024-05-21 16:00:00,184.7699,186.875,184.64,186.6,13986384.0
2024-05-22 10:00:00,182.85,183.8,181.01,181.9141,15360906.0
2024-05-22 10:30:00,181.935,182.78,180.4,181.11,10334967.0
2024-05-22 11:00:00,181.112,182.2,180.85,181.3076,6489673.0
2024-05-22 11:30:00,181.31,181.7382,180.381,180.475,6534539.0
2024-05-22 12:00:00,180.46,181.1,180.26,180.4601,6007230.0
2024-05-22 12:30:00,180.475,181.05,180.37,180.83,3837291.0
2024-05-22 13:00:00,180.8399,180.9,179.55,179.7,5038194.0
2024-05-22 13:30:00,179.69,180.2999,179.57,179.67,3760244.0
2024-05-22 14:00:00,179.67,179.9897,178.92,179.32,4355670.0
2024-05-22 14:30:00,179.31,179.35,178.14,178.1899,4644754.0
2024-05-22 15:00:00,178.17,178.99,178.12,178.97,3192435.0
2024-05-22 15:30:00,178.96,179.7499,178.92,179.61,3673794.0
2024-05-22 16:00:00,179.61,180.21,178.8901,180.11,8745120.0
2024-05-23 10:00:00,181.8,181.9,176.62,176.95,12825150.0
2024-05-23 10:30:00,176.93,177.73,175.91,176.65,9049693.0
2024-05-23 11:00:00,176.66,176.8186,175.15,175.575,6616683.0
2024-05-23 11:30:00,175.59,176.9199,175.35,176.5001,4575055.0
2024-05-23 12:00:00,176.51,177.1894,176.475,176.95,3181688.0
2024-05-23 12:30:00,176.945,177.89,176.9001,177.75,3183741.0
2024-05-23 13:00:00,177.7584,177.9,176.67,176.69,2808059.0
2024-05-23 13:30:00,176.69,177.13,176.37,177.02,3097189.0
2024-05-23 14:00:00,177.02,177.1,174.1001,174.2391,4866933.0
2024-05-23 14:30:00,174.235,174.42,173.46,173.54,4673193.0
2024-05-23 15:00:00,173.53,174.07,173.26,173.39,3350096.0
2024-05-23 15:30:00,173.38,174.06,173.36,173.721,2700011.0
2024-05-23 16:00:00,173.72,174.305,173.54,173.74,7400301.0
2024-05-24 10:00:00,174.835,176.69,173.73,175.09,10369967.0
2024-05-24 10:30:00,175.08,177.98,175.08,177.8623,7848479.0
2024-05-24 11:00:00,177.87,178.3,177.0,177.93,5850767.0
2024-05-24 11:30:00,177.93,179.5,177.8205,178.49,7328628.0
2024-05-24 12:00:00,178.4703,178.94,177.79,178.07,4016023.0
2024-05-24 12:30:00,178.0601,178.85,177.8305,178.81,3111342.0
2024-05-24 13:00:00,178.8196,179.21,178.52,178.67,3262273.0
2024-05-24 13:30:00,178.68,179.35,178.52,179.0501,3233789.0
2024-05-24 14:00:00,179.06,179.74,178.93,179.6799,3246254.0
2024-05-24 14:30:00,179.6783,179.92,179.13,179.8,3117556.0
2024-05-24 15:00:00,179.79,179.9,179.4004,179.4602,2280609.0
2024-05-24 15:30:00,179.45,179.66,178.84,179.52,2866674.0
2024-05-24 16:00:00,179.52,180.08,178.97,179.24,6891010.0
2024-05-28 10:00:00,176.4,176.4,173.16,174.66,14076414.0
2024-05-28 10:30:00,174.6606,176.3146,173.907,175.5899,6877913.0
2024-05-28 11:00:00,175.56,176.54,175.12,175.58,4503171.0
2024-05-28 11:30:00,175.58,176.35,174.71,176.09,3910763.0
2024-05-28 12:00:00,176.1,177.29,175.85,176.82,3926963.0
2024-05-28 12:30:00,176.8,178.25,176.78,177.3,3861076.0
2024-05-28 13:00:00,177.28,177.295,176.09,176.285,2626981.0
2024-05-28 13:30:00,176.2705,176.4961,175.7,176.0247,2119694.0
2024-05-28 14:00:00,176.03,176.67,175.2801,175.79,2592318.0
2024-05-28 14:30:00,175.79,176.13,175.22,175.345,1864274.0
2024-05-28 15:00:00,175.33,175.59,174.82,175.505,2715794.0
2024-05-28 15:30:00,175.508,176.4399,175.39,176.3012,2652741.0
2024-05-28 16:00:00,176.3,176.88,176.07,176.75,5648359.0
2024-05-29 10:00:00,174.19,178.15,173.93,175.69,10198000.0
2024-05-29 10:30:00,175.7,176.78,175.1703,175.5,5717324.0
2024-05-29 11:00:00,175.52,176.3,174.8,175.53,4379173.0
2024-05-29 11:30:00,175.5251,176.038,175.02,175.21,3162917.0
2024-05-29 12:00:00,175.205,175.92,174.8101,175.87,3425692.0
2024-05-29 12:30:00,175.8404,176.48,175.47,176.1069,3056930.0
2024-05-29 13:00:00,176.0838,177.57,176.058,177.37,4261673.0
2024-05-29 13:30:00,177.37,177.5,176.56,176.83,2815387.0
2024-05-29 14:00:00,176.805,177.25,176.21,177.075,2472712.0
2024-05-29 14:30:00,177.075,177.25,176.4001,176.4219,1972413.0
2024-05-29 15:00:00,176.41,177.11,176.31,177.02,2364584.0
2024-05-29 15:30:00,177.0004,177.83,176.91,177.625,2620222.0
2024-05-29 16:00:00,177.5601,178.01,176.03,176.19,6374102.0
2024-05-30 10:00:00,178.575,181.15,177.22,181.0892,13809458.0
2024-05-30 10:30:00,181.1,182.67,180.54,181.0648,10711913.0
2024-05-30 11:00:00,181.03,181.43,177.53,178.0338,9235446.0
2024-05-30 11:30:00,177.98,178.0,175.38,176.7001,7561404.0
2024-05-30 12:00:00,176.7199,177.0899,176.05,176.81,3660844.0
2024-05-30 12:30:00,176.81,177.515,176.81,176.87,2648740.0
2024-05-30 13:00:00,176.88,177.4597,176.41,177.3501,2779015.0
2024-05-30 13:30:00,177.3704,178.58,177.23,178.39,3452872.0
2024-05-30 14:00:00,178.39,179.9192,178.29,179.735,4227482.0
2024-05-30 14:30:00,179.73,179.95,178.92,179.5399,3859122.0
2024-05-30 15:00:00,179.525,180.2981,179.32,179.7716,3443391.0
2024-05-30 15:30:00,179.76,179.76,178.625,178.94,3178585.0
2024-05-30 16:00:00,178.925,179.18,177.52,178.79,6285156.0
2024-05-31 10:00:00,178.5,180.32,176.8584,179.4,10378747.0
2024-05-31 10:30:00,179.45,180.09,177.3,177.54,6911516.0
2024-05-31 11:00:00,177.48,177.4899,175.51,176.28,5891307.0
2024-05-31 11:30:00,176.29,176.29,175.12,175.45,4089778.0
2024-05-31 12:00:00,175.45,175.7,174.85,174.91,3793298.0
2024-05-31 12:30:00,174.9084,175.15,173.82,174.8,4200578.0
2024-05-31 13:00:00,174.8,175.34,174.6001,175.2901,2853491.0
2024-05-31 13:30:00,175.29,176.05,175.18,175.94,2640465.0
2024-05-31 14:00:00,175.9588,176.34,175.55,176.0301,2273028.0
2024-05-31 14:30:00,176.0317,176.2092,175.52,175.67,1905113.0
2024-05-31 15:00:00,175.6657,175.9699,175.38,175.85,1917922.0
2024-05-31 15:30:00,175.845,176.28,175.62,175.68,2437629.0
2024-05-31 16:00:00,175.67,178.27,175.56,178.08,12509081.0
2024-06-03 10:00:00,178.13,182.6389,177.25,180.465,15774139.0
2024-06-03 10:30:00,180.5,181.6,179.41,180.415,6871876.0
2024-06-03 11:00:00,180.43,180.64,179.03,179.9899,5147950.0
2024-06-03 11:30:00,179.9638,179.98,178.13,179.08,4235230.0
2024-06-03 12:00:00,179.06,179.93,178.1832,178.2828,3389688.0
2024-06-03 12:30:00,178.3,178.5899,176.29,176.35,3579810.0
2024-06-03 13:00:00,176.34,176.61,175.34,175.9284,3288803.0
2024-06-03 13:30:00,175.91,175.91,174.49,175.7914,3182640.0
2024-06-03 14:00:00,175.79,176.34,175.5701,176.21,2590556.0
2024-06-03 14:30:00,176.23,176.83,176.03,176.386,2321703.0
2024-06-03 15:00:00,176.39,176.8081,175.74,176.145,1887376.0
2024-06-03 15:30:00,176.1301,176.6,175.82,176.574,1784233.0
2024-06-03 16:00:00,176.6,176.65,175.561,176.29,2843159.0
2024-06-04 10:00:00,174.775,177.08,174.42,175.46,10977559.0
2024-06-04 10:30:00,175.59,176.6299,174.0,174.97,8924582.0
2024-06-04 11:00:00,174.9176,176.25,174.66,175.625,4572170.0
2024-06-04 11:30:00,175.63,176.41,174.7,176.06,4837692.0
2024-06-04 12:00:00,176.06,176.33,175.0,175.11,3100425.0
2024-06-04 12:30:00,175.13,175.83,174.69,175.65,2612542.0
2024-06-04 13:00:00,175.6949,175.97,175.25,175.435,2089866.0
2024-06-04 13:30:00,175.44,175.76,175.01,175.6605,1836092.0
2024-06-04 14:00:00,175.71,175.82,175.1501,175.3994,1592518.0
2024-06-04 14:30:00,175.3614,176.85,175.25,176.81,2747116.0
2024-06-04 15:00:00,176.815,177.755,176.58,176.985,3949192.0
2024-06-04 15:30:00,176.97,177.0,175.5451,175.74,3735898.0
2024-06-04 16:00:00,175.72,175.78,174.71,174.77,6181493.0
2024-06-05 10:00:00,175.35,175.35,172.13,173.2685,12921423.0
2024-06-05 10:30:00,173.26,174.055,172.37,173.9301,6129923.0
2024-06-05 11:00:00,173.95,174.9899,173.67,174.05,5389069.0
2024-06-05 11:30:00,174.06,175.1977,174.0,175.0901,3742692.0
2024-06-05 12:00:00,175.1043,175.99,175.08,175.68,4862075.0
2024-06-05 12:30:00,175.658,175.85,175.0601,175.54,2625656.0
2024-06-05 13:00:00,175.55,175.93,175.23,175.75,2215026.0
2024-06-05 13:30:00,175.7373,176.15,175.1801,175.55,2596285.0
2024-06-05 14:00:00,175.55,175.62,174.76,175.004,2531739.0
2024-06-05 14:30:00,175.0,175.11,174.6,174.9001,2089047.0
2024-06-05 15:00:00,174.9,175.49,174.75,175.29,1990146.0
2024-06-05 15:30:00,175.28,175.3,174.58,174.7018,2324571.0
2024-06-05 16:00:00,174.72,175.22,174.52,175.0,5715748.0
2024-06-06 10:00:00,174.6,176.92,172.88,173.745,11694722.0
2024-06-06 10:30:00,173.77,173.86,172.73,173.78,6441635.0
2024-06-06 11:00:00,173.78,174.07,173.35,173.8391,3759746.0
2024-06-06 11:30:00,173.83,174.6694,173.54,174.4399,3555708.0
2024-06-06 12:00:00,174.43,175.41,174.35,175.406,3578261.0
2024-06-06 12:30:00,175.4,175.98,175.01,175.9,3279425.0
2024-06-06 13:00:00,175.9099,177.6693,175.78,177.46,6481625.0
2024-06-06 13:30:00,177.47,178.24,177.04,178.0071,5156943.0
2024-06-06 14:00:00,178.0181,179.73,178.0,179.41,5805099.0
2024-06-06 14:30:00,179.38,179.5799,177.92,178.29,4598646.0
2024-06-06 15:00:00,178.3019,178.65,177.63,178.355,3186695.0
2024-06-06 15:30:00,178.35,178.63,177.921,178.585,2694858.0
2024-06-06 16:00:00,178.57,179.0862,177.82,177.94,7818391.0
2024-06-07 10:00:00,176.13,179.14,175.94,177.565,9870367.0
2024-06-07 10:30:00,177.5849,178.65,177.07,178.3899,6368910.0
2024-06-07 11:00:00,178.3501,179.35,177.62,178.43,5459871.0
2024-06-07 11:30:00,178.44,178.69,177.58,178.345,4022428.0
2024-06-07 12:00:00,178.34,178.86,178.0501,178.65,2818288.0
2024-06-07 12:30:00,178.64,178.78,178.0901,178.4582,3056698.0
2024-06-07 13:00:00,178.46,178.69,177.13,177.58,3404387.0
2024-06-07 13:30:00,177.5858,177.931,177.07,177.49,2293298.0
2024-06-07 14:00:00,177.5,177.77,177.11,177.1491,1742200.0
2024-06-07 14:30:00,177.14,177.14,175.58,176.25,4234158.0
2024-06-07 15:00:00,176.25,177.04,176.13,176.73,2089813.0
2024-06-07 15:30:00,176.72,177.39,176.36,177.33,2548209.0
2024-06-07 16:00:00,177.32,177.74,176.75,177.48,5546440.0
2024-06-10 10:00:00,176.06,178.57,175.6207,176.89,8519098.0
2024-06-10 10:30:00,176.885,177.09,175.81,176.7522,4781809.0
2024-06-10 11:00:00,176.76,176.885,175.67,175.695,3660935.0
2024-06-10 11:30:00,175.7,176.68,175.2901,175.945,4180307.0
2024-06-10 12:00:00,175.98,176.24,175.63,175.7,2089487.0
2024-06-10 12:30:00,175.72,176.05,175.3,175.76,2791145.0
2024-06-10 13:00:00,175.78,176.084,174.71,174.75,2853358.0
2024-06-10 13:30:00,174.755,175.14,174.35,174.86,2536449.0
2024-06-10 14:00:00,174.865,174.9,174.18,174.2739,1985241.0
2024-06-10 14:30:00,174.28,174.28,173.43,173.73,3327623.0
2024-06-10 15:00:00,173.72,174.25,173.17,174.18,2808350.0
2024-06-10 15:30:00,174.16,175.01,174.03,175.0,2666955.0
2024-06-10 16:00:00,174.94,174.95,173.52,173.79,6557744.0
2024-06-11 10:00:00,173.92,174.75,167.7,167.92,13386511.0
2024-06-11 10:30:00,167.92,169.9,167.7201,169.755,7047832.0
2024-06-11 11:00:00,169.74,170.18,168.7041,169.3399,5319741.0
2024-06-11 11:30:00,169.33,170.0,168.27,168.4124,4514822.0
2024-06-11 12:00:00,168.41,169.12,168.29,168.7657,3524391.0
2024-06-11 12:30:00,168.7731,168.9,167.41,167.83,4388935.0
2024-06-11 13:00:00,167.8464,168.45,167.51,167.735,3181469.0
2024-06-11 13:30:00,167.735,169.0963,167.682,168.68,3027240.0
2024-06-11 14:00:00,168.6727,169.6,168.6727,169.5022,2611443.0
2024-06-11 14:30:00,169.49,170.16,169.01,170.03,2974384.0
2024-06-11 15:00:00,170.01,170.16,169.13,169.335,3044242.0
2024-06-11 15:30:00,169.34,170.23,169.3225,169.6784,2771230.0
2024-06-11 16:00:00,169.68,170.73,169.24,170.66,6642068.0
2024-06-12 10:00:00,171.12,174.24,169.8,173.92,12375690.0
2024-06-12 10:30:00,173.915,175.92,173.06,175.89,8408969.0
2024-06-12 11:00:00,175.88,177.46,175.661,176.2899,8826819.0
2024-06-12 11:30:00,176.27,178.44,176.02,178.41,6725075.0
2024-06-12 12:00:00,178.41,179.68,177.76,179.5431,7264361.0
2024-06-12 12:30:00,179.54,180.27,178.58,178.93,6686999.0
2024-06-12 13:00:00,178.94,179.46,178.52,179.455,3528959.0
2024-06-12 13:30:00,179.47,179.829,178.81,178.96,3153140.0
2024-06-12 14:00:00,178.95,179.1598,177.85,178.9864,3055589.0
2024-06-12 14:30:00,178.99,180.55,177.65,180.33,5718789.0
2024-06-12 15:00:00,180.31,180.47,178.5201,179.33,4830344.0
2024-06-12 15:30:00,179.3,180.23,178.05,178.055,5078404.0
2024-06-12 16:00:00,178.06,178.4898,176.96,177.29,10807738.0
2024-06-13 10:00:00,188.39,189.9,185.77,189.49,23210010.0
2024-06-13 10:30:00,189.475,191.08,183.48,185.06,19403822.0
2024-06-13 11:00:00,185.05,185.16,181.94,182.55,11735832.0
2024-06-13 11:30:00,182.54,184.8,182.54,183.87,7110773.0
2024-06-13 12:00:00,183.865,184.95,183.34,184.76,5099652.0
2024-06-13 12:30:00,184.7501,185.58,183.93,184.46,6007882.0
2024-06-13 13:00:00,184.46,185.15,182.8,183.6443,4671073.0
2024-06-13 13:30:00,183.61,184.25,183.28,183.73,3367823.0
2024-06-13 14:00:00,183.7499,184.53,183.65,184.275,2899170.0
2024-06-13 14:30:00,184.24,184.88,183.7,184.4675,3651421.0
2024-06-13 15:00:00,184.45,184.85,183.75,183.85,2853271.0
2024-06-13 15:30:00,183.83,184.26,182.55,182.56,3930595.0
2024-06-13 16:00:00,182.57,183.0,181.23,182.47,11195581.0
2024-06-14 10:00:00,185.8,186.0,181.83,182.7,14209652.0
2024-06-14 10:30:00,182.66,182.66,178.22,179.2099,13280487.0
2024-06-14 11:00:00,179.21,179.82,178.52,178.89,6969280.0
2024-06-14 11:30:00,178.8993,179.7,178.53,179.17,5671738.0
2024-06-14 12:00:00,179.174,179.43,176.92,177.89,6458171.0
2024-06-14 12:30:00,177.88,178.92,177.7101,178.85,3678941.0
2024-06-14 13:00:00,178.84,179.67,178.5,179.565,3308747.0
2024-06-14 13:30:00,179.565,179.72,178.8,179.17,3164289.0
2024-06-14 14:00:00,179.165,179.42,178.2378,178.3,2715252.0
2024-06-14 14:30:00,178.2839,178.4599,177.55,177.93,3333083.0
2024-06-14 15:00:00,177.94,178.26,177.58,178.06,3217304.0
2024-06-14 15:30:00,178.05,178.75,177.98,178.64,3565536.0
2024-06-14 16:00:00,178.63,178.66,177.78,178.01,7579069.0
2024-06-17 10:00:00,177.92,181.62,177.0,180.915,13663259.0
2024-06-17 10:30:00,180.92,182.29,180.61,181.9672,8285871.0
2024-06-17 11:00:00,181.97,185.9099,181.91,185.84,14541625.0
2024-06-17 11:30:00,185.8459,186.64,184.4,185.58,9859906.0
2024-06-17 12:00:00,185.56,186.46,185.26,185.79,5824725.0
2024-06-17 12:30:00,185.805,187.1587,185.63,186.1677,6389640.0
2024-06-17 13:00:00,186.18,186.56,184.45,184.96,5245692.0
2024-06-17 13:30:00,184.98,187.28,184.94,187.1399,5511149.0
2024-06-17 14:00:00,187.13,188.75,186.67,188.63,6308008.0
2024-06-17 14:30:00,188.648,188.81,186.92,187.1,5786781.0
2024-06-17 15:00:00,187.11,187.9299,186.25,187.6053,5484307.0
2024-06-17 15:30:00,187.6,188.55,186.71,188.42,5279219.0
2024-06-17 16:00:00,188.42,188.75,187.3,187.44,14416367.0
2024-06-18 10:00:00,186.56,187.2,183.23,184.5699,15170443.0
2024-06-18 10:30:00,184.5699,184.6,183.46,183.4904,7757527.0
2024-06-18 11:00:00,183.48,183.95,182.37,183.0679,7984443.0
2024-06-18 11:30:00,183.08,184.12,182.8,183.27,5361366.0
2024-06-18 12:00:00,183.27,183.9819,182.8,183.78,3707182.0
2024-06-18 12:30:00,183.75,184.9,183.71,184.67,3497625.0
2024-06-18 13:00:00,184.66,184.6899,183.64,184.2,3160470.0
2024-06-18 13:30:00,184.18,185.2,184.18,184.6672,2991849.0
2024-06-18 14:00:00,184.6676,185.35,184.45,184.665,2672719.0
2024-06-18 14:30:00,184.68,185.1,183.836,185.04,3001793.0
2024-06-18 15:00:00,185.045,185.09,184.63,184.8842,2050829.0
2024-06-18 15:30:00,184.88,185.08,184.39,184.4299,2314916.0
2024-06-18 16:00:00,184.4,185.1,184.17,184.86,6175248.0
2024-06-20 10:00:00,184.68,185.21,180.72,182.04,11249074.0
2024-06-20 10:30:00,182.0375,183.13,181.19,182.46,6340624.0
2024-06-20 11:00:00,182.43,183.99,182.0,183.95,4605925.0
2024-06-20 11:30:00,183.95,184.2,182.78,182.7903,3601329.0
2024-06-20 12:00:00,182.79,183.44,182.28,182.54,2472944.0
2024-06-20 12:30:00,182.53,183.08,181.71,181.725,2462094.0
2024-06-20 13:00:00,181.7105,181.9,180.84,181.498,3414577.0
2024-06-20 13:30:00,181.5,181.56,180.08,180.19,2868700.0
2024-06-20 14:00:00,180.1999,180.72,179.66,180.6463,3428268.0
2024-06-20 14:30:00,180.63,181.3347,180.6101,181.15,1846104.0
2024-06-20 15:00:00,181.14,181.32,180.83,180.9,1739142.0
2024-06-20 15:30:00,180.905,181.35,180.13,181.0884,2588073.0
2024-06-20 16:00:00,181.09,181.97,180.75,181.57,6093716.0
2024-06-21 10:00:00,182.3,183.9189,180.69,181.378,12683679.0
2024-06-21 10:30:00,181.4,182.2687,180.99,181.745,6368369.0
2024-06-21 11:00:00,181.73,183.95,181.5,182.996,5653736.0
2024-06-21 11:30:00,183.0126,183.22,182.09,182.21,4007642.0
2024-06-21 12:00:00,182.21,182.62,181.7123,182.58,2710659.0
2024-06-21 12:30:00,182.59,182.87,182.2,182.6366,1734046.0
2024-06-21 13:00:00,182.63,183.09,182.421,182.545,1917896.0
2024-06-21 13:30:00,182.55,182.62,181.33,181.47,2174567.0
2024-06-21 14:00:00,181.435,181.6399,181.04,181.2811,1764242.0
2024-06-21 14:30:00,181.27,182.12,181.06,182.0036,2307324.0
2024-06-21 15:00:00,181.99,182.09,181.36,181.53,1855171.0
2024-06-21 15:30:00,181.518,182.05,181.27,181.945,1878334.0
2024-06-21 16:00:00,181.96,183.63,181.575,183.01,10985988.0
2024-06-24 10:00:00,184.97,188.8,184.3,187.73,15087225.0
2024-06-24 10:30:00,187.725,188.29,183.74,183.97,9338798.0
2024-06-24 11:00:00,183.96,184.79,182.6,183.8614,6221529.0
2024-06-24 11:30:00,183.9,185.6,183.63,184.79,4740856.0
2024-06-24 12:00:00,184.7701,185.54,184.56,184.7867,2567685.0
2024-06-24 12:30:00,184.8,185.44,184.6,185.28,1945079.0
2024-06-24 13:00:00,185.26,185.35,183.8,184.035,2378330.0
2024-06-24 13:30:00,184.05,184.3,183.3601,183.495,2121916.0
2024-06-24 14:00:00,183.5,183.99,183.06,183.71,2066827.0
2024-06-24 14:30:00,183.7289,183.79,182.9301,183.3301,2178520.0
2024-06-24 15:00:00,183.34,184.37,183.2,183.94,2428758.0
2024-06-24 15:30:00,183.95,184.38,183.91,184.295,2108402.0
2024-06-24 16:00:00,184.3,184.35,182.55,182.58,6287986.0
2024-06-25 10:00:00,184.4,184.7491,182.01,184.18,8033391.0
2024-06-25 10:30:00,184.2,187.01,183.93,186.11,10600979.0
2024-06-25 11:00:00,186.1184,186.84,184.9,185.598,5508610.0
2024-06-25 11:30:00,185.585,186.15,185.11,185.96,3343216.0
2024-06-25 12:00:00,185.97,187.97,185.73,187.26,5189321.0
2024-06-25 12:30:00,187.2799,187.68,185.9,185.9693,3844716.0
2024-06-25 13:00:00,185.945,186.36,185.5509,185.7298,2498400.0
2024-06-25 13:30:00,185.6901,185.7153,184.81,185.48,3142823.0
2024-06-25 14:00:00,185.4847,185.7517,184.69,185.42,2982692.0
2024-06-25 14:30:00,185.43,186.8233,185.25,186.8233,2390128.0
2024-06-25 15:00:00,186.818,187.0799,186.33,186.9293,2801794.0
2024-06-25 15:30:00,186.92,187.74,186.51,187.57,2881155.0
2024-06-25 16:00:00,187.56,187.72,186.6801,187.35,6882816.0
2024-06-26 10:00:00,186.54,193.41,186.36,191.955,19741929.0
2024-06-26 10:30:00,191.93,194.19,191.57,192.175,9708750.0
2024-06-26 11:00:00,192.15,193.18,191.7,192.87,5508905.0
2024-06-26 11:30:00,192.8766,193.66,191.76,193.0864,5497703.0
2024-06-26 12:00:00,193.07,195.5,192.69,195.44,7672225.0
2024-06-26 12:30:00,195.442,195.4594,193.62,194.5299,4966950.0
2024-06-26 13:00:00,194.5181,194.96,192.93,194.95,4262574.0
2024-06-26 13:30:00,194.9543,195.18,193.88,194.92,3508426.0
2024-06-26 14:00:00,194.92,195.86,194.26,195.8052,4388338.0
2024-06-26 14:30:00,195.8117,196.2,194.83,196.045,5374831.0
2024-06-26 15:00:00,196.045,196.79,195.65,196.14,4551584.0
2024-06-26 15:30:00,196.15,196.95,195.44,196.635,5135866.0
2024-06-26 16:00:00,196.63,197.755,196.29,196.37,12278437.0
2024-06-27 10:00:00,195.17,197.4899,194.12,197.0718,16199586.0
2024-06-27 10:30:00,197.1,198.72,196.2003,196.81,10126422.0
2024-06-27 11:00:00,196.7901,197.06,194.9105,195.12,7223324.0
2024-06-27 11:30:00,195.1494,195.85,194.71,194.821,4455640.0
2024-06-27 12:00:00,194.83,195.42,194.2,195.25,4024723.0
2024-06-27 12:30:00,195.258,196.44,194.05,196.0501,3656792.0
2024-06-27 13:00:00,196.05,196.68,195.82,196.322,2766327.0
2024-06-27 13:30:00,196.33,196.88,196.03,196.718,2814319.0
2024-06-27 14:00:00,196.73,197.12,196.23,196.33,2439613.0
2024-06-27 14:30:00,196.31,196.3693,195.15,195.84,2723743.0
2024-06-27 15:00:00,195.83,196.41,195.65,196.38,2060107.0
2024-06-27 15:30:00,196.38,197.02,196.25,196.9,2825580.0
2024-06-27 16:00:00,196.89,197.99,196.81,197.42,8655801.0
2024-06-28 10:00:00,199.55,202.5,198.58,202.0316,18251770.0
2024-06-28 10:30:00,202.05,202.98,200.22,200.42,11105968.0
2024-06-28 11:00:00,200.4,203.2,200.3604,202.78,7516586.0
2024-06-28 11:30:00,202.8191,203.08,200.36,200.8687,6228169.0
2024-06-28 12:00:00,200.845,201.35,199.24,199.71,6014470.0
2024-06-28 12:30:00,199.7131,199.86,197.13,197.5688,7362065.0
2024-06-28 13:00:00,197.55,197.74,195.37,196.26,5863237.0
2024-06-28 13:30:00,196.25,197.2,195.7401,196.84,3888495.0
2024-06-28 14:00:00,196.85,197.1,196.38,196.866,2188111.0
2024-06-28 14:30:00,196.86,197.58,196.74,196.774,2847563.0
2024-06-28 15:00:00,196.79,196.9457,195.8201,196.25,2997177.0
2024-06-28 15:30:00,196.236,196.52,195.91,196.11,2592301.0
2024-06-28 16:00:00,196.112,198.09,195.26,197.88,12985081.0
2024-07-01 10:00:00,201.02,207.55,200.85,206.25,24163510.0
2024-07-01 10:30:00,206.25,210.0,206.245,209.8,17279517.0
2024-07-01 11:00:00,209.77,211.55,207.65,208.03,14386822.0
2024-07-01 11:30:00,208.0,210.94,207.9438,210.36,9157914.0
2024-07-01 12:00:00,210.36,211.34,209.27,210.8784,7401974.0
2024-07-01 12:30:00,210.86,211.15,209.72,210.25,5597851.0
2024-07-01 13:00:00,210.22,210.85,209.4001,209.644,5085981.0
2024-07-01 13:30:00,209.6573,210.1299,208.98,209.7834,4243740.0
2024-07-01 14:00:00,209.77,210.8879,208.97,210.7801,5044279.0
2024-07-01 14:30:00,210.78,213.23,210.73,212.1799,10218755.0
2024-07-01 15:00:00,212.17,212.87,210.8601,211.34,6278781.0
2024-07-01 15:30:00,211.3401,211.4099,209.6,210.628,8392154.0
2024-07-01 16:00:00,210.6108,212.049,209.32,209.86,14413918.0
2024-07-02 10:00:00,218.89,225.66,218.06,224.185,35695761.0
2024-07-02 10:30:00,224.185,229.55,223.89,229.44,25707918.0
2024-07-02 11:00:00,229.435,231.15,227.25,227.37,24076966.0
2024-07-02 11:30:00,227.37,229.97,227.3,229.581,16004226.0
2024-07-02 12:00:00,229.5899,229.86,227.64,227.81,11305571.0
2024-07-02 12:30:00,227.8199,229.27,226.82,229.0229,9712794.0
2024-07-02 13:00:00,229.0396,229.84,228.44,229.09,7887059.0
2024-07-02 13:30:00,229.08,229.34,227.23,227.34,6575777.0
2024-07-02 14:00:00,227.36,227.54,225.87,227.37,9699332.0
2024-07-02 14:30:00,227.37,229.3099,227.06,228.8941,7786375.0
2024-07-02 15:00:00,228.91,229.69,228.4,228.57,7031117.0
2024-07-02 15:30:00,228.55,228.98,227.93,228.585,6798475.0
2024-07-02 16:00:00,228.57,231.3,228.49,231.26,19676144.0
2024-07-03 10:00:00,234.56,239.8201,234.25,238.795,30955482.0
2024-07-03 10:30:00,238.83,244.69,237.6102,244.56,28705394.0
2024-07-03 11:00:00,244.57,248.35,242.77,242.863,30021037.0
2024-07-03 11:30:00,242.82,244.47,241.3508,242.135,18931164.0
2024-07-03 12:00:00,242.1341,245.64,240.12,244.9,14757767.0
2024-07-03 12:30:00,244.92,246.09,243.57,244.9701,10765893.0
2024-07-03 13:00:00,244.97,246.72,242.62,246.39,17529831.0
2024-07-05 10:00:00,249.81,252.37,242.4601,248.6,31171199.0
2024-07-05 10:30:00,248.61,249.93,245.44,246.66,15486118.0
2024-07-05 11:00:00,246.625,249.64,245.65,247.8799,12084692.0
2024-07-05 11:30:00,247.8795,250.57,247.7237,248.4,10638714.0
2024-07-05 12:00:00,248.39,249.46,247.4,247.46,6730505.0
2024-07-05 12:30:00,247.4482,247.6446,245.792,245.8587,8322428.0
2024-07-05 13:00:00,245.85,246.98,244.89,246.1156,6679966.0
2024-07-05 13:30:00,246.14,247.08,243.94,246.645,7148841.0
2024-07-05 14:00:00,246.632,248.89,246.4,248.72,6941855.0
2024-07-05 14:30:00,248.7495,250.31,247.94,249.215,9930747.0
2024-07-05 15:00:00,249.191,249.56,248.27,248.95,5862379.0
2024-07-05 15:30:00,248.94,251.58,248.79,250.5232,9273324.0
2024-07-05 16:00:00,250.54,252.0,249.48,251.52,13971426.0
2024-07-08 10:00:00,247.71,249.68,244.57,249.59,18862213.0
2024-07-08 10:30:00,249.605,254.14,248.85,250.5164,17519212.0
2024-07-08 11:00:00,250.51,254.0,250.37,253.225,10942876.0
2024-07-08 11:30:00,253.225,256.7599,253.04,256.2613,13952524.0
2024-07-08 12:00:00,256.2949,259.439,256.11,259.1569,13870219.0
2024-07-08 12:30:00,259.21,259.25,255.63,256.1358,9603833.0
2024-07-08 13:00:00,256.1383,256.38,252.93,253.2676,10284308.0
2024-07-08 13:30:00,253.26,253.4499,248.8,251.93,13041656.0
2024-07-08 14:00:00,251.93,253.0199,251.0,252.08,8254854.0
2024-07-08 14:30:00,252.07,252.57,250.81,251.8399,6640636.0
2024-07-08 15:00:00,251.82,252.4299,250.57,252.11,6818140.0
2024-07-08 15:30:00,252.1359,253.56,251.79,252.88,7238229.0
2024-07-08 16:00:00,252.87,254.35,249.86,252.94,14977066.0
2024-07-09 10:00:00,251.0,256.78,250.3,256.18,18464702.0
2024-07-09 10:30:00,256.2,258.2,254.26,256.08,17238382.0
2024-07-09 11:00:00,256.01,259.0,254.74,256.86,11390334.0
2024-07-09 11:30:00,256.865,259.88,256.63,258.7099,11069022.0
2024-07-09 12:00:00,258.71,261.73,257.91,261.27,13128164.0
2024-07-09 12:30:00,261.27,264.74,260.68,264.2744,14143435.0
2024-07-09 13:00:00,264.23,264.98,260.86,263.2387,14035021.0
2024-07-09 13:30:00,263.2212,264.61,260.1069,260.47,10917506.0
2024-07-09 14:00:00,260.5,263.6,260.2,263.37,7280908.0
2024-07-09 14:30:00,263.36,265.61,262.4,262.97,11035218.0
2024-07-09 15:00:00,262.9512,264.13,261.92,262.9699,7129472.0
2024-07-09 15:30:00,262.94,264.099,261.75,262.598,8194870.0
2024-07-09 16:00:00,262.6028,263.36,261.43,262.33,12353746.0
2024-07-10 10:00:00,262.8,265.72,261.01,262.27,21550199.0
2024-07-10 10:30:00,262.24,262.42,259.16,259.18,14382657.0
2024-07-10 11:00:00,259.18,262.33,257.86,261.205,12353547.0
2024-07-10 11:30:00,261.19,263.4,260.14,261.9463,9050367.0
2024-07-10 12:00:00,262.0,264.0,261.63,263.48,6722480.0
2024-07-10 12:30:00,263.4571,264.5,262.7201,263.7,7038728.0
2024-07-10 13:00:00,263.63,265.65,263.5,265.36,8076648.0
2024-07-10 13:30:00,265.35,265.47,264.2,265.205,5597012.0
2024-07-10 14:00:00,265.2363,267.54,264.7,266.594,9025421.0
2024-07-10 14:30:00,266.62,267.59,265.96,266.005,6544576.0
2024-07-10 15:00:00,266.03,266.7899,264.63,265.2052,5846258.0
2024-07-10 15:30:00,265.19,265.69,263.95,265.5001,6773597.0
2024-07-10 16:00:00,265.5,265.6486,263.16,263.26,10413042.0
2024-07-11 10:00:00,263.3,270.18,262.63,269.76,23999851.0
2024-07-11 10:30:00,269.78,271.0,264.03,266.2269,20007907.0
2024-07-11 11:00:00,266.26,268.1499,263.4101,263.475,12825898.0
2024-07-11 11:30:00,263.4301,264.05,260.51,261.82,14104702.0
2024-07-11 12:00:00,261.815,262.66,242.53,246.62,35828936.0
2024-07-11 12:30:00,246.71,247.84,241.32,247.31,19495324.0
2024-07-11 13:00:00,247.31,250.91,245.25,246.09,14993930.0
2024-07-11 13:30:00,246.1499,248.2699,244.32,248.07,9108762.0
2024-07-11 14:00:00,248.07,248.09,242.67,242.745,9662617.0
2024-07-11 14:30:00,242.73,244.4,241.51,243.77,10894527.0
2024-07-11 15:00:00,243.73,245.69,242.83,244.8808,8953037.0
2024-07-11 15:30:00,244.91,245.0,240.27,240.46,10146910.0
2024-07-11 16:00:00,240.465,243.6576,239.65,241.03,21125188.0
2024-07-12 10:00:00,235.8,247.16,233.0912,246.15,34112814.0
2024-07-12 10:30:00,246.1164,248.0,244.26,246.465,17383095.0
2024-07-12 11:00:00,246.46,251.19,245.9,249.04,17566892.0
2024-07-12 11:30:00,249.155,249.4,247.0,249.18,11636191.0
2024-07-12 12:00:00,249.1301,251.84,248.72,249.15,10788170.0
2024-07-12 12:30:00,249.14,250.7196,248.6,249.5195,8580202.0
2024-07-12 13:00:00,249.5694,251.3,248.8,250.485,6900082.0
2024-07-12 13:30:00,250.45,250.86,248.95,249.6685,5488572.0
2024-07-12 14:00:00,249.67,250.9,249.09,249.85,5080097.0
2024-07-12 14:30:00,249.8623,250.9794,249.2,250.95,6825241.0
2024-07-12 15:00:00,250.95,251.02,250.1,250.35,4306054.0
2024-07-12 15:30:00,250.35,250.79,249.05,250.345,5795544.0
2024-07-12 16:00:00,250.33,250.81,247.7,248.23,13895610.0
2024-07-15 10:00:00,255.97,262.85,252.86,260.925,26437997.0
2024-07-15 10:30:00,260.93,264.99,259.69,264.225,16361373.0
2024-07-15 11:00:00,264.19,265.6,261.75,262.5902,12655134.0
2024-07-15 11:30:00,262.6,264.1,261.36,261.98,8517373.0
2024-07-15 12:00:00,261.97,263.22,258.6,259.723,9614461.0
2024-07-15 12:30:00,259.67,260.72,257.5,259.89,8625047.0
2024-07-15 13:00:00,259.9132,261.87,259.5,261.13,7327873.0
2024-07-15 13:30:00,261.1146,261.5,259.06,260.55,5833870.0
2024-07-15 14:00:00,260.5,261.098,258.53,259.08,5555538.0
2024-07-15 14:30:00,259.115,260.1299,258.48,259.4,4850550.0
2024-07-15 15:00:00,259.4121,259.69,256.68,257.48,6877673.0
2024-07-15 15:30:00,257.47,258.29,255.4,255.5998,7458952.0
2024-07-15 16:00:00,255.65,255.79,251.73,252.64,17242915.0
2024-07-16 10:00:00,255.31,258.62,248.8,249.505,22582153.0
2024-07-16 10:30:00,249.56,249.98,245.8001,247.692,16065159.0
2024-07-16 11:00:00,247.72,252.37,247.45,252.24,10800200.0
2024-07-16 11:30:00,252.24,253.13,251.57,251.8901,8158774.0
2024-07-16 12:00:00,251.925,254.15,250.7501,253.65,7525338.0
2024-07-16 12:30:00,253.68,254.0,249.9,250.7176,7761078.0
2024-07-16 13:00:00,250.72,253.88,249.92,253.43,6367234.0
2024-07-16 13:30:00,253.4,255.1,253.28,254.5299,5911615.0
2024-07-16 14:00:00,254.505,255.9,254.26,255.64,6360620.0
2024-07-16 14:30:00,255.6607,257.0,254.26,256.4391,7735535.0
2024-07-16 15:00:00,256.42,257.48,255.954,257.16,6416026.0
2024-07-16 15:30:00,257.17,257.27,254.95,255.9895,6676649.0
2024-07-16 16:00:00,255.98,257.3784,255.65,256.56,10569020.0
2024-07-17 10:00:00,252.73,258.47,252.0,257.9455,17541887.0
2024-07-17 10:30:00,257.91,258.1,250.34,251.01,15090817.0
2024-07-17 11:00:00,251.08,254.74,250.6324,252.5,8401585.0
2024-07-17 11:30:00,252.42,252.69,248.7009,250.02,10383210.0
2024-07-17 12:00:00,249.9837,250.4,246.71,248.2799,9338683.0
2024-07-17 12:30:00,248.27,248.62,246.55,247.755,6373168.0
2024-07-17 13:00:00,247.7399,250.35,247.66,249.82,7246007.0
2024-07-17 13:30:00,249.84,250.02,248.2,249.9,4399850.0
2024-07-17 14:00:00,249.9,250.8,248.3045,248.53,5219805.0
2024-07-17 14:30:00,248.455,249.12,246.91,248.02,4924303.0
2024-07-17 15:00:00,248.0163,248.4624,246.182,246.953,5037935.0
2024-07-17 15:30:00,246.98,249.21,246.25,248.8899,5978143.0
2024-07-17 16:00:00,248.8001,249.31,246.84,248.5,11332618.0
2024-07-18 10:00:00,251.09,252.75,247.2,251.86,14783629.0
2024-07-18 10:30:00,251.855,255.65,250.99,254.385,12860311.0
2024-07-18 11:00:00,254.4,254.65,250.33,253.45,9668579.0
2024-07-18 11:30:00,253.4273,255.6,252.27,253.5283,9160265.0
2024-07-18 12:00:00,253.525,254.075,251.62,253.365,6230040.0
2024-07-18 12:30:00,253.3799,254.9585,252.73,253.91,5771521.0
2024-07-18 13:00:00,253.8882,256.5795,253.75,256.5795,6130699.0
2024-07-18 13:30:00,256.54,257.14,255.09,255.9564,5518941.0
2024-07-18 14:00:00,255.9799,256.43,254.24,254.35,3923282.0
2024-07-18 14:30:00,254.35,254.5,250.74,250.7747,6746650.0
2024-07-18 15:00:00,250.76,251.0799,249.03,249.9904,6600520.0
2024-07-18 15:30:00,250.0256,250.7,247.44,248.61,8358401.0
2024-07-18 16:00:00,248.59,250.48,247.78,249.23,9540079.0
2024-07-19 10:00:00,247.79,249.01,244.3921,245.78,13395364.0
2024-07-19 10:30:00,245.76,245.76,241.7,241.79,11084221.0
2024-07-19 11:00:00,241.79,244.17,240.43,243.385,8450704.0
2024-07-19 11:30:00,243.45,244.35,240.12,240.2846,5981933.0
2024-07-19 12:00:00,240.2601,240.99,238.83,240.9332,7276831.0
2024-07-19 12:30:00,240.9699,241.3,238.28,238.955,5538181.0
2024-07-19 13:00:00,238.92,239.335,236.83,238.49,5535388.0
2024-07-19 13:30:00,238.49,239.37,237.36,239.27,3712980.0
2024-07-19 14:00:00,239.27,240.62,238.55,240.27,4510909.0
2024-07-19 14:30:00,240.26,240.44,238.8,239.17,3224588.0
2024-07-19 15:00:00,239.18,239.5985,238.38,239.32,3353492.0
2024-07-19 15:30:00,239.29,241.2,239.27,240.56,3559999.0
2024-07-19 16:00:00,240.565,240.7374,238.41,239.2,8578762.0
2024-07-22 10:00:00,244.21,251.57,243.75,250.04,19290201.0
2024-07-22 10:30:00,250.0,251.16,246.26,246.3901,11433173.0
2024-07-22 11:00:00,246.44,249.5,246.09,248.6791,6800032.0
2024-07-22 11:30:00,248.64,249.74,246.19,246.34,6160256.0
2024-07-22 12:00:00,246.32,248.4,246.16,248.01,6549706.0
2024-07-22 12:30:00,247.9501,249.68,246.895,249.36,4585116.0
2024-07-22 13:00:00,249.355,250.95,249.04,250.205,5397928.0
2024-07-22 13:30:00,250.23,251.22,250.0006,250.965,4459518.0
2024-07-22 14:00:00,250.97,252.23,250.64,251.35,5105631.0
2024-07-22 14:30:00,251.38,252.42,251.1,251.395,4430973.0
2024-07-22 15:00:00,251.4,253.21,250.95,251.8415,5766729.0
2024-07-22 15:30:00,251.86,252.08,250.67,251.945,5564274.0
2024-07-22 16:00:00,251.94,252.79,251.289,251.51,11365351.0
2024-07-23 10:00:00,253.6,255.7594,248.57,249.4019,18313975.0
2024-07-23 10:30:00,249.57,249.93,247.7,248.9835,9617094.0
2024-07-23 11:00:00,249.02,249.49,245.63,247.285,9007733.0
2024-07-23 11:30:00,247.31,249.66,247.1,249.08,6222619.0
2024-07-23 12:00:00,249.05,249.92,248.1,248.945,5334357.0
2024-07-23 12:30:00,248.935,249.3,246.5,247.0155,5253358.0
2024-07-23 13:00:00,247.01,247.84,246.02,246.7,4515514.0
2024-07-23 13:30:00,246.65,247.93,246.26,247.423,4562831.0
2024-07-23 14:00:00,247.4,247.89,246.9301,247.6916,3337506.0
2024-07-23 14:30:00,247.69,248.49,247.05,247.2699,3750220.0
2024-07-23 15:00:00,247.35,248.1,247.08,248.08,3299898.0
2024-07-23 15:30:00,248.1036,249.45,247.78,249.36,4617932.0
2024-07-23 16:00:00,249.37,249.4136,246.32,246.38,10321914.0
2024-07-24 10:00:00,225.42,225.99,215.3,215.8899,35663654.0
2024-07-24 10:30:00,215.89,219.0899,214.71,217.064,19559840.0
2024-07-24 11:00:00,217.06,218.59,215.6,217.46,13716453.0
2024-07-24 11:30:00,217.46,218.46,216.8,218.0138,10469775.0
2024-07-24 12:00:00,218.035,221.28,218.0101,220.5499,12047092.0
2024-07-24 12:30:00,220.5409,222.64,220.2,221.2615,10067742.0
2024-07-24 13:00:00,221.27,221.9,220.16,220.5394,6557950.0
2024-07-24 13:30:00,220.51,221.75,219.72,220.77,6858934.0
2024-07-24 14:00:00,220.78,221.6,219.16,219.3497,5367304.0
2024-07-24 14:30:00,219.35,220.26,218.3,219.885,5990811.0
2024-07-24 15:00:00,219.88,220.6399,218.87,219.704,4936314.0
2024-07-24 15:30:00,219.67,219.83,217.77,217.79,6042621.0
2024-07-24 16:00:00,217.79,219.22,215.48,215.99,19107721.0
2024-07-25 10:00:00,216.8,223.44,216.231,219.7088,21151078.0
2024-07-25 10:30:00,219.745,224.41,217.22,224.36,13939512.0
2024-07-25 11:00:00,224.36,224.99,222.4,223.94,9162706.0
2024-07-25 11:30:00,223.93,224.1,221.66,222.6001,5797304.0
2024-07-25 12:00:00,222.69,223.64,221.5,222.975,4693067.0
2024-07-25 12:30:00,222.95,224.23,222.05,223.58,4138790.0
2024-07-25 13:00:00,223.58,226.0,223.5,225.0,5406857.0
2024-07-25 13:30:00,224.99,225.87,223.354,223.8,4083876.0
2024-07-25 14:00:00,223.7701,225.82,223.4,225.2301,3731217.0
2024-07-25 14:30:00,225.29,225.78,224.29,224.85,3333096.0
2024-07-25 15:00:00,224.83,225.47,222.68,223.0507,3934536.0
2024-07-25 15:30:00,223.1198,224.58,222.3101,224.2301,4355942.0
2024-07-25 16:00:00,224.23,224.81,220.17,220.25,10467204.0
2024-07-26 10:00:00,221.19,222.2799,216.77,220.14,16028281.0
2024-07-26 10:30:00,220.16,220.8299,215.73,216.74,11422375.0
2024-07-26 11:00:00,216.7003,217.69,215.33,216.84,7815768.0
2024-07-26 11:30:00,216.74,217.1285,215.7578,216.5167,4953086.0
2024-07-26 12:00:00,216.49,219.05,216.49,218.9,5082346.0
2024-07-26 12:30:00,218.9,220.6,218.8341,219.64,6136688.0
2024-07-26 13:00:00,219.67,221.27,219.67,220.961,5144384.0
2024-07-26 13:30:00,220.95,222.13,220.68,221.905,5260215.0
2024-07-26 14:00:00,221.8915,222.1857,219.4201,220.8401,6696560.0
2024-07-26 14:30:00,220.84,221.65,220.36,220.465,4267735.0
2024-07-26 15:00:00,220.49,220.68,219.05,219.48,4569037.0
2024-07-26 15:30:00,219.46,220.3885,218.92,220.2501,4419058.0
2024-07-26 16:00:00,220.31,220.4959,219.12,219.8,8125844.0
2024-07-29 10:00:00,224.9,231.0798,224.7,230.8883,18733081.0
2024-07-29 10:30:00,230.875,233.21,230.51,232.49,15664704.0
2024-07-29 11:00:00,232.4726,234.27,231.16,231.21,13093900.0
2024-07-29 11:30:00,231.188,231.53,228.19,229.323,12382869.0
2024-07-29 12:00:00,229.3101,230.43,227.09,229.99,9378417.0
2024-07-29 12:30:00,230.018,231.37,229.46,230.9442,6846192.0
2024-07-29 13:00:00,230.945,232.99,230.85,232.8876,6991187.0
2024-07-29 13:30:00,232.9,234.0,231.1401,231.175,8976108.0
2024-07-29 14:00:00,231.15,232.96,230.8,232.3411,6253314.0
2024-07-29 14:30:00,232.38,232.68,231.17,231.38,5021999.0
2024-07-29 15:00:00,231.36,231.88,230.81,231.69,4558253.0
2024-07-29 15:30:00,231.6915,231.84,229.21,230.5,5901038.0
2024-07-29 16:00:00,230.49,232.69,230.31,232.1,11365404.0
2024-07-30 10:00:00,232.25,232.41,227.6,228.505,14921015.0
2024-07-30 10:30:00,228.5699,231.49,226.9,231.06,10489437.0
2024-07-30 11:00:00,231.1,231.89,228.0528,228.4133,8034806.0
2024-07-30 11:30:00,228.41,228.59,226.24,226.7099,7498685.0
2024-07-30 12:00:00,226.65,226.96,223.07,223.07,8062715.0
2024-07-30 12:30:00,223.09,223.789,221.3,221.9801,7049485.0
2024-07-30 13:00:00,221.98,222.68,220.1301,220.2007,5371549.0
2024-07-30 13:30:00,220.22,223.2499,220.01,223.22,5389044.0
2024-07-30 14:00:00,223.2251,224.25,222.61,223.39,5238140.0
2024-07-30 14:30:00,223.39,223.81,222.16,222.675,3773317.0
2024-07-30 15:00:00,222.65,223.14,221.09,221.285,3951534.0
2024-07-30 15:30:00,221.32,221.84,220.68,221.27,4362774.0
2024-07-30 16:00:00,221.265,224.17,220.0,222.62,11940814.0
2024-07-31 10:00:00,227.9,233.78,226.7875,233.47,15375019.0
2024-07-31 10:30:00,233.495,234.68,230.22,230.5,8834698.0
2024-07-31 11:00:00,230.55,231.6439,230.35,230.825,4450507.0
2024-07-31 11:30:00,230.825,232.1,230.64,231.747,3593441.0
2024-07-31 12:00:00,231.7682,232.17,230.85,231.115,2833739.0
2024-07-31 12:30:00,231.1166,231.98,230.7,231.6,2167748.0
2024-07-31 13:00:00,231.58,231.81,230.97,231.43,1829103.0
2024-07-31 13:30:00,231.45,232.25,230.82,231.01,2053546.0
2024-07-31 14:00:00,231.02,231.02,229.23,230.0413,3100521.0
2024-07-31 14:30:00,230.18,231.44,229.65,231.18,2256138.0
2024-07-31 15:00:00,231.23,233.19,230.5,232.955,3816128.0
2024-07-31 15:30:00,232.9728,233.45,230.72,231.205,4031170.0
2024-07-31 16:00:00,231.25,232.99,230.82,232.07,8511184.0
2024-08-01 10:00:00,227.69,230.4,226.42,228.9317,10118490.0
2024-08-01 10:30:00,228.93,231.867,226.634,226.77,7962333.0
2024-08-01 11:00:00,226.79,227.09,224.6,225.0101,6695592.0
2024-08-01 11:30:00,225.01,225.46,223.82,224.9399,5098350.0
2024-08-01 12:00:00,224.91,225.26,222.3,222.6206,4806047.0
2024-08-01 12:30:00,222.614,223.98,221.97,222.2938,3627735.0
2024-08-01 13:00:00,222.279,222.38,220.94,221.57,3838598.0
2024-08-01 13:30:00,221.56,221.8,219.5201,219.78,4097447.0
2024-08-01 14:00:00,219.82,220.4665,217.62,220.2457,5209928.0
2024-08-01 14:30:00,220.245,220.59,217.14,217.6,4653225.0
2024-08-01 15:00:00,217.5993,218.12,214.9,215.16,6164879.0
2024-08-01 15:30:00,215.14,216.83,214.3328,216.45,5721009.0
2024-08-01 16:00:00,216.45,217.49,215.52,216.86,11688666.0
2024-08-02 10:00:00,214.88,216.13,212.44,213.925,11186695.0
2024-08-02 10:30:00,214.0,214.8,210.445,213.23,7735092.0
2024-08-02 11:00:00,213.18,214.55,209.0,209.3,8306740.0
2024-08-02 11:30:00,209.33,209.79,207.2,208.94,7714422.0
2024-08-02 12:00:00,208.97,211.9299,208.81,210.12,5925900.0
2024-08-02 12:30:00,210.17,210.6,208.03,209.58,4111147.0
2024-08-02 13:00:00,209.56,210.37,207.78,208.4614,3826825.0
2024-08-02 13:30:00,208.49,209.014,207.5,207.5127,3316827.0
2024-08-02 14:00:00,207.49,208.0,205.8,206.8595,4133572.0
2024-08-02 14:30:00,206.83,208.36,206.2,208.32,3217448.0
2024-08-02 15:00:00,208.29,208.95,206.75,206.755,3017987.0
2024-08-02 15:30:00,206.7401,207.3112,205.89,206.86,3555309.0
2024-08-02 16:00:00,206.85,208.07,205.78,207.67,10868273.0
2024-08-05 10:00:00,185.22,199.8,182.0,197.652,20564096.0
2024-08-05 10:30:00,197.75,201.6,194.4745,194.775,11592109.0
2024-08-05 11:00:00,194.81,200.0,194.7701,197.14,7298447.0
2024-08-05 11:30:00,197.13,203.8799,195.81,201.41,8070701.0
2024-08-05 12:00:00,201.395,202.47,199.61,200.251,5226486.0
2024-08-05 12:30:00,200.25,202.94,200.0,202.7401,4197858.0
2024-08-05 13:00:00,202.795,202.82,198.75,198.8699,3832403.0
2024-08-05 13:30:00,198.86,200.84,198.75,199.8876,4050284.0
2024-08-05 14:00:00,199.92,201.7299,199.92,200.21,2695199.0
2024-08-05 14:30:00,200.26,200.35,197.93,198.83,3730758.0
2024-08-05 15:00:00,198.765,199.46,196.0,196.43,4152583.0
2024-08-05 15:30:00,196.44,198.34,196.43,198.2306,3715837.0
2024-08-05 16:00:00,198.22,199.31,197.07,198.88,9296990.0
2024-08-06 10:00:00,200.75,201.23,192.67,197.405,14872405.0
2024-08-06 10:30:00,197.395,198.88,195.9701,196.0675,7345247.0
2024-08-06 11:00:00,196.13,197.4897,194.86,196.3943,6002577.0
2024-08-06 11:30:00,196.36,197.8,195.06,195.1201,3949635.0
2024-08-06 12:00:00,195.15,199.62,195.12,199.43,4512838.0
2024-08-06 12:30:00,199.44,201.21,199.1,200.285,5807956.0
2024-08-06 13:00:00,200.32,201.78,199.31,201.455,3368505.0
2024-08-06 13:30:00,201.46,202.1,200.8,201.565,2763580.0
2024-08-06 14:00:00,201.59,202.12,200.84,201.865,2575164.0
2024-08-06 14:30:00,201.88,202.47,201.4001,202.2199,2728389.0
2024-08-06 15:00:00,202.22,202.9,201.53,201.53,2888719.0
2024-08-06 15:30:00,201.53,201.55,199.5,201.135,4637797.0
2024-08-06 16:00:00,201.15,201.87,200.0,200.64,8377363.0
2024-08-07 10:00:00,200.77,203.49,198.24,199.225,11390197.0
2024-08-07 10:30:00,199.225,200.66,197.5219,198.0499,7120279.0
2024-08-07 11:00:00,197.98,199.34,197.171,198.68,4904397.0
2024-08-07 11:30:00,198.69,200.45,198.59,198.89,4282271.0
2024-08-07 12:00:00,198.9101,199.57,196.81,197.69,3512307.0
2024-08-07 12:30:00,197.71,198.56,196.1,198.21,2949708.0
2024-08-07 13:00:00,198.21,198.55,197.31,197.7,2658467.0
2024-08-07 13:30:00,197.69,197.875,195.23,195.86,3958439.0
2024-08-07 14:00:00,195.85,196.87,193.91,194.34,3859976.0
2024-08-07 14:30:00,194.2302,194.68,192.12,193.5799,4628625.0
2024-08-07 15:00:00,193.58,193.659,191.86,192.345,4501562.0
2024-08-07 15:30:00,192.34,194.45,192.23,193.295,3999533.0
2024-08-07 16:00:00,193.28,193.8,191.48,191.76,8238532.0
2024-08-08 10:00:00,195.7,196.2,192.04,194.2799,9880772.0
2024-08-08 10:30:00,194.25,197.45,193.5,197.4,6567506.0
2024-08-08 11:00:00,197.39,199.4363,196.95,199.4,5932234.0
2024-08-08 11:30:00,199.42,199.4587,197.47,198.7599,4724031.0
2024-08-08 12:00:00,198.81,199.08,197.1568,197.795,3133707.0
2024-08-08 12:30:00,197.77,198.3499,196.93,197.4343,3151303.0
2024-08-08 13:00:00,197.48,198.0499,196.47,197.9,3010692.0
2024-08-08 13:30:00,197.92,199.95,197.26,199.93,3650016.0
2024-08-08 14:00:00,199.95,199.95,199.13,199.46,3117782.0
2024-08-08 14:30:00,199.4518,200.7,199.0201,200.0373,3493448.0
2024-08-08 15:00:00,200.05,200.18,198.89,198.93,2746713.0
2024-08-08 15:30:00,198.94,199.21,197.9201,198.1299,3504491.0
2024-08-08 16:00:00,198.14,199.45,197.64,198.84,8085210.0
2024-08-09 10:00:00,197.05,200.09,196.23,197.21,10269293.0
2024-08-09 10:30:00,197.22,198.3715,195.58,196.1,7688425.0
2024-08-09 11:00:00,196.11,197.6,195.11,197.23,4934579.0
2024-08-09 11:30:00,197.2638,199.18,197.26,197.74,4810735.0
2024-08-09 12:00:00,197.74,198.16,196.5,196.7182,3271518.0
2024-08-09 12:30:00,196.77,197.39,196.36,197.15,2283156.0
2024-08-09 13:00:00,197.133,198.1994,197.11,197.935,2164131.0
2024-08-09 13:30:00,197.9,200.2399,197.72,200.2373,2985710.0
2024-08-09 14:00:00,200.223,200.88,199.46,199.57,4099589.0
2024-08-09 14:30:00,199.58,200.23,199.16,199.4901,2833631.0
2024-08-09 15:00:00,199.45,200.47,199.3401,199.685,2842906.0
2024-08-09 15:30:00,199.68,200.2,199.1801,199.63,2499311.0
2024-08-09 16:00:00,199.61,200.15,199.4,200.0,5020932.0
2024-08-12 10:00:00,199.02,199.26,194.67,194.99,10944045.0
2024-08-12 10:30:00,195.01,197.35,194.764,197.0,7286826.0
2024-08-12 11:00:00,197.0199,198.28,196.7,197.16,4813418.0
2024-08-12 11:30:00,197.18,198.3,195.92,196.62,4960037.0
2024-08-12 12:00:00,196.58,197.01,194.78,196.86,4964950.0
2024-08-12 12:30:00,196.875,197.67,196.5256,197.2401,3115016.0
2024-08-12 13:00:00,197.26,197.99,196.42,196.445,3868286.0
2024-08-12 13:30:00,196.44,197.66,196.22,197.43,2520353.0
2024-08-12 14:00:00,197.43,198.1999,197.02,198.08,2584745.0
2024-08-12 14:30:00,198.1001,198.83,198.0,198.53,3044414.0
2024-08-12 15:00:00,198.47,198.47,197.97,198.24,1879458.0
2024-08-12 15:30:00,198.24,198.38,197.46,197.68,3124696.0
2024-08-12 16:00:00,197.7,198.27,197.07,197.49,5092497.0
2024-08-13 10:00:00,198.47,204.02,197.06,203.41,14290000.0
2024-08-13 10:30:00,203.41,205.88,202.92,205.11,9920184.0
2024-08-13 11:00:00,205.08,206.5902,203.73,205.6299,6921019.0
2024-08-13 11:30:00,205.63,205.82,204.66,205.32,4506454.0
2024-08-13 12:00:00,205.32,205.585,204.25,204.89,3701850.0
2024-08-13 12:30:00,204.89,205.5625,204.51,205.335,2842090.0
2024-08-13 13:00:00,205.3499,206.72,204.92,206.4195,3412712.0
2024-08-13 13:30:00,206.43,208.49,206.26,207.52,5197432.0
2024-08-13 14:00:00,207.53,207.62,205.78,206.6201,3761494.0
2024-08-13 14:30:00,206.625,207.1,205.81,207.06,3216396.0
2024-08-13 15:00:00,207.06,207.44,206.76,207.41,2547499.0
2024-08-13 15:30:00,207.41,207.44,206.05,206.8301,3376587.0
2024-08-13 16:00:00,206.84,208.42,206.75,207.83,9738123.0
2024-08-14 10:00:00,207.39,208.44,202.04,202.77,12402709.0
2024-08-14 10:30:00,202.85,203.82,200.49,201.7222,7969478.0
2024-08-14 11:00:00,201.68,202.3,199.81,202.17,7388112.0
2024-08-14 11:30:00,202.1786,202.345,200.8281,202.07,3857284.0
2024-08-14 12:00:00,202.07,203.35,201.81,203.1286,3947223.0
2024-08-14 12:30:00,203.1184,203.23,200.01,200.3796,4367988.0
2024-08-14 13:00:00,200.36,200.5337,198.75,199.855,4723882.0
2024-08-14 13:30:00,199.85,200.75,199.66,200.72,3705594.0
2024-08-14 14:00:00,200.71,200.96,200.04,200.28,2598728.0
2024-08-14 14:30:00,200.2885,200.7791,199.76,200.7301,3229538.0
2024-08-14 15:00:00,200.73,200.8764,200.31,200.722,2382154.0
2024-08-14 15:30:00,200.71,200.72,199.7,200.2499,2806250.0
2024-08-14 16:00:00,200.2501,201.66,199.91,201.38,7235405.0
2024-08-15 10:00:00,205.02,212.4235,204.82,211.0201,19414970.0
2024-08-15 10:30:00,211.04,214.68,210.86,214.48,11278937.0
2024-08-15 11:00:00,214.46,215.79,214.13,214.81,9280642.0
2024-08-15 11:30:00,214.8,215.4599,213.71,213.93,5860279.0
2024-08-15 12:00:00,213.95,214.51,213.2,213.89,4823035.0
2024-08-15 12:30:00,213.88,214.16,212.85,213.93,4406303.0
2024-08-15 13:00:00,213.9456,214.36,213.42,213.5601,3195511.0
2024-08-15 13:30:00,213.58,214.06,213.23,213.925,2863670.0
2024-08-15 14:00:00,213.94,215.88,213.8701,215.0701,4662141.0
2024-08-15 14:30:00,215.086,215.0965,213.9101,214.06,3656308.0
2024-08-15 15:00:00,214.07,214.3399,213.642,213.825,3268325.0
2024-08-15 15:30:00,213.81,214.41,213.51,213.99,3681857.0
2024-08-15 16:00:00,213.98,215.0599,213.7,214.14,9855080.0
2024-08-16 10:00:00,211.15,218.51,210.8,217.83,18643135.0
2024-08-16 10:30:00,217.75,219.8,217.33,218.16,10365949.0
2024-08-16 11:00:00,218.16,218.6299,214.8001,215.35,8889205.0
2024-08-16 11:30:00,215.33,216.5,214.1001,214.72,6656167.0
2024-08-16 12:00:00,214.73,216.21,214.33,215.7299,5085527.0
2024-08-16 12:30:00,215.69,216.78,215.0,216.335,4350081.0
2024-08-16 13:00:00,216.32,217.4082,215.97,217.1001,3587799.0
2024-08-16 13:30:00,217.135,217.67,216.76,217.64,3403503.0
2024-08-16 14:00:00,217.61,218.06,216.8301,217.77,4338877.0
2024-08-16 14:30:00,217.77,217.7899,215.61,216.12,7759129.0
2024-08-16 15:00:00,216.12,216.4,215.57,216.28,3250868.0
2024-08-16 15:30:00,216.2836,216.6499,215.72,216.47,3278546.0
2024-08-16 16:00:00,216.4572,216.685,215.9563,216.12,6258531.0
2024-08-19 10:00:00,217.07,219.69,214.09,216.81,15712369.0
2024-08-19 10:30:00,216.87,221.9599,216.1,221.88,13397948.0
2024-08-19 11:00:00,221.884,222.38,219.72,220.05,7798966.0
2024-08-19 11:30:00,220.06,220.97,218.93,220.065,4959306.0
2024-08-19 12:00:00,220.07,221.1882,219.62,219.9988,3732199.0
2024-08-19 12:30:00,220.0,221.37,219.42,220.94,3044598.0
2024-08-19 13:00:00,220.9001,221.6275,220.1,221.1,2872803.0
2024-08-19 13:30:00,221.09,221.3699,220.44,220.83,2389737.0
2024-08-19 14:00:00,220.85,221.2881,220.57,220.95,2057691.0
2024-08-19 14:30:00,220.97,221.389,220.4,221.37,2074852.0
2024-08-19 15:00:00,221.375,222.9199,221.31,222.2901,4065637.0
2024-08-19 15:30:00,222.309,222.9,221.84,222.87,3573232.0
2024-08-19 16:00:00,222.88,222.98,222.21,222.72,8132812.0
2024-08-20 10:00:00,224.88,228.22,224.5567,225.4,16059479.0
2024-08-20 10:30:00,225.425,225.49,221.2,221.805,11681234.0
2024-08-20 11:00:00,221.805,222.4,219.56,220.8,7888491.0
2024-08-20 11:30:00,220.82,222.69,220.7001,221.41,4781039.0
2024-08-20 12:00:00,221.3701,223.19,221.01,223.18,3861921.0
2024-08-20 12:30:00,223.18,223.41,222.29,222.41,3207718.0
2024-08-20 13:00:00,222.43,223.44,220.8,220.9401,3894203.0
2024-08-20 13:30:00,220.94,221.239,220.07,221.02,2810971.0
2024-08-20 14:00:00,221.04,221.48,220.71,221.0246,2581467.0
2024-08-20 14:30:00,221.0041,221.35,220.58,221.02,2541402.0
2024-08-20 15:00:00,221.02,221.9599,221.02,221.7915,2658150.0
2024-08-20 15:30:00,221.79,222.1492,221.37,221.559,2369403.0
2024-08-20 16:00:00,221.56,222.47,221.008,221.1,5422031.0
2024-08-21 10:00:00,222.67,224.6594,220.81,222.64,12304684.0
2024-08-21 10:30:00,222.65,222.785,218.86,220.7987,11320476.0
2024-08-21 11:00:00,220.79,223.33,220.44,221.05,7427423.0
2024-08-21 11:30:00,220.98,221.959,220.51,221.3901,4191137.0
2024-08-21 12:00:00,221.41,221.41,220.15,221.15,3452363.0
2024-08-21 12:30:00,221.17,221.458,219.31,221.23,3774530.0
2024-08-21 13:00:00,221.19,222.135,221.01,221.705,3036923.0
2024-08-21 13:30:00,221.74,222.4499,221.62,221.9598,2696068.0
2024-08-21 14:00:00,221.999,223.0,221.999,222.5125,3264960.0
2024-08-21 14:30:00,222.55,223.57,222.47,223.54,2773303.0
2024-08-21 15:00:00,223.55,223.99,222.51,222.79,5151161.0
2024-08-21 15:30:00,222.79,222.82,221.555,222.285,3247774.0
2024-08-21 16:00:00,222.28,223.64,222.06,223.27,5279560.0
2024-08-22 10:00:00,223.82,224.8,221.1536,223.0,10300523.0
2024-08-22 10:30:00,223.015,223.48,219.86,220.48,7679244.0
2024-08-22 11:00:00,220.44,220.54,217.805,217.96,7090744.0
2024-08-22 11:30:00,217.96,219.1479,217.5,218.33,5654652.0
2024-08-22 12:00:00,218.3381,218.43,215.52,215.95,6191101.0
2024-08-22 12:30:00,215.95,217.6099,215.71,217.19,4058036.0
2024-08-22 13:00:00,217.19,217.855,216.3001,216.585,3376469.0
2024-08-22 13:30:00,216.59,217.05,215.6,215.6653,3191784.0
2024-08-22 14:00:00,215.63,215.8099,213.06,213.66,5159613.0
2024-08-22 14:30:00,213.65,214.1099,213.2,213.95,3397041.0
2024-08-22 15:00:00,213.94,214.15,212.92,213.09,3009481.0
2024-08-22 15:30:00,213.09,214.14,212.76,212.83,3877811.0
2024-08-22 16:00:00,212.84,213.19,210.32,210.66,11368978.0
2024-08-23 10:00:00,214.455,217.29,214.21,216.595,12071982.0
2024-08-23 10:30:00,216.64,220.94,216.61,220.69,11673847.0
2024-08-23 11:00:00,220.72,221.48,216.63,217.74,9490325.0
2024-08-23 11:30:00,217.72,218.92,216.0,218.695,6610924.0
2024-08-23 12:00:00,218.72,219.55,217.33,217.7701,4531759.0
2024-08-23 12:30:00,217.8,217.93,216.11,216.69,4593901.0
2024-08-23 13:00:00,216.7,217.68,215.67,217.39,3901570.0
2024-08-23 13:30:00,217.36,218.89,217.23,218.7816,3291361.0
2024-08-23 14:00:00,218.8079,219.7499,218.67,219.4601,3369086.0
2024-08-23 14:30:00,219.49,219.97,219.3201,219.5745,2476000.0
2024-08-23 15:00:00,219.57,220.13,219.1801,219.511,2842931.0
2024-08-23 15:30:00,219.52,220.65,218.83,220.6,3766678.0
2024-08-23 16:00:00,220.58,220.885,219.75,220.32,9374171.0
2024-08-26 10:00:00,218.75,219.09,216.26,217.3,9149660.0
2024-08-26 10:30:00,217.34,217.7,212.6301,212.96,9197821.0
2024-08-26 11:00:00,212.95,213.59,211.5,212.9032,6331189.0
2024-08-26 11:30:00,212.9,213.85,212.5,213.5001,4153185.0
2024-08-26 12:00:00,213.5,213.83,212.1,212.3541,3338814.0
2024-08-26 12:30:00,212.36,213.95,212.1601,213.81,2412785.0
2024-08-26 13:00:00,213.8,214.36,213.3,213.6293,2470079.0
2024-08-26 13:30:00,213.6301,213.74,212.64,212.76,2313503.0
2024-08-26 14:00:00,212.79,213.07,211.23,211.45,3202969.0
2024-08-26 14:30:00,211.46,212.3,211.01,212.28,3371415.0
2024-08-26 15:00:00,212.26,213.28,212.1503,213.25,2481224.0
2024-08-26 15:30:00,213.24,213.28,212.6027,212.8423,2045468.0
2024-08-26 16:00:00,212.83,213.4499,212.2,213.21,6509925.0
2024-08-27 10:00:00,213.25,215.66,208.92,209.42,13842215.0
2024-08-27 10:30:00,209.432,209.84,206.94,209.115,9766438.0
2024-08-27 11:00:00,209.08,210.6099,208.8213,210.125,6471866.0
2024-08-27 11:30:00,210.13,210.5,209.06,209.33,4490841.0
2024-08-27 12:00:00,209.405,209.6948,208.4534,209.3999,3904117.0
2024-08-27 12:30:00,209.39,210.4556,209.14,209.26,3300856.0
2024-08-27 13:00:00,209.23,209.9399,208.6642,209.4402,2835709.0
2024-08-27 13:30:00,209.44,210.26,209.38,210.14,1617142.0
2024-08-27 14:00:00,210.16,210.54,209.69,210.1599,2080903.0
2024-08-27 14:30:00,210.125,210.32,209.06,209.3699,2135606.0
2024-08-27 15:00:00,209.37,210.3,209.15,210.16,1988920.0
2024-08-27 15:30:00,210.18,210.4046,209.75,210.01,1988181.0
2024-08-27 16:00:00,209.99,210.26,209.09,209.21,4907856.0
2024-08-28 10:00:00,209.72,211.84,206.27,208.575,11107954.0
2024-08-28 10:30:00,208.64,208.82,206.74,207.57,5274889.0
2024-08-28 11:00:00,207.595,207.9,205.25,206.28,7160589.0
2024-08-28 11:30:00,206.29,206.29,204.27,205.2,4572869.0
2024-08-28 12:00:00,205.19,206.0699,204.79,205.8157,2408477.0
2024-08-28 12:30:00,205.83,205.95,204.2,204.73,2778945.0
2024-08-28 13:00:00,204.72,206.78,204.65,206.676,3146792.0
2024-08-28 13:30:00,206.68,207.1,205.8,206.0055,2367679.0
2024-08-28 14:00:00,206.01,206.22,203.0,203.0986,3730384.0
2024-08-28 14:30:00,203.08,203.5,202.59,203.275,4726387.0
2024-08-28 15:00:00,203.26,204.7702,202.77,204.61,3773514.0
2024-08-28 15:30:00,204.57,205.4643,204.32,205.42,3612423.0
2024-08-28 16:00:00,205.41,206.0856,204.95,205.75,6798814.0
2024-08-29 10:00:00,209.8,214.89,209.51,213.36,13745900.0
2024-08-29 10:30:00,213.35,213.97,210.2801,211.5057,7049166.0
2024-08-29 11:00:00,211.56,211.85,210.13,210.87,4964718.0
2024-08-29 11:30:00,210.83,210.8723,209.07,209.95,4283368.0
2024-08-29 12:00:00,209.9301,211.35,209.88,210.925,2582065.0
2024-08-29 12:30:00,210.93,212.44,210.81,212.305,2321198.0
2024-08-29 13:00:00,212.3,212.76,211.75,212.15,2400094.0
2024-08-29 13:30:00,212.13,212.45,211.25,211.7,1910702.0
2024-08-29 14:00:00,211.75,212.68,211.43,212.565,1911036.0
2024-08-29 14:30:00,212.57,212.58,208.9,209.0425,3042876.0
2024-08-29 15:00:00,209.02,209.02,206.41,207.075,5076389.0
2024-08-29 15:30:00,207.08,207.824,206.41,207.32,3966399.0
2024-08-29 16:00:00,207.35,208.08,205.97,206.28,6023280.0
2024-08-30 10:00:00,208.63,210.4,207.03,209.8275,10416548.0
2024-08-30 10:30:00,209.838,210.83,208.3803,208.78,6455493.0
2024-08-30 11:00:00,208.75,210.1,208.46,208.46,4220974.0
2024-08-30 11:30:00,208.48,209.81,208.37,209.64,3425087.0
2024-08-30 12:00:00,209.59,210.77,208.8802,210.23,3704949.0
2024-08-30 12:30:00,210.21,210.38,209.0,209.1699,2263036.0
2024-08-30 13:00:00,209.15,209.78,208.48,209.71,2662505.0
2024-08-30 13:30:00,209.7,210.6399,209.62,210.4775,3105332.0
2024-08-30 14:00:00,210.47,212.02,210.45,211.14,4274830.0
2024-08-30 14:30:00,211.15,211.74,210.91,211.024,2536449.0
2024-08-30 15:00:00,211.02,212.1499,210.98,211.42,2841432.0
2024-08-30 15:30:00,211.3992,212.62,210.86,212.306,3477052.0
2024-08-30 16:00:00,212.33,214.5701,211.7836,214.11,11013937.0
2024-09-03 10:00:00,215.26,219.9043,212.83,213.825,16047799.0
2024-09-03 10:30:00,213.81,218.72,212.5308,218.0799,9918123.0
2024-09-03 11:00:00,218.01,218.05,213.8,213.86,7820732.0
2024-09-03 11:30:00,213.89,215.38,213.23,213.4,5089605.0
2024-09-03 12:00:00,213.4,215.15,213.27,214.96,3562834.0
2024-09-03 12:30:00,214.965,215.68,214.15,215.63,3002564.0
2024-09-03 13:00:00,215.62,215.62,214.73,214.9,2268586.0
2024-09-03 13:30:00,214.8911,215.34,213.88,215.069,2711522.0
2024-09-03 14:00:00,215.07,215.12,213.76,213.855,2306686.0
2024-09-03 14:30:00,213.84,214.0757,211.78,212.03,4058009.0
2024-09-03 15:00:00,212.04,212.5,210.43,210.572,4232278.0
2024-09-03 15:30:00,210.57,212.05,210.51,211.48,3081437.0
2024-09-03 16:00:00,211.46,211.64,209.64,210.6,8887483.0
2024-09-04 10:00:00,210.59,218.24,210.57,217.9,15524585.0
2024-09-04 10:30:00,217.95,219.49,215.61,219.415,10521915.0
2024-09-04 11:00:00,219.44,220.56,218.76,220.15,8310667.0
2024-09-04 11:30:00,220.13,221.33,219.44,219.81,6502048.0
2024-09-04 12:00:00,219.81,219.97,218.516,219.01,4364406.0
2024-09-04 12:30:00,219.02,220.84,218.75,220.7201,3512713.0
2024-09-04 13:00:00,220.721,222.14,220.721,221.89,5191092.0
2024-09-04 13:30:00,221.86,222.22,220.7364,220.955,3446392.0
2024-09-04 14:00:00,220.95,221.2492,220.33,220.52,2444366.0
2024-09-04 14:30:00,220.54,221.59,220.14,221.21,2812126.0
2024-09-04 15:00:00,221.21,221.39,218.31,218.395,3768199.0
2024-09-04 15:30:00,218.39,218.61,217.54,218.59,3660560.0
2024-09-04 16:00:00,218.59,220.425,217.8325,219.41,8187358.0
2024-09-05 10:00:00,223.49,230.55,222.25,229.71,21392352.0
2024-09-05 10:30:00,229.76,235.0,229.75,234.07,15710615.0
2024-09-05 11:00:00,234.13,234.77,231.05,231.14,9905368.0
2024-09-05 11:30:00,231.12,231.59,227.55,227.66,9369472.0
2024-09-05 12:00:00,227.63,228.29,225.62,225.79,8327699.0
2024-09-05 12:30:00,225.79,229.9699,225.79,229.9,7617580.0
2024-09-05 13:00:00,229.9,230.59,228.08,228.77,7548714.0
2024-09-05 13:30:00,228.81,229.48,227.33,227.47,4445689.0
2024-09-05 14:00:00,227.48,231.2,227.31,230.99,5747441.0
2024-09-05 14:30:00,231.0185,231.2599,229.95,230.13,4033370.0
2024-09-05 15:00:00,230.13,231.1499,229.3,230.27,4391513.0
2024-09-05 15:30:00,230.26,230.295,228.21,229.2799,4479679.0
2024-09-05 16:00:00,229.28,230.19,228.52,230.17,10240727.0
2024-09-06 10:00:00,232.6,233.6,222.9,224.43,21625251.0
2024-09-06 10:30:00,224.41,224.79,220.67,220.735,11515167.0
2024-09-06 11:00:00,220.7,221.2252,217.51,218.4,11478268.0
2024-09-06 11:30:00,218.35,219.99,216.4506,216.8301,7898072.0
2024-09-06 12:00:00,216.87,217.88,215.58,216.74,5779228.0
2024-09-06 12:30:00,216.755,217.515,215.08,215.1557,4799059.0
2024-09-06 13:00:00,215.17,216.4199,214.31,214.97,4873818.0
2024-09-06 13:30:00,214.97,216.98,214.63,215.8799,4646282.0
2024-09-06 14:00:00,215.8521,216.1896,214.12,214.17,4214480.0
2024-09-06 14:30:00,214.19,214.67,213.13,213.58,4495008.0
2024-09-06 15:00:00,213.59,214.86,213.56,214.26,3804075.0
2024-09-06 15:30:00,214.28,215.13,213.2,213.6101,4225876.0
2024-09-06 16:00:00,213.66,213.66,210.51,210.73,15387665.0
2024-09-09 10:00:00,216.2,219.06,213.67,218.38,14186980.0
2024-09-09 10:30:00,218.37,219.87,217.65,219.17,8796623.0
2024-09-09 11:00:00,219.1,219.1099,214.912,215.0159,6788791.0
2024-09-09 11:30:00,215.01,215.7499,214.3,215.61,4229141.0
2024-09-09 12:00:00,215.6,216.57,214.9901,216.57,3697318.0
2024-09-09 12:30:00,216.53,217.83,216.13,217.55,3170885.0
2024-09-09 13:00:00,217.56,218.3765,217.05,218.1746,2507143.0
2024-09-09 13:30:00,218.19,218.84,217.4601,217.715,2759445.0
2024-09-09 14:00:00,217.72,217.79,216.53,216.75,3001785.0
2024-09-09 14:30:00,216.6901,217.68,216.68,216.9497,2187914.0
2024-09-09 15:00:00,216.9001,217.3,216.07,216.3399,2419723.0
2024-09-09 15:30:00,216.3,216.5276,215.38,216.415,2716203.0
2024-09-09 16:00:00,216.4339,217.18,216.17,216.27,7373519.0
2024-09-10 10:00:00,220.07,225.3,219.1,225.1899,16265481.0
2024-09-10 10:30:00,225.18,226.4,222.25,223.64,10773919.0
2024-09-10 11:00:00,223.61,224.36,221.37,223.2485,5775863.0
2024-09-10 11:30:00,223.23,224.05,221.71,223.7499,4422598.0
2024-09-10 12:00:00,223.73,223.9799,220.71,220.88,4073706.0
2024-09-10 12:30:00,220.88,220.89,218.6377,219.04,5643685.0
2024-09-10 13:00:00,219.03,220.6,218.92,219.29,3235505.0
2024-09-10 13:30:00,219.291,221.93,219.09,221.014,3695873.0
2024-09-10 14:00:00,221.02,222.45,220.9801,222.07,2941040.0
2024-09-10 14:30:00,222.09,223.17,222.09,222.96,2942236.0
2024-09-10 15:00:00,222.94,223.88,222.7641,223.5549,2955990.0
2024-09-10 15:30:00,223.52,224.82,222.93,224.74,3455021.0
2024-09-10 16:00:00,224.72,226.4,224.25,226.17,9276707.0
2024-09-11 10:00:00,224.55,224.55,219.73,221.8369,13512401.0
2024-09-11 10:30:00,221.82,223.67,219.0,219.01,8469523.0
2024-09-11 11:00:00,219.003,219.428,216.8003,217.858,7153312.0
2024-09-11 11:30:00,217.8301,220.48,217.07,220.02,6493337.0
2024-09-11 12:00:00,220.0,221.94,219.87,221.84,5332607.0
2024-09-11 12:30:00,221.855,223.14,221.8095,222.43,4679246.0
2024-09-11 13:00:00,222.41,222.99,221.67,221.92,3393331.0
2024-09-11 13:30:00,221.97,223.77,221.9001,223.1,3855550.0
2024-09-11 14:00:00,223.11,224.4,222.82,223.6589,3381325.0
2024-09-11 14:30:00,223.64,225.5299,223.4084,225.3781,3560739.0
2024-09-11 15:00:00,225.37,227.15,224.73,224.845,5584041.0
2024-09-11 15:30:00,224.83,226.96,224.5601,226.72,4409197.0
2024-09-11 16:00:00,226.71,228.47,226.2,228.13,9665694.0
2024-09-12 10:00:00,224.66,231.45,223.83,229.94,16614090.0
2024-09-12 10:30:00,229.96,230.55,227.5101,229.4,7947034.0
2024-09-12 11:00:00,229.36,229.98,226.42,227.3,6679780.0
2024-09-12 11:30:00,227.28,230.2463,227.05,228.13,5334443.0
2024-09-12 12:00:00,228.14,228.46,226.7,227.13,3605159.0
2024-09-12 12:30:00,227.11,228.98,227.07,228.935,3058731.0
2024-09-12 13:00:00,228.95,229.66,227.81,229.53,2772947.0
2024-09-12 13:30:00,229.5224,230.64,229.22,230.16,3230131.0
2024-09-12 14:00:00,230.19,230.78,229.5703,230.13,3469984.0
2024-09-12 14:30:00,230.13,230.1599,228.41,229.5487,3582360.0
2024-09-12 15:00:00,229.53,230.1699,227.35,229.335,3536714.0
2024-09-12 15:30:00,229.329,229.98,229.1,229.79,2751746.0
2024-09-12 16:00:00,229.79,230.2399,228.79,229.81,6794504.0
2024-09-13 10:00:00,228.0,232.67,226.32,229.9198,12868803.0
2024-09-13 10:30:00,229.95,230.72,227.64,227.76,7083394.0
2024-09-13 11:00:00,227.81,229.99,226.83,229.55,5425026.0
2024-09-13 11:30:00,229.5313,230.73,229.33,230.6301,4012997.0
2024-09-13 12:00:00,230.6338,230.9599,229.17,229.28,3177900.0
2024-09-13 12:30:00,229.25,229.5199,227.82,228.55,3527923.0
2024-09-13 13:00:00,228.55,228.7899,227.43,228.67,2529738.0
2024-09-13 13:30:00,228.68,229.35,228.6,229.18,2274002.0
2024-09-13 14:00:00,229.19,229.8697,228.64,229.66,2371066.0
2024-09-13 14:30:00,229.68,230.2064,228.452,229.035,3181815.0
2024-09-13 15:00:00,229.0468,229.7,228.8,229.49,2074343.0
2024-09-13 15:30:00,229.45,229.77,229.02,229.615,2110143.0
2024-09-13 16:00:00,229.62,230.39,229.5884,230.29,6930921.0
2024-09-16 10:00:00,229.3,229.79,223.53,226.38,11252246.0
2024-09-16 10:30:00,226.36,227.578,225.8282,227.3601,5374484.0
2024-09-16 11:00:00,227.37,227.5643,224.78,226.875,4984327.0
2024-09-16 11:30:00,226.8995,229.19,226.0534,229.1,4090151.0
2024-09-16 12:00:00,229.14,229.96,228.1707,228.91,4326195.0
2024-09-16 12:30:00,228.95,229.32,227.44,228.1097,2768259.0
2024-09-16 13:00:00,228.12,228.34,226.25,226.4604,3095364.0
2024-09-16 13:30:00,226.5,226.876,226.06,226.69,2365566.0
2024-09-16 14:00:00,226.695,227.7,226.678,226.9996,2189932.0
2024-09-16 14:30:00,226.982,227.63,226.32,227.56,1949025.0
2024-09-16 15:00:00,227.56,227.97,227.0,227.8601,2350023.0
2024-09-16 15:30:00,227.8999,228.45,227.5701,227.735,2415181.0
2024-09-16 16:00:00,227.71,227.93,226.64,226.78,4916592.0
2024-09-17 10:00:00,229.45,233.78,229.41,232.4583,14323909.0
2024-09-17 10:30:00,232.43,234.57,231.45,232.58,9712026.0
2024-09-17 11:00:00,232.565,232.78,230.84,231.78,5005449.0
2024-09-17 11:30:00,231.8,233.17,231.3,231.975,3634499.0
2024-09-17 12:00:00,231.962,232.17,231.22,232.14,2593292.0
2024-09-17 12:30:00,232.15,232.68,229.02,230.13,4684536.0
2024-09-17 13:00:00,230.1001,230.28,228.4,228.82,3505652.0
2024-09-17 13:30:00,228.8799,229.93,228.44,229.6,2735346.0
2024-09-17 14:00:00,229.5904,230.04,227.15,228.98,3296716.0
2024-09-17 14:30:00,228.99,229.2295,227.5,227.7827,2499633.0
2024-09-17 15:00:00,227.7982,227.88,226.5533,227.242,2908586.0
2024-09-17 15:30:00,227.23,228.08,226.9201,228.06,2559698.0
2024-09-17 16:00:00,228.04,228.43,227.53,227.87,6071920.0
2024-09-18 10:00:00,230.09,231.75,227.15,228.95,10342314.0
2024-09-18 10:30:00,228.995,229.48,227.46,229.34,5948886.0
2024-09-18 11:00:00,229.342,229.97,228.74,229.2,3656535.0
2024-09-18 11:30:00,229.2,229.6784,227.82,228.23,2986372.0
2024-09-18 12:00:00,228.23,228.51,227.55,227.5799,3023623.0
2024-09-18 12:30:00,227.56,229.06,226.88,228.9,3207458.0
2024-09-18 13:00:00,228.8802,230.08,228.57,230.0,2438000.0
2024-09-18 13:30:00,230.02,230.44,229.38,230.1401,3184109.0
2024-09-18 14:00:00,230.16,230.86,230.0005,230.42,2820641.0
2024-09-18 14:30:00,230.4799,234.49,229.58,233.37,10677500.0
2024-09-18 15:00:00,233.3423,235.68,231.41,231.5,10114144.0
2024-09-18 15:30:00,231.5001,231.7,228.2,231.135,7737433.0
2024-09-18 16:00:00,231.17,231.8176,226.95,227.2,9050531.0
2024-09-19 10:00:00,234.0,237.6,232.13,237.05,16629701.0
2024-09-19 10:30:00,237.034,239.7,236.82,239.47,11638307.0
2024-09-19 11:00:00,239.43,240.19,238.57,239.2,8215775.0
2024-09-19 11:30:00,239.17,242.17,238.8,241.78,8594216.0
2024-09-19 12:00:00,241.79,243.66,241.7401,242.145,8676143.0
2024-09-19 12:30:00,242.12,242.87,241.72,242.5905,5398360.0
2024-09-19 13:00:00,242.58,243.17,242.08,242.68,3916989.0
2024-09-19 13:30:00,242.69,243.97,242.12,243.29,4622260.0
2024-09-19 14:00:00,243.29,244.0,242.8101,243.6588,4033195.0
2024-09-19 14:30:00,243.66,244.24,243.22,243.9405,4365010.0
2024-09-19 15:00:00,243.94,243.99,242.11,242.85,4259087.0
2024-09-19 15:30:00,242.85,243.1605,241.75,242.84,5049589.0
2024-09-19 16:00:00,242.84,244.0,242.22,243.92,12574340.0
2024-09-20 10:00:00,241.52,243.99,238.7228,239.39,18132896.0
2024-09-20 10:30:00,239.385,240.2,238.24,239.73,9438047.0
2024-09-20 11:00:00,239.73,239.86,237.55,238.0501,5634222.0
2024-09-20 11:30:00,238.05,238.28,235.92,238.13,6595063.0
2024-09-20 12:00:00,238.14,240.36,237.89,239.695,7634076.0
2024-09-20 12:30:00,239.71,240.74,238.8,238.925,5371325.0
2024-09-20 13:00:00,238.93,239.47,238.62,238.8357,3230121.0
2024-09-20 13:30:00,238.845,239.4,237.92,238.21,2922113.0
2024-09-20 14:00:00,238.195,239.36,238.195,238.44,2414940.0
2024-09-20 14:30:00,238.4429,238.46,237.55,237.81,2942835.0
2024-09-20 15:00:00,237.8,238.65,237.46,238.595,2863629.0
2024-09-20 15:30:00,238.57,240.19,238.53,239.89,3856046.0
2024-09-20 16:00:00,239.88,240.64,237.8,238.25,21432842.0
2024-09-23 10:00:00,242.61,247.97,241.92,246.95,16389940.0
2024-09-23 10:30:00,246.96,248.48,245.9301,247.84,9355899.0
2024-09-23 11:00:00,247.84,249.41,247.06,248.4501,8516278.0
2024-09-23 11:30:00,248.43,248.88,247.29,248.23,5995994.0
2024-09-23 12:00:00,248.24,250.0,248.08,249.6547,5279295.0
2024-09-23 12:30:00,249.65,249.74,247.81,247.87,4492781.0
2024-09-23 13:00:00,247.8899,248.58,247.21,248.425,4150583.0
2024-09-23 13:30:00,248.42,248.43,247.4301,247.695,3505911.0
2024-09-23 14:00:00,247.65,248.8,247.44,248.7611,2829920.0
2024-09-23 14:30:00,248.77,249.4,248.4,249.31,3182212.0
2024-09-23 15:00:00,249.31,249.4,248.6152,248.9,2668321.0
2024-09-23 15:30:00,248.8999,249.72,248.22,249.2617,3498662.0
2024-09-23 16:00:00,249.26,250.0,248.8752,250.0,10965740.0
2024-09-24 10:00:00,254.08,257.19,251.25,256.2599,19032403.0
2024-09-24 10:30:00,256.19,256.2528,250.51,250.68,14048320.0
2024-09-24 11:00:00,250.705,253.28,249.0501,253.13,10194365.0
2024-09-24 11:30:00,253.155,254.3094,252.72,253.46,6515855.0
2024-09-24 12:00:00,253.47,253.565,251.42,251.93,5390737.0
2024-09-24 12:30:00,251.95,253.2195,251.906186,252.275,3025920.0
2024-09-24 13:00:00,252.275,252.45,251.1701,251.52,2625000.0
2024-09-24 13:30:00,251.5499,252.73,251.3,252.44,2103219.0
2024-09-24 14:00:00,252.44,252.77,251.93,252.58,1855336.0
2024-09-24 14:30:00,252.6,253.14,252.12,252.35,2429861.0
2024-09-24 15:00:00,252.365,253.053178,251.72,252.81,2389287.0
2024-09-24 15:30:00,252.8,253.24,252.41,252.565,2858203.0
2024-09-24 16:00:00,252.59,254.54,252.44,254.27,9405079.0
2024-09-25 10:00:00,252.54,256.38,252.28,255.5175,13570263.0
2024-09-25 10:30:00,255.475,256.4199,254.23,254.6423,7857821.0
2024-09-25 11:00:00,254.689336,256.3,254.23,254.9399,6088082.0
2024-09-25 11:30:00,254.9233,255.42,254.01,254.03,3861347.0
2024-09-25 12:00:00,254.01,256.34,253.91,256.2698,4923161.0
2024-09-25 12:30:00,256.25,256.91,255.3,255.5,3732495.0
2024-09-25 13:00:00,255.502,255.569,254.5,255.06,3110612.0
2024-09-25 13:30:00,255.0696,256.219,254.46,256.1101,2781241.0
2024-09-25 14:00:00,256.135,256.32,255.03,255.97,2658306.0
2024-09-25 14:30:00,255.96,256.07,255.0501,256.054,1753633.0
2024-09-25 15:00:00,256.0599,256.42,255.63,256.0,1987918.0
2024-09-25 15:30:00,256.0,256.54,255.8701,256.2257,2511164.0
2024-09-25 16:00:00,256.22,257.05,255.82,257.02,6208236.0
2024-09-26 10:00:00,260.6,261.75,258.2705,260.11,11922255.0
2024-09-26 10:30:00,260.105,260.4,256.13,256.2,7806266.0
2024-09-26 11:00:00,256.2,256.72,251.54,251.9939,10684378.0
2024-09-26 11:30:00,251.94,254.74,251.53,254.29,5791229.0
2024-09-26 12:00:00,254.29,255.7441,253.45,255.56,3615647.0
2024-09-26 12:30:00,255.51,255.9,254.2401,254.6,2942861.0
2024-09-26 13:00:00,254.6679,254.99,253.7901,253.8942,1780364.0
2024-09-26 13:30:00,253.86,254.555,252.42,253.275,3099122.0
2024-09-26 14:00:00,253.28,253.91,253.18,253.574,2230953.0
2024-09-26 14:30:00,253.59,254.75,253.565,254.31,1938628.0
2024-09-26 15:00:00,254.32,254.64,253.63,253.73,2001242.0
2024-09-26 15:30:00,253.7,253.99,252.59,253.74269,2482316.0
2024-09-26 16:00:00,253.73,254.34,253.18,254.22,5187557.0
2024-09-27 10:00:00,257.375,259.3799,255.61,256.62,11349109.0
2024-09-27 10:30:00,256.69,257.49,254.12,254.81,6860064.0
2024-09-27 11:00:00,254.86,256.75,254.28,255.96,4735117.0
2024-09-27 11:30:00,255.95,257.1399,255.01,256.7799,3997613.0
2024-09-27 12:00:00,256.7456,259.28,256.3973,258.625,5545639.0
2024-09-27 12:30:00,258.699,259.87,257.956,258.99,5484605.0
2024-09-27 13:00:00,258.9654,259.2,257.85,258.8256,3223640.0
2024-09-27 13:30:00,258.81,259.72,258.29,258.79,3377832.0
2024-09-27 14:00:00,258.77,260.29,258.15,260.16,3796460.0
2024-09-27 14:30:00,260.12,260.33,258.6801,258.7299,3123111.0
2024-09-27 15:00:00,258.71,260.09,258.2,259.655,2894488.0
2024-09-27 15:30:00,259.63,260.6999,259.1001,260.64,3688098.0
2024-09-27 16:00:00,260.62,260.69,259.81,260.46,8481718.0
2024-09-30 10:00:00,259.04,264.86,258.1,263.025,14333264.0
2024-09-30 10:30:00,262.98,264.3199,259.27,259.63,9236877.0
2024-09-30 11:00:00,259.61,260.29,256.81,257.464,9185264.0
2024-09-30 11:30:00,257.51,259.68,256.92,259.47,6202022.0
2024-09-30 12:00:00,259.47,261.0,258.23,259.8886,4321790.0
2024-09-30 12:30:00,259.91,261.48,259.86,260.6705,3752234.0
2024-09-30 13:00:00,260.6514,260.9,259.4,259.52,2746327.0
2024-09-30 13:30:00,259.5109,260.03,258.45,258.52,2775833.0
2024-09-30 14:00:00,258.4877,260.27,258.34,260.1,2247686.0
2024-09-30 14:30:00,260.05,260.3,255.77,256.8699,5112308.0
2024-09-30 15:00:00,256.855,259.23,256.1,258.3199,4006215.0
2024-09-30 15:30:00,258.27,259.1499,257.7401,258.72,3230844.0
2024-09-30 16:00:00,258.66,261.87,258.2552,261.63,8932667.0
2024-10-01 10:00:00,262.67,263.98,255.9,256.29,12184359.0
2024-10-01 10:30:00,256.275,257.55,250.0,250.12,12125195.0
2024-10-01 11:00:00,250.11,253.5641,248.53,253.039,10463746.0
2024-10-01 11:30:00,253.07,253.49,250.14,252.26,6516194.0
2024-10-01 12:00:00,252.24,253.92,251.8,252.53,4678472.0
2024-10-01 12:30:00,252.5028,255.14,252.2501,255.05,3894265.0
2024-10-01 13:00:00,255.03,255.8365,253.05,254.9099,4898088.0
2024-10-01 13:30:00,254.86,254.9699,252.2,253.08,3321701.0
2024-10-01 14:00:00,253.06,256.76,253.0284,256.4857,4982297.0
2024-10-01 14:30:00,256.43,259.0491,256.41,258.67,6093242.0
2024-10-01 15:00:00,258.625,259.15,257.74,258.4903,4134190.0
2024-10-01 15:30:00,258.49,259.02,257.7601,258.0872,3286286.0
2024-10-01 16:00:00,258.07,258.13,256.63,258.02,7886859.0
2024-10-02 10:00:00,247.55,250.79,241.5,242.29,21083094.0
2024-10-02 10:30:00,242.36,245.11,242.16,243.17,10675944.0
2024-10-02 11:00:00,243.16,246.18,242.66,244.7,7268226.0
2024-10-02 11:30:00,244.6712,248.88,244.63,248.73,7001375.0
2024-10-02 12:00:00,248.77,249.86,248.51,249.695,5829698.0
2024-10-02 12:30:00,249.71,251.1585,248.6,249.3407,5877064.0
2024-10-02 13:00:00,249.38,249.4,247.232,247.3004,4455838.0
2024-10-02 13:30:00,247.2726,248.75,247.15,248.5637,3177005.0
2024-10-02 14:00:00,248.56,248.7498,247.3101,248.497,2953954.0
2024-10-02 14:30:00,248.46,249.7199,248.2,249.0918,3551234.0
2024-10-02 15:00:00,249.12,249.9491,248.66,249.405,2841953.0
2024-10-02 15:30:00,249.38,250.03,248.62,249.9601,3253354.0
2024-10-02 16:00:00,249.97,250.079,247.9,249.02,7430822.0
2024-10-03 10:00:00,244.48,249.79,244.436,247.0,12087802.0
2024-10-03 10:30:00,246.96,249.09,245.69,245.94,7696780.0
2024-10-03 11:00:00,245.9599,246.55,243.3463,243.6586,7292767.0
2024-10-03 11:30:00,243.6651,244.31,242.78,243.6292,5842513.0
2024-10-03 12:00:00,243.54,244.7499,243.51,244.1404,3062650.0
2024-10-03 12:30:00,244.1818,244.2899,242.92,243.0005,2898560.0
2024-10-03 13:00:00,243.05,243.1652,239.64,239.7101,7294264.0
2024-10-03 13:30:00,239.7,241.3699,238.91,240.2499,6666405.0
2024-10-03 14:00:00,240.1763,240.79,238.41,238.82,4683979.0
2024-10-03 14:30:00,238.8177,239.5545,238.42,238.6999,3792259.0
2024-10-03 15:00:00,238.66,239.94,237.81,239.33,4542726.0
2024-10-03 15:30:00,239.3,239.64,238.73,238.9224,2993270.0
2024-10-03 16:00:00,238.87,241.16,238.83,240.66,8801015.0
2024-10-04 10:00:00,246.69,249.75,246.1,247.195,15938169.0
2024-10-04 10:30:00,247.195,247.6999,244.58,247.196,8356660.0
2024-10-04 11:00:00,247.19,250.1499,246.62,249.980179,8402737.0
2024-10-04 11:30:00,249.97,250.96,247.4,247.75,8574523.0
2024-10-04 12:00:00,247.74,247.7401,244.63,247.1601,9808755.0
2024-10-04 12:30:00,247.16,247.5,246.11,247.31,3936459.0
2024-10-04 13:00:00,247.29,248.77,247.05,248.4829,3579870.0
2024-10-04 13:30:00,248.4744,249.2399,248.15,248.65,3084253.0
2024-10-04 14:00:00,248.7,249.83,248.0232,248.9099,4009443.0
2024-10-04 14:30:00,248.964,249.56,248.68,249.18,2506120.0
2024-10-04 15:00:00,249.15,249.29,248.31,249.13,2417003.0
2024-10-04 15:30:00,249.1,249.96,248.522,249.91,2939773.0
2024-10-04 16:00:00,249.91,250.2799,249.62,250.08,7696741.0
2024-10-07 10:00:00,249.0,249.83,244.85,245.9696,11355975.0
2024-10-07 10:30:00,245.95,247.88,245.6001,246.54,6101138.0
2024-10-07 11:00:00,246.5229,246.64,243.8101,244.11,7826240.0
2024-10-07 11:30:00,244.1006,244.87,242.5,244.2,5863253.0
2024-10-07 12:00:00,244.1878,245.13,243.91,244.7915,2805800.0
2024-10-07 12:30:00,244.7882,245.55,244.45,244.9,2864451.0
2024-10-07 13:00:00,244.9,245.38,244.3,245.175,1992330.0
2024-10-07 13:30:00,245.15,245.32,243.92,243.95,2280697.0
2024-10-07 14:00:00,243.945,244.37,243.45,243.925,2547074.0
2024-10-07 14:30:00,243.925,244.1576,243.14,243.7348,2236703.0
2024-10-07 15:00:00,243.71,243.717,241.01,241.1601,5219403.0
2024-10-07 15:30:00,241.175,242.37,240.955,241.74,2992716.0
2024-10-07 16:00:00,241.76,241.96,240.7,240.83,8280963.0
2024-10-08 10:00:00,243.56,246.21,240.56,242.61,12023802.0
2024-10-08 10:30:00,242.6,244.5,242.21,244.1567,5702677.0
2024-10-08 11:00:00,244.16,245.46,243.21,243.45,4930283.0
2024-10-08 11:30:00,243.49,243.89,242.7,243.89,3905214.0
2024-10-08 12:00:00,243.866,245.65,243.7,245.48,3826474.0
2024-10-08 12:30:00,245.49,245.5,244.04,245.17,2868940.0
2024-10-08 13:00:00,245.16,245.75,244.83,245.6105,2703377.0
2024-10-08 13:30:00,245.61,245.645506,244.16,244.313,2771335.0
2024-10-08 14:00:00,244.315,245.1499,244.15,245.08,1771133.0
2024-10-08 14:30:00,245.07,245.3441,244.37,244.3902,1606432.0
2024-10-08 15:00:00,244.394,245.29,244.07,245.175,2373606.0
2024-10-08 15:30:00,245.17,245.49,244.27,244.45,2139131.0
2024-10-08 16:00:00,244.432,245.43,244.29,244.5,5367478.0
2024-10-09 10:00:00,243.82,244.61,239.51,241.91,11146888.0
2024-10-09 10:30:00,241.91,246.7783,241.76,246.21,9518961.0
2024-10-09 11:00:00,246.26,247.43,244.85,245.9,6988629.0
2024-10-09 11:30:00,245.91,246.29,244.09,244.2724,4646326.0
2024-10-09 12:00:00,244.3042,245.0598,243.69,244.7801,3311387.0
2024-10-09 12:30:00,244.81,244.81,242.8,244.6534,3792121.0
2024-10-09 13:00:00,244.6501,245.44,244.45,244.81,3187459.0
2024-10-09 13:30:00,244.88,245.37,244.29,244.31,2147180.0
2024-10-09 14:00:00,244.3,244.54,243.11,243.56,2871467.0
2024-10-09 14:30:00,243.55,243.99,242.5501,243.462,2979594.0
2024-10-09 15:00:00,243.44,243.4799,241.28,241.7348,4377165.0
2024-10-09 15:30:00,241.72,242.17,241.13,241.48,3087377.0
2024-10-09 16:00:00,241.55,242.23,241.0,241.05,5673081.0
2024-10-10 10:00:00,241.81,242.37,232.34,234.83,20311869.0
2024-10-10 10:30:00,234.93,238.87,234.0801,238.4181,9169748.0
2024-10-10 11:00:00,238.4199,239.52,236.8,238.22,7212006.0
2024-10-10 11:30:00,238.2046,239.8699,237.73,238.9125,4918735.0
2024-10-10 12:00:00,238.88,241.27,238.2,240.96,5406820.0
2024-10-10 12:30:00,240.96,242.16,240.795,241.0888,4750744.0
2024-10-10 13:00:00,241.113,241.74,240.33,241.1717,3738353.0
2024-10-10 13:30:00,241.19,242.7899,241.04,241.8,3669535.0
2024-10-10 14:00:00,241.7949,242.38,240.1,241.46,3851687.0
2024-10-10 14:30:00,241.4899,241.4899,240.41,241.235,2496869.0
2024-10-10 15:00:00,241.1815,242.43,241.08,242.04,2892614.0
2024-10-10 15:30:00,242.03,242.03,240.9,240.93,2741560.0
2024-10-10 16:00:00,240.935,241.05,238.25,238.77,7820305.0
2024-10-11 10:00:00,220.13,221.15,214.38,218.6734,37074084.0
2024-10-11 10:30:00,218.64,221.58,217.285,220.53,14018577.0
2024-10-11 11:00:00,220.53,223.34,219.92,220.2795,13092091.0
2024-10-11 11:30:00,220.277,221.3,219.02,219.5656,7902750.0
2024-10-11 12:00:00,219.58,220.6,218.5,220.28,7248096.0
2024-10-11 12:30:00,220.2987,220.95,219.52,220.56,5207133.0
2024-10-11 13:00:00,220.56,220.59,219.735,220.3557,4377337.0
2024-10-11 13:30:00,220.355,220.46,219.57,220.0047,3763725.0
2024-10-11 14:00:00,220.01,220.35,219.03,219.28,3892971.0
2024-10-11 14:30:00,219.28,219.65,218.4401,219.2999,4379543.0
2024-10-11 15:00:00,219.3,219.5699,218.6,218.9,3596236.0
2024-10-11 15:30:00,218.89,219.18,218.55,218.9769,4107243.0
2024-10-11 16:00:00,218.96,218.97,217.2519,217.8,16807511.0
2024-10-14 10:00:00,220.13,221.91,217.25,217.845,18695017.0
2024-10-14 10:30:00,217.845,218.44,213.74,216.8201,16026156.0
2024-10-14 11:00:00,216.84,220.0,216.67,219.805,10975190.0
2024-10-14 11:30:00,219.81,219.95,218.2057,218.55,6048065.0
2024-10-14 12:00:00,218.5156,219.9,218.251,219.3899,4191159.0
2024-10-14 12:30:00,219.36,219.7,218.78,219.505,2747323.0
2024-10-14 13:00:00,219.52,220.38,219.4,219.6501,3194355.0
2024-10-14 13:30:00,219.66,220.18,219.201,219.29,2777229.0
2024-10-14 14:00:00,219.28,219.98,219.03,219.8899,2417891.0
2024-10-14 14:30:00,219.89,220.0,219.3501,219.785,1971222.0
2024-10-14 15:00:00,219.785,219.84,218.81,218.83,2154885.0
2024-10-14 15:30:00,218.8569,219.3999,218.3601,218.965,3306641.0
2024-10-14 16:00:00,218.96,219.6099,218.72,219.16,7122477.0
2024-10-15 10:00:00,220.01,224.26,219.3351,221.485,16239592.0
2024-10-15 10:30:00,221.485,222.3,219.7,219.9287,8213770.0
2024-10-15 11:00:00,219.915,219.9316,217.12,219.11,7814475.0
2024-10-15 11:30:00,219.085,220.26,218.71,219.97,4410658.0
2024-10-15 12:00:00,219.95,220.7,219.16,219.32,3100564.0
2024-10-15 12:30:00,219.4146,221.27,219.4,220.56,3063870.0
2024-10-15 13:00:00,220.54,221.0399,220.24,220.41,1798148.0
2024-10-15 13:30:00,220.4351,220.925,219.67,219.82,2070865.0
2024-10-15 14:00:00,219.81,220.42,219.65,220.1701,1607890.0
2024-10-15 14:30:00,220.19,220.54,219.63,220.1701,1747724.0
2024-10-15 15:00:00,220.165,220.59,219.64,219.7,1378048.0
2024-10-15 15:30:00,219.75,219.9,218.95,219.4,2338692.0
2024-10-15 16:00:00,219.43,219.67,218.76,219.57,5546877.0
2024-10-16 10:00:00,221.4,222.8199,218.93,219.87,11491371.0
2024-10-16 10:30:00,219.825,222.6,219.41,221.165,7205972.0
2024-10-16 11:00:00,221.175,221.3499,219.65,220.275,3962305.0
2024-10-16 11:30:00,220.3,220.97,219.76,219.8829,3148839.0
2024-10-16 12:00:00,219.882,220.42,219.01,220.06,3498093.0
2024-10-16 12:30:00,220.0799,220.99,219.96,220.8699,2189377.0
2024-10-16 13:00:00,220.87,221.3,220.22,220.73,2050368.0
2024-10-16 13:30:00,220.73,221.41,220.39,221.0,1842289.0
2024-10-16 14:00:00,221.001,221.24,220.58,221.1464,1275339.0
2024-10-16 14:30:00,221.12,221.97,220.85,221.715,2290085.0
2024-10-16 15:00:00,221.7,221.88,221.11,221.71,1774562.0
2024-10-16 15:30:00,221.7277,222.22,221.1327,221.47,2388566.0
2024-10-16 16:00:00,221.4639,221.78,221.13,221.33,4327787.0
2024-10-17 10:00:00,221.59,221.8,218.28,219.955,9656700.0
2024-10-17 10:30:00,219.955,220.66,217.9,219.44,6955710.0
2024-10-17 11:00:00,219.469,220.14,218.9,219.84,3566007.0
2024-10-17 11:30:00,219.8375,220.46,219.28,219.53,2911905.0
2024-10-17 12:00:00,219.54,220.0,219.4101,219.8399,2003464.0
2024-10-17 12:30:00,219.825,220.22,219.61,219.72,1916442.0
2024-10-17 13:00:00,219.734536,220.06,219.06,219.75,2126744.0
2024-10-17 13:30:00,219.79,221.1299,219.56,221.07,2566748.0
2024-10-17 14:00:00,221.0512,222.08,221.0512,221.5704,4342052.0
2024-10-17 14:30:00,221.5997,221.66,220.02,220.27,3053967.0
2024-10-17 15:00:00,220.25,220.67,219.88,220.57,1645081.0
2024-10-17 15:30:00,220.56,220.67,220.02,220.05,1445910.0
2024-10-17 16:00:00,220.07,221.06,219.66,220.89,4853527.0
2024-10-18 10:00:00,220.71,221.9496,219.23,220.79,10227568.0
2024-10-18 10:30:00,220.83,221.35,219.62,220.24,5435771.0
2024-10-18 11:00:00,220.2201,222.28,220.07,221.5301,7083979.0
2024-10-18 11:30:00,221.5481,222.1,220.85,221.884,4084047.0
2024-10-18 12:00:00,221.89,222.0,220.64,220.7,2292133.0
2024-10-18 12:30:00,220.7006,221.51,220.65,221.415,1879382.0
2024-10-18 13:00:00,221.4,221.59,220.91,221.118,1965326.0
2024-10-18 13:30:00,221.11,221.5499,220.85,220.945,1794285.0
2024-10-18 14:00:00,220.9498,221.44,220.93,221.24,1094051.0
2024-10-18 14:30:00,221.235,221.61,220.84,221.3512,1455449.0
2024-10-18 15:00:00,221.37,222.18,221.25,221.85,2851929.0
2024-10-18 15:30:00,221.84,221.95,221.1607,221.49,1911945.0
2024-10-18 16:00:00,221.49,221.49,220.44,220.7,5079141.0
2024-10-21 10:00:00,218.9,219.6,215.726,218.9401,11945988.0
2024-10-21 10:30:00,218.96,220.48,218.85,219.4032,5824252.0
2024-10-21 11:00:00,219.41,220.04,217.88,219.12,4455297.0
2024-10-21 11:30:00,219.1001,219.2599,217.53,217.78,3332319.0
2024-10-21 12:00:00,217.76,218.98,217.716664,218.9607,2960513.0
2024-10-21 12:30:00,218.96,219.0,218.31,218.56,1508001.0
2024-10-21 13:00:00,218.575,218.73,217.85,218.18,1556056.0
2024-10-21 13:30:00,218.2192,218.4,217.91,218.21,1197152.0
2024-10-21 14:00:00,218.21,218.34,217.67,217.78,1480240.0
2024-10-21 14:30:00,217.8176,217.8176,216.94,217.54,2324227.0
2024-10-21 15:00:00,217.51,218.12,217.5,217.635,1794033.0
2024-10-21 15:30:00,217.65,218.105,217.6,217.86,1564879.0
2024-10-21 16:00:00,217.8401,218.97,217.51,218.85,4636086.0
2024-10-22 10:00:00,217.31,217.85,215.84,217.2216,7554112.0
2024-10-22 10:30:00,217.25,217.77,216.45,216.6839,4348841.0
2024-10-22 11:00:00,216.685,217.44,216.09,216.8924,3572258.0
2024-10-22 11:30:00,216.88,217.42,215.55,216.28,4446587.0
2024-10-22 12:00:00,216.3,216.43,215.88,215.9198,2023007.0
2024-10-22 12:30:00,215.91,216.29,215.26,215.62,2951151.0
2024-10-22 13:00:00,215.58,216.8,215.5,216.6241,2474360.0
2024-10-22 13:30:00,216.6499,216.84,216.3501,216.7,1503161.0
2024-10-22 14:00:00,216.684,217.46,216.3944,217.42,2204855.0
2024-10-22 14:30:00,217.42,218.1396,217.17,217.732,2508685.0
2024-10-22 15:00:00,217.735,217.7799,217.0,217.09,1602843.0
2024-10-22 15:30:00,217.09,217.88,217.0078,217.855,1583422.0
2024-10-22 16:00:00,217.85,218.22,217.52,217.97,4249580.0
2024-10-23 10:00:00,217.125,218.72,216.6401,217.3174,7859208.0
2024-10-23 10:30:00,217.32,217.35,215.39,216.32,5896371.0
2024-10-23 11:00:00,216.2801,216.67,215.65,215.9791,3269932.0
2024-10-23 11:30:00,215.9821,216.43,214.7,214.772,4197763.0
2024-10-23 12:00:00,214.7921,215.9397,214.77,215.7699,2502399.0
2024-10-23 12:30:00,215.74,215.76,214.8,214.81,2049712.0
2024-10-23 13:00:00,214.8,214.875,214.07,214.2133,2614262.0
2024-10-23 13:30:00,214.2476,214.2476,212.9,213.38,3369260.0
2024-10-23 14:00:00,213.38,213.55,212.24,212.5099,3678701.0
2024-10-23 14:30:00,212.49,213.77,212.11,213.6,3512964.0
2024-10-23 15:00:00,213.5863,213.96,213.22,213.88,2694965.0
2024-10-23 15:30:00,213.86,213.9,213.06,213.6699,2463298.0
2024-10-23 16:00:00,213.67,214.74,213.52,213.65,8085509.0
2024-10-24 10:00:00,244.68,251.1,242.65,249.27,45848278.0
2024-10-24 10:30:00,249.32,249.82,247.1,248.94,15882778.0
2024-10-24 11:00:00,248.9413,250.87,248.86,250.27,10373449.0
2024-10-24 11:30:00,250.245,254.29,250.2201,254.1137,14889058.0
2024-10-24 12:00:00,254.11,254.93,253.1,253.97,11346777.0
2024-10-24 12:30:00,253.97,255.14,252.28,254.9599,10405816.0
2024-10-24 13:00:00,254.9598,256.5,254.6001,256.06,8594352.0
2024-10-24 13:30:00,256.05,257.99,255.86,256.9,9890728.0
2024-10-24 14:00:00,256.91,258.69,256.4001,257.65,8791901.0
2024-10-24 14:30:00,257.71,258.66,257.36,257.85,6904106.0
2024-10-24 15:00:00,257.825,259.74,257.51,259.3999,7583636.0
2024-10-24 15:30:00,259.3899,260.34,258.9,259.92,9692343.0
2024-10-24 16:00:00,259.89,262.1199,259.6,260.48,26721595.0
2024-10-25 10:00:00,256.01,269.44,255.32,269.026777,36504309.0
2024-10-25 10:30:00,269.16,269.2799,265.64,267.47,16422150.0
2024-10-25 11:00:00,267.4411,267.5537,260.85,263.5,17084483.0
2024-10-25 11:30:00,263.51,267.88,263.1201,266.77,12355084.0
2024-10-25 12:00:00,266.79,268.42,265.21,266.0103,9726015.0
2024-10-25 12:30:00,266.034,267.97,265.82,267.48,6348080.0
2024-10-25 13:00:00,267.515,269.14,267.07,267.86,7435673.0
2024-10-25 13:30:00,267.92,268.6,266.25,267.17,5844983.0
2024-10-25 14:00:00,267.17,268.07,265.63,267.065,6434136.0
2024-10-25 14:30:00,267.07,267.45,264.5587,266.765,7189353.0
2024-10-25 15:00:00,266.762,266.99,265.3,266.5701,6359075.0
2024-10-25 15:30:00,266.57,267.71,265.8801,267.56,6297822.0
2024-10-25 16:00:00,267.52,269.49,267.28,269.19,14904678.0
2024-10-28 10:00:00,270.0,270.9,266.0,267.52,17860246.0
2024-10-28 10:30:00,267.5001,272.78,267.44,271.9891,14320733.0
2024-10-28 11:00:00,271.99,273.536,271.11,271.462,8219021.0
2024-10-28 11:30:00,271.475,272.81,270.81,272.05,5282392.0
2024-10-28 12:00:00,272.055,272.25,269.36,269.439,6096147.0
2024-10-28 12:30:00,269.4399,270.75,269.25,270.24,4364261.0
2024-10-28 13:00:00,270.2499,270.25,267.72,268.02,6332032.0
2024-10-28 13:30:00,268.02,269.5,267.908,269.24,4083942.0
2024-10-28 14:00:00,269.25,269.75,268.35,268.66,2821640.0
2024-10-28 14:30:00,268.64,268.7299,267.05,267.34,3384527.0
2024-10-28 15:00:00,267.35,267.42,265.01,265.74,6183845.0
2024-10-28 15:30:00,265.71,266.2599,263.53,264.42,7682067.0
2024-10-28 16:00:00,264.44,264.8,262.24,262.51,11173765.0
2024-10-29 10:00:00,264.51,264.98,259.04,259.63,13774206.0
2024-10-29 10:30:00,259.615,261.77,258.75,261.07,8629608.0
2024-10-29 11:00:00,261.0899,262.96,258.2861,258.525,7829089.0
2024-10-29 11:30:00,258.5297,259.95,257.43,259.88,6583546.0
2024-10-29 12:00:00,259.88,260.0,257.45,258.5939,5104819.0
2024-10-29 12:30:00,258.61,258.95,256.83,257.3201,5001352.0
2024-10-29 13:00:00,257.3675,257.38,255.51,256.14,6045312.0
2024-10-29 13:30:00,256.14,258.9,256.1201,258.5915,4789067.0
2024-10-29 14:00:00,258.6,259.59,257.91,258.6989,3701059.0
2024-10-29 14:30:00,258.69,259.17,257.7,259.1006,2731387.0
2024-10-29 15:00:00,259.097,259.74,258.67,258.78,2560089.0
2024-10-29 15:30:00,258.77,259.58,258.6301,259.24,2617088.0
2024-10-29 16:00:00,259.23,259.85,258.04,259.52,6643882.0
2024-10-30 10:00:00,258.035,260.7499,255.8201,257.6999,7971427.0
2024-10-30 10:30:00,257.64,262.46,257.5201,262.41,7463652.0
2024-10-30 11:00:00,262.38,262.8,260.76,262.14,5564129.0
2024-10-30 11:30:00,262.14,263.35,261.27,262.86,4307085.0
2024-10-30 12:00:00,262.87,263.31,260.58,262.04,4070379.0
2024-10-30 12:30:00,262.0542,262.12,260.39,261.04,2167208.0
2024-10-30 13:00:00,261.06,261.94,260.5634,261.46,1730932.0
2024-10-30 13:30:00,261.46,262.9499,261.13,262.4,2454494.0
2024-10-30 14:00:00,262.385,262.8627,260.8149,261.63,2412310.0
2024-10-30 14:30:00,261.58,262.3342,261.42,261.67,1474599.0
2024-10-30 15:00:00,261.65,262.67,261.6,261.88,1608413.0
2024-10-30 15:30:00,261.865,261.905,259.0,259.57,3188991.0
2024-10-30 16:00:00,259.56,259.69,257.39,257.55,6374859.0
2024-10-31 10:00:00,257.99,259.75,252.65,253.14,10119747.0
2024-10-31 10:30:00,253.14,256.1499,252.69,254.55,6404019.0
2024-10-31 11:00:00,254.55,255.38,252.08,252.3014,5457447.0
2024-10-31 11:30:00,252.33,252.38,250.68,251.79,4719008.0
2024-10-31 12:00:00,251.77,252.82,251.0,252.78,3009376.0
2024-10-31 12:30:00,252.8,253.2999,252.0,252.85,3404332.0
2024-10-31 13:00:00,252.9,253.08,252.08,252.19,2136859.0
2024-10-31 13:30:00,252.19,253.65,251.85,252.6355,3995279.0
2024-10-31 14:00:00,252.59,252.8141,251.3519,251.8,2365151.0
2024-10-31 14:30:00,251.78,252.01,249.7,250.28,3767869.0
2024-10-31 15:00:00,250.27,250.69,249.25,250.4899,3470904.0
2024-10-31 15:30:00,250.475,251.2199,250.28,250.3101,2701648.0
2024-10-31 16:00:00,250.32,251.58,249.404,249.85,8097203.0
2024-11-01 10:00:00,252.043,254.0,249.76,250.9,8609471.0
2024-11-01 10:30:00,250.95,252.5999,249.655,252.1467,5394491.0
2024-11-01 11:00:00,252.1899,252.9451,250.64,252.4001,3639372.0
2024-11-01 11:30:00,252.4,253.45,251.33,252.62,3364752.0
2024-11-01 12:00:00,252.615,252.99,250.11,250.258,4055061.0
2024-11-01 12:30:00,250.255,251.06,248.7,248.89,4305796.0
2024-11-01 13:00:00,248.9295,249.29,246.7584,246.92,4629404.0
2024-11-01 13:30:00,246.9,248.68,246.63,248.5455,3600093.0
2024-11-01 14:00:00,248.5101,248.7168,246.81,246.8694,2708017.0
2024-11-01 14:30:00,246.86,248.38,246.81,248.225,2491768.0
2024-11-01 15:00:00,248.23,248.39,247.45,248.03,1867763.0
2024-11-01 15:30:00,248.0135,249.55,247.7,249.17,2664488.0
2024-11-01 16:00:00,249.12,249.3599,248.11,248.98,5750773.0
2024-11-04 10:00:00,244.56,245.32,238.88,243.66,14287937.0
2024-11-04 10:30:00,243.63,246.92,242.364,246.27,7843414.0
2024-11-04 11:00:00,246.27,248.7199,245.6401,248.0999,5659518.0
2024-11-04 11:30:00,248.08,248.9,245.77,246.02,5154191.0
2024-11-04 12:00:00,246.0069,246.26,243.93,245.11,5811131.0
2024-11-04 12:30:00,245.09,245.41,243.41,244.588,4058791.0
2024-11-04 13:00:00,244.68,245.6,244.25,245.065,2459101.0
2024-11-04 13:30:00,245.04,245.556407,244.2,244.8099,2604169.0
2024-11-04 14:00:00,244.8006,245.29,244.06,244.14,2464524.0
2024-11-04 14:30:00,244.1799,244.66,243.45,243.725,2223243.0
2024-11-04 15:00:00,243.68,244.83,243.53,244.29,1749431.0
2024-11-04 15:30:00,244.2845,244.6399,242.77,243.39,2968949.0
2024-11-04 16:00:00,243.38,243.393446,241.89,242.84,7162206.0
2024-11-05 10:00:00,247.34,253.22,246.2101,251.2899,14164745.0
2024-11-05 10:30:00,251.29,253.4999,250.27,251.123,7669113.0
2024-11-05 11:00:00,251.1794,252.2774,250.36,251.07,4333726.0
2024-11-05 11:30:00,251.05,252.1851,250.45,251.95,3712415.0
2024-11-05 12:00:00,251.95,253.69,251.85,253.059,3982701.0
2024-11-05 12:30:00,253.04,254.71,252.43,254.524,4158332.0
2024-11-05 13:00:00,254.51,254.93,253.85,254.48,2493838.0
2024-11-05 13:30:00,254.4732,254.9,253.93,254.15,1998776.0
2024-11-05 14:00:00,254.18,255.19,253.4401,254.9082,3082836.0
2024-11-05 14:30:00,254.9234,255.2799,254.18,254.4,2571507.0
2024-11-05 15:00:00,254.4,254.5796,251.61,251.8142,3485657.0
2024-11-05 15:30:00,251.8,253.08,251.37,252.2,3636477.0
2024-11-05 16:00:00,252.2,253.18,250.83,251.44,7660311.0
2024-11-06 10:00:00,284.67,289.59,275.62,278.93,42426882.0
2024-11-06 10:30:00,278.96,282.7,276.4001,281.218,15562728.0
2024-11-06 11:00:00,281.32,284.6699,279.8,283.765,10545319.0
2024-11-06 11:30:00,283.64,285.45,282.66,284.576788,8564558.0
2024-11-06 12:00:00,284.55,286.35,283.23,286.12,7335816.0
2024-11-06 12:30:00,286.1,287.5,285.83,287.38,6837873.0
2024-11-06 13:00:00,287.42,287.4799,286.33,287.195,4401491.0
2024-11-06 13:30:00,287.22,289.25,287.01,289.23,7320727.0
2024-11-06 14:00:00,289.22,289.33,287.22,287.41,5230592.0
2024-11-06 14:30:00,287.44,288.2,284.7572,287.835459,7466900.0
2024-11-06 15:00:00,287.83,288.99,286.87,288.89,5193286.0
2024-11-06 15:30:00,288.87,289.43,288.1,288.655,5514055.0
2024-11-06 16:00:00,288.6513,289.4187,287.72,288.53,8321605.0
2024-11-07 10:00:00,288.89,291.41,285.52,291.3457,18017897.0
2024-11-07 10:30:00,291.35,297.0724,290.66,296.85,15897189.0
2024-11-07 11:00:00,296.8258,298.35,296.01,297.6911,10793536.0
2024-11-07 11:30:00,297.6226,298.2,296.6,297.645,6975278.0
2024-11-07 12:00:00,297.58,299.75,297.25,298.9301,8186952.0
2024-11-07 12:30:00,298.932,299.15,297.15,298.595,5791064.0
2024-11-07 13:00:00,298.575,299.0,297.81,298.7999,3446282.0
2024-11-07 13:30:00,298.8,298.8083,295.3,296.8799,6686201.0
2024-11-07 14:00:00,296.81,298.29,295.47,298.07,4994195.0
2024-11-07 14:30:00,298.06,299.0,296.75,297.5972,4908867.0
2024-11-07 15:00:00,297.613246,298.37,296.28,297.9599,6400562.0
2024-11-07 15:30:00,297.96,299.66,297.36,297.5717,6594589.0
2024-11-07 16:00:00,297.59,299.0,296.68,296.91,10675845.0
2024-11-08 10:00:00,299.14,308.5,297.66,308.49,25661687.0
2024-11-08 10:30:00,308.47,314.98,307.26,314.54,22474021.0
2024-11-08 11:00:00,314.56,319.44,311.6,313.4299,26034110.0
2024-11-08 11:30:00,313.36,318.5,312.01,317.73,14116265.0
2024-11-08 12:00:00,317.76,318.75,314.9201,317.94,9752697.0
2024-11-08 12:30:00,317.93,319.0,315.92,317.3,7480205.0
2024-11-08 13:00:00,317.281,318.55,316.62,317.3644,5687504.0
2024-11-08 13:30:00,317.39,321.84,317.12,321.1,11688711.0
2024-11-08 14:00:00,321.04,325.75,320.88,324.7801,14650727.0
2024-11-08 14:30:00,324.8114,328.71,324.22,326.71,14273904.0
2024-11-08 15:00:00,326.6574,326.7205,321.15,322.89,12935181.0
2024-11-08 15:30:00,322.9853,323.5599,316.69,319.0487,14405408.0
2024-11-08 16:00:00,319.06,322.7,317.7901,321.22,17481363.0
2024-11-11 10:00:00,346.3,350.71,340.91,344.89,36628029.0
2024-11-11 10:30:00,344.89,346.9899,336.51,344.9258,19878710.0
2024-11-11 11:00:00,344.86,349.43,343.2801,349.1999,12250079.0
2024-11-11 11:30:00,349.15,357.5,348.0,356.7936,19597790.0
2024-11-11 12:00:00,356.7308,358.64,342.7501,345.86,19867498.0
2024-11-11 12:30:00,346.0,348.73,343.6,344.38,10331780.0
2024-11-11 13:00:00,344.3421,346.99,339.55,341.8499,9705382.0
2024-11-11 13:30:00,341.75,342.0799,336.0,340.64,11323647.0
2024-11-11 14:00:00,340.65,347.8,340.4301,347.5164,10107023.0
2024-11-11 14:30:00,347.5683,349.94,345.3,345.43,9045914.0
2024-11-11 15:00:00,345.36,348.04,342.15,344.0557,7913773.0
2024-11-11 15:30:00,344.035,346.86,342.9,346.7648,6636804.0
2024-11-11 16:00:00,346.745,350.76,345.81,350.0,17548920.0
2024-11-12 10:00:00,342.74,345.84,335.3,340.2,21487560.0
2024-11-12 10:30:00,340.165,342.21,335.92,339.6007,12604416.0
2024-11-12 11:00:00,339.7,345.55,339.2,341.0008,9878012.0
2024-11-12 11:30:00,340.95,341.89,339.11,340.4033,5977875.0
2024-11-12 12:00:00,340.3832,340.6493,336.3101,336.6671,6535938.0
2024-11-12 12:30:00,336.66,337.87,330.43,332.72,11416462.0
2024-11-12 13:00:00,332.79,334.75,328.2,328.24,9487697.0
2024-11-12 13:30:00,328.2304,329.44,323.31,325.07,11290544.0
2024-11-12 14:00:00,325.07,332.6899,325.0304,331.75,9308651.0
2024-11-12 14:30:00,331.7,332.75,327.46,331.695,8049061.0
2024-11-12 15:00:00,331.68,334.18,330.24,331.6301,6851493.0
2024-11-12 15:30:00,331.71,332.94,327.5,328.34,6504498.0
2024-11-12 16:00:00,328.4,329.68,326.11,328.49,14709438.0
2024-11-13 10:00:00,335.85,344.5999,334.68,336.7799,21644324.0
2024-11-13 10:30:00,336.65,336.73,327.4,331.015,17133881.0
2024-11-13 11:00:00,331.05,331.8,324.62,324.86,11947546.0
2024-11-13 11:30:00,324.86,329.3,322.5,328.64,11046966.0
2024-11-13 12:00:00,328.5657,331.48,326.58,331.12,6082423.0
2024-11-13 12:30:00,331.21,333.75,330.68,331.76,7004959.0
2024-11-13 13:00:00,331.75,331.8099,327.8,329.7499,5764776.0
2024-11-13 13:30:00,329.8128,330.6911,328.33,330.28,3620563.0
2024-11-13 14:00:00,330.27,330.7299,327.29,329.705,4318287.0
2024-11-13 14:30:00,329.78,329.9599,326.9,327.05,3766271.0
2024-11-13 15:00:00,327.0908,327.36,324.92,326.0672,4854726.0
2024-11-13 15:30:00,326.03,329.01,324.2,329.0,5274737.0
2024-11-13 16:00:00,329.0,332.25,328.2501,330.24,11354034.0
2024-11-14 10:00:00,327.69,329.98,320.75,320.905,15336377.0
2024-11-14 10:30:00,320.905,324.0,316.28,319.425,14464676.0
2024-11-14 11:00:00,319.42,321.1899,316.97,317.95,8521230.0
2024-11-14 11:30:00,317.94,320.79,316.9401,320.12,5509695.0
2024-11-14 12:00:00,320.125,323.4,319.1488,322.9101,6121506.0
2024-11-14 12:30:00,323.0,323.1928,317.2,318.9059,6353021.0
2024-11-14 13:00:00,318.75,319.1,314.6,317.8401,8995267.0
2024-11-14 13:30:00,317.845,319.38,314.26,314.5899,6036239.0
2024-11-14 14:00:00,314.52,315.8437,311.59,312.18,7425468.0
2024-11-14 14:30:00,312.18,313.6,310.37,313.0274,7472692.0
2024-11-14 15:00:00,313.0,314.78,312.51,313.86,5301367.0
2024-11-14 15:30:00,313.842,316.27,311.5601,316.0497,6648176.0
2024-11-14 16:00:00,316.07,316.25,310.3879,311.18,13939345.0
2024-11-15 10:00:00,310.57,320.13,309.22,318.23,20983713.0
2024-11-15 10:30:00,318.23,320.66,312.51,314.2899,12485432.0
2024-11-15 11:00:00,314.13,319.39,314.0808,316.09,9293361.0
2024-11-15 11:30:00,316.1586,322.6,315.75,322.33,8668709.0
2024-11-15 12:00:00,322.37,324.6799,319.71,320.395,9663125.0
2024-11-15 12:30:00,320.3894,321.6699,317.78,318.645,7432361.0
2024-11-15 13:00:00,318.645,320.881,317.4,318.6557,5351559.0
2024-11-15 13:30:00,318.6,320.16,316.74,319.8501,5584040.0
2024-11-15 14:00:00,319.8601,320.0,316.49,317.7058,3937731.0
2024-11-15 14:30:00,317.71,319.0,317.0128,318.3772,3962360.0
2024-11-15 15:00:00,318.43,320.1399,317.95,319.99,4175115.0
2024-11-15 15:30:00,319.99,321.6,319.1101,319.9303,4781970.0
2024-11-15 16:00:00,320.0,322.07,318.62,320.72,10322329.0
2024-11-18 10:00:00,340.73,345.21,335.03,342.9701,22056653.0
2024-11-18 10:30:00,342.9201,347.341,342.1918,346.705,12584421.0
2024-11-18 11:00:00,346.67,348.5499,344.8,345.27,9307295.0
2024-11-18 11:30:00,345.2537,346.45,340.71,340.86,7098260.0
2024-11-18 12:00:00,340.915,343.36,340.12,342.8039,7060334.0
2024-11-18 12:30:00,342.82,344.5999,341.15,344.0601,5222136.0
2024-11-18 13:00:00,344.1037,344.4,337.7901,340.2499,6903631.0
2024-11-18 13:30:00,340.2,340.23,338.16,338.92,4256276.0
2024-11-18 14:00:00,338.92,339.46,334.3501,337.2,6632713.0
2024-11-18 14:30:00,337.1642,337.36,330.47,330.64,7433445.0
2024-11-18 15:00:00,330.7,333.45,330.01,332.54,5456467.0
2024-11-18 15:30:00,332.52,336.2,332.39,336.1263,5783793.0
2024-11-18 16:00:00,336.05,339.5,335.25,338.74,11229984.0
2024-11-19 10:00:00,335.76,338.88,332.75,337.6299,12750047.0
2024-11-19 10:30:00,337.4601,344.4,336.58,344.4,10910104.0
2024-11-19 11:00:00,344.333452,347.3799,341.886,342.101368,11494386.0
2024-11-19 11:30:00,341.9252,346.45,341.73,344.8099,6414590.0
2024-11-19 12:00:00,344.725,345.9326,342.75,345.4769,4766699.0
2024-11-19 12:30:00,345.46,346.7599,343.25,343.8737,5523296.0
2024-11-19 13:00:00,343.85,345.2907,343.25,344.955,3410257.0
2024-11-19 13:30:00,344.9508,346.38,344.25,346.22,3335967.0
2024-11-19 14:00:00,346.2134,346.36,344.18,345.6652,3470367.0
2024-11-19 14:30:00,345.65,345.8699,342.4,342.6701,4282161.0
2024-11-19 15:00:00,342.7195,344.13,341.0101,343.807841,5134541.0
2024-11-19 15:30:00,343.795,345.33,342.6001,344.45,4122182.0
2024-11-19 16:00:00,344.45,346.37,344.1,346.0,7534399.0
2024-11-20 10:00:00,345.0,346.5999,339.26,341.0301,11153258.0
2024-11-20 10:30:00,341.13,343.2999,335.9,337.15,8796016.0
2024-11-20 11:00:00,337.11,340.51,336.69,339.315,5140278.0
2024-11-20 11:30:00,339.26,339.97,334.3,335.17,5076733.0
2024-11-20 12:00:00,335.1999,338.9499,334.5301,338.1761,4188951.0
2024-11-20 12:30:00,338.25,338.8,335.9,338.06,2966600.0
2024-11-20 13:00:00,338.055,339.27,337.13,337.6227,2914657.0
2024-11-20 13:30:00,337.73,341.13,337.55,341.0,3326762.0
2024-11-20 14:00:00,340.97,341.2933,337.5601,338.38,3244841.0
2024-11-20 14:30:00,338.33,338.9799,337.42,338.475,2317959.0
2024-11-20 15:00:00,338.46,340.25,338.18,339.24,1894149.0
2024-11-20 15:30:00,339.18,341.38,339.05,341.34,2549055.0
2024-11-20 16:00:00,341.34,342.7,339.9,342.03,7835266.0
2024-11-21 10:00:00,343.81,347.9899,338.6,344.98,12711816.0
2024-11-21 10:30:00,345.0045,345.3599,336.78,337.19,7526280.0
2024-11-21 11:00:00,337.21,341.3499,335.28,341.3,6583409.0
2024-11-21 11:30:00,341.3496,342.3399,339.274,341.6852,3544492.0
2024-11-21 12:00:00,341.69,342.08,338.82,340.8699,2963680.0
2024-11-21 12:30:00,340.8299,344.37,340.0,343.72,3744880.0
2024-11-21 13:00:00,343.74,344.6,342.54,342.99,2813942.0
2024-11-21 13:30:00,342.935,344.1,342.3701,343.375,2231339.0
2024-11-21 14:00:00,343.35,343.8,342.21,343.005,1605679.0
2024-11-21 14:30:00,342.98,343.1,339.85,341.5801,2721632.0
2024-11-21 15:00:00,341.62,342.1,340.05,340.52,1720847.0
2024-11-21 15:30:00,340.525,341.3189,340.28,340.5688,2061734.0
2024-11-21 16:00:00,340.65,340.67,338.1,339.64,4727827.0
2024-11-22 10:00:00,341.085,343.7697,337.7,342.3948,11168004.0
2024-11-22 10:30:00,342.31,344.98,340.96,343.3951,8398101.0
2024-11-22 11:00:00,343.49,355.5,343.0401,355.29,15859921.0
2024-11-22 11:30:00,355.3,361.53,351.9,354.2605,10439237.0
2024-11-22 12:00:00,354.2619,355.4599,351.42,353.05,5924764.0
2024-11-22 12:30:00,353.09,354.47,351.81,354.0,4339261.0
2024-11-22 13:00:00,354.0,355.75,353.1,354.84,4120900.0
2024-11-22 13:30:00,354.8484,355.05,351.42,351.4244,3995082.0
2024-11-22 14:00:00,351.45,354.2,350.71,354.015,4097261.0
2024-11-22 14:30:00,354.01,354.5,352.75,353.9,2905573.0
2024-11-22 15:00:00,353.9,354.75,353.23,353.78,2552856.0
2024-11-22 15:30:00,353.7,353.73,351.37,351.99,3329548.0
2024-11-22 16:00:00,351.94,353.78,351.5,352.56,8832789.0
2024-11-25 10:00:00,360.14,361.93,349.24,353.23,18735832.0
2024-11-25 10:30:00,353.305,354.17,347.6501,349.5799,8967811.0
2024-11-25 11:00:00,349.3,353.33,347.75,351.649,6189783.0
2024-11-25 11:30:00,351.6175,354.66,351.35,353.71,4623387.0
2024-11-25 12:00:00,353.85,354.7454,352.3001,353.0165,3280221.0
2024-11-25 12:30:00,353.02,353.2321,346.8245,347.27,5852332.0
2024-11-25 13:00:00,347.2,349.2699,345.6,348.96,3834822.0
2024-11-25 13:30:00,348.99,351.36,347.24,350.06,3907547.0
2024-11-25 14:00:00,350.08,351.0,347.63,348.1499,2387663.0
2024-11-25 14:30:00,348.15,348.68,346.1501,347.5,2217325.0
2024-11-25 15:00:00,347.45,347.77,346.2901,347.18,2043958.0
2024-11-25 15:30:00,347.1601,347.55,344.562,346.67,3431848.0
2024-11-25 16:00:00,346.6,347.4499,338.2,338.59,16535825.0
2024-11-26 10:00:00,341.0,344.75,338.47,340.605,11578601.0
2024-11-26 10:30:00,340.76,346.39,339.6,346.2099,7821155.0
2024-11-26 11:00:00,346.0701,346.96,342.6888,343.065,5263783.0
2024-11-26 11:30:00,343.06,344.0,341.22,342.36,3205435.0
2024-11-26 12:00:00,342.36,343.48,341.35,343.0,2492613.0
2024-11-26 12:30:00,343.04,344.65,342.71,344.55,3031979.0
2024-11-26 13:00:00,344.51,345.17,343.22,344.815,2007661.0
2024-11-26 13:30:00,344.82,345.39,342.11,342.91,2715327.0
2024-11-26 14:00:00,343.0136,343.4,339.5303,340.32,2973082.0
2024-11-26 14:30:00,340.3399,341.15,336.8501,338.34,4176078.0
2024-11-26 15:00:00,338.38,339.27,337.1,339.0528,2511350.0
2024-11-26 15:30:00,339.05,339.71,337.2,338.0692,2697507.0
2024-11-26 16:00:00,338.01,338.67,335.66,338.23,6265224.0
2024-11-27 10:00:00,341.8,342.55,336.56,339.48,7698111.0
2024-11-27 10:30:00,339.485,340.2,329.16,329.91,9545806.0
2024-11-27 11:00:00,329.9,331.2,326.59,330.71,9806560.0
2024-11-27 11:30:00,330.71,332.2299,328.71,331.4105,4777259.0
2024-11-27 12:00:00,331.38,333.3681,330.8,331.3701,3681647.0
2024-11-27 12:30:00,331.37,331.66,329.36,331.31,2787332.0
2024-11-27 13:00:00,331.3159,333.15,330.3001,332.675,2126291.0
2024-11-27 13:30:00,332.6224,333.17,331.57,331.7012,2041810.0
2024-11-27 14:00:00,331.69,333.15,331.37,332.4656,1973329.0
2024-11-27 14:30:00,332.4758,334.44,331.89,333.2,2370740.0
2024-11-27 15:00:00,333.15,334.04,332.43,332.5179,1977060.0
2024-11-27 15:30:00,332.52,333.68,332.34,333.2296,1805298.0
2024-11-27 16:00:00,333.2,333.5,332.08,332.89,4716339.0
2024-11-29 10:00:00,336.08,340.2332,334.6501,338.8403,7385516.0
2024-11-29 10:30:00,338.9399,342.19,338.21,340.8299,5260287.0
2024-11-29 11:00:00,340.8299,341.3399,338.91,339.286,3854322.0
2024-11-29 11:30:00,339.33,340.1,337.72,339.1564,3059436.0
2024-11-29 12:00:00,339.15,341.27,338.6001,340.6899,3145705.0
2024-11-29 12:30:00,340.68,340.94,339.32,339.75,2188065.0
2024-11-29 13:00:00,339.77,345.45,339.5401,345.16,7720120.0
2024-12-02 10:00:00,352.38,358.78,352.0,354.7442,14376702.0
2024-12-02 10:30:00,354.89,357.3282,352.2701,356.5697,7962460.0
2024-12-02 11:00:00,356.62,357.38,352.63,354.2,5992830.0
2024-12-02 11:30:00,354.1991,354.48,351.1501,352.26,4993661.0
2024-12-02 12:00:00,352.38,355.18,352.2201,354.92,3695868.0
2024-12-02 12:30:00,354.95,357.13,354.74,356.04,3890452.0
2024-12-02 13:00:00,356.07,359.44,355.8,358.29,5686646.0
2024-12-02 13:30:00,358.4,358.7594,355.87,356.0399,3372704.0
2024-12-02 14:00:00,355.9969,357.48,355.35,357.0,2947338.0
2024-12-02 14:30:00,357.01,357.35,355.62,355.92,2239900.0
2024-12-02 15:00:00,355.92,357.72,355.84,357.5332,1991071.0
2024-12-02 15:30:00,357.54,359.3,356.87,359.1499,3386093.0
2024-12-02 16:00:00,359.18,360.0,356.2,357.09,9106486.0
2024-12-03 10:00:00,351.8,355.69,349.5,352.3446,9327401.0
2024-12-03 10:30:00,352.419,354.6,350.3859,350.41,6255943.0
2024-12-03 11:00:00,350.48,352.24,348.2,349.72,5860591.0
2024-12-03 11:30:00,349.62,352.67,349.5801,352.1406,4162180.0
2024-12-03 12:00:00,352.0793,352.3799,350.69,350.8605,2894217.0
2024-12-03 12:30:00,350.9099,351.5665,349.03,349.44,2843971.0
2024-12-03 13:00:00,349.44,350.75,348.77,350.2676,2813029.0
2024-12-03 13:30:00,350.24,351.13,348.82,349.07,2705272.0
2024-12-03 14:00:00,349.07,350.3,348.4,349.74,2420210.0
2024-12-03 14:30:00,349.7003,349.7266,348.91,349.3412,1607281.0
2024-12-03 15:00:00,349.3695,350.25,348.578,349.85,2355225.0
2024-12-03 15:30:00,349.85,350.11,349.03,349.11,2049992.0
2024-12-03 16:00:00,349.09,351.61,348.22,351.42,6720246.0
2024-12-04 10:00:00,353.0,353.42,348.6,350.9899,8084573.0
2024-12-04 10:30:00,350.8,351.98,349.61,351.44,4115819.0
2024-12-04 11:00:00,351.4158,354.45,350.8603,353.29,5091484.0
2024-12-04 11:30:00,353.3347,354.82,351.93,352.54,3590234.0
2024-12-04 12:00:00,352.5416,353.0,351.4,352.0999,2866133.0
2024-12-04 12:30:00,352.0004,352.45,350.5701,351.185,1964940.0
2024-12-04 13:00:00,351.16,352.41,350.73,352.06,1599086.0
2024-12-04 13:30:00,352.075,352.39,351.05,352.165,1457337.0
2024-12-04 14:00:00,352.13,353.22,351.2106,352.86,1955867.0
2024-12-04 14:30:00,352.74,353.95,352.4801,353.84,2046313.0
2024-12-04 15:00:00,353.8411,354.19,353.18,353.6952,1735711.0
2024-12-04 15:30:00,353.7324,355.3764,352.85,354.66,3020012.0
2024-12-04 16:00:00,354.6242,358.1,354.2601,357.93,7554240.0
2024-12-05 10:00:00,359.87,374.36,359.5,372.4776,20682986.0
2024-12-05 10:30:00,372.54,374.19,370.52,373.87,8078929.0
2024-12-05 11:00:00,373.91,375.43,368.1,368.3866,8516728.0
2024-12-05 11:30:00,368.3896,371.9399,368.01,371.125,4731060.0
2024-12-05 12:00:00,371.15,371.82,368.1601,369.8436,3596494.0
2024-12-05 12:30:00,369.844,371.1,369.1501,371.0,3000835.0
2024-12-05 13:00:00,371.03,372.8,370.49,372.525,3148990.0
2024-12-05 13:30:00,372.5148,373.34,368.16,369.27,4039035.0
2024-12-05 14:00:00,369.18,370.4499,368.52,369.15,2748075.0
2024-12-05 14:30:00,369.2217,371.88,366.51,371.445,4632201.0
2024-12-05 15:00:00,371.41,372.38,370.4201,372.1734,3217797.0
2024-12-05 15:30:00,372.1,372.7,369.6,369.65,3112206.0
2024-12-05 16:00:00,369.6578,371.71,369.0,369.49,6994202.0
2024-12-06 10:00:00,377.42,377.52,371.78,373.92,12738811.0
2024-12-06 10:30:00,373.95,375.05,370.8,373.97,6767895.0
2024-12-06 11:00:00,373.9622,375.39,373.35,373.9,3734089.0
2024-12-06 11:30:00,373.98,376.33,373.71,376.22,4833635.0
2024-12-06 12:00:00,376.3,376.64,374.44,374.81,3281557.0
2024-12-06 12:30:00,374.85,375.0395,373.22,374.5,2701779.0
2024-12-06 13:00:00,374.5199,375.15,373.07,374.8322,2188644.0
2024-12-06 13:30:00,374.857,376.64,374.8,376.2,3022330.0
2024-12-06 14:00:00,376.1333,377.39,375.7,376.8323,3280007.0
2024-12-06 14:30:00,376.805,377.1599,375.6,376.4992,2327360.0
2024-12-06 15:00:00,376.4683,379.3852,376.15,378.8497,3457284.0
2024-12-06 15:30:00,378.79,383.29,378.241,382.9,7947677.0
2024-12-06 16:00:00,382.86,389.49,382.74,389.22,16495291.0
2024-12-09 10:00:00,397.61,404.8,393.8,398.2715,20111027.0
2024-12-09 10:30:00,398.385,399.0,387.5601,388.19,10771891.0
2024-12-09 11:00:00,388.22,389.23,380.9,383.7728,11961210.0
2024-12-09 11:30:00,383.64,384.5,378.01,383.07,7981240.0
2024-12-09 12:00:00,382.95,383.38,380.8601,382.7025,3968102.0
2024-12-09 12:30:00,382.68,384.97,380.8,381.67,4281267.0
2024-12-09 13:00:00,381.745,383.75,380.7501,382.6399,2830729.0
2024-12-09 13:30:00,382.48,387.04,382.03,386.65,3251561.0
2024-12-09 14:00:00,386.6444,387.84,385.3301,386.8701,3630824.0
2024-12-09 14:30:00,386.92,387.8532,384.79,385.7399,2827808.0
2024-12-09 15:00:00,385.67,386.8499,383.24,384.96,3074501.0
2024-12-09 15:30:00,384.9,385.1,382.49,382.936,3086241.0
2024-12-09 16:00:00,382.96,390.0,382.6001,389.79,9538356.0
2024-12-10 10:00:00,392.68,403.24,390.85,400.52,17326369.0
2024-12-10 10:30:00,400.4999,407.82,400.44,403.7,12567598.0
2024-12-10 11:00:00,403.75,407.32,400.3401,401.53,6933267.0
2024-12-10 11:30:00,401.5459,404.1499,398.02,403.34,6301836.0
2024-12-10 12:00:00,403.33,406.37,400.5,405.9001,5313655.0
2024-12-10 12:30:00,405.955,406.6221,403.1601,405.6027,4453506.0
2024-12-10 13:00:00,405.585,409.09,405.0,408.1599,6080564.0
2024-12-10 13:30:00,408.0944,409.19,405.25,408.0,4795507.0
2024-12-10 14:00:00,408.01,409.13,406.67,408.0714,3365904.0
2024-12-10 14:30:00,408.04,409.73,406.13,409.1966,3867566.0
2024-12-10 15:00:00,409.2,409.3,401.88,403.7076,6001739.0
2024-12-10 15:30:00,403.71,404.78,399.54,403.7501,6036242.0
2024-12-10 16:00:00,403.8886,403.98,400.4001,400.99,9988392.0
2024-12-11 10:00:00,409.7,412.53,402.38,405.0,14720687.0
2024-12-11 10:30:00,405.15,411.5412,403.2802,409.95,8450897.0
2024-12-11 11:00:00,409.901,413.53,408.66,411.84,8160300.0
2024-12-11 11:30:00,411.85,413.99,411.07,412.66,6096287.0
2024-12-11 12:00:00,412.6,415.0,410.85,412.669102,6644374.0
2024-12-11 12:30:00,412.74,413.88,411.6,413.435,3576440.0
2024-12-11 13:00:00,413.4,415.57,412.4101,414.5052,5319896.0
2024-12-11 13:30:00,414.51,417.86,414.5001,417.3594,5629816.0
2024-12-11 14:00:00,417.3517,417.66,415.1,416.48,4145468.0
2024-12-11 14:30:00,416.52,419.9099,416.18,419.8472,5491954.0
2024-12-11 15:00:00,419.81,420.4,418.376,419.95,7060817.0
2024-12-11 15:30:00,419.93,420.69,418.6401,419.9201,5128694.0
2024-12-11 16:00:00,419.92,424.88,419.7,424.77,14768510.0
2024-12-12 10:00:00,424.84,426.92,416.79,421.02,15632964.0
2024-12-12 10:30:00,421.0,426.06,419.03,425.35,10770304.0
2024-12-12 11:00:00,425.1901,428.9,423.75,427.91,7639935.0
2024-12-12 11:30:00,427.9,429.3,423.2,424.03,6718540.0
2024-12-12 12:00:00,424.15,425.38,421.6,422.43,4083719.0
2024-12-12 12:30:00,422.349,424.7497,418.28,420.61,5265900.0
2024-12-12 13:00:00,420.575,422.8799,420.2501,422.36,2657318.0
2024-12-12 13:30:00,422.31,423.85,420.92,423.365,2563338.0
2024-12-12 14:00:00,423.31,423.75,419.9,420.45,2645522.0
2024-12-12 14:30:00,420.51,420.91,416.595,417.91,4751106.0
2024-12-12 15:00:00,417.8755,420.5399,417.8,419.4208,3181277.0
2024-12-12 15:30:00,419.33,420.4999,415.0,415.545,5058055.0
2024-12-12 16:00:00,415.63,421.0,415.5201,418.1,8873220.0
2024-12-13 10:00:00,420.0,424.6,415.71,424.25,11597446.0
2024-12-13 10:30:00,424.3799,430.4099,423.5,428.535,11718058.0
2024-12-13 11:00:00,428.535,431.6,423.3,423.4346,8989603.0
2024-12-13 11:30:00,423.4217,425.62,421.53,424.7892,5532836.0
2024-12-13 12:00:00,424.85,427.9799,424.1,425.15,4184379.0
2024-12-13 12:30:00,425.3056,427.98,424.57,426.84,3035983.0
2024-12-13 13:00:00,426.8207,429.1,425.74,427.8101,3314265.0
2024-12-13 13:30:00,427.8482,429.7,427.5,428.61,3509484.0
2024-12-13 14:00:00,428.6099,434.0399,428.25,433.7469,6637966.0
2024-12-13 14:30:00,433.75,434.35,431.6,433.0,4693360.0
2024-12-13 15:00:00,433.085,433.69,431.23,432.1378,3361762.0
2024-12-13 15:30:00,432.148,433.49,428.89,430.38,4365956.0
2024-12-13 16:00:00,430.37,436.3,429.42,436.23,11809835.0
2024-12-16 10:00:00,441.09,447.41,436.15,437.96,18342552.0
2024-12-16 10:30:00,437.97,446.3499,437.81,445.375,10280485.0
2024-12-16 11:00:00,445.328,451.35,444.63,450.82,9848602.0
2024-12-16 11:30:00,450.8,458.97,450.4,458.39,11345681.0
2024-12-16 12:00:00,458.3673,458.73,454.1301,456.5894,6833566.0
2024-12-16 12:30:00,456.599,460.52,455.9,458.2216,6146135.0
2024-12-16 13:00:00,458.26,461.45,455.79,461.0705,5164957.0
2024-12-16 13:30:00,461.095,461.12,455.8,459.07,5658343.0
2024-12-16 14:00:00,459.11,461.28,458.63,459.6701,3576545.0
2024-12-16 14:30:00,459.682,460.49,456.77,458.4706,3901775.0
2024-12-16 15:00:00,458.47,459.43,457.75,458.81,3255355.0
2024-12-16 15:30:00,458.85,461.84,458.76,460.74,5655284.0
2024-12-16 16:00:00,460.74,463.19,457.66,463.02,12866605.0
2024-12-17 10:00:00,475.9,483.99,463.55,482.03,25463049.0
2024-12-17 10:30:00,482.1303,483.15,467.6,472.68,16176305.0
2024-12-17 11:00:00,472.775,480.6799,470.83,478.1125,9286677.0
2024-12-17 11:30:00,478.11,478.8799,470.06,471.595,7302915.0
2024-12-17 12:00:00,471.63,474.6299,460.03,463.03,10449582.0
2024-12-17 12:30:00,463.0027,469.77,457.5101,469.2499,8957220.0
2024-12-17 13:00:00,469.25,474.0,467.8,473.64,4602043.0
2024-12-17 13:30:00,473.6,476.28,472.45,474.0005,4998212.0
2024-12-17 14:00:00,474.0269,475.0,470.02,470.835,3589947.0
2024-12-17 14:30:00,470.84,475.58,469.0,475.129,4311946.0
2024-12-17 15:00:00,475.2,478.92,474.22,478.12,5566118.0
2024-12-17 15:30:00,478.19,479.89,475.6,477.341,5237848.0
2024-12-17 16:00:00,477.4,482.4499,477.03,479.86,13576064.0
2024-12-18 10:00:00,466.495,472.63,461.11,469.535,16267802.0
2024-12-18 10:30:00,469.535,475.77,469.5,474.8099,8260734.0
2024-12-18 11:00:00,474.792,478.054,473.2,475.8008,6202299.0
2024-12-18 11:30:00,475.9,480.9,473.38,480.245,6240384.0
2024-12-18 12:00:00,480.25,488.5399,480.1901,484.885,10081775.0
2024-12-18 12:30:00,484.885,485.5,477.18,478.26,6341876.0
2024-12-18 13:00:00,478.26,480.1992,474.3555,477.4899,5279820.0
2024-12-18 13:30:00,477.4,477.85,475.15,475.36,2758181.0
2024-12-18 14:00:00,475.2884,476.45,471.82,476.12,3627554.0
2024-12-18 14:30:00,476.24,477.49,466.75,469.39,9569692.0
2024-12-18 15:00:00,469.21,473.52,458.51,459.88,9880192.0
2024-12-18 15:30:00,459.88,461.21,437.38,437.835,19642269.0
2024-12-18 16:00:00,438.01,448.18,427.01,440.13,29995364.0
2024-12-19 10:00:00,451.88,456.36,440.52,450.71,18939141.0
2024-12-19 10:30:00,450.71,451.3399,437.24,438.18,11878612.0
2024-12-19 11:00:00,438.2063,446.28,438.1098,441.39,8079287.0
2024-12-19 11:30:00,441.1195,442.18,434.4,441.0,7370545.0
2024-12-19 12:00:00,441.055,441.76,431.4,433.91,6520935.0
2024-12-19 12:30:00,433.9701,435.0,420.55,423.33,8910516.0
2024-12-19 13:00:00,423.4899,432.99,420.02,432.68,9374502.0
2024-12-19 13:30:00,432.63,434.8599,427.1,433.885,7313030.0
2024-12-19 14:00:00,433.72,439.34,432.85,439.2444,6153377.0
2024-12-19 14:30:00,439.24,439.3,430.42,432.3999,6046260.0
2024-12-19 15:00:00,432.315,435.05,429.26,433.03,4035123.0
2024-12-19 15:30:00,433.06,440.8899,432.8,438.9399,5351098.0
2024-12-19 16:00:00,438.88,440.49,432.5501,436.17,12773686.0
2024-12-20 10:00:00,425.505,428.5,417.64,423.848,17950662.0
2024-12-20 10:30:00,423.95,434.96,423.32,434.39,9922697.0
2024-12-20 11:00:00,434.3,444.4,434.12,439.625,10638132.0
2024-12-20 11:30:00,439.625,443.58,438.2,440.99,5751094.0
2024-12-20 12:00:00,441.06,445.33,436.8,439.78,6295544.0
2024-12-20 12:30:00,439.9,443.2899,438.29,443.21,3614640.0
2024-12-20 13:00:00,443.08,446.61,439.7,443.6101,4751057.0
2024-12-20 13:30:00,443.61,447.08,442.15,443.45,4734727.0
2024-12-20 14:00:00,443.459,444.9,439.49,440.0,3712765.0
2024-12-20 14:30:00,439.96,440.04,434.62,437.7572,5816985.0
2024-12-20 15:00:00,437.75,441.39,437.464,439.745,3606431.0
2024-12-20 15:30:00,439.745,440.59,434.44,434.9,4271481.0
2024-12-20 16:00:00,435.05,435.8,420.09,421.06,31985562.0
2024-12-23 10:00:00,431.0,432.8,422.07,427.89,11978809.0
2024-12-23 10:30:00,427.895,428.3499,415.4112,424.925,9258577.0
2024-12-23 11:00:00,424.8881,429.55,424.01,429.3135,5194292.0
2024-12-23 11:30:00,429.33,434.2,428.6132,431.9557,6548185.0
2024-12-23 12:00:00,431.8953,434.51,429.26,431.12,4800864.0
2024-12-23 12:30:00,431.18,431.91,427.35,430.67,3641898.0
2024-12-23 13:00:00,430.67,432.5399,429.3737,432.445,2559511.0
2024-12-23 13:30:00,432.445,434.06,431.56,433.4091,2653741.0
2024-12-23 14:00:00,433.33,434.1559,432.1493,433.4414,2157730.0
2024-12-23 14:30:00,433.37,433.89,431.66,433.7041,1816143.0
2024-12-23 15:00:00,433.7391,433.97,430.68,432.11,2475051.0
2024-12-23 15:30:00,432.15,432.49,425.9,427.8201,4097686.0
2024-12-23 16:00:00,428.0,431.25,427.64,430.6,7660323.0
2024-12-24 10:00:00,435.9,451.95,435.14,449.45,14780494.0
2024-12-24 10:30:00,449.4733,451.0,445.42,449.55,7730878.0
2024-12-24 11:00:00,449.5781,452.55,447.7,451.45,6252800.0
2024-12-24 11:30:00,451.525,453.62,448.8,452.68,5195934.0
2024-12-24 12:00:00,452.605,453.2,451.05,452.0101,3901786.0
2024-12-24 12:30:00,452.0918,455.63,450.8,455.5129,4267757.0
2024-12-24 13:00:00,455.49,462.78,454.32,462.28,12831442.0
2024-12-26 10:00:00,465.16,465.3299,451.9,457.8445,14711421.0
2024-12-26 10:30:00,457.868,462.23,455.4162,461.7501,8445267.0
2024-12-26 11:00:00,461.7501,463.18,456.6457,458.1899,5784729.0
2024-12-26 11:30:00,458.0268,458.9799,453.58,455.06,5200166.0
2024-12-26 12:00:00,455.06,458.1825,454.62,456.325,6311766.0
2024-12-26 12:30:00,456.2669,456.7299,454.25,454.565,3129179.0
2024-12-26 13:00:00,454.5001,455.25,451.02,453.965,4172974.0
2024-12-26 13:30:00,453.94,456.3,453.76,455.8072,2950881.0
2024-12-26 14:00:00,455.9,456.2,452.2,452.2677,3075175.0
2024-12-26 14:30:00,452.2,453.7301,451.03,452.635,3044673.0
2024-12-26 15:00:00,452.69,455.6,451.87,455.3342,2768721.0
2024-12-26 15:30:00,455.25,458.09,454.38,457.5589,3359754.0
2024-12-26 16:00:00,457.6,459.11,453.5501,454.13,7425216.0
2024-12-27 10:00:00,449.52,450.0,437.7091,439.715,12245781.0
2024-12-27 10:30:00,439.75,439.95,426.5,434.0,13489000.0
2024-12-27 11:00:00,434.0,437.4,431.5101,437.175,7201737.0
2024-12-27 11:30:00,437.155,439.3299,433.12,439.12,5577861.0
2024-12-27 12:00:00,439.21,439.316,433.89,435.33,5683534.0
2024-12-27 12:30:00,435.3,435.6,431.6611,433.5915,3758828.0
2024-12-27 13:00:00,433.6345,434.88,432.03,433.68,2973777.0
2024-12-27 13:30:00,433.6207,434.7611,432.01,432.6673,2604032.0
2024-12-27 14:00:00,432.59,435.2,432.22,434.773,2383924.0
2024-12-27 14:30:00,434.755,434.9,429.13,429.58,4065069.0
2024-12-27 15:00:00,429.58,432.94,429.53,431.46,3543846.0
2024-12-27 15:30:00,431.4264,432.7399,429.58,430.37,3136520.0
2024-12-27 16:00:00,430.31,431.98,428.6,431.66,11996784.0
2024-12-30 10:00:00,419.4,427.0,417.2605,418.1213,12645173.0
2024-12-30 10:30:00,418.14,420.37,415.75,418.55,7782419.0
2024-12-30 11:00:00,418.66,423.3,417.39,420.1699,5020504.0
2024-12-30 11:30:00,420.02,422.45,418.5,421.53,3419374.0
2024-12-30 12:00:00,421.5982,424.5,420.6001,423.66,3841041.0
2024-12-30 12:30:00,423.5084,424.98,420.0,421.28,3472957.0
2024-12-30 13:00:00,421.35,422.75,419.85,421.15,2674503.0
2024-12-30 13:30:00,421.05,423.39,419.66,422.0801,2677983.0
2024-12-30 14:00:00,422.06,423.6533,422.0,422.36,2153968.0
2024-12-30 14:30:00,422.35,423.98,421.2,423.8724,2171629.0
2024-12-30 15:00:00,423.87,424.49,422.28,423.0999,2023007.0
2024-12-30 15:30:00,423.0,423.28,420.17,420.18,2288230.0
2024-12-30 16:00:00,420.22,420.98,416.9,417.41,7779134.0
2024-12-31 10:00:00,423.79,427.93,413.6963,422.14,11814047.0
2024-12-31 10:30:00,422.0,424.4789,416.6899,422.322992,6887449.0
2024-12-31 11:00:00,422.4608,422.972,415.4,415.9,4833328.0
2024-12-31 11:30:00,415.9,417.4353,412.135,412.8101,5148339.0
2024-12-31 12:00:00,412.8101,416.44,412.32,416.0791,3715129.0
2024-12-31 12:30:00,415.92,416.83,412.36,412.69,3038373.0
2024-12-31 13:00:00,412.64,413.26,408.58,412.28,5233272.0
2024-12-31 13:30:00,412.17,414.4,410.8501,411.43,3265358.0
2024-12-31 14:00:00,411.43,412.6899,409.1,409.1893,2733487.0
2024-12-31 14:30:00,409.22,409.95,405.3703,405.9729,4205673.0
2024-12-31 15:00:00,405.8106,408.73,403.12,408.57,4871220.0
2024-12-31 15:30:00,408.5725,409.92,405.82,409.68,4222646.0
2024-12-31 16:00:00,409.61,409.97,402.54,403.84,9891855.0
2025-01-02 10:00:00,390.1,392.7299,373.4,388.345,22532186.0
2025-01-02 10:30:00,388.34,391.1948,380.08,380.3366,11079986.0
2025-01-02 11:00:00,380.27,381.78,376.25,380.8,9434588.0
2025-01-02 11:30:00,380.88,382.7399,378.5201,382.525,6248267.0
2025-01-02 12:00:00,382.47,386.15,381.41,384.08,5429460.0
2025-01-02 12:30:00,384.0013,385.0,378.35,378.68,4472796.0
2025-01-02 13:00:00,378.6752,379.06,373.8301,376.72,7224162.0
2025-01-02 13:30:00,376.68,377.94,373.04,377.65,5045214.0
2025-01-02 14:00:00,377.62,379.8099,374.87,379.56,4142008.0
2025-01-02 14:30:00,379.615,380.3299,376.95,377.2273,3912185.0
2025-01-02 15:00:00,377.34,379.6485,375.99,376.04,3442935.0
2025-01-02 15:30:00,376.04,380.14,375.93,379.555,3435100.0
2025-01-02 16:00:00,379.615,381.2433,376.88,379.28,11841860.0
2025-01-03 10:00:00,381.48,389.9,379.45,389.6549,12900946.0
2025-01-03 10:30:00,389.51,389.95,381.8,384.7817,8044836.0
2025-01-03 11:00:00,384.84,388.7699,383.47,387.29,5154486.0
2025-01-03 11:30:00,387.24,396.25,386.53,395.89,7022454.0
2025-01-03 12:00:00,395.9,396.9497,393.88,394.64,6041392.0
2025-01-03 12:30:00,394.72,395.78,393.33,393.9348,3586589.0
2025-01-03 13:00:00,394.0,396.53,393.83,396.0599,2917376.0
2025-01-03 13:30:00,395.99,399.77,395.41,398.985,4717462.0
2025-01-03 14:00:00,398.92,403.5,397.73,402.33,6357207.0
2025-01-03 14:30:00,402.34,406.54,401.8,404.91,5885237.0
2025-01-03 15:00:00,404.8548,407.16,404.7201,405.99,3884177.0
2025-01-03 15:30:00,405.97,409.69,403.9,408.63,6775268.0
2025-01-03 16:00:00,408.605,411.8799,407.9201,410.44,14099523.0
2025-01-06 10:00:00,423.2,426.43,415.95,418.25,15788497.0
2025-01-06 10:30:00,418.39,418.6,411.2001,416.34,9312200.0
2025-01-06 11:00:00,416.48,418.13,414.0,415.87,4862790.0
2025-01-06 11:30:00,415.98,417.3,407.95,411.1,7369831.0
2025-01-06 12:00:00,411.075,411.5844,406.86,408.9541,5083811.0
2025-01-06 12:30:00,408.9399,411.7399,407.4,409.22,3959809.0
2025-01-06 13:00:00,409.295,410.92,407.78,409.26,2898670.0
2025-01-06 13:30:00,409.242,409.66,405.1678,406.65,3625349.0
2025-01-06 14:00:00,406.6639,407.12,402.8,402.9,3986854.0
2025-01-06 14:30:00,402.885,405.5,401.7,404.06,4227341.0
2025-01-06 15:00:00,403.961,404.47,402.1301,402.63,2916009.0
2025-01-06 15:30:00,402.53,407.9199,402.12,407.5,3893270.0
2025-01-06 16:00:00,407.53,411.37,403.6712,411.05,10205405.0
2025-01-07 10:00:00,405.83,414.33,404.5,407.7305,10498670.0
2025-01-07 10:30:00,407.68,407.8699,395.38,396.6699,12032057.0
2025-01-07 11:00:00,396.6699,399.0,391.2,398.5978,8477506.0
2025-01-07 11:30:00,398.59,400.09,396.5154,398.8,4960651.0
2025-01-07 12:00:00,398.7,398.7455,392.7399,393.0605,3778226.0
2025-01-07 12:30:00,393.145,396.2499,392.65,394.13,2923804.0
2025-01-07 13:00:00,394.14,395.25,392.91,395.034,2531289.0
2025-01-07 13:30:00,394.91,398.95,394.66,398.48,2792794.0
2025-01-07 14:00:00,398.44,398.7399,394.46,394.71,2352555.0
2025-01-07 14:30:00,394.68,395.3999,392.7101,393.71,2620309.0
2025-01-07 15:00:00,393.655,394.66,392.28,393.37,2545144.0
2025-01-07 15:30:00,393.43,393.88,390.71,391.07,3682081.0
2025-01-07 16:00:00,391.16,394.64,390.0,394.36,10879172.0
2025-01-08 10:00:00,392.95,399.25,391.73,397.52,10226179.0
2025-01-08 10:30:00,397.52,402.4999,391.41,395.22,9895171.0
2025-01-08 11:00:00,395.22,398.461,392.99,396.2563,4419832.0
2025-01-08 11:30:00,396.29,396.3368,392.92,394.34,4332514.0
2025-01-08 12:00:00,394.34,397.3,394.3,395.5025,3438901.0
2025-01-08 12:30:00,395.5475,395.8399,388.21,388.47,4575557.0
2025-01-08 13:00:00,388.52,394.02,387.4,393.14,3974090.0
2025-01-08 13:30:00,393.2735,399.6099,392.79,398.713,5111327.0
2025-01-08 14:00:00,398.7831,398.964,394.05,396.4101,3652426.0
2025-01-08 14:30:00,396.56,400.5159,394.6301,399.636,3679451.0
2025-01-08 15:00:00,399.55,399.55,395.75,396.88,2829850.0
2025-01-08 15:30:00,396.88,397.88,394.56,396.285,2821484.0
2025-01-08 16:00:00,396.27,397.9,394.5,394.94,7885203.0
2025-01-10 10:00:00,391.4,399.28,387.68,389.26,10908857.0
2025-01-10 10:30:00,389.04,390.16,377.29,390.095,7422299.0
2025-01-10 11:00:00,390.1462,396.15,389.0,391.77,6140524.0
2025-01-10 11:30:00,391.89,392.59,387.6,388.1414,3909769.0
2025-01-10 12:00:00,388.085,391.96,387.0,389.42,3582523.0
2025-01-10 12:30:00,389.5,391.8,388.38,391.4699,2268116.0
2025-01-10 13:00:00,391.25,394.95,391.09,394.5501,3201829.0
2025-01-10 13:30:00,394.63,398.2999,393.66,397.36,4135465.0
2025-01-10 14:00:00,397.43,397.79,395.28,397.165,2746058.0
2025-01-10 14:30:00,397.165,397.27,393.6701,395.76,2488966.0
2025-01-10 15:00:00,395.811,396.79,394.79,396.22,1891407.0
2025-01-10 15:30:00,396.16,396.95,393.1201,393.96,2768637.0
2025-01-10 16:00:00,393.85,395.5,392.56,394.74,6556996.0
2025-01-13 10:00:00,383.21,388.93,380.07,387.33,9846031.0
2025-01-13 10:30:00,387.5,392.45,385.0,385.94,6589329.0
2025-01-13 11:00:00,385.96,394.68,385.5679,391.96,6011822.0
2025-01-13 11:30:00,392.01,393.15,387.4047,388.12,4177381.0
2025-01-13 12:00:00,388.12,391.1,387.14,388.6934,3054747.0
2025-01-13 12:30:00,388.695,396.4,387.2226,395.92,4567403.0
2025-01-13 13:00:00,395.8816,397.59,394.6,395.8313,4084423.0
2025-01-13 13:30:00,395.8,397.08,393.6517,395.07,2445104.0
2025-01-13 14:00:00,395.055,396.1644,393.8,394.2706,2096933.0
2025-01-13 14:30:00,394.27,395.07,391.4,393.75,2761821.0
2025-01-13 15:00:00,393.67,395.25,393.0061,393.775,2210748.0
2025-01-13 15:30:00,393.68,394.99,392.03,392.55,2670537.0
2025-01-13 16:00:00,392.62,403.79,392.02,403.31,9108980.0
2025-01-14 10:00:00,414.34,422.64,411.582,413.67,15946347.0
2025-01-14 10:30:00,413.4701,418.409,411.85,412.5636,8248401.0
2025-01-14 11:00:00,412.57,413.38,407.34,407.788,7130931.0
2025-01-14 11:30:00,407.9,409.4399,404.25,407.6699,6017107.0
2025-01-14 12:00:00,407.51,409.3599,404.0373,405.655,3799706.0
2025-01-14 12:30:00,405.59,407.14,402.67,405.0512,3736054.0
2025-01-14 13:00:00,405.0938,407.5396,402.16,407.22,3288226.0
2025-01-14 13:30:00,407.23,408.99,406.21,408.966,2618125.0
2025-01-14 14:00:00,408.99,411.81,408.42,410.24,3597373.0
2025-01-14 14:30:00,410.26,411.7,409.4303,410.235,2952101.0
2025-01-14 15:00:00,410.29,412.0,403.0,403.3725,4025508.0
2025-01-14 15:30:00,403.5,404.55,396.0002,398.21,7227823.0
2025-01-14 16:00:00,398.2,399.05,394.54,396.36,8835315.0
2025-01-15 10:00:00,409.9,415.7599,405.661,415.32,12663157.0
2025-01-15 10:30:00,415.2975,418.9599,415.2,417.51,6957117.0
2025-01-15 11:00:00,417.42,418.05,413.52,413.59,5398719.0
2025-01-15 11:30:00,413.7,417.13,412.15,417.04,4942313.0
2025-01-15 12:00:00,416.99,417.32,413.8,417.2541,3854167.0
2025-01-15 12:30:00,417.24,419.9299,416.82,419.7933,4436979.0
2025-01-15 13:00:00,419.79,420.8,416.9,417.17,3448196.0
2025-01-15 13:30:00,417.17,420.8,416.85,420.7775,2600917.0
2025-01-15 14:00:00,420.785,421.0,418.5301,419.23,2549868.0
2025-01-15 14:30:00,419.17,424.1,419.04,423.755,4212272.0
2025-01-15 15:00:00,423.6925,425.5,422.8,425.4073,4393264.0
2025-01-15 15:30:00,425.42,427.88,424.5,426.81,4734434.0
2025-01-15 16:00:00,426.7701,429.8,425.9027,428.22,13864903.0
2025-01-16 10:00:00,423.49,424.0,415.6,416.29,12250568.0
2025-01-16 10:30:00,416.278,417.7,413.11,415.54,7768588.0
2025-01-16 11:00:00,415.56,416.6591,412.66,415.9454,5442922.0
2025-01-16 11:30:00,415.94,417.1796,414.64,415.559,3866404.0
2025-01-16 12:00:00,415.5999,415.78,410.4801,412.725,4684222.0
2025-01-16 12:30:00,412.74,414.0,411.92,412.455,2878522.0
2025-01-16 13:00:00,412.49,414.3,411.18,413.91,2537163.0
2025-01-16 13:30:00,413.9494,415.05,411.59,411.85,2615703.0
2025-01-16 14:00:00,411.815,412.25,409.13,410.0548,3970332.0
2025-01-16 14:30:00,410.055,412.5,409.32,412.107842,2966229.0
2025-01-16 15:00:00,412.08,413.7,411.55,413.3201,2406931.0
2025-01-16 15:30:00,413.38,415.76,412.33,413.508,3683050.0
2025-01-16 16:00:00,413.5597,415.88,413.15,413.82,8140547.0
2025-01-17 10:00:00,421.5,427.17,419.75,424.9809,13987050.0
2025-01-17 10:30:00,424.98,435.0,424.98,428.6834,11911853.0
2025-01-17 11:00:00,428.77,430.25,425.72,430.1802,5980948.0
2025-01-17 11:30:00,430.2306,434.18,429.09,433.8175,6187086.0
2025-01-17 12:00:00,433.835,434.68,431.94,433.2551,4739264.0
2025-01-17 12:30:00,433.1617,436.79,431.5,436.4095,5272310.0
2025-01-17 13:00:00,436.405,436.97,433.11,434.1017,3919450.0
2025-01-17 13:30:00,434.1025,439.2,433.25,437.115,5149585.0
2025-01-17 14:00:00,437.09,439.44,437.0501,438.96,3549074.0
2025-01-17 14:30:00,438.98,439.74,437.67,438.435,4335510.0
2025-01-17 15:00:00,438.48,438.95,437.15,437.58,3073982.0
2025-01-17 15:30:00,437.58,437.58,428.63,428.77,9574748.0
2025-01-17 16:00:00,428.78,432.63,426.23,426.5,11534484.0
2025-01-21 10:00:00,432.64,433.2,409.51,412.25,19476648.0
2025-01-21 10:30:00,412.25,412.5499,406.31,412.4318,9847928.0
2025-01-21 11:00:00,412.38,416.62,411.21,413.8926,7922880.0
2025-01-21 11:30:00,413.8,417.49,412.6388,415.05,4946498.0
2025-01-21 12:00:00,415.13,416.9509,412.6,413.6326,4562200.0
2025-01-21 12:30:00,413.6363,416.62,412.51,415.995,3150132.0
2025-01-21 13:00:00,415.9,418.65,415.643,417.8292,3570123.0
2025-01-21 13:30:00,417.75,420.33,416.72,418.8499,3396521.0
2025-01-21 14:00:00,418.785,421.1599,418.48,420.39,3122813.0
2025-01-21 14:30:00,420.375,421.3,416.66,418.13,3527872.0
2025-01-21 15:00:00,418.08,419.398,415.51,417.0365,2944363.0
2025-01-21 15:30:00,417.03,420.69,416.62,420.495,3279845.0
2025-01-21 16:00:00,420.4101,424.66,419.12,424.07,10194062.0
2025-01-22 10:00:00,416.81,428.0,416.1,418.0,11360796.0
2025-01-22 10:30:00,418.068194,423.71,416.11,423.43,6780710.0
2025-01-22 11:00:00,423.38,424.2999,419.52,419.815,5102715.0
2025-01-22 11:30:00,419.7803,423.3145,419.1,422.5953,3172229.0
2025-01-22 12:00:00,422.6071,423.0013,420.4,421.6079,2327027.0
2025-01-22 12:30:00,421.6,423.405,419.59,420.2,2909823.0
2025-01-22 13:00:00,420.18,424.14,419.66,423.255,2826883.0
2025-01-22 13:30:00,423.27,423.5,420.59,421.3,2251938.0
2025-01-22 14:00:00,421.305,421.4465,417.51,418.13,3305773.0
2025-01-22 14:30:00,418.27,419.92,417.28,418.13,2347845.0
2025-01-22 15:00:00,418.2,419.87,417.71,419.765,1910729.0
2025-01-22 15:30:00,419.72,419.82,417.56,417.6559,2148117.0
2025-01-22 16:00:00,417.65,419.22,414.59,415.11,8614704.0
2025-01-23 10:00:00,416.06,420.73,412.7701,413.29,9620529.0
2025-01-23 10:30:00,413.26,414.64,410.35,414.3262,6448505.0
2025-01-23 11:00:00,414.39,416.24,412.3401,413.5,3975540.0
2025-01-23 11:30:00,413.39,414.69,411.8279,413.28,2832891.0
2025-01-23 12:00:00,413.2,414.099,411.21,411.86,2594743.0
2025-01-23 12:30:00,411.79,412.83,410.83,410.88,2143926.0
2025-01-23 13:00:00,410.83,411.6,408.95,411.57,3675623.0
2025-01-23 13:30:00,411.58,412.7423,410.3901,412.38,2033848.0
2025-01-23 14:00:00,412.38,413.41,411.32,412.3299,2001278.0
2025-01-23 14:30:00,412.285,412.38,410.4,410.89,1765972.0
2025-01-23 15:00:00,411.05,411.5208,409.33,410.6001,1967813.0
2025-01-23 15:30:00,410.61,411.6894,409.9501,410.485,2236234.0
2025-01-23 16:00:00,410.4699,412.38,409.42,412.38,6517382.0
2025-01-24 10:00:00,414.45,418.88,411.71,416.9363,10192867.0
2025-01-24 10:30:00,416.95,417.85,412.85,414.5499,6696069.0
2025-01-24 11:00:00,414.53,416.41,412.62,413.29,4009664.0
2025-01-24 11:30:00,413.215,413.7921,411.71,413.51,3427757.0
2025-01-24 12:00:00,413.3801,415.69,412.6,413.2,2868422.0
2025-01-24 12:30:00,413.2,413.6503,410.84,411.4,2625436.0
2025-01-24 13:00:00,411.37,412.38,410.25,410.72,2036177.0
2025-01-24 13:30:00,410.7,410.98,407.77,410.21,3793938.0
2025-01-24 14:00:00,410.21,410.63,407.8,408.1,2906219.0
2025-01-24 14:30:00,408.1,408.8699,407.2601,407.95,2474891.0
2025-01-24 15:00:00,407.925,409.1799,407.583,407.95,1757896.0
2025-01-24 15:30:00,407.97,409.75,406.8,406.85,2783023.0
2025-01-24 16:00:00,406.9251,407.8599,405.78,406.58,7913799.0
2025-01-27 10:00:00,394.8,405.5099,393.393,404.0665,9944961.0
2025-01-27 10:30:00,404.0,405.7599,397.501,402.275,5352749.0
2025-01-27 11:00:00,402.23,406.69,401.7196,403.3,4452835.0
2025-01-27 11:30:00,403.3,405.66,398.62,399.28,3214618.0
2025-01-27 12:00:00,399.33,400.9799,397.77,399.75,2664052.0
2025-01-27 12:30:00,399.7623,401.5076,395.0501,397.1548,2869172.0
2025-01-27 13:00:00,397.09,398.83,394.83,395.02,2304644.0
2025-01-27 13:30:00,395.09,397.3799,393.84,393.9535,2155749.0
2025-01-27 14:00:00,393.96,397.32,393.7,394.37,1988751.0
2025-01-27 14:30:00,394.27,396.61,393.42,396.46,2013444.0
2025-01-27 15:00:00,396.45,396.6099,389.39,389.52,3623040.0
2025-01-27 15:30:00,389.55,395.42,389.0,394.5,3403298.0
2025-01-27 16:00:00,394.5,397.45,392.4,397.15,7598974.0
2025-01-28 10:00:00,396.91,397.1499,386.5,391.7,8150424.0
2025-01-28 10:30:00,391.81,394.53,390.35,393.05,4519869.0
2025-01-28 11:00:00,393.08,394.49,389.41,389.82,3304943.0
2025-01-28 11:30:00,389.86,391.5299,387.51,388.18,3644258.0
2025-01-28 12:00:00,388.11,390.4747,387.47,390.232,2559303.0
2025-01-28 12:30:00,390.23,394.23,390.1712,393.522,2694077.0
2025-01-28 13:00:00,393.52,395.15,392.35,394.6388,2182682.0
2025-01-28 13:30:00,394.68,395.69,393.46,394.02,1940237.0
2025-01-28 14:00:00,394.08,394.8299,392.43,393.55,1593193.0
2025-01-28 14:30:00,393.54,396.59,393.41,396.35,1908314.0
2025-01-28 15:00:00,396.32,399.08,395.61,398.4,2504965.0
2025-01-28 15:30:00,398.47,400.59,396.5201,400.41,3733887.0
2025-01-28 16:00:00,400.3,400.31,397.3449,398.09,7437254.0
2025-01-29 10:00:00,395.21,398.5899,391.93,393.37,6458847.0
2025-01-29 10:30:00,393.45,394.9399,391.0517,391.9832,4007802.0
2025-01-29 11:00:00,392.06,393.7,390.6511,391.498,3016713.0
2025-01-29 11:30:00,391.57,392.6,389.41,389.765,2940179.0
2025-01-29 12:00:00,389.74,389.74,387.73,388.32,2958788.0
2025-01-29 12:30:00,388.305,390.9,388.08,390.255,2037141.0
2025-01-29 13:00:00,390.275,391.51,388.0,388.2464,2164989.0
2025-01-29 13:30:00,388.2543,390.0975,384.72,389.999,3526059.0
2025-01-29 14:00:00,390.01,390.56,388.8,389.02,1648045.0
2025-01-29 14:30:00,388.9,389.46,385.06,385.06,3059109.0
2025-01-29 15:00:00,385.11,391.6899,384.48,390.04,4611800.0
2025-01-29 15:30:00,389.89,391.67,385.5501,391.2,3748801.0
2025-01-29 16:00:00,391.24,391.85,386.9,389.1,7302278.0
2025-01-30 10:00:00,410.78,412.5,387.5601,387.79,19906397.0
2025-01-30 10:30:00,387.78,395.25,384.41,392.13,13201893.0
2025-01-30 11:00:00,392.35,397.54,390.31,391.23,6866356.0
2025-01-30 11:30:00,391.17,397.3,388.97,397.11,4885717.0
2025-01-30 12:00:00,397.07,401.18,396.65,400.95,5909483.0
2025-01-30 12:30:00,400.93,400.94,395.8001,399.11,3750752.0
2025-01-30 13:00:00,399.12,407.65,398.165,407.24,6099084.0
2025-01-30 13:30:00,407.27,409.1,403.36,403.96,5923421.0
2025-01-30 14:00:00,403.85,404.98,402.01,402.5841,3126186.0
2025-01-30 14:30:00,402.65,406.3,401.3,404.11,3859762.0
2025-01-30 15:00:00,404.2,406.44,402.04,406.432269,3287118.0
2025-01-30 15:30:00,406.38,406.7445,404.35,406.0277,3681173.0
2025-01-30 16:00:00,406.02,407.5,398.9501,400.28,10269960.0
2025-01-31 10:00:00,401.53,414.85,401.34,414.82,14287430.0
2025-01-31 10:30:00,414.8,417.93,413.37,414.7786,9588492.0
2025-01-31 11:00:00,414.71,418.44,413.88,415.6556,5796099.0
2025-01-31 11:30:00,415.68,416.59,414.11,415.02,3437395.0
2025-01-31 12:00:00,415.142,418.83,414.8,418.64,4212460.0
2025-01-31 12:30:00,418.59,419.99,417.25,418.46,4450661.0
2025-01-31 13:00:00,418.55,419.5,417.4,419.13,2460061.0
2025-01-31 13:30:00,419.17,419.82,415.81,415.897088,3520438.0
2025-01-31 14:00:00,415.86,416.9599,410.7,411.48,6589124.0
2025-01-31 14:30:00,411.5,412.74,407.3,408.505,5454105.0
2025-01-31 15:00:00,408.5594,410.15,403.7,406.5533,5981745.0
2025-01-31 15:30:00,406.43,406.51,401.44,402.85,5418920.0
2025-01-31 16:00:00,402.8,405.38,402.25,404.6,9286122.0
2025-02-03 10:00:00,386.68,389.17,379.41,381.81,17283201.0
2025-02-03 10:30:00,381.68,385.25,374.36,384.56,15102205.0
2025-02-03 11:00:00,384.42,389.1,382.2301,388.1,8756331.0
2025-02-03 11:30:00,388.08,388.44,384.0,384.3,5290739.0
2025-02-03 12:00:00,384.3037,387.1028,382.41,382.686,6095335.0
2025-02-03 12:30:00,382.8,383.19,379.3,379.42,4150392.0
2025-02-03 13:00:00,379.3675,380.8486,377.41,379.705,4127013.0
2025-02-03 13:30:00,379.63,381.43,378.07,380.2808,3162472.0
2025-02-03 14:00:00,380.4,381.3,378.33,381.19,2962857.0
2025-02-03 14:30:00,381.12,385.3399,381.12,383.4664,4058501.0
2025-02-03 15:00:00,383.49,385.29,383.1054,384.16948,2910761.0
2025-02-03 15:30:00,384.23,385.2992,383.3,384.1901,2678185.0
2025-02-03 16:00:00,384.34,385.0699,381.36,383.68,9259120.0
2025-02-04 10:00:00,382.63,389.87,382.13,388.17,8586311.0
2025-02-04 10:30:00,388.15,390.73,383.8,384.2,6027795.0
2025-02-04 11:00:00,384.27,386.53,382.3,382.85,3873863.0
2025-02-04 11:30:00,382.92,384.69,381.4,383.465,3639325.0
2025-02-04 12:00:00,383.4625,386.83,383.29,386.47,3024810.0
2025-02-04 12:30:00,386.5493,386.9,382.7,382.86,3435362.0
2025-02-04 13:00:00,382.93,385.52,382.68,385.455,2169123.0
2025-02-04 13:30:00,385.43,387.45,383.4005,386.8113,2456729.0
2025-02-04 14:00:00,386.78,387.68,385.25,385.4872,2375321.0
2025-02-04 14:30:00,385.4928,388.2299,385.08,387.5399,2705042.0
2025-02-04 15:00:00,387.4785,388.84,385.85,386.79,2632059.0
2025-02-04 15:30:00,386.705,389.98,385.5192,389.81,3467337.0
2025-02-04 16:00:00,389.78,394.0,388.8701,392.21,8817486.0
2025-02-05 10:00:00,387.51,388.39,383.055,385.0283,8698226.0
2025-02-05 10:30:00,385.14,386.31,380.52,381.0999,7132434.0
2025-02-05 11:00:00,380.995,383.9299,380.02,383.345,4111343.0
2025-02-05 11:30:00,383.31,384.48,381.3,382.3,3115331.0
2025-02-05 12:00:00,382.324,384.37,381.0,383.98,2829828.0
2025-02-05 12:30:00,383.94,384.96,382.23,382.36,2504899.0
2025-02-05 13:00:00,382.37,382.84,381.7,381.8977,1872507.0
2025-02-05 13:30:00,381.895,382.0699,380.05,380.474,2720023.0
2025-02-05 14:00:00,380.45,381.48,378.0,378.835,4042296.0
2025-02-05 14:30:00,378.795,380.43,378.6,379.8972,2413238.0
2025-02-05 15:00:00,379.9,380.29,378.5,378.91,1940613.0
2025-02-05 15:30:00,378.95,380.2,377.5,377.87,3445973.0
2025-02-05 16:00:00,377.82,379.35,375.53,378.17,9417336.0
2025-02-06 10:00:00,373.03,375.4,365.51,366.87,14256963.0
2025-02-06 10:30:00,366.87,368.63,363.18,367.5708,10345964.0
2025-02-06 11:00:00,367.65,369.1491,364.3155,364.82,6886286.0
2025-02-06 11:30:00,364.84,366.6599,363.85,366.05,4750794.0
2025-02-06 12:00:00,366.055,369.07,364.82,368.24,4376238.0
2025-02-06 12:30:00,368.21,370.19,367.75,369.5401,4037568.0
2025-02-06 13:00:00,369.54,370.87,368.34,368.94,3297750.0
2025-02-06 13:30:00,368.958,371.77,368.52,371.77,2892254.0
2025-02-06 14:00:00,371.76,374.09,371.53,372.1738,3891792.0
2025-02-06 14:30:00,372.155,372.3,369.81,370.105,3473025.0
2025-02-06 15:00:00,370.09,370.16,367.85,369.1,3627031.0
2025-02-06 15:30:00,369.05,369.58,367.42,369.35,3027046.0
2025-02-06 16:00:00,369.43,374.32,369.42,374.32,8184682.0
2025-02-07 10:00:00,370.19,380.5459,370.0,376.455,10814951.0
2025-02-07 10:30:00,376.23,376.41,369.11,372.2,7701449.0
2025-02-07 11:00:00,372.16,374.77,369.49,370.73,5566970.0
2025-02-07 11:30:00,370.81,371.8599,367.28,369.1767,5710048.0
2025-02-07 12:00:00,369.175,370.25,367.03,367.63,3340340.0
2025-02-07 12:30:00,367.53,369.57,366.3,368.72,3857611.0
2025-02-07 13:00:00,368.74,370.12,367.56,369.0,2154789.0
2025-02-07 13:30:00,369.0836,371.26,368.921,369.5,2487790.0
2025-02-07 14:00:00,369.5542,370.0,366.8,366.91,2110309.0
2025-02-07 14:30:00,366.91,367.48,363.4401,363.8899,4178009.0
2025-02-07 15:00:00,363.82,365.57,363.52,364.36,3089240.0
2025-02-07 15:30:00,364.38,364.3868,361.2,361.87,4936921.0
2025-02-07 16:00:00,361.8528,362.84,360.34,361.62,9693451.0
2025-02-10 10:00:00,356.21,358.07,350.51,355.445,15338829.0
2025-02-10 10:30:00,355.5,361.75,354.7,360.9,8081297.0
2025-02-10 11:00:00,360.91,362.383,358.6249,359.5418,5404263.0
2025-02-10 11:30:00,359.52,362.7,359.3702,360.751,4593272.0
2025-02-10 12:00:00,360.745,362.2,359.2101,361.92,3250319.0
2025-02-10 12:30:00,361.89,362.01,358.2,358.44,3380787.0
2025-02-10 13:00:00,358.46,361.19,357.6,360.6201,3328247.0
2025-02-10 13:30:00,360.6899,361.4,359.01,359.9504,2504919.0
2025-02-10 14:00:00,359.95,360.0,356.93,357.855,2704558.0
2025-02-10 14:30:00,357.88,358.9,356.51,357.66,3062588.0
2025-02-10 15:00:00,357.64,357.73,353.65,354.8,4248328.0
2025-02-10 15:30:00,354.84,355.4,352.9001,354.99,4064784.0
2025-02-10 16:00:00,354.98,355.0,350.51,350.73,11013799.0
2025-02-11 10:00:00,345.8,349.37,343.35,344.3,12793669.0
2025-02-11 10:30:00,344.36,345.3236,341.8,343.9903,9711498.0
2025-02-11 11:00:00,343.93,345.1658,339.19,339.436,8624306.0
2025-02-11 11:30:00,339.475,340.605,335.7122,337.37,10133418.0
2025-02-11 12:00:00,337.33,337.56,335.1,336.03,7256085.0
2025-02-11 12:30:00,336.0999,336.1621,332.7,334.97,8388303.0
2025-02-11 13:00:00,335.0,335.06,332.16,333.85,5239580.0
2025-02-11 13:30:00,333.76,334.1585,329.12,329.6978,8039530.0
2025-02-11 14:00:00,329.7299,333.95,329.15,333.315,7081217.0
2025-02-11 14:30:00,333.29,334.6,331.6301,332.485,5120258.0
2025-02-11 15:00:00,332.4814,332.73,329.5501,330.025,5947377.0
2025-02-11 15:30:00,330.06,330.99,326.11,326.4173,8734640.0
2025-02-11 16:00:00,326.53,328.65,325.1,328.5,15919811.0
2025-02-12 10:00:00,329.94,338.0999,329.12,333.6699,16016625.0
2025-02-12 10:30:00,333.67,339.33,332.61,338.3209,9801689.0
2025-02-12 11:00:00,338.31,341.18,336.52,339.97,8135299.0
2025-02-12 11:30:00,340.0,340.97,337.03,337.2,5034835.0
2025-02-12 12:00:00,337.2,340.43,337.15,339.2,4176788.0
2025-02-12 12:30:00,339.13,343.7,338.95,343.3601,6253192.0
2025-02-12 13:00:00,343.395,344.9,342.69,344.11,4835613.0
2025-02-12 13:30:00,344.1196,345.62,343.0,344.93,5154909.0
2025-02-12 14:00:00,345.02,345.1699,342.08,343.35,3995988.0
2025-02-12 14:30:00,343.4,345.58,342.87,344.93,3858416.0
2025-02-12 15:00:00,344.949,346.19,343.9601,345.7976,4029035.0
2025-02-12 15:30:00,345.74,346.4,344.5,345.815,3942573.0
2025-02-12 16:00:00,345.75,345.9799,335.66,336.51,16786161.0
2025-02-13 10:00:00,345.0,350.8,342.85,347.91,13976283.0
2025-02-13 10:30:00,348.0,355.84,347.71,354.93,10706222.0
2025-02-13 11:00:00,355.0,358.69,354.75,356.85,8443180.0
2025-02-13 11:30:00,356.8241,357.0699,352.22,352.74,7366012.0
2025-02-13 12:00:00,352.75,352.979,348.45,349.2,6807196.0
2025-02-13 12:30:00,349.215,351.5,348.17,350.2,4404683.0
2025-02-13 13:00:00,350.19,351.34,348.4288,350.6658,3763251.0
2025-02-13 13:30:00,350.7,352.3499,349.52,350.47,3988517.0
2025-02-13 14:00:00,350.44,352.985,350.44,351.14,3597870.0
2025-02-13 14:30:00,351.12,352.52,349.93,352.23,3116269.0
2025-02-13 15:00:00,352.25,353.12,351.7884,352.45,2579235.0
2025-02-13 15:30:00,352.52,355.0799,352.3901,355.02,3933483.0
2025-02-13 16:00:00,355.0,356.9,353.8501,355.94,11358713.0
2025-02-14 10:00:00,360.62,362.0,352.41,353.065,12800624.0
2025-02-14 10:30:00,353.07,355.96,351.6,352.418,7538523.0
2025-02-14 11:00:00,352.4799,353.07,350.03,351.3,5522228.0
2025-02-14 11:30:00,351.36,352.4599,347.5,351.558,8601859.0
2025-02-14 12:00:00,351.55,352.74,350.05,351.55,3239499.0
2025-02-14 12:30:00,351.53,352.07,348.6201,349.11,3335154.0
2025-02-14 13:00:00,349.13,351.338,348.88,351.0055,2563392.0
2025-02-14 13:30:00,351.03,351.8499,350.41,351.2296,2385434.0
2025-02-14 14:00:00,351.2217,354.55,351.2001,352.96,3304879.0
2025-02-14 14:30:00,352.95,354.0489,352.66,353.14,2194874.0
2025-02-14 15:00:00,353.11,354.5933,352.31,354.4,2643020.0
2025-02-14 15:30:00,354.3758,356.18,353.58,355.8668,3325808.0
2025-02-14 16:00:00,355.83,356.44,354.28,355.84,5910887.0
2025-02-18 10:00:00,355.01,359.1,352.55,357.5,10601565.0
2025-02-18 10:30:00,357.36,358.17,353.53,353.9417,5273308.0
2025-02-18 11:00:00,353.95,356.66,353.46,356.39,3435898.0
2025-02-18 11:30:00,356.35,357.1799,354.7707,356.255,2928929.0
2025-02-18 12:00:00,356.21,357.17,355.25,355.335,2142805.0
2025-02-18 12:30:00,355.37,355.37,353.8,354.42,2346184.0
2025-02-18 13:00:00,354.4,355.2599,353.74,354.6394,1860363.0
2025-02-18 13:30:00,354.61,354.6199,350.02,351.29,4078183.0
2025-02-18 14:00:00,351.3287,351.7272,350.5,351.427,2047908.0
2025-02-18 14:30:00,351.45,353.469,351.36,352.67,2569116.0
2025-02-18 15:00:00,352.68,354.67,352.3661,354.0799,2026319.0
2025-02-18 15:30:00,353.9878,354.35,352.76,352.76,1746088.0
2025-02-18 16:00:00,352.76,354.33,352.33,354.11,5135878.0
2025-02-19 10:00:00,354.0,365.5,353.67,363.71,13959055.0
2025-02-19 10:30:00,363.83,367.34,362.125,363.32,8939492.0
2025-02-19 11:00:00,363.33,364.2499,359.7501,360.665,5865314.0
2025-02-19 11:30:00,360.665,361.6,359.14,359.966,4043960.0
2025-02-19 12:00:00,359.91,361.1,358.26,360.9075,3918534.0
2025-02-19 12:30:00,360.88,365.1377,360.65,364.6076,4992955.0
2025-02-19 13:00:00,364.63,364.6399,361.8206,362.415,2809988.0
2025-02-19 13:30:00,362.47,363.7,361.5901,362.9,2188868.0
2025-02-19 14:00:00,362.92,364.25,360.62,360.76,2617568.0
2025-02-19 14:30:00,360.76,363.2,359.65,362.555,2897393.0
2025-02-19 15:00:00,362.46,363.34,362.04,362.69,1690417.0
2025-02-19 15:30:00,362.66,362.75,357.87,358.1091,3404914.0
2025-02-19 16:00:00,358.09,361.94,357.3509,360.56,6985778.0
2025-02-20 10:00:00,361.51,362.3,350.45,350.71,9945038.0
2025-02-20 10:30:00,350.75,354.19,348.0,352.1441,6928799.0
2025-02-20 11:00:00,352.06,353.46,349.8,350.25,3729140.0
2025-02-20 11:30:00,350.135,354.28,349.89,354.195,3688445.0
2025-02-20 12:00:00,354.23,354.9,352.6,353.01,2316969.0
2025-02-20 12:30:00,353.0,354.95,352.86,353.9,1949257.0
2025-02-20 13:00:00,353.9175,355.33,352.1401,352.585,1860552.0
2025-02-20 13:30:00,352.54,353.75,351.68,353.4545,1466571.0
2025-02-20 14:00:00,353.4,353.65,352.5,353.135,1134629.0
2025-02-20 14:30:00,353.07,353.43,352.361,352.98,1306570.0
2025-02-20 15:00:00,352.92,354.21,350.9,354.055,2107423.0
2025-02-20 15:30:00,354.065,354.73,352.93,353.7,1831762.0
2025-02-20 16:00:00,353.645067,354.8799,352.75,354.4,4915887.0
2025-02-21 10:00:00,353.44,354.98,350.28,352.0801,6855475.0
2025-02-21 10:30:00,351.65,353.98,348.61,348.65,4856145.0
2025-02-21 11:00:00,348.6029,348.69,344.81,347.86,7297100.0
2025-02-21 11:30:00,347.83,348.37,345.5,346.09,3478878.0
2025-02-21 12:00:00,346.04,346.3,341.94,343.04,5033738.0
2025-02-21 12:30:00,343.04,343.6299,340.1017,340.89,4164950.0
2025-02-21 13:00:00,340.91,341.27,338.45,339.53,4574056.0
2025-02-21 13:30:00,339.4901,340.6899,337.2109,340.118,4684989.0
2025-02-21 14:00:00,340.14,342.7791,338.3,338.38,3916887.0
2025-02-21 14:30:00,338.3124,339.08,335.4001,335.6514,4326235.0
2025-02-21 15:00:00,335.63,337.76,334.42,336.94,5465715.0
2025-02-21 15:30:00,336.88,338.79,335.93,336.405,4241491.0
2025-02-21 16:00:00,336.42,338.25,334.92,337.8,11990443.0
2025-02-24 10:00:00,338.14,342.3973,328.3,329.22,13398095.0
2025-02-24 10:30:00,329.3,332.65,324.7,326.6,11144109.0
2025-02-24 11:00:00,326.6,330.2047,326.5,328.11,4792157.0
2025-02-24 11:30:00,328.15,334.2,326.9005,333.85,5030410.0
2025-02-24 12:00:00,333.8892,334.87,331.84,332.49,4276527.0
2025-02-24 12:30:00,332.47,338.9589,332.46,337.03,4256277.0
2025-02-24 13:00:00,337.09,338.64,335.9,336.18,2696733.0
2025-02-24 13:30:00,336.19,338.88,336.04,338.335,2341537.0
2025-02-24 14:00:00,338.4,338.55,336.3,336.53,2153873.0
2025-02-24 14:30:00,336.52,337.95,333.34,333.4105,2986864.0
2025-02-24 15:00:00,333.435,335.6,332.8372,334.67,2700934.0
2025-02-24 15:30:00,334.71,334.97,331.72,331.868,2895124.0
2025-02-24 16:00:00,331.86,333.6,329.89,330.53,7930187.0
2025-02-25 10:00:00,327.025,328.89,312.5,313.1,19186843.0
2025-02-25 10:30:00,313.2,313.2,305.39,306.37,15879181.0
2025-02-25 11:00:00,306.44,308.76,301.41,304.1695,16328062.0
2025-02-25 11:30:00,304.35,304.7395,300.11,301.31,10871980.0
2025-02-25 12:00:00,301.34,306.47,298.78,305.8859,10999590.0
2025-02-25 12:30:00,305.95,305.95,301.83,303.42,6007041.0
2025-02-25 13:00:00,303.495,305.19,301.72,303.6401,4906825.0
2025-02-25 13:30:00,303.64,306.38,301.96,302.38,5216761.0
2025-02-25 14:00:00,302.4,304.298,300.66,300.785,4438494.0
2025-02-25 14:30:00,300.785,301.55,297.2512,298.305,7379386.0
2025-02-25 15:00:00,298.305,302.15,298.13,301.4701,6147918.0
2025-02-25 15:30:00,301.495,304.05,299.93,302.7,6329993.0
2025-02-25 16:00:00,302.68,303.74,298.35,302.8,16192642.0
2025-02-26 10:00:00,303.715,309.0,302.8,305.55,12735797.0
2025-02-26 10:30:00,305.56,307.2,294.2301,295.25,11377170.0
2025-02-26 11:00:00,295.3,300.99,295.3,300.55,9593538.0
2025-02-26 11:30:00,300.57,301.0,297.51,298.781,5174115.0
2025-02-26 12:00:00,298.78,302.26,298.0,298.27,4635813.0
2025-02-26 12:30:00,298.3508,301.86,297.7502,300.68,3558490.0
2025-02-26 13:00:00,300.64,301.3,296.01,296.46,4860992.0
2025-02-26 13:30:00,296.4761,297.22,293.42,293.4374,5602219.0
2025-02-26 14:00:00,293.4396,294.9,291.45,291.5159,5806843.0
2025-02-26 14:30:00,291.4656,292.81,289.41,290.25,8081392.0
2025-02-26 15:00:00,290.25,292.63,288.98,289.22,5214251.0
2025-02-26 15:30:00,289.27,291.21,288.0802,289.0196,6214793.0
2025-02-26 16:00:00,289.0,292.68,288.04,290.8,11842713.0
2025-02-27 10:00:00,291.16,297.23,283.04,283.16,16542627.0
2025-02-27 10:30:00,283.04,293.43,280.88,293.36,13360141.0
2025-02-27 11:00:00,293.32,293.52,286.06,286.460365,7942650.0
2025-02-27 11:30:00,286.64,292.0,285.85,288.4,5703033.0
2025-02-27 12:00:00,288.5175,289.19,285.41,285.66,4516304.0
2025-02-27 12:30:00,285.74,287.3,284.33,285.95,4361755.0
2025-02-27 13:00:00,286.0,289.83,284.69,289.535,4981157.0
2025-02-27 13:30:00,289.5864,291.6699,287.96,291.31,4555558.0
2025-02-27 14:00:00,291.33,291.8244,288.4,288.5289,4237403.0
2025-02-27 14:30:00,288.525,288.7299,284.63,284.9389,4455685.0
2025-02-27 15:00:00,284.95,285.93,282.96,284.7206,6722491.0
2025-02-27 15:30:00,284.63,284.71,281.5,281.9299,5440960.0
2025-02-27 16:00:00,281.93,284.67,281.26,281.95,10638788.0
2025-02-28 10:00:00,279.5,285.1473,273.6,281.365,20194727.0
2025-02-28 10:30:00,281.355,292.57,278.32,292.3526,14097521.0
2025-02-28 11:00:00,292.395,293.0,287.9812,291.76,8083439.0
2025-02-28 11:30:00,291.76,292.0799,287.4228,287.94,6156986.0
2025-02-28 12:00:00,287.94,291.05,287.175,288.755,4278206.0
2025-02-28 12:30:00,288.69,291.94,288.44,290.27,3837143.0
2025-02-28 13:00:00,290.27,290.8489,283.81,283.87,5057508.0
2025-02-28 13:30:00,283.9888,286.3,281.33,286.12,6286360.0
2025-02-28 14:00:00,286.06,287.48,282.81,283.17,5673636.0
2025-02-28 14:30:00,283.18,286.1692,283.0725,285.915,3189264.0
2025-02-28 15:00:00,285.91,291.0,285.18,289.75,5793821.0
2025-02-28 15:30:00,289.72,293.3969,288.8201,293.2622,6293084.0
2025-02-28 16:00:00,293.26,293.88,288.89,292.98,17644376.0
2025-03-03 10:00:00,300.34,303.94,293.2,295.1,19976261.0
2025-03-03 10:30:00,294.95,300.92,291.69,300.73,10261912.0
2025-03-03 11:00:00,300.78,301.7,294.86,295.415,6843197.0
2025-03-03 11:30:00,295.49,300.73,295.2,298.945,5642796.0
2025-03-03 12:00:00,298.99,302.479,297.4411,301.65,5585082.0
2025-03-03 12:30:00,301.65,301.65,297.93,298.48,4466232.0
2025-03-03 13:00:00,298.485,298.6999,289.3509,289.94,7907018.0
2025-03-03 13:30:00,289.96,290.55,285.03,285.415,8571864.0
2025-03-03 14:00:00,285.5087,289.58,284.71,287.849,5776643.0
2025-03-03 14:30:00,287.78,289.809,286.3,286.425,4311688.0
2025-03-03 15:00:00,286.425,290.26,283.12,283.3393,5470941.0
2025-03-03 15:30:00,283.26,283.39,279.06,280.0924,8433599.0
2025-03-03 16:00:00,280.06,284.98,277.3,284.65,14916807.0
2025-03-04 10:00:00,270.93,278.28,265.78,265.89,21483641.0
2025-03-04 10:30:00,265.88,267.92,261.8401,265.61,15231531.0
2025-03-04 11:00:00,265.57,267.8156,263.68,265.79,8397573.0
2025-03-04 11:30:00,265.83,266.6939,262.0752,262.7605,6695986.0
2025-03-04 12:00:00,262.68,269.76,262.6118,268.23,7031024.0
2025-03-04 12:30:00,268.186,273.07,266.65,271.9891,6367596.0
2025-03-04 13:00:00,271.91,272.9801,268.66,270.43,6041506.0
2025-03-04 13:30:00,270.465,274.45,269.77,271.136,5408401.0
2025-03-04 14:00:00,271.1075,276.6524,270.12,276.35,4905589.0
2025-03-04 14:30:00,276.32,281.5,275.8049,279.16,7442810.0
2025-03-04 15:00:00,279.24,280.73,277.6,280.34,6079535.0
2025-03-04 15:30:00,280.25,284.35,278.84,282.98,6219978.0
2025-03-04 16:00:00,282.92,283.3199,270.331,272.04,15912229.0
2025-03-05 10:00:00,272.92,275.6182,267.71,271.5,15019378.0
2025-03-05 10:30:00,271.5,278.2699,269.5,270.24,11525854.0
2025-03-05 11:00:00,270.25,274.5,269.4101,272.875,6442684.0
2025-03-05 11:30:00,272.88,272.88,268.8,270.6,6288442.0
2025-03-05 12:00:00,270.55,273.53,268.0,272.25,6333832.0
2025-03-05 12:30:00,272.15,274.1489,271.41,273.1867,4355294.0
2025-03-05 13:00:00,273.1275,276.06,271.53,275.36,4984929.0
2025-03-05 13:30:00,275.36,275.47,271.0,272.4319,4168980.0
2025-03-05 14:00:00,272.375,274.96,271.2,274.82,3681411.0
2025-03-05 14:30:00,274.72,279.16,273.66,276.94,5698265.0
2025-03-05 15:00:00,277.0,277.87,275.23,276.185,3746443.0
2025-03-05 15:30:00,276.19,278.1399,273.52,276.82,5114082.0
2025-03-05 16:00:00,276.8,279.55,275.26,279.1,10607631.0
2025-03-06 10:00:00,272.06,272.118,264.4,266.59,14969355.0
2025-03-06 10:30:00,266.59,271.4999,265.62,270.71,8769601.0
2025-03-06 11:00:00,270.7214,272.65,268.66,269.82,6279518.0
2025-03-06 11:30:00,269.94,271.4387,267.58,269.33,5206362.0
2025-03-06 12:00:00,269.33,271.2395,264.65,264.7,6148213.0
2025-03-06 12:30:00,264.7,265.7677,262.85,263.33,6506480.0
2025-03-06 13:00:00,263.39,264.73,261.77,263.98,5189637.0
2025-03-06 13:30:00,263.905,264.64,262.45,262.95,3909161.0
2025-03-06 14:00:00,263.0,263.58,260.11,262.7643,5679975.0
2025-03-06 14:30:00,262.7539,263.17,260.02,260.56,5184097.0
2025-03-06 15:00:00,260.45,266.62,260.02,261.834,6791765.0
2025-03-06 15:30:00,261.86,264.34,260.08,261.12,6010858.0
2025-03-06 16:00:00,261.17,264.34,260.55,263.45,12355565.0
2025-03-07 10:00:00,259.32,266.2499,258.97,262.015,13820033.0
2025-03-07 10:30:00,262.12,264.3776,260.63,260.9493,8118789.0
2025-03-07 11:00:00,260.9,261.6,256.94,259.02,9187197.0
2025-03-07 11:30:00,258.94,259.79,254.31,254.39,6667341.0
2025-03-07 12:00:00,254.42,255.73,250.73,252.6541,8649889.0
2025-03-07 12:30:00,252.71,256.095,252.31,256.04,6498772.0
2025-03-07 13:00:00,256.09,261.16,254.9,256.79,7400473.0
2025-03-07 13:30:00,256.86,262.89,256.58,260.2,6485299.0
2025-03-07 14:00:00,260.27,264.07,259.6715,263.3959,4793287.0
2025-03-07 14:30:00,263.43,264.27,261.35,263.113,4869909.0
2025-03-07 15:00:00,263.15,263.57,259.23,260.59,4956317.0
2025-03-07 15:30:00,260.55,262.7693,260.09,261.62,4263609.0
2025-03-07 16:00:00,261.62,263.5,258.46,262.67,10135197.0
2025-03-10 10:00:00,252.535,253.37,243.39,243.895,21056036.0
2025-03-10 10:30:00,243.93,243.96,238.88,239.73,16047415.0
2025-03-10 11:00:00,239.81,241.49,237.6,238.9,12947709.0
2025-03-10 11:30:00,238.8377,241.11,238.8377,240.16,6548389.0
2025-03-10 12:00:00,240.15,243.11,238.34,238.6941,8242090.0
2025-03-10 12:30:00,238.66,239.44,233.03,234.3,12310621.0
2025-03-10 13:00:00,234.33,234.9495,230.11,230.9705,11482323.0
2025-03-10 13:30:00,230.935,231.2947,225.59,227.05,16343771.0
2025-03-10 14:00:00,227.06,228.85,225.03,225.76,9321868.0
2025-03-10 14:30:00,225.735,227.5,224.12,225.9992,9293078.0
2025-03-10 15:00:00,226.01,227.1,222.65,222.84,8650710.0
2025-03-10 15:30:00,222.84,223.48,220.66,221.58,14646981.0
2025-03-10 16:00:00,221.57,224.8,220.0,222.15,30804899.0
2025-03-11 10:00:00,225.305,236.2896,222.0,232.9,28175780.0
2025-03-11 10:30:00,232.845,235.8,222.5701,222.6501,18751263.0
2025-03-11 11:00:00,222.59,226.4195,217.02,223.95,18057706.0
2025-03-11 11:30:00,223.93,230.9899,223.15,228.45,11306663.0
2025-03-11 12:00:00,228.39,232.7,227.35,227.59,9199801.0
2025-03-11 12:30:00,227.59,229.2899,225.91,228.235,7077938.0
2025-03-11 13:00:00,228.3,230.4499,226.3914,227.3,6158644.0
2025-03-11 13:30:00,227.3031,227.7,223.55,223.81,6355543.0
2025-03-11 14:00:00,223.75,228.7,223.57,228.255,6462031.0
2025-03-11 14:30:00,228.255,234.44,228.15,233.228,8751873.0
2025-03-11 15:00:00,233.17,237.0649,231.5316,235.0375,10112585.0
2025-03-11 15:30:00,235.06,235.71,230.82,232.682,10135703.0
2025-03-11 16:00:00,232.73,234.99,229.62,230.58,16972095.0
2025-03-12 10:00:00,247.22,251.69,244.3,246.68,26893881.0
2025-03-12 10:30:00,246.67,250.85,245.38,246.895,12921319.0
2025-03-12 11:00:00,246.95,247.36,242.7601,244.23,11644821.0
2025-03-12 11:30:00,244.29,245.4186,241.1,244.8206,9766620.0
2025-03-12 12:00:00,244.88,247.58,244.53,246.8699,6820606.0
2025-03-12 12:30:00,246.85,249.99,245.48,249.3,7175626.0
2025-03-12 13:00:00,249.31,251.84,247.4,247.71,8091342.0
2025-03-12 13:30:00,247.75,250.9792,247.47,250.2399,5598189.0
2025-03-12 14:00:00,250.12,251.1,245.75,245.78,6029422.0
2025-03-12 14:30:00,245.8,249.5,245.7503,249.38,5195772.0
2025-03-12 15:00:00,249.43,249.85,247.6849,249.18,4549304.0
2025-03-12 15:30:00,249.16,249.33,247.45,247.7035,4798788.0
2025-03-12 16:00:00,247.74,248.49,245.98,248.09,16990410.0
2025-03-13 10:00:00,248.125,248.29,235.7,236.11,19891210.0
2025-03-13 10:30:00,236.05,241.82,234.0,239.46,15490700.0
2025-03-13 11:00:00,239.5,240.7,236.45,237.09,8508870.0
2025-03-13 11:30:00,237.0469,238.35,235.7,236.15,6170684.0
2025-03-13 12:00:00,236.13,236.44,232.6,234.355,8053445.0
2025-03-13 12:30:00,234.42,236.0,234.13,235.37,4732650.0
2025-03-13 13:00:00,235.4,238.49,234.6001,237.1645,6640181.0
2025-03-13 13:30:00,237.095,238.18,235.01,236.07,4089722.0
2025-03-13 14:00:00,236.04,239.28,235.45,238.0695,4454667.0
2025-03-13 14:30:00,238.0,241.34,237.875,240.71,6191557.0
2025-03-13 15:00:00,240.75,242.1497,239.8065,241.37,5255589.0
2025-03-13 15:30:00,241.35,242.6,239.27,239.725,5123863.0
2025-03-13 16:00:00,239.83,240.93,238.151,240.68,11665205.0
2025-03-14 10:00:00,247.31,250.6399,243.02,243.26,16263066.0
2025-03-14 10:30:00,243.06,244.7,240.73,241.04,11172225.0
2025-03-14 11:00:00,241.13,245.48,240.88,245.45,7778477.0
2025-03-14 11:30:00,245.465,248.73,245.06,248.5951,8067038.0
2025-03-14 12:00:00,248.58,249.76,248.11,249.075,6813042.0
2025-03-14 12:30:00,249.04,249.08,246.4104,246.81,5205595.0
2025-03-14 13:00:00,246.79,249.2,246.41,248.9,4130693.0
2025-03-14 13:30:00,248.85,249.66,247.72,248.01,4079070.0
2025-03-14 14:00:00,247.99,249.35,247.42,248.64,3497983.0
2025-03-14 14:30:00,248.6899,249.9,248.33,249.1,4261227.0
2025-03-14 15:00:00,249.14,251.58,249.0,249.86,6055619.0
2025-03-14 15:30:00,249.8,251.0,248.0,248.49,5003473.0
2025-03-14 16:00:00,248.51,250.3299,247.79,249.98,12516622.0
2025-03-17 10:00:00,245.055,245.4,238.8653,243.64,17169247.0
2025-03-17 10:30:00,243.72,243.98,237.2,237.338,10643065.0
2025-03-17 11:00:00,237.345,240.44,236.1507,236.6893,9744195.0
2025-03-17 11:30:00,236.68,237.58,234.4,235.6,8363072.0
2025-03-17 12:00:00,235.6,236.13,233.51,234.3994,7516441.0
2025-03-17 12:30:00,234.44,236.1,233.02,233.37,6486669.0
2025-03-17 13:00:00,233.4,234.52,232.8,233.973,5185531.0
2025-03-17 13:30:00,233.93,236.7094,233.3301,236.355,5498731.0
2025-03-17 14:00:00,236.3557,237.7287,235.7901,236.7999,5216341.0
2025-03-17 14:30:00,236.785,239.32,236.18,239.295,5447544.0
2025-03-17 15:00:00,239.3,240.42,238.96,239.75,4922142.0
2025-03-17 15:30:00,239.7799,240.0,237.28,237.4501,5185281.0
2025-03-17 16:00:00,237.45,239.9,237.1406,238.01,14209084.0
2025-03-18 10:00:00,228.155,230.1,222.53,223.9091,20751140.0
2025-03-18 10:30:00,223.94,225.53,222.28,225.08,11342544.0
2025-03-18 11:00:00,225.05,226.44,223.23,224.59,8105584.0
2025-03-18 11:30:00,224.575,228.88,223.05,227.92,8917899.0
2025-03-18 12:00:00,227.93,229.46,226.9101,228.53,6661467.0
2025-03-18 12:30:00,228.58,229.61,228.13,229.2,4681309.0
2025-03-18 13:00:00,229.19,229.24,226.13,228.17,5112577.0
2025-03-18 13:30:00,228.17,228.83,226.41,226.9955,4246989.0
2025-03-18 14:00:00,226.955,227.4992,224.66,225.145,4778171.0
2025-03-18 14:30:00,225.17,225.68,223.3006,225.14,6097429.0
2025-03-18 15:00:00,225.135,227.9699,225.125,227.05,4867544.0
2025-03-18 15:30:00,226.99,227.45,225.55,226.4172,4755051.0
2025-03-18 16:00:00,226.4257,226.86,224.72,225.31,11082951.0
2025-03-19 10:00:00,231.61,234.13,229.201,229.83,16312628.0
2025-03-19 10:30:00,229.82,233.82,229.6,231.3333,10571364.0
2025-03-19 11:00:00,231.31,232.2,230.42,231.14,6229051.0
2025-03-19 11:30:00,231.0985,235.5,230.79,235.415,7155237.0
2025-03-19 12:00:00,235.43,237.07,234.62,235.55,7754355.0
2025-03-19 12:30:00,235.52,236.02,234.7101,235.18,4184339.0
2025-03-19 13:00:00,235.15,235.2045,233.71,234.832,4108802.0
2025-03-19 13:30:00,234.85,235.19,233.37,234.3508,3823843.0
2025-03-19 14:00:00,234.335,234.9899,232.6001,232.95,3729898.0
2025-03-19 14:30:00,232.85,235.15,232.07,233.46,6839008.0
2025-03-19 15:00:00,233.42,237.7,233.42,237.47,7083742.0
2025-03-19 15:30:00,237.46,241.41,235.01,235.35,12825424.0
2025-03-19 16:00:00,235.325,238.15,235.14,235.86,14556056.0
2025-03-20 10:00:00,233.345,236.3237,232.13,235.9364,14063680.0
2025-03-20 10:30:00,235.97,238.0,235.11,236.5227,9255961.0
2025-03-20 11:00:00,236.5,237.08,235.33,236.35,5773038.0
2025-03-20 11:30:00,236.35,236.5827,233.77,234.0744,5868960.0
2025-03-20 12:00:00,234.04,234.04,230.0501,231.93,11609695.0
2025-03-20 12:30:00,231.935,233.89,231.6,231.9098,5903620.0
2025-03-20 13:00:00,231.8589,234.14,231.8589,233.43,4420691.0
2025-03-20 13:30:00,233.42,235.6899,233.1501,234.2701,5329031.0
2025-03-20 14:00:00,234.33,236.65,234.1501,234.86,4975367.0
2025-03-20 14:30:00,234.86,235.18,232.35,232.475,4459835.0
2025-03-20 15:00:00,232.44,233.84,231.89,232.43,4885551.0
2025-03-20 15:30:00,232.4525,235.09,232.32,233.69,4347134.0
2025-03-20 16:00:00,233.71,236.26,233.6801,236.26,10097068.0
2025-03-21 10:00:00,234.985,243.93,234.55,241.595,22514998.0
2025-03-21 10:30:00,241.595,242.42,237.16,238.9299,13270401.0
2025-03-21 11:00:00,238.92,241.41,237.858,241.2799,7663447.0
2025-03-21 11:30:00,241.26,242.679,240.0,240.25,6820058.0
2025-03-21 12:00:00,240.3,241.5724,239.28,241.2299,5243955.0
2025-03-21 12:30:00,241.19,245.02,240.04,244.95,7602320.0
2025-03-21 13:00:00,244.92,246.89,244.8,246.7983,8637657.0
2025-03-21 13:30:00,246.8,246.82,244.44,245.36,6818184.0
2025-03-21 14:00:00,245.37,247.56,245.16,246.26,6243111.0
2025-03-21 14:30:00,246.28,247.215,245.74,246.075,4248293.0
2025-03-21 15:00:00,246.07,247.41,245.52,246.11,5085342.0
2025-03-21 15:30:00,246.11,246.16,244.52,245.025,6342534.0
2025-03-21 16:00:00,245.01,249.52,244.6,248.71,21861077.0
2025-03-24 10:00:00,258.075,268.1,256.33,267.52,27980560.0
2025-03-24 10:30:00,267.52,274.4,267.09,274.21,20582435.0
2025-03-24 11:00:00,274.21,274.72,270.87,272.14,14574071.0
2025-03-24 11:30:00,272.11,274.0899,270.7005,271.9885,10416401.0
2025-03-24 12:00:00,271.925,272.292,270.02,271.96,8888924.0
2025-03-24 12:30:00,271.98,273.29,271.55,272.3312,6719982.0
2025-03-24 13:00:00,272.325,275.77,271.77,273.8852,8259244.0
2025-03-24 13:30:00,273.8738,274.78,272.15,274.04,6270465.0
2025-03-24 14:00:00,274.09,275.0,273.72,274.33,5457785.0
2025-03-24 14:30:00,274.36,275.45,273.31,275.23,6944261.0
2025-03-24 15:00:00,275.24,275.44,273.71,273.86,5520854.0
2025-03-24 15:30:00,273.91,276.35,273.65,276.17,8358584.0
2025-03-24 16:00:00,276.165,278.64,275.36,278.39,24424556.0
2025-03-25 10:00:00,283.6,283.6,271.28,274.93,30044409.0
2025-03-25 10:30:00,274.98,277.49,271.4201,277.1543,14453462.0
2025-03-25 11:00:00,277.19,279.71,276.17,277.42,12349968.0
2025-03-25 11:30:00,277.46,278.62,276.85,277.73,6644589.0
2025-03-25 12:00:00,277.72,277.89,275.15,277.29,7223999.0
2025-03-25 12:30:00,277.32,279.2,277.24,278.07,5714405.0
2025-03-25 13:00:00,278.12,280.72,277.7001,279.0329,6265479.0
2025-03-25 13:30:00,279.03,280.13,277.0,277.2441,6221503.0
2025-03-25 14:00:00,277.28,278.95,277.26,277.855,4098873.0
2025-03-25 14:30:00,277.82,280.6277,277.14,279.67,5666294.0
2025-03-25 15:00:00,279.73,283.77,279.441,282.15,8620773.0
2025-03-25 15:30:00,282.12,284.87,281.62,284.55,9248473.0
2025-03-25 16:00:00,284.54,288.2,284.35,288.14,18751710.0
2025-03-26 10:00:00,282.66,284.9,277.61,278.775,20784897.0
2025-03-26 10:30:00,278.81,280.63,272.59,275.87,18530331.0
2025-03-26 11:00:00,275.855,278.5335,275.07,276.9,10681376.0
2025-03-26 11:30:00,276.94,279.33,275.55,276.48,8941892.0
2025-03-26 12:00:00,276.515,277.78,273.6,273.89,7564267.0
2025-03-26 12:30:00,273.86,274.7899,272.8,274.38,7708389.0
2025-03-26 13:00:00,274.38,275.0,269.65,270.06,9846098.0
2025-03-26 13:30:00,270.07,271.71,269.7801,270.895,6843956.0
2025-03-26 14:00:00,270.895,273.5,268.66,270.764,9434860.0
2025-03-26 14:30:00,270.8,272.6,269.73,271.68,6190219.0
2025-03-26 15:00:00,271.66,272.4699,269.58,269.67,6073106.0
2025-03-26 15:30:00,269.66,270.7,267.2501,267.7542,8042884.0
2025-03-26 16:00:00,267.78,272.5728,266.51,272.06,20054696.0
2025-03-27 10:00:00,272.48,279.3899,271.8216,278.67,20378814.0
2025-03-27 10:30:00,278.62,282.5497,276.65,282.3808,13451104.0
2025-03-27 11:00:00,282.4789,291.85,282.21,291.16,20364910.0
2025-03-27 11:30:00,291.155,291.34,286.37,286.92,12471849.0
2025-03-27 12:00:00,286.97,286.9784,282.3,283.61,11670664.0
2025-03-27 12:30:00,283.5326,287.18,280.26,280.41,11097385.0
2025-03-27 13:00:00,280.43,281.9122,277.26,277.7028,10934431.0
2025-03-27 13:30:00,277.69,279.55,273.8,273.93,9068064.0
2025-03-27 14:00:00,273.96,278.6,273.7252,276.0576,7782853.0
2025-03-27 14:30:00,276.04,277.7686,275.761,276.13,5283460.0
2025-03-27 15:00:00,276.05,279.5699,275.25,276.8799,6247541.0
2025-03-27 15:30:00,276.82,279.8,275.52,278.2,6604439.0
2025-03-27 16:00:00,278.19,278.64,272.06,273.13,15393814.0
2025-03-28 10:00:00,275.575,276.1,268.84,273.2482,17489887.0
2025-03-28 10:30:00,273.11,274.58,264.15,265.0,14404920.0
2025-03-28 11:00:00,265.0,266.12,260.79,264.83,14847144.0
2025-03-28 11:30:00,264.83,267.3234,263.1302,265.8,8408978.0
2025-03-28 12:00:00,265.75,268.11,263.33,263.36,7079142.0
2025-03-28 12:30:00,263.4292,265.0999,261.75,263.5,6698866.0
2025-03-28 13:00:00,263.5485,264.9,263.21,263.62,4320253.0
2025-03-28 13:30:00,263.54,266.0,262.85,263.28,5523237.0
2025-03-28 14:00:00,263.29,263.97,262.36,263.445,4671186.0
2025-03-28 14:30:00,263.41,265.4,263.3202,264.67,5674539.0
2025-03-28 15:00:00,264.75,265.18,262.77,263.955,4485562.0
2025-03-28 15:30:00,263.955,264.8346,262.35,263.055,6698521.0
2025-03-28 16:00:00,263.055,264.7,260.57,263.55,15125917.0
2025-03-31 10:00:00,249.31,250.88,243.3601,248.84,21663749.0
2025-03-31 10:30:00,248.805,252.08,245.15,245.39,13502125.0
2025-03-31 11:00:00,245.36,249.23,245.21,247.91,9535675.0
2025-03-31 11:30:00,247.91,252.3,247.835,250.92,8998252.0
2025-03-31 12:00:00,250.905,254.3,250.18,252.429,7843539.0
2025-03-31 12:30:00,252.39,255.25,250.47,254.84,6960692.0
2025-03-31 13:00:00,254.84,256.36,254.04,254.6895,6323023.0
2025-03-31 13:30:00,254.6736,256.9,253.66,254.25,6084225.0
2025-03-31 14:00:00,254.3,255.43,252.62,254.08,5312741.0
2025-03-31 14:30:00,254.11,258.7799,253.8,258.5459,7138551.0
2025-03-31 15:00:00,258.58,260.35,257.52,258.11,7627344.0
2025-03-31 15:30:00,258.07,259.6899,256.5,256.7068,7010959.0
2025-03-31 16:00:00,256.69,260.56,256.35,259.16,15285240.0
2025-04-01 10:00:00,263.8,268.12,259.25,263.74,19438679.0
2025-04-01 10:30:00,263.9,266.51,261.09,265.99,11884585.0
2025-04-01 11:00:00,265.89,272.84,265.7,272.65,14962212.0
2025-04-01 11:30:00,272.635,274.83,271.03,274.17,10950240.0
2025-04-01 12:00:00,274.19,276.3186,272.53,275.31,9816115.0
2025-04-01 12:30:00,275.34,277.45,273.17,273.7301,9360209.0
2025-04-01 13:00:00,273.79,275.5,271.0,274.518,9940634.0
2025-04-01 13:30:00,274.555,275.17,273.11,273.3384,5795899.0
2025-04-01 14:00:00,273.3,275.91,272.9201,274.665,6656249.0
2025-04-01 14:30:00,274.71,275.14,269.17,269.85,8441428.0
2025-04-01 15:00:00,269.8,270.6803,267.09,269.24,7695608.0
2025-04-01 15:30:00,269.259,271.08,268.46,269.05,6860843.0
2025-04-01 16:00:00,269.08,271.06,268.2,268.46,14571838.0
2025-04-02 10:00:00,254.6,263.6509,251.27,261.84,24896364.0
2025-04-02 10:30:00,261.84,266.4892,260.85,263.02,15481032.0
2025-04-02 11:00:00,263.005,265.25,260.13,264.92,10938079.0
2025-04-02 11:30:00,264.9,276.99,263.74,275.5166,20617902.0
2025-04-02 12:00:00,275.5,281.61,273.55,278.44,21321446.0
2025-04-02 12:30:00,278.4,284.3899,277.38,283.21,14930247.0
2025-04-02 13:00:00,283.21,284.12,276.23,280.98,16331173.0
2025-04-02 13:30:00,280.95,284.2,278.84,283.58,10174433.0
2025-04-02 14:00:00,283.585,283.86,280.75,283.235,8342613.0
2025-04-02 14:30:00,283.2,283.92,278.43,278.64,9028237.0
2025-04-02 15:00:00,278.61,283.26,278.38,280.635,7909521.0
2025-04-02 15:30:00,280.63,282.42,278.74,280.675,8629203.0
2025-04-02 16:00:00,280.63,284.99,278.53,282.76,20148899.0
2025-04-03 10:00:00,265.29,276.3,264.0,271.33,22533281.0
2025-04-03 10:30:00,271.25,272.44,265.7,267.3575,13731457.0
2025-04-03 11:00:00,267.3,268.48,261.51,262.16,11984843.0
2025-04-03 11:30:00,262.105,267.2458,261.51,265.58,10337688.0
2025-04-03 12:00:00,265.54,268.25,265.02,267.22,7561042.0
2025-04-03 12:30:00,267.21,271.49,266.9,270.88,8751555.0
2025-04-03 13:00:00,270.98,271.45,268.23,269.865,7398981.0
2025-04-03 13:30:00,269.865,271.6,266.98,268.28,6490680.0
2025-04-03 14:00:00,268.28,270.5,267.6013,267.74,5033885.0
2025-04-03 14:30:00,267.71,268.94,266.58,267.0878,4477786.0
2025-04-03 15:00:00,267.0801,269.89,266.48,269.31,6039789.0
2025-04-03 15:30:00,269.32,270.22,265.21,265.9,7430527.0
2025-04-03 16:00:00,265.955,268.38,264.86,267.28,15509886.0
2025-04-04 10:00:00,255.38,261.0,248.06,252.27,23219375.0
2025-04-04 10:30:00,252.39,252.5,242.3,242.4137,17214523.0
2025-04-04 11:00:00,242.48,244.5957,236.0,242.955,19866047.0
2025-04-04 11:30:00,242.85,249.03,242.39,243.75,16816945.0
2025-04-04 12:00:00,243.82,245.83,240.7,242.105,10469982.0
2025-04-04 12:30:00,242.105,245.0991,241.0,241.42,7677432.0
2025-04-04 13:00:00,241.41,243.19,240.01,241.7,9168335.0
2025-04-04 13:30:00,241.685,243.1299,239.36,241.0169,6908343.0
2025-04-04 14:00:00,240.96,245.2799,239.741,245.05,7372160.0
2025-04-04 14:30:00,244.981,246.23,240.01,240.2,6877316.0
2025-04-04 15:00:00,240.27,241.2,239.0,239.86,7416777.0
2025-04-04 15:30:00,239.77,243.9303,238.42,242.79,9242879.0
2025-04-04 16:00:00,242.74,245.2627,238.71,239.43,22202323.0
2025-04-07 10:00:00,223.78,230.93,214.25,230.7122,27260912.0
2025-04-07 10:30:00,230.63,252.0,226.27,228.19,29165584.0
2025-04-07 11:00:00,228.1572,237.19,224.195,233.68,16246843.0
2025-04-07 11:30:00,233.68,236.5,225.1198,225.82,12402294.0
2025-04-07 12:00:00,225.7082,231.6399,225.65,227.74,7849276.0
2025-04-07 12:30:00,227.73,230.17,225.12,228.85,8356750.0
2025-04-07 13:00:00,228.87,230.65,225.67,226.24,6104243.0
2025-04-07 13:30:00,226.295,234.6577,226.19,233.1699,8799793.0
2025-04-07 14:00:00,233.045,237.23,230.52,236.75,7840830.0
2025-04-07 14:30:00,236.74,237.37,231.3,231.555,7725545.0
2025-04-07 15:00:00,231.5575,234.8999,230.0819,230.465,6745502.0
2025-04-07 15:30:00,230.54,233.6,227.7501,229.45,9077690.0
2025-04-07 16:00:00,229.44,234.66,228.1701,233.29,15916148.0
2025-04-08 10:00:00,245.0,248.86,241.344,245.64,20332279.0
2025-04-08 10:30:00,245.57,249.94,244.51,247.966,14253240.0
2025-04-08 11:00:00,247.98,250.44,243.4802,243.885,13122518.0
2025-04-08 11:30:00,243.885,246.1895,242.4201,243.45,9672493.0
2025-04-08 12:00:00,243.345,246.9099,241.86,243.0941,8187648.0
2025-04-08 12:30:00,243.1,243.1,236.6001,237.815,9358141.0
2025-04-08 13:00:00,237.78,238.6,231.63,231.7235,12538109.0
2025-04-08 13:30:00,231.7,233.57,228.2,229.65,10316635.0
2025-04-08 14:00:00,229.6,235.1998,229.401,233.6615,9076301.0
2025-04-08 14:30:00,233.665,233.72,228.8401,229.0863,6854353.0
2025-04-08 15:00:00,229.045,233.6199,227.77,228.31,9165218.0
2025-04-08 15:30:00,228.3175,229.0853,220.6,222.9794,13435110.0
2025-04-08 16:00:00,222.98,223.19,217.8,221.86,23966347.0
2025-04-09 10:00:00,224.69,233.19,223.88,231.4405,19873810.0
2025-04-09 10:30:00,231.43,236.0,229.1215,231.59,13278367.0
2025-04-09 11:00:00,231.7,234.28,226.76,226.7932,11367094.0
2025-04-09 11:30:00,226.85,232.22,226.62,230.7618,8442597.0
2025-04-09 12:00:00,230.82,231.66,227.4269,229.6925,7575497.0
2025-04-09 12:30:00,229.69,233.83,228.799,232.655,7258235.0
2025-04-09 13:00:00,232.65,234.4,231.87,232.9,5789015.0
2025-04-09 13:30:00,232.94,253.8,232.0,246.37,20320236.0
2025-04-09 14:00:00,246.4,260.56,232.55,260.0954,20940452.0
2025-04-09 14:30:00,260.16,266.89,256.5,265.09,19380497.0
2025-04-09 15:00:00,265.06,266.99,261.4,261.8075,14600580.0
2025-04-09 15:30:00,261.805,274.03,259.3822,268.48,17266964.0
2025-04-09 16:00:00,268.46,274.69,267.2,272.2,34568648.0
2025-04-10 10:00:00,260.0,262.49,253.85,253.9275,21405542.0
2025-04-10 10:30:00,253.93,256.66,252.8,254.39,12985209.0
2025-04-10 11:00:00,254.47,257.55,251.9,252.26,10345966.0
2025-04-10 11:30:00,252.255,255.0,251.19,251.2508,8034510.0
2025-04-10 12:00:00,251.2855,251.75,244.47,244.87,12893594.0
2025-04-10 12:30:00,244.85,246.23,239.33,241.275,15582652.0
2025-04-10 13:00:00,241.235,247.09,240.9,246.74,12221988.0
2025-04-10 13:30:00,246.72,250.17,242.2,245.85,11626565.0
2025-04-10 14:00:00,245.83,251.88,245.0201,250.56,9974695.0
2025-04-10 14:30:00,250.4501,254.58,247.88,254.1,11049483.0
2025-04-10 15:00:00,254.14,256.54,251.23,252.7548,10992895.0
2025-04-10 15:30:00,252.705,254.84,247.7075,247.7575,10406402.0
2025-04-10 16:00:00,247.79,253.4399,245.14,252.4,22734359.0
2025-04-11 10:00:00,251.84,257.74,250.7,251.18,16967516.0
2025-04-11 10:30:00,251.33,251.34,244.58,244.85,13534766.0
2025-04-11 11:00:00,244.895,249.75,244.0712,246.22,9279213.0
2025-04-11 11:30:00,246.18,249.79,242.155,243.9,10565114.0
2025-04-11 12:00:00,243.95,246.0,243.46,244.875,6788575.0
2025-04-11 12:30:00,244.88,245.1,241.3629,242.22,7420950.0
2025-04-11 13:00:00,242.225,251.22,242.201,249.0,11997173.0
2025-04-11 13:30:00,249.0,250.0,245.3101,245.55,7615976.0
2025-04-11 14:00:00,245.5298,250.42,245.05,249.76,8055777.0
2025-04-11 14:30:00,249.6701,250.15,247.27,248.53,5288475.0
2025-04-11 15:00:00,248.55,249.4,246.57,246.9,4476787.0
2025-04-11 15:30:00,246.8825,251.462,246.8089,250.415,6856064.0
2025-04-11 16:00:00,250.37,252.32,248.7001,252.31,11479458.0
2025-04-14 10:00:00,258.36,261.8,252.46,256.35,15228364.0
2025-04-14 10:30:00,256.355,259.55,254.96,257.265,9005733.0
2025-04-14 11:00:00,257.265,258.57,255.31,255.45,6467998.0
2025-04-14 11:30:00,255.43,255.7,248.59,248.935,9364853.0
2025-04-14 12:00:00,248.95,250.47,247.68,249.0948,7536491.0
2025-04-14 12:30:00,249.1,249.7689,246.2801,247.005,7063776.0
2025-04-14 13:00:00,246.98,249.68,245.93,246.265,5154553.0
2025-04-14 13:30:00,246.265,249.238,246.05,247.99,5012057.0
2025-04-14 14:00:00,247.97,249.37,247.2,249.05,3693005.0
2025-04-14 14:30:00,248.99,249.9,248.2201,249.17,3350186.0
2025-04-14 15:00:00,249.2329,252.29,248.85,251.26,5601023.0
2025-04-14 15:30:00,251.255,254.15,250.82,253.4817,5570025.0
2025-04-14 16:00:00,253.44,256.0,251.92,252.35,10771290.0
2025-04-15 10:00:00,249.91,255.75,247.54,254.59,13732980.0
2025-04-15 10:30:00,254.53,257.86,253.3737,254.11,12042297.0
2025-04-15 11:00:00,254.1492,258.75,254.1492,255.7963,8263523.0
2025-04-15 11:30:00,255.7975,257.8499,255.03,255.225804,5352566.0
2025-04-15 12:00:00,255.29,256.17,254.05,255.49,4775401.0
2025-04-15 12:30:00,255.52,256.3,254.84,255.22,2981148.0
2025-04-15 13:00:00,255.23,255.65,252.36,252.685,3813975.0
2025-04-15 13:30:00,252.64,253.35,251.59,252.1499,4073134.0
2025-04-15 14:00:00,252.08,253.9299,251.92,252.6693,3358437.0
2025-04-15 14:30:00,252.635,252.9,250.84,251.921692,3791806.0
2025-04-15 15:00:00,251.8825,252.9999,251.82,252.3625,2954899.0
2025-04-15 15:30:00,252.365,253.66,251.66,252.1297,3403019.0
2025-04-15 16:00:00,252.115,254.2343,252.06,254.11,6449395.0
2025-04-16 10:00:00,247.61,250.84,247.0301,247.58,10930318.0
2025-04-16 10:30:00,247.5701,250.59,247.2,250.0471,7130687.0
2025-04-16 11:00:00,250.01,250.4,248.31,248.86,5475337.0
2025-04-16 11:30:00,248.88,251.35,248.17,250.7999,5332744.0
2025-04-16 12:00:00,250.8,251.97,248.46,248.63,5045932.0
2025-04-16 12:30:00,248.7,249.01,246.68,247.315,5119268.0
2025-04-16 13:00:00,247.31,248.26,245.26,245.535,4988000.0
2025-04-16 13:30:00,245.56,246.86,245.2,246.62,3724195.0
2025-04-16 14:00:00,246.67,246.722,240.01,240.48,11196779.0
2025-04-16 14:30:00,240.48,241.89,239.37,240.74,7709269.0
2025-04-16 15:00:00,240.725,240.99,236.9101,237.07,6934840.0
2025-04-16 15:30:00,237.1,237.8299,233.89,234.38,11199754.0
2025-04-16 16:00:00,234.405,241.74,234.4,241.55,22013555.0
2025-04-17 10:00:00,243.47,244.34,239.44,242.7,12125514.0
2025-04-17 10:30:00,242.695,243.45,238.65,238.8001,9142897.0
2025-04-17 11:00:00,238.85,241.39,237.6833,240.105,7027388.0
2025-04-17 11:30:00,240.145,242.25,239.3,239.45,5254149.0
2025-04-17 12:00:00,239.5,241.31,239.33,239.6248,4639108.0
2025-04-17 12:30:00,239.585,242.11,238.47,241.781,5300412.0
2025-04-17 13:00:00,241.8335,242.56,239.65,240.58,4318481.0
2025-04-17 13:30:00,240.54,241.7292,239.3,239.3434,3115592.0
2025-04-17 14:00:00,239.4,241.47,238.75,240.885,3656378.0
2025-04-17 14:30:00,240.885,242.16,240.57,241.24,3416542.0
2025-04-17 15:00:00,241.27,242.1,239.92,239.95,3664423.0
2025-04-17 15:30:00,239.955,240.51,238.8801,239.2398,4146758.0
2025-04-17 16:00:00,239.2744,241.75,239.145,241.37,12888185.0
2025-04-21 10:00:00,230.26,232.21,225.61,225.7836,15857911.0
2025-04-21 10:30:00,225.75,226.02,223.67,225.01,10080115.0
2025-04-21 11:00:00,225.01,226.85,224.5,225.6,6589262.0
2025-04-21 11:30:00,225.59,226.1999,223.94,224.75,5282831.0
2025-04-21 12:00:00,224.76,225.5,223.43,223.71,5088744.0
2025-04-21 12:30:00,223.7,225.55,223.7,224.82,4497915.0
2025-04-21 13:00:00,224.815,226.07,224.3,224.62,3720665.0
2025-04-21 13:30:00,224.62,225.15,223.1732,223.46,4197309.0
2025-04-21 14:00:00,223.45,224.25,222.79,222.97,3817034.0
2025-04-21 14:30:00,222.99,224.61,222.9213,224.44,3575665.0
2025-04-21 15:00:00,224.36,225.14,223.25,223.47,3728024.0
2025-04-21 15:30:00,223.42,225.22,223.36,224.57,5033846.0
2025-04-21 16:00:00,224.53,227.87,224.52,227.5,16292738.0
2025-04-22 10:00:00,230.96,237.09,229.8501,236.8186,14511881.0
2025-04-22 10:30:00,236.82,237.81,235.28,235.9601,8762742.0
2025-04-22 11:00:00,235.96,237.14,234.62,236.895,6673943.0
2025-04-22 11:30:00,236.87,239.38,236.79,238.11,7019026.0
2025-04-22 12:00:00,238.14,239.53,237.64,239.248,5888140.0
2025-04-22 12:30:00,239.27,242.79,239.23,241.84,8896347.0
2025-04-22 13:00:00,241.84,242.0799,239.8724,240.738,4435758.0
2025-04-22 13:30:00,240.75,241.3999,235.65,235.87,7567118.0
2025-04-22 14:00:00,235.865,237.09,234.46,235.11,6095392.0
2025-04-22 14:30:00,235.15,238.5,235.1,238.26,5005411.0
2025-04-22 15:00:00,238.24,238.61,237.61,237.81,3685268.0
2025-04-22 15:30:00,237.815,238.0299,235.25,235.39,5455674.0
2025-04-22 16:00:00,235.4,238.34,235.13,237.97,13825905.0
2025-04-23 10:00:00,254.86,255.1819,244.43,246.59,27164749.0
2025-04-23 10:30:00,246.63,255.47,244.8,254.635,17782910.0
2025-04-23 11:00:00,254.59,258.13,254.11,257.0861,14684516.0
2025-04-23 11:30:00,257.19,259.4499,254.25,254.6867,12968082.0
2025-04-23 12:00:00,254.75,256.07,252.35,254.68,9481408.0
2025-04-23 12:30:00,254.66,254.78,251.08,252.64,6469571.0
2025-04-23 13:00:00,252.67,256.79,252.2,256.35,6663883.0
2025-04-23 13:30:00,256.3,257.3499,254.29,255.9699,5667605.0
2025-04-23 14:00:00,255.98,258.23,254.79,257.5275,6583660.0
2025-04-23 14:30:00,257.5,258.19,256.1763,256.4763,4866406.0
2025-04-23 15:00:00,256.52,257.8521,255.91,256.665,4885633.0
2025-04-23 15:30:00,256.61,257.04,252.06,252.38,7245940.0
2025-04-23 16:00:00,252.41,253.46,250.34,250.74,15152477.0
2025-04-24 10:00:00,250.5,254.33,249.2,253.7,13562148.0
2025-04-24 10:30:00,253.58,258.15,252.91,256.3899,11889357.0
2025-04-24 11:00:00,256.28,257.51,254.61,254.93,7186255.0
2025-04-24 11:30:00,254.9001,256.73,253.6901,254.8037,7185731.0
2025-04-24 12:00:00,254.8057,255.4,253.195,253.39,5828418.0
2025-04-24 12:30:00,253.42,254.89,252.47,254.8494,5651477.0
2025-04-24 13:00:00,254.83,256.1,254.58,255.7136,3858446.0
2025-04-24 13:30:00,255.7528,255.78,253.61,255.36,3843218.0
2025-04-24 14:00:00,255.36,255.78,254.5701,255.4749,2895164.0
2025-04-24 14:30:00,255.42,257.24,255.08,257.1681,4092581.0
2025-04-24 15:00:00,257.17,257.99,256.3401,256.57,4208528.0
2025-04-24 15:30:00,256.55,256.6,254.905,255.9501,4930214.0
2025-04-24 16:00:00,256.0,259.54,255.96,259.51,11622882.0
2025-04-25 10:00:00,261.69,265.26,259.63,261.55,14917635.0
2025-04-25 10:30:00,261.66,271.22,261.38,270.625,18363510.0
2025-04-25 11:00:00,270.65,278.18,269.74,275.1155,21759611.0
2025-04-25 11:30:00,275.14,279.99,274.56,279.5201,13014172.0
2025-04-25 12:00:00,279.5452,283.5,278.9001,281.43,14521870.0
2025-04-25 12:30:00,281.47,284.56,280.0,284.4,9680000.0
2025-04-25 13:00:00,284.4,286.39,283.76,286.14,9860791.0
2025-04-25 13:30:00,286.14,286.85,284.4,286.66,7626565.0
2025-04-25 14:00:00,286.64,286.64,281.05,282.9,10641271.0
2025-04-25 14:30:00,282.9175,284.99,282.7,284.2308,6864575.0
2025-04-25 15:00:00,284.235,286.01,283.95,285.395,6002421.0
2025-04-25 15:30:00,285.37,285.5835,282.2601,282.56,7078411.0
2025-04-25 16:00:00,282.54,285.45,281.7,284.95,20237861.0
2025-04-28 10:00:00,288.98,294.86,285.0639,285.76,28586418.0
2025-04-28 10:30:00,285.83,288.68,283.4,286.475,13241997.0
2025-04-28 11:00:00,286.5,287.5,281.362,281.68,11524807.0
2025-04-28 11:30:00,281.64,282.65,273.78,274.07,16623532.0
2025-04-28 12:00:00,274.02,277.77,273.67,276.51,10345172.0
2025-04-28 12:30:00,276.49,276.85,272.42,274.6083,8229681.0
2025-04-28 13:00:00,274.64,278.42,274.4307,277.37,6827886.0
2025-04-28 13:30:00,277.38,278.33,276.3201,276.5141,5362304.0
2025-04-28 14:00:00,276.555,280.15,275.39,279.845,6492750.0
2025-04-28 14:30:00,279.87,281.82,279.6,280.9428,6422210.0
2025-04-28 15:00:00,280.95,281.82,280.23,281.1363,4995512.0
2025-04-28 15:30:00,281.18,285.18,281.0,284.6492,8652688.0
2025-04-28 16:00:00,284.63,286.72,283.9,285.88,13407979.0
2025-04-29 10:00:00,285.5,288.0,279.71,283.18,15085722.0
2025-04-29 10:30:00,283.19,289.3,280.6,281.4,14936320.0
2025-04-29 11:00:00,281.4056,283.6328,279.4695,281.965,9688407.0
2025-04-29 11:30:00,281.93,283.25,280.31,281.91,6354396.0
2025-04-29 12:00:00,281.91,284.66,280.9,283.53,5873781.0
2025-04-29 12:30:00,283.5499,284.8,282.47,282.76,4778628.0
2025-04-29 13:00:00,282.7369,285.6599,282.7,283.6573,6150342.0
2025-04-29 13:30:00,283.63,285.68,283.25,284.9,4423230.0
2025-04-29 14:00:00,284.91,286.52,284.15,285.61,4440172.0
2025-04-29 14:30:00,285.64,286.87,285.4,285.7456,4411329.0
2025-04-29 15:00:00,285.75,286.38,284.92,285.76,3539779.0
2025-04-29 15:30:00,285.79,286.8596,285.52,286.8596,4250746.0
2025-04-29 16:00:00,286.86,293.32,286.8453,292.03,18128882.0
2025-04-30 10:00:00,279.9,280.44,270.78,271.3368,18814101.0
2025-04-30 10:30:00,271.335,277.64,270.94,277.0815,13988236.0
2025-04-30 11:00:00,277.04,277.55,274.35,276.6913,9380091.0
2025-04-30 11:30:00,276.7,281.43,276.6651,279.05,9117920.0
2025-04-30 12:00:00,279.0325,279.8,277.62,278.58,6486699.0
2025-04-30 12:30:00,278.53,279.45,275.99,276.18,5350288.0
2025-04-30 13:00:00,276.175,277.6,275.14,277.4388,5839611.0
2025-04-30 13:30:00,277.4328,278.14,275.33,278.03,5025951.0
2025-04-30 14:00:00,277.99,280.24,277.73,279.1527,6145284.0
2025-04-30 14:30:00,279.22,281.16,278.24,279.208,6185926.0
2025-04-30 15:00:00,279.12,279.89,277.84,278.455,4898858.0
2025-04-30 15:30:00,278.44,282.6993,278.44,281.4,8498845.0
2025-04-30 16:00:00,281.42,284.45,281.36,282.16,17386743.0
2025-05-01 10:00:00,280.01,287.2189,279.92,281.89,13701984.0
2025-05-01 10:30:00,281.98,286.5,280.79,286.22,9324218.0
2025-05-01 11:00:00,286.27,289.79,285.96,289.1028,11018838.0
2025-05-01 11:30:00,289.1001,290.8688,286.45,287.25,8632855.0
2025-05-01 12:00:00,287.26,287.4398,283.63,284.3402,6756546.0
2025-05-01 12:30:00,284.4,284.98,282.3,284.1306,6456527.0
2025-05-01 13:00:00,284.13,284.3364,282.52,282.99,4196791.0
2025-05-01 13:30:00,283.005,285.76,282.5901,284.1102,4900281.0
2025-05-01 14:00:00,284.12,284.29,281.76,282.465,5173501.0
2025-05-01 14:30:00,282.43,284.07,282.2,283.14,3564658.0
2025-05-01 15:00:00,283.14,283.9894,282.55,282.82,2947799.0
2025-05-01 15:30:00,282.81,284.58,282.61,283.445,3798598.0
2025-05-01 16:00:00,283.4198,284.6493,279.81,280.52,12101817.0
2025-05-02 10:00:00,284.9,287.94,280.92,282.4081,12505979.0
2025-05-02 10:30:00,282.445,284.12,279.81,283.2343,9524740.0
2025-05-02 11:00:00,283.27,286.94,282.01,286.515,9213112.0
2025-05-02 11:30:00,286.47,287.4,284.88,285.25,6860537.0
2025-05-02 12:00:00,285.27,288.25,285.0059,286.86,6275564.0
2025-05-02 12:30:00,286.9102,290.33,286.12,289.08,8547251.0
2025-05-02 13:00:00,289.1,292.53,288.8,292.04,8736541.0
2025-05-02 13:30:00,292.0008,294.49,290.68,292.2,9385940.0
2025-05-02 14:00:00,292.17,294.38,291.61,293.8166,6395168.0
2025-05-02 14:30:00,293.8055,294.78,292.85,293.16,4712411.0
2025-05-02 15:00:00,293.155,294.0871,290.639,291.0,6342697.0
2025-05-02 15:30:00,290.98,291.03,288.62,289.7556,7820268.0
2025-05-02 16:00:00,289.74,289.81,285.77,287.21,13288951.0
2025-05-05 10:00:00,284.57,284.849,278.35,279.5893,13879758.0
2025-05-05 10:30:00,279.61,281.582,275.62,276.148,10995543.0
2025-05-05 11:00:00,276.17,277.35,274.4,276.925,10046283.0
2025-05-05 11:30:00,276.85,277.59,275.64,276.79,5559374.0
2025-05-05 12:00:00,276.77,276.85,274.8,276.5571,5687898.0
2025-05-05 12:30:00,276.5551,277.85,276.0,277.2697,4324867.0
2025-05-05 13:00:00,277.2529,280.1099,277.1,279.915,5244513.0
2025-05-05 13:30:00,279.9153,280.9245,279.31,280.48,5203075.0
2025-05-05 14:00:00,280.52,280.82,279.61,280.16,3677089.0
2025-05-05 14:30:00,280.18,282.05,279.9,281.83,4236464.0
2025-05-05 15:00:00,281.82,283.39,281.31,281.405,5538199.0
2025-05-05 15:30:00,281.43,282.73,280.59,281.73,5369227.0
2025-05-05 16:00:00,281.72,282.27,279.27,280.26,10507749.0
2025-05-06 10:00:00,273.105,277.73,271.35,272.36,14468800.0
2025-05-06 10:30:00,272.375,275.75,271.88,274.615,8879543.0
2025-05-06 11:00:00,274.634,275.4,273.7,274.179,5624651.0
2025-05-06 11:30:00,274.11,275.9499,273.98,275.6912,4076239.0
2025-05-06 12:00:00,275.7,276.15,272.6212,272.82,5037226.0
2025-05-06 12:30:00,272.8188,275.0885,272.25,273.44,5641953.0
2025-05-06 13:00:00,273.36,274.11,272.98,273.095,3123705.0
2025-05-06 13:30:00,273.054,274.55,273.054,273.7157,3466788.0
2025-05-06 14:00:00,273.72,274.11,272.75,273.045,3237635.0
2025-05-06 14:30:00,273.0214,275.1727,272.8,275.0,3578826.0
2025-05-06 15:00:00,274.94,275.5286,274.35,275.48,3295105.0
2025-05-06 15:30:00,275.47,276.48,274.79,276.02,3189514.0
2025-05-06 16:00:00,275.99,276.71,275.03,275.35,7794976.0
2025-05-07 10:00:00,276.88,277.92,274.51,275.9423,9672453.0
2025-05-07 10:30:00,275.915,276.71,273.76,276.46,6279115.0
2025-05-07 11:00:00,276.4543,277.17,273.81,274.19,5251565.0
2025-05-07 11:30:00,274.16,274.54,272.95,273.345,5088648.0
2025-05-07 12:00:00,273.2857,273.84,272.1301,273.19,4128414.0
2025-05-07 12:30:00,273.19,273.8852,272.25,272.77,2798901.0
2025-05-07 13:00:00,272.8,274.67,272.64,274.5263,2629278.0
2025-05-07 13:30:00,274.53,275.57,274.0,275.37,2741307.0
2025-05-07 14:00:00,275.3703,275.99,273.72,274.01,3120382.0
2025-05-07 14:30:00,274.01,275.5,271.0,273.4508,6420636.0
2025-05-07 15:00:00,273.39,275.86,272.91,275.6889,5293839.0
2025-05-07 15:30:00,275.67,275.71,272.9401,273.13,4176698.0
2025-05-07 16:00:00,273.1,277.25,272.5001,276.22,10348190.0
2025-05-08 10:00:00,279.63,286.74,279.41,284.1155,15254081.0
2025-05-08 10:30:00,284.2,285.3999,279.48,281.9,10514867.0
2025-05-08 11:00:00,281.92,283.73,280.61,281.2186,7040420.0
2025-05-08 11:30:00,281.2199,287.12,280.8801,286.67,7101347.0
2025-05-08 12:00:00,286.69,289.8,286.3111,288.8003,11330155.0
2025-05-08 12:30:00,288.81,289.7899,287.18,287.3,5249232.0
2025-05-08 13:00:00,287.329,288.68,286.7816,287.88,4207550.0
2025-05-08 13:30:00,287.88,287.95,286.12,287.0716,3806077.0
2025-05-08 14:00:00,287.11,288.37,286.25,287.7107,3652587.0
2025-05-08 14:30:00,287.72,288.5599,286.9622,287.5201,3688346.0
2025-05-08 15:00:00,287.57,289.08,287.5271,287.9104,3528024.0
2025-05-08 15:30:00,287.9,289.79,286.83,289.02,5501295.0
2025-05-08 16:00:00,289.02,289.46,284.61,284.82,12392304.0
2025-05-09 10:00:00,290.21,303.7,290.0,303.1959,27608398.0
2025-05-09 10:30:00,303.17,307.04,301.08,302.18,19721119.0
2025-05-09 11:00:00,302.205,304.2599,298.45,300.82,14763489.0
2025-05-09 11:30:00,300.87,303.2729,297.23,298.66,10289070.0
2025-05-09 12:00:00,298.67,299.98,295.0,299.01,6944066.0
2025-05-09 12:30:00,299.0,299.0719,295.11,296.63,5903254.0
2025-05-09 13:00:00,296.7299,298.6,296.34,297.015,4880768.0
2025-05-09 13:30:00,297.0301,298.4199,296.9,297.9,3812151.0
2025-05-09 14:00:00,297.96,301.06,297.51,301.0292,6524197.0
2025-05-09 14:30:00,300.99,301.11,297.92,298.455,4851707.0
2025-05-09 15:00:00,298.4522,298.9699,296.51,297.13,4592339.0
2025-05-09 15:30:00,297.13,298.87,296.74,297.81,5029355.0
2025-05-09 16:00:00,297.8,299.62,296.85,298.26,11862404.0
2025-05-12 10:00:00,321.99,322.21,311.5,315.31,23090160.0
2025-05-12 10:30:00,315.29,319.64,314.55,315.18,13300493.0
2025-05-12 11:00:00,315.23,319.49,313.83,317.5,10066473.0
2025-05-12 11:30:00,317.5,320.33,316.87,319.78,6836886.0
2025-05-12 12:00:00,319.7672,320.87,317.5,318.29,6421558.0
2025-05-12 12:30:00,318.31,319.49,318.12,318.59,3823914.0
2025-05-12 13:00:00,318.63,318.8,317.33,317.88,3714946.0
2025-05-12 13:30:00,317.89,319.45,317.01,318.2906,4180333.0
2025-05-12 14:00:00,318.335,319.8382,318.3101,319.09,3242684.0
2025-05-12 14:30:00,319.1188,319.33,316.99,317.02,4321448.0
2025-05-12 15:00:00,317.09,317.5299,316.1401,316.65,4494757.0
2025-05-12 15:30:00,316.67,318.0918,316.15,316.345,4654325.0
2025-05-12 16:00:00,316.345,318.77,316.14,318.38,13381814.0
2025-05-13 10:00:00,320.0,321.6,316.8,321.27,15486147.0
2025-05-13 10:30:00,321.325,326.07,320.62,322.495,14202387.0
2025-05-13 11:00:00,322.4701,324.5,321.73,322.499,7575036.0
2025-05-13 11:30:00,322.4,323.92,318.7827,321.52,9339404.0
2025-05-13 12:00:00,321.6,322.97,320.9006,322.6,4612077.0
2025-05-13 12:30:00,322.55,322.58,320.43,321.72,4066923.0
2025-05-13 13:00:00,321.72,327.25,321.46,326.045,7692779.0
2025-05-13 13:30:00,326.03,329.49,325.19,329.39,8479349.0
2025-05-13 14:00:00,329.39,336.729,328.67,334.91,16911312.0
2025-05-13 14:30:00,334.91,337.5894,332.83,336.0512,10314150.0
2025-05-13 15:00:00,336.11,336.64,333.88,335.85,7381987.0
2025-05-13 15:30:00,335.88,337.12,334.22,334.9901,7009154.0
2025-05-13 16:00:00,335.03,336.182,331.8,334.07,15404458.0
2025-05-14 10:00:00,342.5,345.5,337.0,340.74,20271384.0
2025-05-14 10:30:00,340.75,344.64,338.3,340.2801,13262587.0
2025-05-14 11:00:00,340.39,341.5499,338.85,339.39,6511928.0
2025-05-14 11:30:00,339.4259,343.48,337.45,342.7322,9448513.0
2025-05-14 12:00:00,342.74,350.0,342.53,346.345,17367440.0
2025-05-14 12:30:00,346.33,348.45,346.07,347.23,5175244.0
2025-05-14 13:00:00,347.2369,349.21,344.82,346.1521,7272506.0
2025-05-14 13:30:00,346.1801,347.74,343.24,344.57,6877668.0
2025-05-14 14:00:00,344.6,347.7017,343.3101,347.7017,5922797.0
2025-05-14 14:30:00,347.71,349.3,346.5725,346.7268,7207984.0
2025-05-14 15:00:00,346.71,350.0,346.4107,348.355,6727145.0
2025-05-14 15:30:00,348.39,348.95,346.6,347.93,6390528.0
2025-05-14 16:00:00,347.9,348.89,345.51,347.68,14687079.0
2025-05-15 10:00:00,340.34,342.25,336.32,337.16,15785606.0
2025-05-15 10:30:00,337.16,341.84,336.63,338.0375,9704957.0
2025-05-15 11:00:00,338.035,338.49,334.7153,337.44,9218811.0
2025-05-15 11:30:00,337.41,339.69,337.0,339.16,6183288.0
2025-05-15 12:00:00,339.1001,341.08,338.42,340.23,5179171.0
2025-05-15 12:30:00,340.2259,343.13,339.9354,342.445,5119925.0
2025-05-15 13:00:00,342.43,345.37,341.82,344.62,5904747.0
2025-05-15 13:30:00,344.59,346.1393,343.9201,345.43,5059136.0
2025-05-15 14:00:00,345.45,345.48,343.62,344.535,4352135.0
2025-05-15 14:30:00,344.51,344.52,341.65,343.29,4634618.0
2025-05-15 15:00:00,343.25,344.02,341.14,341.445,4142829.0
2025-05-15 15:30:00,341.46,342.5,339.6,339.84,4879353.0
2025-05-15 16:00:00,339.84,344.16,339.82,342.82,9522526.0
2025-05-16 10:00:00,346.24,351.62,345.3,348.01,17714840.0
2025-05-16 10:30:00,347.75,347.84,342.88,346.22,10639997.0
2025-05-16 11:00:00,346.19,346.2686,342.33,345.75,8462911.0
2025-05-16 11:30:00,345.8,347.9,345.3,347.705,6478387.0
2025-05-16 12:00:00,347.66,349.3,346.94,347.45,6271663.0
2025-05-16 12:30:00,347.42,348.967,347.2408,347.68,4023555.0
2025-05-16 13:00:00,347.65,348.25,347.06,347.5391,2839963.0
2025-05-16 13:30:00,347.45,348.42,346.29,347.87,3590347.0
2025-05-16 14:00:00,347.91,348.76,347.15,347.8,3002173.0
2025-05-16 14:30:00,347.8588,347.94,346.86,347.33,2386400.0
2025-05-16 15:00:00,347.36,348.18,346.95,347.62,3932043.0
2025-05-16 15:30:00,347.59,349.43,347.31,348.81,4431280.0
2025-05-16 16:00:00,348.83,349.98,347.86,349.98,11673074.0
2025-05-19 10:00:00,336.3,338.7399,333.37,338.3193,14574114.0
2025-05-19 10:30:00,338.2923,343.0,337.75,339.9028,11035400.0
2025-05-19 11:00:00,339.8808,340.6382,338.5,338.895,5800551.0
2025-05-19 11:30:00,338.89,339.62,337.22,337.515,4685422.0
2025-05-19 12:00:00,337.5,339.56,336.7,337.4206,5450223.0
2025-05-19 12:30:00,337.48,338.8,333.8,338.645,3145427.0
2025-05-19 13:00:00,338.69,340.2,337.76,340.0538,3865322.0
2025-05-19 13:30:00,340.06,342.8504,339.8,342.0074,6017559.0
2025-05-19 14:00:00,342.01,342.39,334.78,340.53,4023127.0
2025-05-19 14:30:00,340.5039,340.99,339.3,339.83,3586493.0
2025-05-19 15:00:00,339.83,341.4299,339.66,341.13,3490843.0
2025-05-19 15:30:00,341.13,342.09,340.64,341.345,3322813.0
2025-05-19 16:00:00,341.33,342.77,341.2,342.09,10588829.0
2025-05-20 10:00:00,347.87,354.5733,342.8675,344.1,25745790.0
2025-05-20 10:30:00,344.19,347.19,343.04,345.54,10484811.0
2025-05-20 11:00:00,345.52,347.07,344.63,345.4341,6190844.0
2025-05-20 11:30:00,345.43,347.0,344.99,346.295,4352687.0
2025-05-20 12:00:00,346.3,350.11,345.88,349.2448,8386275.0
2025-05-20 12:30:00,349.23,350.1396,347.4,349.2501,5870981.0
2025-05-20 13:00:00,349.3,351.9,349.2313,350.74,8649626.0
2025-05-20 13:30:00,350.75,352.15,350.2,350.36,5239247.0
2025-05-20 14:00:00,350.34,351.35,349.0,351.1,4773106.0
2025-05-20 14:30:00,351.1,354.9899,349.51,349.89,12937350.0
2025-05-20 15:00:00,349.8,350.16,344.55,345.5475,11037927.0
2025-05-20 15:30:00,345.52,345.8156,341.63,344.735,9957520.0
2025-05-20 16:00:00,344.8,345.88,342.77,343.82,10579702.0
2025-05-21 10:00:00,344.43,346.0,342.25,344.21,10982609.0
2025-05-21 10:30:00,344.2,347.22,342.12,342.6199,11263584.0
2025-05-21 11:00:00,342.63,345.25,341.55,344.8,7336763.0
2025-05-21 11:30:00,344.75,346.2,343.2001,345.34,6170989.0
2025-05-21 12:00:00,345.36,346.1,343.58,345.19,4767873.0
2025-05-21 12:30:00,345.21,346.8,344.41,346.375,4571320.0
2025-05-21 13:00:00,346.39,347.35,345.62,346.2664,3681117.0
2025-05-21 13:30:00,346.305,347.14,335.54,336.0,9826103.0
2025-05-21 14:00:00,336.0264,340.2298,334.5,338.46,9676165.0
2025-05-21 14:30:00,338.4001,338.94,336.31,337.13,4677244.0
2025-05-21 15:00:00,337.18,338.49,335.27,335.64,4218575.0
2025-05-21 15:30:00,335.67,336.46,332.2,333.33,7598811.0
2025-05-21 16:00:00,333.33,336.78,333.2325,334.62,12071328.0
2025-05-22 10:00:00,331.9,339.86,331.39,339.27,14281654.0
2025-05-22 10:30:00,339.36,341.09,337.8701,340.695,10100417.0
2025-05-22 11:00:00,340.68,342.6,338.86,340.6819,9085405.0
2025-05-22 11:30:00,340.68,344.53,339.87,342.9518,7107168.0
2025-05-22 12:00:00,342.91,344.0,342.13,343.74,5344550.0
2025-05-22 12:30:00,343.8,344.01,341.7,342.24,3904858.0
2025-05-22 13:00:00,342.25,344.0,341.51,343.1143,3480505.0
2025-05-22 13:30:00,343.14,345.15,342.58,344.78,4484899.0
2025-05-22 14:00:00,344.76,346.0,344.19,344.895,4657650.0
2025-05-22 14:30:00,344.895,345.5,343.98,345.135,3513235.0
2025-05-22 15:00:00,345.135,347.07,344.92,346.87,5776418.0
2025-05-22 15:30:00,346.9,347.27,346.01,346.47,4614870.0
2025-05-22 16:00:00,346.47,346.52,340.65,341.04,12584187.0
2025-05-23 10:00:00,337.92,338.65,333.21,336.77,14391669.0
2025-05-23 10:30:00,336.85,337.7489,334.6201,335.65,8056619.0
2025-05-23 11:00:00,335.65,338.85,335.51,336.89,6755781.0
2025-05-23 11:30:00,336.93,337.56,335.16,337.29,4946856.0
2025-05-23 12:00:00,337.23,337.98,336.63,337.255,3811223.0
2025-05-23 12:30:00,337.28,340.64,336.2707,339.18,5738875.0
2025-05-23 13:00:00,339.2,340.34,338.31,339.93,4117027.0
2025-05-23 13:30:00,339.9256,343.18,339.4,343.0395,5234704.0
2025-05-23 14:00:00,343.05,343.0899,341.2273,342.21,4292430.0
2025-05-23 14:30:00,342.17,342.64,339.3372,340.52,4207505.0
2025-05-23 15:00:00,340.465,341.69,340.3856,341.03,2747371.0
2025-05-23 15:30:00,341.0101,341.77,339.63,340.355,3992438.0
2025-05-23 16:00:00,340.31,341.29,339.02,339.34,8011385.0
2025-05-27 10:00:00,347.35,354.55,347.32,353.16,19645961.0
2025-05-27 10:30:00,353.215,357.61,352.93,356.3299,13173704.0
2025-05-27 11:00:00,356.32,357.47,354.39,354.635,7170852.0
2025-05-27 11:30:00,354.67,356.79,354.5271,355.11,5349647.0
2025-05-27 12:00:00,355.095,357.69,354.83,356.92,5836267.0
2025-05-27 12:30:00,356.89,359.304,356.61,358.31,6240703.0
2025-05-27 13:00:00,358.31,361.25,358.13,360.5872,6996659.0
2025-05-27 13:30:00,360.57,363.0,360.12,361.5076,6686476.0
2025-05-27 14:00:00,361.54,363.4699,360.9,363.055,5772596.0
2025-05-27 14:30:00,363.0,363.79,361.77,362.0,5322352.0
2025-05-27 15:00:00,362.0,362.47,359.5,359.7214,5943803.0
2025-05-27 15:30:00,359.72,360.37,358.6,359.89,7075115.0
2025-05-27 16:00:00,359.9,363.0,357.8,362.89,17322283.0
2025-05-28 10:00:00,364.84,365.0,358.64,361.04,16877457.0
2025-05-28 10:30:00,361.0998,364.6,360.9,361.63,10514640.0
2025-05-28 11:00:00,361.7009,362.7,360.5849,361.15,5470129.0
2025-05-28 11:30:00,361.1555,363.3799,360.4307,363.0,5123455.0
2025-05-28 12:00:00,363.01,363.3799,360.91,361.02,3976039.0
2025-05-28 12:30:00,361.05,361.88,360.8,361.11,3406935.0
2025-05-28 13:00:00,361.11,362.32,360.51,361.36,3292521.0
2025-05-28 13:30:00,361.4,362.87,361.1,362.62,3175181.0
2025-05-28 14:00:00,362.58,363.11,361.9809,362.7,2836519.0
2025-05-28 14:30:00,362.64,364.0,361.2601,361.42,4653066.0
2025-05-28 15:00:00,361.44,361.6999,357.36,358.77,6172244.0
2025-05-28 15:30:00,358.76,360.2499,358.41,359.039,4750538.0
2025-05-28 16:00:00,359.0,359.1,355.91,356.9,10639120.0
2025-05-29 10:00:00,365.29,367.71,362.55,364.2346,14509513.0
2025-05-29 10:30:00,364.135,364.38,359.4401,362.03,8855252.0
2025-05-29 11:00:00,361.96,364.75,361.75,363.47,7254551.0
2025-05-29 11:30:00,363.45,364.2,361.89,364.09,4922603.0
2025-05-29 12:00:00,364.0445,364.38,360.66,361.3901,4692270.0
2025-05-29 12:30:00,361.34,362.9368,360.4,362.4301,4243558.0
2025-05-29 13:00:00,362.44,363.66,361.9101,362.65,3412468.0
2025-05-29 13:30:00,362.61,362.85,360.66,361.115,3270342.0
2025-05-29 14:00:00,361.1499,362.41,356.0,356.82,6441895.0
2025-05-29 14:30:00,356.8495,358.6805,356.16,357.26,5218375.0
2025-05-29 15:00:00,357.32,359.95,357.285,358.77,4153336.0
2025-05-29 15:30:00,358.77,359.35,357.45,358.15,4117627.0
2025-05-29 16:00:00,358.13,359.62,357.04,358.43,7665222.0
2025-05-30 10:00:00,355.52,358.46,353.82,355.9084,9881645.0
2025-05-30 10:30:00,355.92,361.95,355.8101,361.855,9364719.0
2025-05-30 11:00:00,361.82,363.16,360.74,361.74,7640295.0
2025-05-30 11:30:00,361.8,363.68,359.35,360.91,6874623.0
2025-05-30 12:00:00,360.88,361.5695,358.27,358.3724,5759647.0
2025-05-30 12:30:00,358.38,358.59,353.6,354.075,6192204.0
2025-05-30 13:00:00,354.02,354.2,345.4151,346.5146,12280109.0
2025-05-30 13:30:00,346.52,349.06,345.29,348.375,7012876.0
2025-05-30 14:00:00,348.33,349.9,347.58,347.945,4794856.0
2025-05-30 14:30:00,347.945,351.8994,347.92,350.6,6445085.0
2025-05-30 15:00:00,350.64,351.45,348.45,350.0034,5491047.0
2025-05-30 15:30:00,349.98,352.43,349.8306,351.6683,5451769.0
2025-05-30 16:00:00,351.67,352.3,345.45,346.46,22343536.0
2025-06-02 10:00:00,343.5,348.02,336.9001,337.37,14809091.0
2025-06-02 10:30:00,337.28,340.34,335.5,338.51,10377061.0
2025-06-02 11:00:00,338.5398,339.0,335.18,337.13,7482479.0
2025-06-02 11:30:00,337.01,337.4599,333.33,336.11,7535524.0
2025-06-02 12:00:00,336.1086,337.74,335.38,336.4248,4091874.0
2025-06-02 12:30:00,336.44,338.8494,335.9,338.67,3722915.0
2025-06-02 13:00:00,338.57,339.01,337.03,337.9279,3244968.0
2025-06-02 13:30:00,337.9504,338.7899,337.4,338.21,2696957.0
2025-06-02 14:00:00,338.245,340.6199,337.87,338.6,4122009.0
2025-06-02 14:30:00,338.55,341.25,338.3716,341.06,3933988.0
2025-06-02 15:00:00,341.073,341.073,339.76,340.8345,3015675.0
2025-06-02 15:30:00,340.836,342.5996,340.75,342.1,4154673.0
2025-06-02 16:00:00,342.07,343.06,340.68,342.69,8206956.0
2025-06-03 10:00:00,346.595,348.66,343.85,346.735,12003042.0
2025-06-03 10:30:00,346.77,350.22,345.32,346.03,9414004.0
2025-06-03 11:00:00,346.03,349.75,345.6,349.21,5814381.0
2025-06-03 11:30:00,349.23,351.7647,349.2,350.87,6984426.0
2025-06-03 12:00:00,350.83,351.942,349.86,350.4288,4102997.0
2025-06-03 12:30:00,350.4,352.68,350.26,352.5266,3919637.0
2025-06-03 13:00:00,352.51,355.31,352.42,353.86,5781402.0
2025-06-03 13:30:00,353.8278,355.4,353.8,354.48,3520219.0
2025-06-03 14:00:00,354.49,354.5346,350.88,351.0199,6227741.0
2025-06-03 14:30:00,351.03,351.0899,344.72,347.5556,10857847.0
2025-06-03 15:00:00,347.53,349.53,347.45,349.3149,5062432.0
2025-06-03 15:30:00,349.31,350.28,348.38,348.6,5648295.0
2025-06-03 16:00:00,348.58,348.59,343.04,344.27,13823553.0
2025-06-04 10:00:00,345.095,345.6,335.15,336.2507,14605743.0
2025-06-04 10:30:00,336.13,336.23,327.3308,332.201,19890485.0
2025-06-04 11:00:00,332.21,332.9387,329.5,332.5069,8683616.0
2025-06-04 11:30:00,332.54,334.6,332.41,333.16,6623905.0
2025-06-04 12:00:00,333.21,335.05,331.7,334.145,5718659.0
2025-06-04 12:30:00,334.12,334.95,330.8,331.795,5064571.0
2025-06-04 13:00:00,331.8,333.18,331.66,332.69,3019873.0
2025-06-04 13:30:00,332.749,333.6,332.55,332.855,2756024.0
2025-06-04 14:00:00,332.85,335.62,331.95,335.367,4482990.0
2025-06-04 14:30:00,335.38,335.3999,332.38,333.13,4584187.0
2025-06-04 15:00:00,333.09,334.83,332.6705,334.395,3679372.0
2025-06-04 15:30:00,334.3878,335.3,333.342,333.92,3860719.0
2025-06-04 16:00:00,333.945,335.06,332.0,332.05,9881142.0
2025-06-05 10:00:00,322.49,324.5499,312.36,314.055,26296592.0
2025-06-05 10:30:00,314.1,319.0,313.49,317.59,13332974.0
2025-06-05 11:00:00,317.54,319.55,314.5501,319.2201,10078407.0
2025-06-05 11:30:00,319.22,322.44,318.2,321.7,8155435.0
2025-06-05 12:00:00,321.7,322.98,319.8406,322.55,6235182.0
2025-06-05 12:30:00,322.51,322.5664,312.25,313.67,16481086.0
2025-06-05 13:00:00,313.67,313.8193,301.81,302.046,23591755.0
2025-06-05 13:30:00,302.06,306.4,301.5,302.35,14626785.0
2025-06-05 14:00:00,302.36,305.0,301.66,302.6,8966523.0
2025-06-05 14:30:00,302.63,303.33,297.31,297.5396,16485773.0
2025-06-05 15:00:00,297.5396,298.7945,287.6,288.325,27244226.0
2025-06-05 15:30:00,288.325,289.49,273.21,281.75,46959139.0
2025-06-05 16:00:00,281.6601,288.3693,281.2001,284.7,50581671.0
2025-06-06 10:00:00,298.83,302.55,291.14,294.91,30985747.0
2025-06-06 10:30:00,294.92,298.23,293.0201,295.25,14107077.0
2025-06-06 11:00:00,295.265,303.5,295.0,303.35,15613026.0
2025-06-06 11:30:00,303.35,305.5,299.01,301.56,15119455.0
2025-06-06 12:00:00,301.5392,302.09,299.31,300.338,7501981.0
2025-06-06 12:30:00,300.3101,302.5,300.05,300.42,6111452.0
2025-06-06 13:00:00,300.4336,302.05,300.12,300.43,4542587.0
2025-06-06 13:30:00,300.43,301.45,299.1269,300.065,5021651.0
2025-06-06 14:00:00,300.07,301.74,299.17,300.95,4394396.0
2025-06-06 14:30:00,300.93,301.06,299.5,300.29,4213453.0
2025-06-06 15:00:00,300.28,301.1,300.0,300.665,3664877.0
2025-06-06 15:30:00,300.6797,302.0,296.56,297.9899,9748758.0
2025-06-06 16:00:00,297.94,298.29,293.14,295.14,22314962.0
2025-06-09 10:00:00,285.955,293.51,281.85,292.46,23380572.0
2025-06-09 10:30:00,292.435,296.26,292.0,292.41,12766940.0
2025-06-09 11:00:00,292.46,295.9199,291.95,293.93,7342703.0
2025-06-09 11:30:00,293.96,297.7387,293.1408,294.6356,9073682.0
2025-06-09 12:00:00,294.7,295.99,294.23,294.855,5005033.0
2025-06-09 12:30:00,294.8,296.88,293.68,295.04,5136028.0
2025-06-09 13:00:00,295.0699,297.4399,294.91,296.9292,4089800.0
2025-06-09 13:30:00,296.9,297.85,295.83,297.06,4211948.0
2025-06-09 14:00:00,297.09,300.95,296.89,299.2651,6594511.0
2025-06-09 14:30:00,299.24,300.11,298.48,299.5,5089443.0
2025-06-09 15:00:00,299.47,300.84,298.8426,300.49,4890682.0
2025-06-09 15:30:00,300.52,302.7999,300.25,302.46,7523278.0
2025-06-09 16:00:00,302.46,309.83,302.0,308.58,28079985.0
2025-06-10 10:00:00,314.94,316.6699,310.667,315.45,20630539.0
2025-06-10 10:30:00,315.44,317.68,312.25,313.8664,13995351.0
2025-06-10 11:00:00,313.87,316.42,312.8,316.23,8835443.0
2025-06-10 11:30:00,316.29,321.22,315.56,318.55,13478785.0
2025-06-10 12:00:00,318.5884,320.2699,315.64,319.01,9367324.0
2025-06-10 12:30:00,318.96,319.58,317.62,318.35,4889258.0
2025-06-10 13:00:00,318.34,319.58,316.85,317.1511,5107399.0
2025-06-10 13:30:00,317.25,320.62,315.75,319.98,7667783.0
2025-06-10 14:00:00,320.005,322.24,318.9,320.87,7440932.0
2025-06-10 14:30:00,320.88,322.68,318.04,321.92,8371988.0
2025-06-10 15:00:00,321.96,324.69,321.63,324.25,8388907.0
2025-06-10 15:30:00,324.285,325.94,323.5,325.64,9636927.0
2025-06-10 16:00:00,325.63,327.83,324.36,326.09,21708464.0
2025-06-11 10:00:00,334.395,335.5,328.2,329.82,21692999.0
2025-06-11 10:30:00,329.8,334.42,329.79,333.12,11681551.0
2025-06-11 11:00:00,333.1,334.38,331.27,331.7112,7560069.0
2025-06-11 11:30:00,331.7915,333.542,329.81,331.39,7446140.0
2025-06-11 12:00:00,331.36,331.95,329.51,329.845,5902159.0
2025-06-11 12:30:00,329.845,330.77,326.03,328.95,8604132.0
2025-06-11 13:00:00,328.86,330.0,328.57,329.71,4437991.0
2025-06-11 13:30:00,329.7,331.3095,329.17,330.93,4976174.0
2025-06-11 14:00:00,330.92,331.08,325.31,325.695,5851337.0
2025-06-11 14:30:00,325.68,326.49,322.5,324.72,9886059.0
2025-06-11 15:00:00,324.715,326.49,323.9,325.4632,5481885.0
2025-06-11 15:30:00,325.55,325.79,323.81,324.94,5338733.0
2025-06-11 16:00:00,324.785,326.74,323.22,326.43,10068791.0
2025-06-12 10:00:00,323.075,329.3528,322.77,326.3,13602232.0
2025-06-12 10:30:00,326.32,328.24,324.1201,326.4991,8576676.0
2025-06-12 11:00:00,326.53,326.8583,323.89,326.1,6287779.0
2025-06-12 11:30:00,326.0914,328.7499,325.3,326.4,7382534.0
2025-06-12 12:00:00,326.4,327.6899,325.05,326.745,5188762.0
2025-06-12 12:30:00,326.745,332.56,326.09,326.37,11017770.0
2025-06-12 13:00:00,326.365,326.58,323.51,324.1408,7428263.0
2025-06-12 13:30:00,324.195,325.62,323.55,325.0921,4190439.0
2025-06-12 14:00:00,325.085,325.77,321.85,322.89,5146967.0
2025-06-12 14:30:00,322.85,323.38,319.1,319.66,5794316.0
2025-06-12 15:00:00,319.7,320.77,318.68,319.41,6170223.0
2025-06-12 15:30:00,319.41,319.9399,316.86,319.5,7888162.0
2025-06-12 16:00:00,319.45,319.79,318.36,319.11,8858043.0
2025-06-13 10:00:00,313.97,320.34,313.3,316.18,13802839.0
2025-06-13 10:30:00,316.165,319.0,314.28,314.45,10036782.0
2025-06-13 11:00:00,314.48,318.1699,314.02,317.0,6751040.0
2025-06-13 11:30:00,317.01,320.39,316.91,318.85,6850882.0
2025-06-13 12:00:00,318.9,321.42,318.66,320.615,5529219.0
2025-06-13 12:30:00,320.59,325.78,319.43,324.56,9124197.0
2025-06-13 13:00:00,324.55,330.3499,323.33,329.6946,11343983.0
2025-06-13 13:30:00,329.67,332.98,329.51,332.16,11329672.0
2025-06-13 14:00:00,332.16,332.99,330.1,332.36,7676767.0
2025-06-13 14:30:00,332.36,332.49,326.28,326.87,9141507.0
2025-06-13 15:00:00,326.86,327.03,323.25,325.82,9745194.0
2025-06-13 15:30:00,325.8,329.64,325.36,327.045,8706288.0
2025-06-13 16:00:00,327.04,327.99,324.2,325.31,12290408.0
2025-06-16 10:00:00,331.29,332.05,326.41,327.47,14108834.0
2025-06-16 10:30:00,327.45,331.0,326.51,330.05,8906859.0
2025-06-16 11:00:00,330.0,331.2,328.61,330.2131,6562543.0
2025-06-16 11:30:00,330.22,331.334,328.35,330.28,5873252.0
2025-06-16 12:00:00,330.25,330.8895,328.7185,330.67,4147187.0
2025-06-16 12:30:00,330.6106,331.74,329.74,331.32,4060113.0
2025-06-16 13:00:00,331.3,331.3799,329.55,330.5,3876746.0
2025-06-16 13:30:00,330.485,330.69,328.7501,329.24,3691326.0
2025-06-16 14:00:00,329.165,330.3,327.68,327.88,3588875.0
2025-06-16 14:30:00,327.84,330.58,327.21,330.4,5320010.0
2025-06-16 15:00:00,330.4,330.6785,328.33,328.8001,3608570.0
2025-06-16 15:30:00,328.8,330.0,327.7101,329.56,4262877.0
2025-06-16 16:00:00,329.55,329.99,328.52,329.13,10023336.0
2025-06-17 10:00:00,326.09,327.26,320.12,323.17,12375360.0
2025-06-17 10:30:00,323.2,324.71,322.13,322.95,6566448.0
2025-06-17 11:00:00,322.9,324.49,321.84,322.09,4832973.0
2025-06-17 11:30:00,322.07,323.1,319.45,320.13,6614192.0
2025-06-17 12:00:00,320.115,320.3,317.5,318.655,7964459.0
2025-06-17 12:30:00,318.68,321.7299,318.55,320.94,5165489.0
2025-06-17 13:00:00,320.99,321.28,318.1211,318.394,3995816.0
2025-06-17 13:30:00,318.3664,319.3989,317.34,318.585,4625455.0
2025-06-17 14:00:00,318.52,320.69,316.6,317.14,5587797.0
2025-06-17 14:30:00,317.155,317.26,314.74,315.55,6743092.0
2025-06-17 15:00:00,315.56,317.48,315.42,317.3799,4430270.0
2025-06-17 15:30:00,317.38,317.63,316.3,317.31,4066790.0
2025-06-17 16:00:00,317.34,318.73,316.19,316.35,10675615.0
2025-06-18 10:00:00,317.31,323.97,315.45,323.85,13944271.0
2025-06-18 10:30:00,323.87,325.09,322.39,323.37,8660143.0
2025-06-18 11:00:00,323.42,324.07,322.25,324.01,5304981.0
2025-06-18 11:30:00,323.97,325.74,323.37,324.9,6054210.0
2025-06-18 12:00:00,324.93,329.32,324.66,326.99,8349890.0
2025-06-18 12:30:00,326.93,326.96,324.4452,324.8,5851984.0
2025-06-18 13:00:00,324.75,325.15,322.31,322.546,4965997.0
2025-06-18 13:30:00,322.52,324.2,321.47,321.99,5534553.0
2025-06-18 14:00:00,322.04,323.73,320.35,323.215,5415770.0
2025-06-18 14:30:00,323.32,325.0,322.59,323.94,5760323.0
2025-06-18 15:00:00,323.8924,325.2,320.57,321.1542,5623264.0
2025-06-18 15:30:00,321.16,323.96,320.09,322.2171,5993737.0
2025-06-18 16:00:00,322.21,324.34,321.75,322.05,9500621.0
2025-06-20 10:00:00,327.95,332.36,323.2532,324.47,18756820.0
2025-06-20 10:30:00,324.43,324.97,318.42,320.1936,11674848.0
2025-06-20 11:00:00,320.14,321.0,317.78,319.4425,8093389.0
2025-06-20 11:30:00,319.43,320.68,317.85,319.7412,6320994.0
2025-06-20 12:00:00,319.71,322.5,319.59,320.944,5574206.0
2025-06-20 12:30:00,320.98,323.85,320.86,323.345,5710579.0
2025-06-20 13:00:00,323.34,325.92,323.29,324.9501,5945587.0
2025-06-20 13:30:00,324.9308,324.98,321.44,321.48,5913193.0
2025-06-20 14:00:00,321.5,322.5299,319.7,322.41,5155622.0
2025-06-20 14:30:00,322.42,324.26,322.2,323.355,4566250.0
2025-06-20 15:00:00,323.36,324.65,321.85,322.1984,4629146.0
2025-06-20 15:30:00,322.2286,322.85,320.7208,321.29,4961651.0
2025-06-20 16:00:00,321.2801,322.8,319.63,322.16,14117201.0
2025-06-23 10:00:00,327.54,343.27,327.48,343.055,30631937.0
2025-06-23 10:30:00,343.09,353.1901,342.67,353.015,26013738.0
2025-06-23 11:00:00,353.0331,356.85,350.03,354.044,22352159.0
2025-06-23 11:30:00,354.055,357.54,352.76,353.3366,13414903.0
2025-06-23 12:00:00,353.2899,355.45,352.4,354.58,8911662.0
2025-06-23 12:30:00,354.6292,356.2493,348.15,349.5,12172627.0
2025-06-23 13:00:00,349.4325,351.5,344.4,347.8408,14710742.0
2025-06-23 13:30:00,347.89,351.46,346.76,351.12,8237362.0
2025-06-23 14:00:00,351.17,354.88,351.14,352.4545,8362857.0
2025-06-23 14:30:00,352.51,353.0,350.31,350.4676,6016755.0
2025-06-23 15:00:00,350.52,352.4785,349.86,351.316,5259354.0
2025-06-23 15:30:00,351.29,351.44,348.32,348.752,7158289.0
2025-06-23 16:00:00,348.71,349.8899,346.41,348.68,16682541.0
2025-06-24 10:00:00,356.17,356.26,345.02,347.545,23327217.0
2025-06-24 10:30:00,347.572,348.29,340.74,341.56,14064747.0
2025-06-24 11:00:00,341.59,344.86,340.44,341.335,11090245.0
2025-06-24 11:30:00,341.39,344.17,341.22,343.908,7358793.0
2025-06-24 12:00:00,343.92,344.77,341.83,341.925,6227021.0
2025-06-24 12:30:00,341.8901,344.2,341.6,342.22,5791026.0
2025-06-24 13:00:00,342.215,344.4,341.71,344.07,4445265.0
2025-06-24 13:30:00,344.1128,344.1814,341.3,342.24,4987601.0
2025-06-24 14:00:00,342.21,343.28,341.17,341.37,4600166.0
2025-06-24 14:30:00,341.41,342.86,341.25,342.46,3825902.0
2025-06-24 15:00:00,342.5,343.39,341.77,343.14,3847021.0
2025-06-24 15:30:00,343.14,343.71,341.74,341.85,3732964.0
2025-06-24 16:00:00,341.85,343.6,340.47,340.47,12017526.0
2025-06-25 10:00:00,342.7,343.0,330.3,332.04,19761161.0
2025-06-25 10:30:00,332.06,332.41,320.4,321.49,23446984.0
2025-06-25 11:00:00,321.53,325.3899,321.07,324.53,11902630.0
2025-06-25 11:30:00,324.53,327.02,324.02,326.07,8610861.0
2025-06-25 12:00:00,326.07,327.3,324.72,325.86,6236595.0
2025-06-25 12:30:00,325.86,326.54,324.6808,325.84,4452736.0
2025-06-25 13:00:00,325.85,326.6699,324.8501,326.06,3738667.0
2025-06-25 13:30:00,326.055,327.61,325.8252,326.985,3783929.0
2025-06-25 14:00:00,327.025,327.19,324.84,325.284,3928160.0
2025-06-25 14:30:00,325.31,325.95,324.84,325.2199,2668087.0
2025-06-25 15:00:00,325.2,325.26,322.6,324.21,5872157.0
2025-06-25 15:30:00,324.21,328.39,324.2,327.5,8271558.0
2025-06-25 16:00:00,327.5473,328.08,326.47,327.55,12136637.0
2025-06-26 10:00:00,324.61,331.05,324.52,327.5,15165339.0
2025-06-26 10:30:00,327.63,329.39,325.7,325.94,7376168.0
2025-06-26 11:00:00,325.9192,328.94,325.37,328.455,6373075.0
2025-06-26 11:30:00,328.42,330.17,323.61,325.7613,10321559.0
2025-06-26 12:00:00,325.79,328.84,325.39,328.45,5135222.0
2025-06-26 12:30:00,328.455,328.5,327.3,327.81,2415349.0
2025-06-26 13:00:00,327.85,329.56,327.79,328.2616,3576431.0
2025-06-26 13:30:00,328.2946,329.52,327.64,329.01,3023812.0
2025-06-26 14:00:00,329.01,329.13,326.59,327.1638,3155254.0
2025-06-26 14:30:00,327.17,328.0999,326.41,326.799,3034929.0
2025-06-26 15:00:00,326.8,327.919,326.0856,327.59,2887935.0
2025-06-26 15:30:00,327.6,327.89,324.75,327.81,4919371.0
2025-06-26 16:00:00,327.78,328.66,325.64,325.78,7783569.0
2025-06-27 10:00:00,324.51,326.8799,320.07,326.08,13243085.0
2025-06-27 10:30:00,326.09,329.3393,325.6,326.54,9023713.0
2025-06-27 11:00:00,326.595,327.65,324.7201,325.5993,6759354.0
2025-06-27 11:30:00,325.56,325.98,324.0908,325.53,4309970.0
2025-06-27 12:00:00,325.57,326.38,324.38,325.21,3482652.0
2025-06-27 12:30:00,325.19,325.26,323.22,324.74,3841659.0
2025-06-27 13:00:00,324.74,325.37,324.27,324.9307,2357734.0
2025-06-27 13:30:00,324.99,325.08,324.31,324.505,4359735.0
2025-06-27 14:00:00,324.5,325.8878,322.16,322.97,4806991.0
2025-06-27 14:30:00,322.97,323.4799,320.66,320.756,4888836.0
2025-06-27 15:00:00,320.785,321.2499,317.495,318.54,8168118.0
2025-06-27 15:30:00,318.52,321.96,318.37,321.2,5844450.0
2025-06-27 16:00:00,321.1996,324.51,320.85,323.63,13094458.0
2025-06-30 10:00:00,319.9,325.5799,319.2301,320.91,11299940.0
2025-06-30 10:30:00,320.91,322.69,317.81,319.4568,9065624.0
2025-06-30 11:00:00,319.475,321.74,319.03,321.18,5487624.0
2025-06-30 11:30:00,321.22,322.26,320.21,320.59,3679187.0
2025-06-30 12:00:00,320.5466,321.6491,319.5,320.985,3563061.0
2025-06-30 12:30:00,320.97,322.7629,320.68,320.9,3384205.0
2025-06-30 13:00:00,320.86,321.35,319.91,320.2996,2717867.0
2025-06-30 13:30:00,320.2725,321.08,319.51,319.8008,2783783.0
2025-06-30 14:00:00,319.82,320.0,318.48,319.4495,3608530.0
2025-06-30 14:30:00,319.42,320.12,318.15,318.23,2681722.0
2025-06-30 15:00:00,318.21,318.7,317.081,318.6,4218637.0
2025-06-30 15:30:00,318.605,319.29,316.6,317.5436,5080609.0
2025-06-30 16:00:00,317.49,318.76,316.88,317.66,9736953.0
2025-07-01 10:00:00,298.46,303.0999,293.21,302.1133,29215244.0
2025-07-01 10:30:00,302.08,305.89,301.2012,303.1899,15019894.0
2025-07-01 11:00:00,303.145,305.0,297.12,298.59,13300561.0
2025-07-01 11:30:00,298.6,302.28,298.45,300.7773,8749638.0
2025-07-01 12:00:00,300.705,303.18,300.52,302.1559,5336582.0
2025-07-01 12:30:00,302.1462,304.38,300.2501,303.25,7071339.0
2025-07-01 13:00:00,303.2,304.6267,302.72,302.987,5163350.0
2025-07-01 13:30:00,303.03,304.4285,301.95,302.1,4493473.0
2025-07-01 14:00:00,302.105,302.25,298.322,298.86,7169250.0
2025-07-01 14:30:00,298.86,301.09,298.74,301.0,6874015.0
2025-07-01 15:00:00,300.99,303.16,300.61,301.4,5018987.0
2025-07-01 15:30:00,301.41,302.93,300.33,302.89,5591835.0
2025-07-01 16:00:00,302.91,304.4299,300.48,300.71,14624935.0
2025-07-02 10:00:00,312.63,313.0,305.37,305.75,19868142.0
2025-07-02 10:30:00,305.76,314.45,303.82,311.92,16632273.0
2025-07-02 11:00:00,311.91,315.59,311.3106,311.925,11440489.0
2025-07-02 11:30:00,311.97,316.832,310.18,313.82,11411738.0
2025-07-02 12:00:00,313.86,314.82,312.72,313.7,5409437.0
2025-07-02 12:30:00,313.7,314.1,311.89,313.355,4608361.0
2025-07-02 13:00:00,313.3899,314.76,312.12,314.47,3589491.0
2025-07-02 13:30:00,314.47,315.98,313.85,315.5267,4595238.0
2025-07-02 14:00:00,315.5276,315.67,314.08,314.67,3160997.0
2025-07-02 14:30:00,314.7,316.17,314.24,315.8772,3654135.0
2025-07-02 15:00:00,315.8692,316.38,315.11,315.175,4112722.0
2025-07-02 15:30:00,315.2,316.22,314.59,315.35,3917585.0
2025-07-02 16:00:00,315.3,315.69,312.6806,315.65,13292092.0
2025-07-03 10:00:00,317.99,318.17,313.82,315.15,12390233.0
2025-07-03 10:30:00,315.1,317.2,312.76,313.8732,8616290.0
2025-07-03 11:00:00,313.88,316.34,312.8,315.977,7771478.0
2025-07-03 11:30:00,316.0,317.9,315.68,316.3501,6662032.0
2025-07-03 12:00:00,316.375,318.45,315.69,317.969,5600702.0
2025-07-03 12:30:00,317.925,318.28,316.2,317.0899,3999733.0
2025-07-03 13:00:00,317.075,317.3,315.0,315.35,7276793.0
2025-07-07 10:00:00,291.37,294.7089,288.7701,291.6,28912394.0
2025-07-07 10:30:00,291.61,296.15,290.56,293.18,14820617.0
2025-07-07 11:00:00,293.22,294.3854,291.9,292.1201,8737056.0
2025-07-07 11:30:00,292.16,293.55,290.56,292.8098,8873033.0
2025-07-07 12:00:00,292.8564,293.76,292.4,293.53,4932816.0
2025-07-07 12:30:00,293.514,294.52,291.1,292.61,6764889.0
2025-07-07 13:00:00,292.58,293.0,291.64,291.9201,4491941.0
2025-07-07 13:30:00,291.92,292.75,291.15,291.34,4593614.0
2025-07-07 14:00:00,291.33,293.61,291.2992,293.4075,4315539.0
2025-07-07 14:30:00,293.4297,294.15,291.2,291.384,5257737.0
2025-07-07 15:00:00,291.43,293.15,291.3575,293.0856,4540143.0
2025-07-07 15:30:00,293.07,294.39,292.7301,293.9716,5369630.0
2025-07-07 16:00:00,293.96,295.53,293.0,293.94,16772328.0
2025-07-08 10:00:00,297.0,300.37,295.6416,297.4018,14514965.0
2025-07-08 10:30:00,297.37,299.5,296.46,298.93,8040936.0
2025-07-08 11:00:00,298.95,304.0499,298.8602,302.22,13649498.0
2025-07-08 11:30:00,302.21,303.13,301.33,301.9,5738368.0
2025-07-08 12:00:00,301.9099,302.91,300.81,301.5294,4721101.0
2025-07-08 12:30:00,301.5,302.99,301.44,302.25,3831207.0
2025-07-08 13:00:00,302.26,302.4,300.73,301.3293,3696380.0
2025-07-08 13:30:00,301.33,302.37,300.8501,301.5339,3306839.0
2025-07-08 14:00:00,301.53,301.83,300.43,301.48,3892952.0
2025-07-08 14:30:00,301.46,303.46,301.04,302.9299,4549382.0
2025-07-08 15:00:00,302.94,303.58,301.78,301.8327,4254354.0
2025-07-08 15:30:00,301.82,301.9,296.86,296.9556,10835437.0
2025-07-08 16:00:00,296.9412,298.6,294.35,297.81,16342422.0
2025-07-09 10:00:00,297.55,300.15,296.13,298.315,11387719.0
2025-07-09 10:30:00,298.285,299.0,294.76,295.4528,8601122.0
2025-07-09 11:00:00,295.47,296.56,293.65,294.0905,9746031.0
2025-07-09 11:30:00,294.115,296.24,293.55,295.93,5285425.0
2025-07-09 12:00:00,295.97,296.4,294.69,294.785,3662467.0
2025-07-09 12:30:00,294.77,295.45,294.37,294.85,3114646.0
2025-07-09 13:00:00,294.86,296.18,294.86,295.575,2857653.0
2025-07-09 13:30:00,295.59,295.6,294.3,294.48,3096495.0
2025-07-09 14:00:00,294.52,295.47,293.91,295.02,3960032.0
2025-07-09 14:30:00,295.0,297.129,294.8901,296.575,3645897.0
2025-07-09 15:00:00,296.59,296.75,296.0,296.55,2398341.0
2025-07-09 15:30:00,296.59,297.82,296.55,296.94,4275915.0
2025-07-09 16:00:00,296.93,297.7428,295.75,295.88,8909454.0
2025-07-10 10:00:00,300.05,307.92,300.0,303.2415,19841067.0
2025-07-10 10:30:00,303.2445,306.35,302.57,304.35,9935539.0
2025-07-10 11:00:00,304.35,306.43,303.75,305.06,5991707.0
2025-07-10 11:30:00,305.02,306.8,304.52,304.7,4955300.0
2025-07-10 12:00:00,304.66,304.93,303.3,303.7875,4223633.0
2025-07-10 12:30:00,303.795,304.6,303.12,304.0,3333774.0
2025-07-10 13:00:00,304.0155,304.8799,303.05,303.54,3188877.0
2025-07-10 13:30:00,303.53,303.86,301.55,301.8866,5018520.0
2025-07-10 14:00:00,301.8831,305.55,301.8,305.3499,4474149.0
2025-07-10 14:30:00,305.31,307.4,304.94,306.53,6276095.0
2025-07-10 15:00:00,306.5246,309.34,306.17,309.29,7026107.0
2025-07-10 15:30:00,309.28,310.48,308.4,309.24,8130771.0
2025-07-10 16:00:00,309.1949,310.3,308.45,309.87,15417613.0
2025-07-11 10:00:00,307.89,311.08,305.65,310.1099,11187544.0
2025-07-11 10:30:00,310.0,311.91,308.81,310.9792,7163400.0
2025-07-11 11:00:00,310.93,311.0193,307.61,308.28,6353542.0
2025-07-11 11:30:00,308.25,308.93,306.64,307.7104,5346945.0
2025-07-11 12:00:00,307.71,309.46,306.96,308.9401,4491674.0
2025-07-11 12:30:00,308.96,310.02,308.2201,309.8501,3722257.0
2025-07-11 13:00:00,309.85,311.23,309.75,311.02,3981213.0
2025-07-11 13:30:00,311.05,311.57,310.2,310.86,3595625.0
2025-07-11 14:00:00,310.84,311.06,309.86,309.91,2948730.0
2025-07-11 14:30:00,309.9,312.8,309.88,311.96,4411919.0
2025-07-11 15:00:00,311.975,312.66,311.01,311.3106,4152677.0
2025-07-11 15:30:00,311.325,313.429,310.3,312.68,6138582.0
2025-07-11 16:00:00,312.63,314.09,312.6206,313.51,10941747.0
2025-07-14 10:00:00,317.73,322.5986,314.97,315.5,16154794.0
2025-07-14 10:30:00,315.56,317.01,313.53,314.2497,8124281.0
2025-07-14 11:00:00,314.22,315.34,312.67,314.99,6255409.0
2025-07-14 11:30:00,314.9612,315.65,313.77,314.38,4763082.0
2025-07-14 12:00:00,314.4,315.27,313.88,314.7713,3662058.0
2025-07-14 12:30:00,314.72,315.54,314.28,314.94,3090432.0
2025-07-14 13:00:00,314.93,315.95,314.71,315.7194,2958449.0
2025-07-14 13:30:00,315.73,316.6599,315.25,315.3376,3706841.0
2025-07-14 14:00:00,315.37,315.925,312.85,314.0612,4877942.0
2025-07-14 14:30:00,314.04,315.16,313.8,315.024,2987018.0
2025-07-14 15:00:00,315.025,316.24,314.83,316.1699,3434182.0
2025-07-14 15:30:00,316.21,316.77,315.47,316.3252,4083647.0
2025-07-14 16:00:00,316.335,317.27,315.68,316.9,9858513.0
2025-07-15 10:00:00,319.675,321.2,316.7401,318.14,12186105.0
2025-07-15 10:30:00,318.17,319.36,316.42,317.66,7052895.0
2025-07-15 11:00:00,317.5,317.5117,312.97,313.386,8128583.0
2025-07-15 11:30:00,313.39,314.36,312.7,314.0705,6152137.0
2025-07-15 12:00:00,314.12,314.87,313.2,314.16,3834952.0
2025-07-15 12:30:00,314.18,315.49,313.96,314.32,3551785.0
2025-07-15 13:00:00,314.31,314.89,312.81,313.51,3466535.0
2025-07-15 13:30:00,313.5,315.0999,313.44,314.08,2680320.0
2025-07-15 14:00:00,314.05,314.98,313.51,313.8501,2269152.0
2025-07-15 14:30:00,313.9111,315.24,313.34,314.6532,3230043.0
2025-07-15 15:00:00,314.619567,314.64,311.9,311.91,4071473.0
2025-07-15 15:30:00,311.91,313.12,310.5,311.455,6111165.0
2025-07-15 16:00:00,311.47,312.38,310.655,310.78,9206280.0
2025-07-16 10:00:00,312.8,318.65,312.62,318.2,15468438.0
2025-07-16 10:30:00,318.23,318.93,314.41,318.18,10269999.0
2025-07-16 11:00:00,318.175,321.12,318.0,318.85,11795624.0
2025-07-16 11:30:00,318.8913,320.86,317.73,319.5081,7343955.0
2025-07-16 12:00:00,319.51,321.08,316.08,319.2212,7965242.0
2025-07-16 12:30:00,319.21,321.7,318.63,321.205,5380391.0
2025-07-16 13:00:00,321.22,321.56,319.61,320.11,3955235.0
2025-07-16 13:30:00,320.1125,321.32,319.77,320.195,3404789.0
2025-07-16 14:00:00,320.22,320.99,319.36,319.785,3484306.0
2025-07-16 14:30:00,319.785,320.43,318.66,319.45,3468467.0
2025-07-16 15:00:00,319.4301,321.14,319.4301,321.0941,3525592.0
2025-07-16 15:30:00,321.11,322.95,320.82,322.026138,5947662.0
2025-07-16 16:00:00,322.04,323.5,321.37,321.67,10670224.0
2025-07-17 10:00:00,323.15,324.0,319.9,321.175,11476879.0
2025-07-17 10:30:00,321.175,324.34,320.43,321.895,9581300.0
2025-07-17 11:00:00,321.86,323.11,321.3,322.38,4845789.0
2025-07-17 11:30:00,322.39,323.4711,321.63,322.135,4943879.0
2025-07-17 12:00:00,322.13,322.4,320.58,321.76982,4815283.0
2025-07-17 12:30:00,321.75,322.03,319.75,320.5288,4684409.0
2025-07-17 13:00:00,320.526,321.61,320.12,321.4062,3225224.0
2025-07-17 13:30:00,321.39,321.8439,317.695,319.46,3978367.0
2025-07-17 14:00:00,319.4801,319.6699,317.0601,319.24,6762214.0
2025-07-17 14:30:00,319.27,319.66,318.21,319.01,3286617.0
2025-07-17 15:00:00,319.025,319.8195,318.61,318.6796,2754383.0
2025-07-17 15:30:00,318.68,319.58,318.2801,318.93,2837791.0
2025-07-17 16:00:00,318.905,319.71,318.44,319.41,7334170.0
2025-07-18 10:00:00,321.66,329.6,321.42,328.77,19013703.0
2025-07-18 10:30:00,328.75,330.71,326.82,327.07,10872843.0
2025-07-18 11:00:00,327.07,327.92,325.5,327.07,8481899.0
2025-07-18 11:30:00,327.08,329.1,326.4,327.1606,5501783.0
2025-07-18 12:00:00,327.2,329.02,327.1301,328.42,4336945.0
2025-07-18 12:30:00,328.45,328.85,327.46,328.055,3634638.0
2025-07-18 13:00:00,328.0045,328.11,325.12,325.35,5922164.0
2025-07-18 13:30:00,325.35,327.7899,324.8401,327.57,5142781.0
2025-07-18 14:00:00,327.56,328.23,327.11,328.0813,3261210.0
2025-07-18 14:30:00,328.1,330.86,327.9806,329.81,7322152.0
2025-07-18 15:00:00,329.8,330.4,329.22,330.06,3630771.0
2025-07-18 15:30:00,330.08,330.9,328.78,328.84,4990647.0
2025-07-18 16:00:00,329.46,329.86,325.91,329.65,6453777.0
2025-07-21 10:00:00,334.4,338.0,328.8,329.2972,16028457.0
2025-07-21 10:30:00,329.25,331.1599,328.5,330.0995,8254416.0
2025-07-21 11:00:00,330.1,330.33,327.8,329.77,6340370.0
2025-07-21 11:30:00,329.785,329.95,327.9601,329.1528,5303806.0
2025-07-21 12:00:00,329.12,330.26,327.92,328.16,4477827.0
2025-07-21 12:30:00,328.134,328.96,326.88,328.7215,4275090.0
2025-07-21 13:00:00,328.72,329.97,328.72,329.1824,3451344.0
2025-07-21 13:30:00,329.18,330.36,328.96,329.73,2977912.0
2025-07-21 14:00:00,329.72,330.2496,329.15,329.4692,2633724.0
2025-07-21 14:30:00,329.45,330.83,329.22,329.7,3379175.0
2025-07-21 15:00:00,329.7,330.31,329.15,329.3401,2733170.0
2025-07-21 15:30:00,329.375,329.89,327.8,329.3999,3910945.0
2025-07-21 16:00:00,329.38,329.85,327.95,328.49,6637759.0
2025-07-22 10:00:00,329.74,330.47,321.55,323.9,10814834.0
2025-07-22 10:30:00,323.93,328.0,323.16,327.67,6465015.0
2025-07-22 11:00:00,327.67,331.6,327.3306,329.5193,7286841.0
2025-07-22 11:30:00,329.51,330.41,327.41,329.67,5064668.0
2025-07-22 12:00:00,329.65,332.35,329.4308,331.47,5592064.0
2025-07-22 12:30:00,331.5,331.98,330.11,330.14,3661163.0
2025-07-22 13:00:00,330.13,330.685,329.65,330.62,2828997.0
2025-07-22 13:30:00,330.615,332.23,330.451,331.8815,3535345.0
2025-07-22 14:00:00,331.88,332.58,331.16,331.6979,3430563.0
2025-07-22 14:30:00,331.68,334.2453,329.83,333.645,7056735.0
2025-07-22 15:00:00,333.62,335.26,333.45,335.26,5170195.0
2025-07-22 15:30:00,335.21,335.4098,333.115,333.5065,5317014.0
2025-07-22 16:00:00,333.525,333.77,332.0,332.11,7617666.0
2025-07-23 10:00:00,330.9,334.23,329.01,333.0071,9994140.0
2025-07-23 10:30:00,333.01,334.6,332.7649,333.45,6492397.0
2025-07-23 11:00:00,333.44,333.94,332.2,333.75,4868299.0
2025-07-23 11:30:00,333.725,334.2,332.08,333.11,4508093.0
2025-07-23 12:00:00,333.09,336.2,332.75,333.74,4930190.0
2025-07-23 12:30:00,333.7,334.95,332.84,333.275,3887690.0
2025-07-23 13:00:00,333.275,333.57,331.91,332.09,3420783.0
2025-07-23 13:30:00,332.075,332.58,328.67,330.86,6493748.0
2025-07-23 14:00:00,330.856,331.39,329.41,330.98,4479098.0
2025-07-23 14:30:00,330.985,333.66,330.8,332.8192,4848439.0
2025-07-23 15:00:00,332.7875,335.7,332.0,333.0813,5543648.0
2025-07-23 15:30:00,333.12,334.05,332.11,333.815,4631517.0
2025-07-23 16:00:00,333.815,334.35,332.08,332.56,8198057.0
2025-07-24 10:00:00,310.0,310.15,301.0,307.0,35522376.0
2025-07-24 10:30:00,307.02,307.78,303.62,303.8,14820925.0
2025-07-24 11:00:00,303.75,305.49,302.61,303.535,10503337.0
2025-07-24 11:30:00,303.535,303.95,301.31,302.3053,12505109.0
2025-07-24 12:00:00,302.286,303.38,301.71,302.8656,6578773.0
2025-07-24 12:30:00,302.8736,302.97,300.41,301.25,8679057.0
2025-07-24 13:00:00,301.25,302.99,301.0,302.75,5535000.0
2025-07-24 13:30:00,302.745,304.99,302.25,304.2733,7435644.0
2025-07-24 14:00:00,304.28,305.76,302.63,303.0427,7043337.0
2025-07-24 14:30:00,303.03,303.9299,302.18,303.82,4745787.0
2025-07-24 15:00:00,303.815,304.74,303.5505,304.47,5241367.0
2025-07-24 15:30:00,304.47,306.71,304.31,306.65,7678510.0
2025-07-24 16:00:00,306.64,307.48,305.0,305.3,18758934.0
2025-07-25 10:00:00,308.74,312.75,308.01,311.82,17651014.0
2025-07-25 10:30:00,311.88,314.53,311.8505,313.65,11730596.0
2025-07-25 11:00:00,313.68,315.2,312.13,315.07,8351622.0
2025-07-25 11:30:00,315.05,318.73,314.1,318.439,11456705.0
2025-07-25 12:00:00,318.43,320.87,317.77,319.69,14072479.0
2025-07-25 12:30:00,319.6669,323.63,319.6,323.29,10770189.0
2025-07-25 13:00:00,323.285,323.3,320.23,320.6,9625821.0
2025-07-25 13:30:00,320.56,320.6499,317.0,317.8099,10226247.0
2025-07-25 14:00:00,317.79,318.46,316.5,316.7934,7170918.0
2025-07-25 14:30:00,316.82,318.58,315.35,318.39,9129813.0
2025-07-25 15:00:00,318.3749,318.5095,314.71,315.1196,7414407.0
2025-07-25 15:30:00,315.11,316.06,312.7,314.2105,9581313.0
2025-07-25 16:00:00,314.24,316.77,313.81,316.06,14137163.0
2025-07-28 10:00:00,318.45,322.5,315.69,321.94,15390376.0
2025-07-28 10:30:00,321.91,326.4,319.91,325.1388,14088586.0
2025-07-28 11:00:00,325.15,328.23,322.63,328.04,10258356.0
2025-07-28 11:30:00,328.05,328.95,326.6,327.39,9682437.0
2025-07-28 12:00:00,327.4,329.5,326.75,328.77,7116669.0
2025-07-28 12:30:00,328.785,330.49,327.03,328.965,7913474.0
2025-07-28 13:00:00,328.9787,329.31,327.845,328.635,4859319.0
2025-07-28 13:30:00,328.638,328.8598,326.9,328.15,5627129.0
2025-07-28 14:00:00,328.16,329.4656,326.57,327.34,5642728.0
2025-07-28 14:30:00,327.3543,327.63,326.15,326.99,4374528.0
2025-07-28 15:00:00,327.02,328.37,326.98,327.895,4120599.0
2025-07-28 15:30:00,327.86,328.17,326.06,326.23,4212409.0
2025-07-28 16:00:00,326.2071,327.2,325.34,325.59,11712242.0
2025-07-29 10:00:00,325.55,326.25,319.51,320.3,13173662.0
2025-07-29 10:30:00,320.3,321.3899,318.25,319.33,9103776.0
2025-07-29 11:00:00,319.32,322.4394,318.9,322.21,7625232.0
2025-07-29 11:30:00,322.17,322.63,318.37,318.5101,6621747.0
2025-07-29 12:00:00,318.54,320.62,318.359,320.05,7432471.0
2025-07-29 12:30:00,320.05,322.23,319.99,320.554,5588717.0
2025-07-29 13:00:00,320.55,321.05,319.65,321.04,3349250.0
2025-07-29 13:30:00,321.03,321.75,320.3,320.44,3286830.0
2025-07-29 14:00:00,320.43,321.9097,320.0922,321.7672,3443444.0
2025-07-29 14:30:00,321.8,323.78,321.31,322.63,5690379.0
2025-07-29 15:00:00,322.63,323.89,322.6112,322.76,3756661.0
2025-07-29 15:30:00,322.776,324.06,322.2,322.38,3969449.0
2025-07-29 16:00:00,322.4,322.55,320.77,321.2,10378440.0
2025-07-30 10:00:00,322.18,324.4499,320.0,321.46,9829020.0
2025-07-30 10:30:00,321.45,323.42,321.02,322.215,5817209.0
2025-07-30 11:00:00,322.24,322.4,318.82,319.165,5750220.0
2025-07-30 11:30:00,319.15,319.77,316.91,317.6699,8072360.0
2025-07-30 12:00:00,317.645,319.39,317.39,319.0103,4559982.0
2025-07-30 12:30:00,319.016,319.11,317.5,317.67,3514806.0
2025-07-30 13:00:00,317.67,318.28,317.34,318.245,3327051.0
2025-07-30 13:30:00,318.25,318.88,317.64,317.8661,2669652.0
2025-07-30 14:00:00,317.87,318.65,317.7,318.3991,2856505.0
2025-07-30 14:30:00,318.355,318.85,315.855,316.67,5560560.0
2025-07-30 15:00:00,316.66,317.8298,312.4,312.68,7674161.0
2025-07-30 15:30:00,312.58,316.29,311.6164,315.59,8416999.0
2025-07-30 16:00:00,315.61,319.26,315.14,319.04,11169942.0
2025-07-31 10:00:00,319.605,321.37,317.81,318.1434,8931405.0
2025-07-31 10:30:00,318.12,319.15,315.94,316.29,6365065.0
2025-07-31 11:00:00,316.29,317.4,313.1,313.16,6701417.0
2025-07-31 11:30:00,313.16,314.96,311.5,312.401,7230788.0
2025-07-31 12:00:00,312.4499,313.356,311.72,312.25,4386030.0
2025-07-31 12:30:00,312.23,314.11,311.93,313.59,4701633.0
2025-07-31 13:00:00,313.6,314.08,312.01,312.87,3169791.0
2025-07-31 13:30:00,312.845,312.87,309.59,309.884,5080908.0
2025-07-31 14:00:00,309.9,311.65,307.83,308.34,6536567.0
2025-07-31 14:30:00,308.3,309.08,306.1,308.435,6767513.0
2025-07-31 15:00:00,308.39,310.12,308.33,309.43,4678634.0
2025-07-31 15:30:00,309.45,310.99,309.01,310.2001,4523445.0
2025-07-31 16:00:00,310.29,310.7465,307.94,308.27,11488515.0
2025-08-01 10:00:00,306.205,308.7599,299.5,300.32,12905575.0
2025-08-01 10:30:00,300.32,304.99,297.82,304.545,11255479.0
2025-08-01 11:00:00,304.57,307.365,304.2401,305.4679,7065551.0
2025-08-01 11:30:00,305.5,305.8094,303.88,304.855,4438207.0
2025-08-01 12:00:00,304.855,309.18,304.75,307.88,5482722.0
2025-08-01 12:30:00,307.875,309.31,306.5508,307.18,4234209.0
2025-08-01 13:00:00,307.18,307.24,303.98,304.1086,4271568.0
2025-08-01 13:30:00,304.11,305.0,302.74,303.2364,4575622.0
2025-08-01 14:00:00,303.235,304.86,302.44,303.685,5062796.0
2025-08-01 14:30:00,303.65,303.8293,301.36,303.26,5096812.0
2025-08-01 15:00:00,303.2616,304.6,301.87,302.61,4017455.0
2025-08-01 15:30:00,302.57,302.9,301.16,301.935,4185537.0
2025-08-01 16:00:00,301.91,303.67,301.09,302.63,9916660.0
2025-08-04 10:00:00,309.08,310.55,305.5501,308.765,11143356.0
2025-08-04 10:30:00,308.82,312.1186,308.1906,309.04,9303123.0
2025-08-04 11:00:00,309.0199,309.07,303.0001,304.4409,9492370.0
2025-08-04 11:30:00,304.4355,306.6099,303.5679,306.195,6547245.0
2025-08-04 12:00:00,306.13,308.85,305.6201,308.5081,4646326.0
2025-08-04 12:30:00,308.53,308.99,306.79,308.6501,4207746.0
2025-08-04 13:00:00,308.67,309.75,307.5,308.485,4030831.0
2025-08-04 13:30:00,308.46,308.74,306.8,308.49,4127356.0
2025-08-04 14:00:00,308.48,308.73,307.4869,308.5511,2611663.0
2025-08-04 14:30:00,308.53,310.1799,308.3501,309.3908,3431712.0
2025-08-04 15:00:00,309.385,310.3299,309.19,309.61,2825162.0
2025-08-04 15:30:00,309.61,310.8465,308.9201,308.96,3502328.0
2025-08-04 16:00:00,308.965,309.95,308.06,309.26,7656209.0
2025-08-05 10:00:00,308.95,312.4499,305.5,311.815,9718727.0
2025-08-05 10:30:00,311.73,311.73,307.15,307.965,6848613.0
2025-08-05 11:00:00,307.9411,308.4999,305.62,307.1314,5542389.0
2025-08-05 11:30:00,307.12,308.16,306.2008,306.96,3581472.0
2025-08-05 12:00:00,306.9,307.75,306.4,307.2448,2559358.0
2025-08-05 12:30:00,307.24,308.1899,306.7531,307.08,2449231.0
2025-08-05 13:00:00,307.0295,307.99,306.0301,306.32,2554120.0
2025-08-05 13:30:00,306.33,308.1699,306.2242,308.0801,2261584.0
2025-08-05 14:00:00,308.1,310.37,308.0013,309.9136,3794586.0
2025-08-05 14:30:00,309.9164,310.9142,309.01,309.2301,3342253.0
2025-08-05 15:00:00,309.27,310.145,308.6501,309.5074,2624988.0
2025-08-05 15:30:00,309.51,310.625,309.375,309.635,2613107.0
2025-08-05 16:00:00,309.66,310.12,308.41,308.72,6193834.0
2025-08-06 10:00:00,307.89,317.35,306.9345,313.5,13763654.0
2025-08-06 10:30:00,313.47,316.2299,313.19,314.8609,6680729.0
2025-08-06 11:00:00,314.89,318.4,314.5701,316.9,7709666.0
2025-08-06 11:30:00,316.9,319.51,316.53,318.4726,5756426.0
2025-08-06 12:00:00,318.49,319.56,317.7,318.7728,5727914.0
2025-08-06 12:30:00,318.805,318.8999,316.7,317.205,4028705.0
2025-08-06 13:00:00,317.205,318.09,316.78,317.2001,3075470.0
2025-08-06 13:30:00,317.2,318.71,316.21,318.5335,3325605.0
2025-08-06 14:00:00,318.55,319.75,317.86,318.71,3797203.0
2025-08-06 14:30:00,318.725,319.69,318.385,319.59,3373560.0
2025-08-06 15:00:00,319.58,320.0,318.84,319.5901,3717061.0
2025-08-06 15:30:00,319.59,320.47,318.8861,319.2952,4600093.0
2025-08-06 16:00:00,319.27,320.15,318.42,319.91,9986488.0
2025-08-07 10:00:00,319.79,321.84,318.1,321.43,9556107.0
2025-08-07 10:30:00,321.4,322.4,318.52,319.3,7151118.0
2025-08-07 11:00:00,319.275,320.29,317.62,318.121,5896702.0
2025-08-07 11:30:00,318.185,319.36,317.6268,317.9353,3854420.0
2025-08-07 12:00:00,317.94,319.4,317.68,318.78,3442005.0
2025-08-07 12:30:00,318.77,320.96,318.38,320.825,4782655.0
2025-08-07 13:00:00,320.815,321.1595,318.07,318.7287,4818879.0
2025-08-07 13:30:00,318.6815,319.2699,317.94,318.39,2857291.0
2025-08-07 14:00:00,318.4001,318.66,317.31,318.36,3016975.0
2025-08-07 14:30:00,318.36,318.85,316.16,317.3465,3542775.0
2025-08-07 15:00:00,317.33,318.62,316.68,318.44,2716229.0
2025-08-07 15:30:00,318.42,319.1436,318.0037,318.95,2693484.0
2025-08-07 16:00:00,318.945,322.36,318.84,322.27,8321095.0
2025-08-08 10:00:00,321.43,333.7,320.98,332.9137,18483212.0
2025-08-08 10:30:00,332.91,333.93,329.5,331.7909,11693708.0
2025-08-08 11:00:00,331.81,335.0,330.9301,333.14,9871794.0
2025-08-08 11:30:00,333.13,334.17,331.14,333.19,6368917.0
2025-08-08 12:00:00,333.17,333.35,330.48,330.91,5079419.0
2025-08-08 12:30:00,330.8801,331.9,329.91,330.3192,4277998.0
2025-08-08 13:00:00,330.31,331.77,328.65,329.6514,4852840.0
2025-08-08 13:30:00,329.65,330.3878,328.51,328.66,3324685.0
2025-08-08 14:00:00,328.6981,330.35,328.2,329.625,3717086.0
2025-08-08 14:30:00,329.615,330.45,328.9,329.5105,3100664.0
2025-08-08 15:00:00,329.53,330.88,329.32,330.5094,3324071.0
2025-08-08 15:30:00,330.46,330.48,328.47,328.63,3629793.0
2025-08-08 16:00:00,328.63,329.7299,327.22,329.65,11064762.0
2025-08-11 10:00:00,335.0,343.255,334.15,340.4,19676911.0
2025-08-11 10:30:00,340.4,343.16,338.84,341.335,9948311.0
2025-08-11 11:00:00,341.365,343.15,340.3,342.59,7195691.0
2025-08-11 11:30:00,342.57,344.3,341.89,344.07,7623940.0
2025-08-11 12:00:00,344.0229,345.55,343.4,345.25,7566991.0
2025-08-11 12:30:00,345.255,346.449,344.75,346.39,6481235.0
2025-08-11 13:00:00,346.41,346.64,344.0,344.35,5701379.0
2025-08-11 13:30:00,344.37,344.93,342.23,342.41,5023666.0
2025-08-11 14:00:00,342.41,343.3299,341.9404,342.5899,4128625.0
2025-08-11 14:30:00,342.59,343.08,341.6,342.16,4201489.0
2025-08-11 15:00:00,342.165,344.09,340.6504,343.7545,5507095.0
2025-08-11 15:30:00,343.77,343.8799,341.61,341.96,4996391.0
2025-08-11 16:00:00,341.99,342.08,338.79,339.03,12040144.0
2025-08-12 10:00:00,345.0,345.26,335.76,335.92,14196423.0
2025-08-12 10:30:00,335.95,336.19,332.94,334.955,10447505.0
2025-08-12 11:00:00,334.9593,335.75,333.12,334.7739,6113446.0
2025-08-12 11:30:00,334.81,338.18,334.63,337.265,6827925.0
2025-08-12 12:00:00,337.31,338.99,336.25,337.9865,4908218.0
2025-08-12 12:30:00,337.99,339.01,336.85,338.0315,3285248.0
2025-08-12 13:00:00,338.0235,340.0899,337.6201,339.4001,3587674.0
2025-08-12 13:30:00,339.42,339.99,337.81,338.79,3789733.0
2025-08-12 14:00:00,338.76,339.4514,337.875,338.2399,2537151.0
2025-08-12 14:30:00,338.21,339.6736,337.03,339.4137,3898987.0
2025-08-12 15:00:00,339.43,341.06,338.93,340.6,4066251.0
2025-08-12 15:30:00,340.6,341.4499,340.28,340.86,3338877.0
2025-08-12 16:00:00,340.88,342.5,340.38,340.84,9142048.0
2025-08-13 10:00:00,341.5,348.98,340.24,345.825,14480486.0
2025-08-13 10:30:00,345.85,346.24,343.8,345.0899,7440330.0
2025-08-13 11:00:00,345.0751,345.5624,342.82,343.325,4850998.0
2025-08-13 11:30:00,343.345,343.8,338.55,340.785,7373385.0
2025-08-13 12:00:00,340.815,342.33,340.43,341.27,3697710.0
2025-08-13 12:30:00,341.255,342.08,340.2,341.3001,2753576.0
2025-08-13 13:00:00,341.3,341.6,339.25,339.785,3373947.0
2025-08-13 13:30:00,339.765,341.6599,339.65,341.505,2909539.0
2025-08-13 14:00:00,341.505,341.8198,339.36,340.9453,2895930.0
2025-08-13 14:30:00,340.955,341.582,338.2,340.225,3988849.0
2025-08-13 15:00:00,340.26,340.68,339.47,339.9,2149266.0
2025-08-13 15:30:00,339.895,341.4599,339.2,340.72,3009988.0
2025-08-13 16:00:00,340.76,341.25,339.2,339.38,5596699.0
2025-08-14 10:00:00,335.76,338.29,334.8067,337.84,8951985.0
2025-08-14 10:30:00,337.88,338.4,335.77,337.165,5276673.0
2025-08-14 11:00:00,337.1935,340.4699,337.06,338.238,5825618.0
2025-08-14 11:30:00,338.21,338.44,331.2822,332.5499,7521924.0
2025-08-14 12:00:00,332.5356,333.29,330.4,332.025,7776268.0
2025-08-14 12:30:00,332.04,332.31,331.1,331.4067,4528107.0
2025-08-14 13:00:00,331.48,332.46,330.85,332.28,3588659.0
2025-08-14 13:30:00,332.27,334.13,331.8,333.9627,4273200.0
2025-08-14 14:00:00,333.975,334.58,332.76,334.525,3841412.0
2025-08-14 14:30:00,334.5212,334.54,332.8317,332.96,2861159.0
2025-08-14 15:00:00,332.946,334.41,332.93,334.1301,3531947.0
2025-08-14 15:30:00,334.11,334.8706,333.8,334.38,3530211.0
2025-08-14 16:00:00,334.38,336.03,334.01,335.58,7690392.0
2025-08-15 10:00:00,337.655,339.3,332.1401,333.11,11269119.0
2025-08-15 10:30:00,333.09,334.33,331.85,332.9,6089405.0
2025-08-15 11:00:00,332.885,333.36,331.88,332.2115,4450696.0
2025-08-15 11:30:00,332.215,333.7999,331.9,332.9058,3714173.0
2025-08-15 12:00:00,332.9,333.56,329.41,329.6599,5479956.0
2025-08-15 12:30:00,329.645,329.8999,327.02,327.94,7432668.0
2025-08-15 13:00:00,327.935,330.3,327.935,330.0808,4590748.0
2025-08-15 13:30:00,330.065,331.4296,329.78,330.9,4835438.0
2025-08-15 14:00:00,330.8801,331.6999,330.44,331.4,3120824.0
2025-08-15 14:30:00,331.4,331.45,329.3288,329.83,2895989.0
2025-08-15 15:00:00,329.8301,330.12,328.5901,328.77,4048407.0
2025-08-15 15:30:00,328.75,329.3936,328.0,329.06,3665698.0
2025-08-15 16:00:00,329.09,330.67,328.57,330.56,8988746.0
2025-08-18 10:00:00,329.62,333.68,329.59,332.18,9518295.0
2025-08-18 10:30:00,332.1301,334.2699,330.6401,333.695,7033355.0
2025-08-18 11:00:00,333.67,333.67,331.8,333.315,3635997.0
2025-08-18 11:30:00,333.293,333.98,332.75,333.025,3042005.0
2025-08-18 12:00:00,333.05,333.4479,332.7,333.205,1831527.0
2025-08-18 12:30:00,333.2,335.3496,333.15,334.8334,4285620.0
2025-08-18 13:00:00,334.8793,335.29,333.17,333.375,3705444.0
2025-08-18 13:30:00,333.4,334.91,333.33,334.7739,2389197.0
2025-08-18 14:00:00,334.775,335.75,334.32,334.63,2692043.0
2025-08-18 14:30:00,334.63,334.8508,333.66,334.23,2220854.0
2025-08-18 15:00:00,334.24,335.54,334.04,335.3726,2356609.0
2025-08-18 15:30:00,335.37,336.27,334.48,334.85,3351719.0
2025-08-18 16:00:00,334.82,335.33,333.8617,335.16,7729973.0
2025-08-19 10:00:00,335.79,339.55,333.3,338.995,11808564.0
2025-08-19 10:30:00,338.97,340.55,337.06,338.75,9646918.0
2025-08-19 11:00:00,338.82,339.28,331.71,332.32,10069051.0
2025-08-19 11:30:00,332.318,332.48,330.65,332.17,5869783.0
2025-08-19 12:00:00,332.15,333.88,332.02,332.965,3687075.0
2025-08-19 12:30:00,332.93,333.99,331.945,333.1551,3255306.0
2025-08-19 13:00:00,333.155,333.3999,330.05,330.38,3736065.0
2025-08-19 13:30:00,330.399,331.03,327.85,329.7,5777552.0
2025-08-19 14:00:00,329.62,330.86,329.43,330.4001,2887171.0
2025-08-19 14:30:00,330.4201,330.48,329.0,329.7094,2476328.0
2025-08-19 15:00:00,329.665,330.235,328.0,329.11,2991906.0
2025-08-19 15:30:00,329.09,330.09,328.0,329.94,3353590.0
2025-08-19 16:00:00,329.9,330.59,329.0,329.31,6760580.0
2025-08-20 10:00:00,329.22,331.37,319.28,321.4799,13685987.0
2025-08-20 10:30:00,321.41,322.82,316.66,317.34,9154402.0
2025-08-20 11:00:00,317.36,318.2,314.6,316.075,7682328.0
2025-08-20 11:30:00,316.075,320.39,315.62,320.03,6395384.0
2025-08-20 12:00:00,320.03,321.03,317.49,318.15,5193241.0
2025-08-20 12:30:00,318.14,322.09,317.96,321.7546,4614789.0
2025-08-20 13:00:00,321.76,321.9,320.07,320.39,2876617.0
2025-08-20 13:30:00,320.28,322.36,320.12,321.055,3016528.0
2025-08-20 14:00:00,321.05,324.06,320.95,322.67,4173099.0
2025-08-20 14:30:00,322.73,323.0,319.5501,319.8068,4008645.0
2025-08-20 15:00:00,319.8094,322.2899,319.8,321.22,3201143.0
2025-08-20 15:30:00,321.2,323.67,321.19,322.995,3329953.0
2025-08-20 16:00:00,322.9709,324.79,322.64,323.9,7610757.0
2025-08-21 10:00:00,322.08,324.9,320.5,320.77,8840010.0
2025-08-21 10:30:00,320.745,324.5,319.66,324.24,6372798.0
2025-08-21 11:00:00,324.27,324.27,322.0811,323.25,3943395.0
2025-08-21 11:30:00,323.26,323.5999,321.1,321.9006,3407072.0
2025-08-21 12:00:00,321.88,323.2,320.67,321.2584,3286685.0
2025-08-21 12:30:00,321.3,321.4085,320.04,320.22,3067479.0
2025-08-21 13:00:00,320.2,321.09,319.26,319.6242,2958791.0
2025-08-21 13:30:00,319.65,320.46,318.68,319.36,3440382.0
2025-08-21 14:00:00,319.33,321.34,319.13,320.845,2795242.0
2025-08-21 14:30:00,320.82,321.17,319.81,320.49,2255746.0
2025-08-21 15:00:00,320.5151,322.15,320.12,321.92,3082275.0
2025-08-21 15:30:00,321.92,322.6,321.7,322.015,2745020.0
2025-08-21 16:00:00,322.03,322.1096,320.0,320.11,6270054.0
2025-08-22 10:00:00,321.66,326.64,319.69,325.695,10798317.0
2025-08-22 10:30:00,325.75,337.46,325.65,334.72,18477816.0
2025-08-22 11:00:00,334.76,337.7,334.6201,336.2095,8670875.0
2025-08-22 11:30:00,336.18,337.2,335.1,335.56,5029498.0
2025-08-22 12:00:00,335.545,336.3361,334.87,335.07,3863244.0
2025-08-22 12:30:00,335.09,335.8397,333.76,335.117,4059083.0
2025-08-22 13:00:00,335.0965,338.2698,335.0656,336.5599,6422152.0
2025-08-22 13:30:00,336.55,338.33,336.4884,338.0218,4107780.0
2025-08-22 14:00:00,338.035,338.68,337.53,337.9525,3773877.0
2025-08-22 14:30:00,337.97,338.75,337.13,338.31,3537200.0
2025-08-22 15:00:00,338.32,339.09,338.0201,338.735,4019543.0
2025-08-22 15:30:00,338.75,339.56,338.0384,338.5246,4582213.0
2025-08-22 16:00:00,338.51,340.25,337.34,340.01,12785228.0
2025-08-25 10:00:00,338.9,341.46,335.03,339.194,12034528.0
2025-08-25 10:30:00,339.1678,342.15,338.33,340.82,8850483.0
2025-08-25 11:00:00,340.78,341.38,339.6,340.852,4449635.0
2025-08-25 11:30:00,340.825,343.44,339.7,343.3888,5763641.0
2025-08-25 12:00:00,343.3734,345.95,343.14,345.1,7495797.0
2025-08-25 12:30:00,345.095,346.42,344.31,345.77,4734551.0
2025-08-25 13:00:00,345.725,347.15,344.7,346.9,4580848.0
2025-08-25 13:30:00,346.89,348.7,346.181,348.3499,5784592.0
2025-08-25 14:00:00,348.35,348.68,347.1,347.78,4810887.0
2025-08-25 14:30:00,347.78,348.19,346.06,346.83,4128407.0
2025-08-25 15:00:00,346.86,347.619,346.2535,347.2,3480805.0
2025-08-25 15:30:00,347.23,349.53,347.1571,348.4601,6409991.0
2025-08-25 16:00:00,348.49,348.71,346.5,346.6,10299239.0
2025-08-26 10:00:00,344.93,349.14,344.3,347.48,12698378.0
2025-08-26 10:30:00,347.52,348.48,345.49,346.065,6811329.0
2025-08-26 11:00:00,346.0428,346.63,345.14,345.62,4734297.0
2025-08-26 11:30:00,345.6399,347.79,345.47,347.06,4193010.0
2025-08-26 12:00:00,347.05,347.127,343.72,345.02,5029458.0
2025-08-26 12:30:00,345.0049,346.35,344.32,346.28,3475521.0
2025-08-26 13:00:00,346.31,346.95,345.71,346.485,3081819.0
2025-08-26 13:30:00,346.4866,347.28,345.94,347.1,2746835.0
2025-08-26 14:00:00,347.12,347.21,345.075,345.751,2697079.0
2025-08-26 14:30:00,345.77,347.1,345.56,346.92,2562432.0
2025-08-26 15:00:00,346.94,348.66,346.89,348.28,3690504.0
2025-08-26 15:30:00,348.27,350.0,347.71,349.7,6121106.0
2025-08-26 16:00:00,349.72,351.9,349.12,351.67,14517019.0
2025-08-27 10:00:00,351.94,355.39,349.78,350.76,13176836.0
2025-08-27 10:30:00,350.765,353.2,350.01,352.7532,6407753.0
2025-08-27 11:00:00,352.785,352.98,351.2,352.33,4614498.0
2025-08-27 11:30:00,352.35,354.13,352.2312,352.98,4675311.0
2025-08-27 12:00:00,353.01,353.32,351.3506,352.65,3449252.0
2025-08-27 12:30:00,352.64,352.6599,349.156,350.6401,5031036.0
2025-08-27 13:00:00,350.635,351.5,350.0,350.89,3376524.0
2025-08-27 13:30:00,350.87,351.3899,350.43,350.985,2285251.0
2025-08-27 14:00:00,350.9874,351.27,350.31,350.59,1965162.0
2025-08-27 14:30:00,350.57,352.03,350.3701,351.34,2614550.0
2025-08-27 15:00:00,351.31,351.8,350.75,350.7646,1966054.0
2025-08-27 15:30:00,350.78,351.36,349.32,349.9116,4478752.0
2025-08-27 16:00:00,349.92,351.1,349.43,349.6,7540502.0
2025-08-28 10:00:00,350.91,353.55,349.01,350.61,9873711.0
2025-08-28 10:30:00,350.56,351.49,344.9099,345.095,7445849.0
2025-08-28 11:00:00,345.11,346.1299,343.55,345.48,7531659.0
2025-08-28 11:30:00,345.51,345.88,341.6,341.945,4874462.0
2025-08-28 12:00:00,341.95,343.19,340.26,341.26,6055595.0
2025-08-28 12:30:00,341.26,343.25,341.15,343.2,4077036.0
2025-08-28 13:00:00,343.17,344.08,342.44,343.56,3061188.0
2025-08-28 13:30:00,343.56,344.32,342.9,343.455,2661479.0
2025-08-28 14:00:00,343.46,345.01,343.45,344.81,2598117.0
2025-08-28 14:30:00,344.78,345.2099,344.3,345.005,2229900.0
2025-08-28 15:00:00,345.0,345.21,343.68,344.26,2339076.0
2025-08-28 15:30:00,344.25,346.5,344.2,346.45,4147275.0
2025-08-28 16:00:00,346.46,346.87,345.8,345.98,7675021.0
2025-08-29 10:00:00,347.23,348.7499,343.15,343.4551,9068461.0
2025-08-29 10:30:00,343.53,344.5,337.48,339.7091,10987249.0
2025-08-29 11:00:00,339.715,340.1673,337.7,338.158,5171626.0
2025-08-29 11:30:00,338.13,339.6768,337.9917,338.93,3667473.0
2025-08-29 12:00:00,338.9001,339.09,334.78,335.6978,8317042.0
2025-08-29 12:30:00,335.6375,336.94,335.31,335.8851,3859344.0
2025-08-29 13:00:00,335.87,336.5999,335.3,335.58,2956839.0
2025-08-29 13:30:00,335.56,335.56,332.65,333.745,5608929.0
2025-08-29 14:00:00,333.7474,334.42,333.3403,333.58,3195014.0
2025-08-29 14:30:00,333.55,333.99,332.44,332.68,3187437.0
2025-08-29 15:00:00,332.675,333.0699,331.7,332.5,3942947.0
2025-08-29 15:30:00,332.48,332.77,331.88,332.115,4123975.0
2025-08-29 16:00:00,332.14,334.48,332.1157,333.87,13150622.0
2025-09-02 10:00:00,328.23,332.78,325.6,332.06,10187411.0
2025-09-02 10:30:00,332.02,333.33,330.41,332.755,5701221.0
2025-09-02 11:00:00,332.775,332.79,330.29,330.7888,3629346.0
2025-09-02 11:30:00,330.77,331.3194,327.9,328.4085,4828631.0
2025-09-02 12:00:00,328.38,328.49,327.03,328.4488,3731394.0
2025-09-02 12:30:00,328.46,329.87,328.42,329.24,3183494.0
2025-09-02 13:00:00,329.23,329.71,328.45,329.5075,2489371.0
2025-09-02 13:30:00,329.49,330.4,328.75,329.8,2576284.0
2025-09-02 14:00:00,329.82,330.64,328.64,328.7969,2836603.0
2025-09-02 14:30:00,328.7321,329.29,327.93,328.18,2240208.0
2025-09-02 15:00:00,328.2,329.39,327.87,328.55,2356809.0
2025-09-02 15:30:00,328.52,329.49,328.41,329.285,2688304.0
2025-09-02 16:00:00,329.285,329.88,328.94,329.36,6694212.0
2025-09-03 10:00:00,335.2,335.2,328.51,330.9236,10546999.0
2025-09-03 10:30:00,330.99,337.31,330.6401,336.08,9756299.0
2025-09-03 11:00:00,336.0899,341.4999,336.01,341.27,11263645.0
2025-09-03 11:30:00,341.2803,342.53,340.06,340.15,8209459.0
2025-09-03 12:00:00,340.17,342.17,339.34,341.5232,5784619.0
2025-09-03 12:30:00,341.5,343.33,340.7401,341.715,4841845.0
2025-09-03 13:00:00,341.74,342.1298,340.52,341.2501,3491251.0
2025-09-03 13:30:00,341.2899,342.56,341.21,341.76,2827032.0
2025-09-03 14:00:00,341.74,342.03,339.2,339.2878,3643603.0
2025-09-03 14:30:00,339.305,339.44,336.39,336.82,4788561.0
2025-09-03 15:00:00,336.8,336.8082,334.72,335.0217,5828809.0
2025-09-03 15:30:00,335.0159,335.96,334.62,335.63,4359685.0
2025-09-03 16:00:00,335.6284,337.1487,334.01,334.09,9071127.0
2025-09-04 10:00:00,336.15,337.64,333.0,334.44,10165382.0
2025-09-04 10:30:00,334.53,334.73,331.48,333.76,7527036.0
2025-09-04 11:00:00,333.735,334.98,332.4211,333.075,4811919.0
2025-09-04 11:30:00,333.05,334.96,332.61,334.791,4035465.0
2025-09-04 12:00:00,334.7704,336.1,334.31,334.44,3923617.0
2025-09-04 12:30:00,334.4259,334.68,332.8602,333.1826,2768313.0
2025-09-04 13:00:00,333.2,334.38,333.0601,333.575,2630616.0
2025-09-04 13:30:00,333.6,335.105,333.5,335.08,2272739.0
2025-09-04 14:00:00,335.0516,335.6,334.7573,334.87,2429800.0
2025-09-04 14:30:00,334.8617,336.33,334.84,335.3991,2384261.0
2025-09-04 15:00:00,335.3984,336.6114,335.3886,336.36,2605852.0
2025-09-04 15:30:00,336.33,337.73,336.0184,336.85,3721225.0
2025-09-04 16:00:00,336.88,338.89,336.74,338.53,7842699.0
2025-09-05 10:00:00,348.0,355.87,347.57,354.53,23891571.0
2025-09-05 10:30:00,354.49,354.7362,346.23,347.86,13559225.0
2025-09-05 11:00:00,347.87,349.17,344.6801,346.6644,9245598.0
2025-09-05 11:30:00,346.6,348.8,344.9,348.57,6302365.0
2025-09-05 12:00:00,348.57,349.5,346.92,346.96,4915617.0
2025-09-05 12:30:00,346.945,348.0,345.82,347.7937,4260812.0
2025-09-05 13:00:00,347.81,349.0699,346.8401,349.03,3152643.0
2025-09-05 13:30:00,349.04,353.0,348.55,352.075,6372419.0
2025-09-05 14:00:00,352.05,352.2892,349.26,350.155,5063702.0
2025-09-05 14:30:00,350.1,352.04,349.42,351.18,4182504.0
2025-09-05 15:00:00,351.18,351.54,347.865,348.741,5720184.0
2025-09-05 15:30:00,348.75,349.88,348.0,348.8,4886091.0
2025-09-05 16:00:00,348.8388,351.28,348.04,350.84,11717524.0
2025-09-08 10:00:00,354.64,358.44,350.75,353.78,14803272.0
2025-09-08 10:30:00,353.84,353.95,350.2,352.33,7202755.0
2025-09-08 11:00:00,352.32,352.46,347.75,347.9534,6993028.0
2025-09-08 11:30:00,347.92,349.6,347.45,349.2832,5799620.0
2025-09-08 12:00:00,349.28,350.3,346.63,348.5151,5978815.0
2025-09-08 12:30:00,348.48,348.49,346.91,348.0,3369809.0
2025-09-08 13:00:00,347.97,348.09,345.86,346.1699,3567349.0
2025-09-08 13:30:00,346.15,347.7399,344.84,347.43,4510911.0
2025-09-08 14:00:00,347.48,347.63,345.4,345.661,3324505.0
2025-09-08 14:30:00,345.67,346.72,344.895,346.5385,3171405.0
2025-09-08 15:00:00,346.53,347.22,345.95,346.49,2667340.0
2025-09-08 15:30:00,346.494,346.98,345.48,346.1,3102322.0
2025-09-08 16:00:00,346.14,346.95,345.75,346.4,7139545.0
2025-09-09 10:00:00,348.44,350.77,346.8501,348.4199,9658490.0
2025-09-09 10:30:00,348.38,349.01,345.5,346.615,6733966.0
2025-09-09 11:00:00,346.64,347.3699,343.82,345.8499,6040493.0
2025-09-09 11:30:00,345.8152,347.044,344.9301,346.38,3625881.0
2025-09-09 12:00:00,346.35,347.94,346.0706,347.72,2990126.0
2025-09-09 12:30:00,347.74,348.5,346.88,347.693,2917426.0
2025-09-09 13:00:00,347.69,348.2,346.19,346.2506,2527396.0
2025-09-09 13:30:00,346.288,347.62,346.2389,346.8943,2267570.0
2025-09-09 14:00:00,346.93,347.84,346.5117,347.2798,1968160.0
2025-09-09 14:30:00,347.3,347.4399,345.95,346.585,2111161.0
2025-09-09 15:00:00,346.6,347.0,346.02,346.8201,1847970.0
2025-09-09 15:30:00,346.85,347.156,345.7,346.35,3480168.0
2025-09-09 16:00:00,346.36,347.2,346.08,346.97,5161038.0
2025-09-10 10:00:00,350.55,352.2,346.07,347.72,9706273.0
2025-09-10 10:30:00,347.72,351.4299,347.6,349.16,6180616.0
2025-09-10 11:00:00,349.13,355.5,349.07,355.39,8376044.0
2025-09-10 11:30:00,355.42,356.33,354.02,354.6703,7186794.0
2025-09-10 12:00:00,354.72,355.8,353.5,354.85,3925107.0
2025-09-10 12:30:00,354.8773,355.0859,353.51,354.233,2954694.0
2025-09-10 13:00:00,354.24,354.69,352.69,354.23,3258427.0
2025-09-10 13:30:00,354.27,355.3815,354.1,354.26,2757511.0
2025-09-10 14:00:00,354.29,356.28,353.8401,354.67,3573147.0
2025-09-10 14:30:00,354.66,354.878,353.21,353.6542,2824138.0
2025-09-10 15:00:00,353.6399,354.4432,351.0,351.3099,3814007.0
2025-09-10 15:30:00,351.305,351.57,347.16,347.45,5922283.0
2025-09-10 16:00:00,347.48,350.26,347.39,347.79,8752765.0
2025-09-11 10:00:00,350.17,352.22,347.6,351.485,9349219.0
2025-09-11 10:30:00,351.4974,359.2799,350.65,358.88,12728809.0
2025-09-11 11:00:00,358.85,360.55,357.02,358.81,10326767.0
2025-09-11 11:30:00,358.8101,363.3,358.38,361.63,10010830.0
2025-09-11 12:00:00,361.61,363.57,360.83,362.4238,5801430.0
2025-09-11 12:30:00,362.435,362.88,360.32,360.409,4255295.0
2025-09-11 13:00:00,360.41,361.84,360.18,361.82,3944577.0
2025-09-11 13:30:00,361.8,364.32,361.66,364.0891,5291276.0
2025-09-11 14:00:00,364.085,366.66,363.66,366.09,7172398.0
2025-09-11 14:30:00,366.05,367.64,364.778,365.26,6606262.0
2025-09-11 15:00:00,365.22,367.38,364.92,367.3799,4525469.0
2025-09-11 15:30:00,367.32,368.35,365.77,367.065,6462037.0
2025-09-11 16:00:00,367.07,368.99,365.82,368.81,12417560.0
2025-09-12 10:00:00,370.94,386.99,370.24,384.56,28042412.0
2025-09-12 10:30:00,384.585,392.4288,383.9,391.765,22213729.0
2025-09-12 11:00:00,391.8,394.19,386.9,389.6101,17295166.0
2025-09-12 11:30:00,389.65,391.75,387.2,388.225,9381706.0
2025-09-12 12:00:00,388.225,392.67,387.8,391.74,7459827.0
2025-09-12 12:30:00,391.74,392.33,389.4301,391.665,6415179.0
2025-09-12 13:00:00,391.665,395.99,391.4,393.61,10629235.0
2025-09-12 13:30:00,393.5694,394.42,391.08,393.6,8380729.0
2025-09-12 14:00:00,393.57,395.37,393.2,394.8862,5730035.0
2025-09-12 14:30:00,394.9,395.5,394.11,394.96,6698024.0
2025-09-12 15:00:00,394.98,394.99,392.61,393.725,6294499.0
2025-09-12 15:30:00,393.75,396.6899,393.67,393.98,11034663.0
2025-09-12 16:00:00,393.96,396.5,391.8801,395.94,18953162.0
2025-09-15 10:00:00,423.13,425.7,414.77,418.9125,31905187.0
2025-09-15 10:30:00,418.88,423.05,414.26,416.56,15574469.0
2025-09-15 11:00:00,416.55,421.95,415.61,421.64,9965331.0
2025-09-15 11:30:00,421.65,424.1273,418.86,422.4,9635840.0
2025-09-15 12:00:00,422.41,422.73,419.5101,419.565,5476903.0
2025-09-15 12:30:00,419.531,421.2,417.4,418.5,6530733.0
2025-09-15 13:00:00,418.51,420.18,415.79,416.36,5790592.0
2025-09-15 13:30:00,416.35,418.39,416.0,417.525,4498405.0
2025-09-15 14:00:00,417.5,418.2,416.22,416.2751,4477669.0
2025-09-15 14:30:00,416.27,416.48,406.6,406.6793,12164517.0
2025-09-15 15:00:00,406.66,407.8,402.43,407.155,12504587.0
2025-09-15 15:30:00,407.11,409.85,406.6,407.73,8398207.0
2025-09-15 16:00:00,407.71,411.24,406.41,410.04,14768356.0
2025-09-16 10:00:00,414.495,417.94,411.43,415.99,17027245.0
2025-09-16 10:30:00,416.0,419.58,413.25,416.2086,11113070.0
2025-09-16 11:00:00,416.17,421.15,416.0113,418.475,9016361.0
2025-09-16 11:30:00,418.51,420.98,416.56,418.5801,8098931.0
2025-09-16 12:00:00,418.6,419.66,417.0601,419.63,5030996.0
2025-09-16 12:30:00,419.6085,420.63,418.1,420.1328,5933634.0
2025-09-16 13:00:00,420.14,422.12,418.0901,418.69,6441112.0
2025-09-16 13:30:00,418.6501,420.7799,418.3801,418.7751,4331555.0
2025-09-16 14:00:00,418.775,419.4947,417.5,417.94,3536598.0
2025-09-16 14:30:00,417.95,420.14,417.6301,418.875,3350381.0
2025-09-16 15:00:00,418.8601,420.27,418.35,420.1172,3319795.0
2025-09-16 15:30:00,420.1001,420.95,419.45,420.553,4281015.0
2025-09-16 16:00:00,420.55,423.25,420.5,421.62,13904586.0
2025-09-17 10:00:00,415.75,417.2,409.67,416.19,14522715.0
2025-09-17 10:30:00,416.2042,416.4958,412.25,412.6201,6935309.0
2025-09-17 11:00:00,412.66,415.0737,411.92,414.206,5496616.0
2025-09-17 11:30:00,414.23,418.61,414.1184,417.2,6152606.0
2025-09-17 12:00:00,417.17,419.48,416.81,418.105,4645957.0
2025-09-17 12:30:00,418.11,419.9596,418.051537,419.5365,3219268.0
2025-09-17 13:00:00,419.555,420.43,416.61,419.008,4495334.0
2025-09-17 13:30:00,419.0513,419.91,418.63,419.7326,2371148.0
2025-09-17 14:00:00,419.77,420.6799,419.02,420.6799,3037468.0
2025-09-17 14:30:00,420.6026,424.69,411.77,418.945,15371389.0
2025-09-17 15:00:00,418.91,419.7381,414.45,419.7381,8797282.0
2025-09-17 15:30:00,419.65,427.93,419.4301,427.135,11906846.0
2025-09-17 16:00:00,427.1,428.312095,425.3,425.86,12564092.0
2025-09-18 10:00:00,428.865,431.55,421.95,427.99,15602128.0
2025-09-18 10:30:00,427.89,429.68,426.3,428.94,6883527.0
2025-09-18 11:00:00,428.915,432.2199,427.21,429.17,7655308.0
2025-09-18 11:30:00,429.21,430.29,424.5866,424.72,6056611.0
2025-09-18 12:00:00,424.8,426.83,423.9,425.145,5303965.0
2025-09-18 12:30:00,425.1671,425.83,420.83,422.1951,6817808.0
2025-09-18 13:00:00,422.2,425.81,421.8,425.08,4400078.0
2025-09-18 13:30:00,425.09,426.32,422.7702,423.41,4151816.0
2025-09-18 14:00:00,423.383146,423.98,421.93,423.5491,3549391.0
2025-09-18 14:30:00,423.55,424.85,422.6,423.2,3395546.0
2025-09-18 15:00:00,423.24,424.76,422.5972,424.32,2670977.0
2025-09-18 15:30:00,424.35,424.4185,420.0,422.46,5319699.0
2025-09-18 16:00:00,422.41,422.49,416.56,416.85,11668242.0
2025-09-19 10:00:00,421.82,428.625,421.72,427.78,16834769.0
2025-09-19 10:30:00,427.74,429.47,425.9,426.7701,7856511.0
2025-09-19 11:00:00,426.68,427.41,424.3101,424.786937,5930776.0
2025-09-19 11:30:00,424.61,425.11,422.57,423.8245,5662290.0
2025-09-19 12:00:00,423.82,424.96,422.96,423.8517,4864885.0
2025-09-19 12:30:00,423.8538,424.95,421.87,422.7455,4409992.0
2025-09-19 13:00:00,422.745,424.88,422.15,423.83,4206993.0
2025-09-19 13:30:00,423.86,424.84,423.44,423.5373,2458469.0
2025-09-19 14:00:00,423.555,424.24,423.0,424.0004,2575106.0
2025-09-19 14:30:00,424.0001,426.19,423.76,425.6999,4210509.0
2025-09-19 15:00:00,425.66,426.25,424.15,424.25,3049835.0
2025-09-19 15:30:00,424.24,426.71,423.63,425.98,3687236.0
2025-09-19 16:00:00,425.99,427.0,425.2,426.07,12890382.0
2025-09-22 10:00:00,431.11,441.21,429.13,440.915,19618727.0
2025-09-22 10:30:00,440.915,444.9159,440.34,444.26,11570586.0
2025-09-22 11:00:00,444.3005,444.98,440.95,441.41,6440815.0
2025-09-22 11:30:00,441.4,442.63,439.91,442.54,5629472.0
2025-09-22 12:00:00,442.55,442.77,440.5,440.709,3791388.0
2025-09-22 12:30:00,440.71,441.57,437.78,438.1497,5548988.0
2025-09-22 13:00:00,438.13,438.51,433.14,433.27,6495190.0
2025-09-22 13:30:00,433.26,433.83,429.9,433.0,8183151.0
2025-09-22 14:00:00,432.99,435.05,432.6,433.72,5009636.0
2025-09-22 14:30:00,433.695,434.3,432.72,433.24,3475504.0
2025-09-22 15:00:00,433.2116,434.64,432.91,433.4875,2943473.0
2025-09-22 15:30:00,433.495,436.0,433.22,435.775,4129670.0
2025-09-22 16:00:00,435.8,436.3,433.33,434.21,8973624.0
2025-09-23 10:00:00,439.88,440.97,433.83,437.5633,12076893.0
2025-09-23 10:30:00,437.5601,438.24,431.1917,433.49,7423500.0
2025-09-23 11:00:00,433.59,435.1799,431.6301,432.105,5494107.0
2025-09-23 11:30:00,432.18,433.97,430.875,432.5,4332637.0
2025-09-23 12:00:00,432.51,434.74,432.4,433.24,3363819.0
2025-09-23 12:30:00,433.29,435.4687,432.76,434.13,3373955.0
2025-09-23 13:00:00,434.1799,436.04,434.15,434.985,3554665.0
2025-09-23 13:30:00,435.02,435.85,432.92,433.665,4056519.0
2025-09-23 14:00:00,433.62,434.78,424.71,428.2,9950735.0
2025-09-23 14:30:00,428.24,429.2996,423.72,425.64,6192992.0
2025-09-23 15:00:00,425.57,427.58,425.34,425.6829,4237357.0
2025-09-23 15:30:00,425.74,429.15,425.63,428.18,4401577.0
2025-09-23 16:00:00,428.22,429.46,425.55,425.85,9819511.0
2025-09-24 10:00:00,429.83,438.6,429.0301,437.41,14302038.0
2025-09-24 10:30:00,437.37,440.54,434.42,440.4545,10492985.0
2025-09-24 11:00:00,440.46,440.4641,437.89,438.24,7310677.0
2025-09-24 11:30:00,438.28,439.88,437.75,439.33,4303029.0
2025-09-24 12:00:00,439.3429,440.51,434.5,435.05,6413066.0
2025-09-24 12:30:00,435.08,437.775,433.28,437.12,6536783.0
2025-09-24 13:00:00,437.13,438.55,436.67,438.2601,3236736.0
2025-09-24 13:30:00,438.32,440.09,438.18,439.5069,3819667.0
2025-09-24 14:00:00,439.5,440.5,438.46,439.39,4359423.0
2025-09-24 14:30:00,439.34,440.51,437.7142,439.3,3744606.0
2025-09-24 15:00:00,439.26,443.48,439.02,442.59,6190826.0
2025-09-24 15:30:00,442.5604,443.95,441.0,443.495,5797068.0
2025-09-24 16:00:00,443.47,444.21,442.17,442.79,12129301.0
2025-09-25 10:00:00,435.24,435.35,423.4129,425.17,18216630.0
2025-09-25 10:30:00,425.18,431.25,425.125,429.1599,10450379.0
2025-09-25 11:00:00,429.16,430.3599,427.6,429.0,6063562.0
2025-09-25 11:30:00,429.0567,429.42,425.9381,426.84,5707103.0
2025-09-25 12:00:00,426.83,429.49,426.75,429.4123,4516212.0
2025-09-25 12:30:00,429.41,430.17,428.24,428.66,3379768.0
2025-09-25 13:00:00,428.72,429.5,427.5,428.865,2991445.0
2025-09-25 13:30:00,428.83,429.69,425.9,426.9371,3662659.0
2025-09-25 14:00:00,426.91,427.6,421.2,421.9,7062183.0
2025-09-25 14:30:00,421.86,424.41,419.08,424.03,7802236.0
2025-09-25 15:00:00,423.98,427.0299,423.0,426.4001,5142907.0
2025-09-25 15:30:00,426.43,426.435,424.5,425.8,4467717.0
2025-09-25 16:00:00,425.805,426.55,422.9,423.39,10308513.0
2025-09-26 10:00:00,428.3,434.6,424.81,426.92,15604943.0
2025-09-26 10:30:00,426.86,428.16,421.02,423.31,9476404.0
2025-09-26 11:00:00,423.31,427.56,422.413,426.4217,7303609.0
2025-09-26 11:30:00,426.51,429.67,425.63,429.6127,5337828.0
2025-09-26 12:00:00,429.63,430.39,428.3201,428.4,4318918.0
2025-09-26 12:30:00,428.41,431.43,427.2,431.25,4889428.0
2025-09-26 13:00:00,431.32,432.06,430.36,431.43,4014385.0
2025-09-26 13:30:00,431.42,433.27,431.21,433.09,3779429.0
2025-09-26 14:00:00,433.0906,436.1097,432.7405,435.99,5595482.0
2025-09-26 14:30:00,435.9874,439.87,435.67,439.8,8269493.0
2025-09-26 15:00:00,439.79,440.25,437.26,438.4198,7158521.0
2025-09-26 15:30:00,438.415,439.8,437.4261,439.41,5331028.0
2025-09-26 16:00:00,439.45,440.47,437.91,440.4,12681250.0
2025-09-29 10:00:00,444.35,450.98,441.5,444.41,17849403.0
2025-09-29 10:30:00,444.41,446.49,440.94,443.795,9599347.0
2025-09-29 11:00:00,443.84,445.25,442.41,442.76,5227062.0
2025-09-29 11:30:00,442.73,444.89,440.81,442.265,5565641.0
2025-09-29 12:00:00,442.32,442.56,439.5,440.666,5555726.0
2025-09-29 12:30:00,440.6612,442.22,439.85,441.8803,4122946.0
2025-09-29 13:00:00,441.95,442.73,441.13,441.595,3105647.0
2025-09-29 13:30:00,441.62,442.35,439.68,441.76,3409440.0
2025-09-29 14:00:00,441.83,442.58,441.08,442.37,3052797.0
2025-09-29 14:30:00,442.38,443.85,442.05,443.1415,3268729.0
2025-09-29 15:00:00,443.15,443.8493,441.8,442.3383,2799297.0
2025-09-29 15:30:00,442.3709,442.5999,440.39,440.75,3173829.0
2025-09-29 16:00:00,440.76,443.64,440.7191,443.21,8199803.0
2025-09-30 10:00:00,441.52,443.5799,436.71,438.4,10635622.0
2025-09-30 10:30:00,438.43,440.0,437.48,438.66,5665338.0
2025-09-30 11:00:00,438.645,440.21,436.78,439.975,5286219.0
2025-09-30 11:30:00,439.9635,440.8,437.1,437.975,4106461.0
2025-09-30 12:00:00,437.93,438.35,433.12,435.465,6505378.0
2025-09-30 12:30:00,435.49,436.2,434.51,434.89,3642872.0
2025-09-30 13:00:00,434.8,437.15,434.79,436.8034,2888101.0
2025-09-30 13:30:00,436.815,437.92,436.17,437.46,3155994.0
2025-09-30 14:00:00,437.5,439.78,436.4498,438.335,3478402.0
2025-09-30 14:30:00,438.3,444.41,438.2401,443.39,5969210.0
2025-09-30 15:00:00,443.35,443.9499,441.77,441.98,4839624.0
2025-09-30 15:30:00,442.01,444.25,441.255,444.04,4554836.0
2025-09-30 16:00:00,444.03,445.0,443.0,444.72,9479978.0
2025-10-01 10:00:00,443.8,449.5,440.75,445.7,13551151.0
2025-10-01 10:30:00,445.72,456.29,445.15,455.67,13597382.0
2025-10-01 11:00:00,455.695,458.7799,453.12,458.68,9310173.0
2025-10-01 11:30:00,458.6659,458.88,453.4692,454.855,6679510.0
2025-10-01 12:00:00,454.85,455.7,452.48,455.4518,4616374.0
2025-10-01 12:30:00,455.47,456.43,454.18,456.21,3682498.0
2025-10-01 13:00:00,456.25,458.51,455.55,456.9376,4947226.0
2025-10-01 13:30:00,456.96,459.1,456.87,458.47,5452863.0
2025-10-01 14:00:00,458.5,460.29,457.9,458.32,6176571.0
2025-10-01 14:30:00,458.32,461.1866,458.1058,459.36,5501262.0
2025-10-01 15:00:00,459.3456,460.6,459.1901,460.105,3488093.0
2025-10-01 15:30:00,460.13,461.43,459.49,460.195,4795543.0
2025-10-01 16:00:00,460.22,462.29,459.01,459.46,12207724.0
2025-10-02 10:00:00,470.54,470.75,453.36,456.6513,23382416.0
2025-10-02 10:30:00,456.73,459.5499,453.51,454.75,10356874.0
2025-10-02 11:00:00,454.747,456.055,451.7,452.8,8602367.0
2025-10-02 11:30:00,452.7905,454.36,449.3401,450.304,9198048.0
2025-10-02 12:00:00,450.3492,451.15,444.72,447.59,11229712.0
2025-10-02 12:30:00,447.53,449.016,446.62,447.3982,5346430.0
2025-10-02 13:00:00,447.372,447.8,441.45,444.06,7382067.0
2025-10-02 13:30:00,444.02,446.05,442.2,445.89,5838812.0
2025-10-02 14:00:00,445.89,446.78,439.6,441.03,8089377.0
2025-10-02 14:30:00,441.015,443.3,439.08,441.2484,5725222.0
2025-10-02 15:00:00,441.1911,441.63,438.44,441.04,5972310.0
2025-10-02 15:30:00,441.02,444.2,441.0,442.78,6945639.0
2025-10-02 16:00:00,442.785,443.04,435.57,436.0,14914574.0
2025-10-03 10:00:00,443.285,446.77,436.28,438.165,15407293.0
2025-10-03 10:30:00,438.23,438.3,427.8,428.13,15602967.0
2025-10-03 11:00:00,428.12,430.65,424.72,427.3936,13683812.0
2025-10-03 11:30:00,427.45,431.6899,426.07,430.82,9435865.0
2025-10-03 12:00:00,430.81,431.85,428.25,430.2551,6237638.0
2025-10-03 12:30:00,430.2509,430.38,426.84,427.9401,5391229.0
2025-10-03 13:00:00,428.0,428.3,423.9,424.1731,6334993.0
2025-10-03 13:30:00,424.12,424.13,419.56,420.935,10249457.0
2025-10-03 14:00:00,420.93,423.07,416.575,419.53,8985025.0
2025-10-03 14:30:00,419.54,424.39,417.64,424.2425,7651792.0
2025-10-03 15:00:00,424.26,424.5,421.54,423.21,6042036.0
2025-10-03 15:30:00,423.18,429.2399,422.9108,428.165,9556342.0
2025-10-03 16:00:00,429.87,430.2274,426.589,429.83,9170967.0
2025-10-06 10:00:00,440.75,447.1,436.69,439.955,15410360.0
2025-10-06 10:30:00,439.955,446.4599,439.3,443.0593,8836877.0
2025-10-06 11:00:00,443.045,447.43,442.5901,444.6851,6429222.0
2025-10-06 11:30:00,444.7449,446.92,444.18,446.07,4869930.0
2025-10-06 12:00:00,446.1,447.91,445.8517,446.8825,4686730.0
2025-10-06 12:30:00,446.89,448.86,444.7011,448.0,5003796.0
2025-10-06 13:00:00,448.0,449.19,447.23,448.52,3131889.0
2025-10-06 13:30:00,448.545,449.99,447.275,448.8095,3702923.0
2025-10-06 14:00:00,448.795,449.3,447.8,448.2501,2676628.0
2025-10-06 14:30:00,448.29,449.79,447.91,449.395,2593034.0
2025-10-06 15:00:00,449.395,450.74,449.3062,450.645,3820911.0
2025-10-06 15:30:00,450.64,453.52,450.33,452.09,6092191.0
2025-10-06 16:00:00,452.1,453.55,449.82,453.25,11455763.0
2025-10-07 10:00:00,447.82,452.33,442.29,450.635,11742294.0
2025-10-07 10:30:00,450.71,452.68,446.3,447.425,6960410.0
2025-10-07 11:00:00,447.41,449.0,445.7,447.465,5182339.0
2025-10-07 11:30:00,447.51,448.15,439.77,443.58,8042279.0
2025-10-07 12:00:00,443.46,443.8192,436.321,441.1399,7072130.0
2025-10-07 12:30:00,441.14,443.3498,440.14,443.0725,4517458.0
2025-10-07 13:00:00,443.07,446.74,442.9567,446.1205,4664874.0
2025-10-07 13:30:00,446.145,448.9301,445.7301,448.65,3792853.0
2025-10-07 14:00:00,448.6,450.1999,446.4782,447.28,4182590.0
2025-10-07 14:30:00,447.36,450.01,442.5201,443.5274,5669122.0
2025-10-07 15:00:00,443.4767,445.17,437.7401,440.83,9683965.0
2025-10-07 15:30:00,440.875,442.22,432.8,434.618,9885133.0
2025-10-07 16:00:00,434.61,438.06,432.4501,433.09,13428021.0
2025-10-08 10:00:00,437.57,437.8,425.23,432.2745,14286750.0
2025-10-08 10:30:00,432.255,435.59,430.3201,434.55,7765680.0
2025-10-08 11:00:00,434.55,435.18,431.4001,432.265,4642173.0
2025-10-08 11:30:00,432.23,436.19,431.6,434.0,4542250.0
2025-10-08 12:00:00,433.9331,435.3125,432.1401,434.85,3580165.0
2025-10-08 12:30:00,434.845,435.089,433.72,433.8996,2511275.0
2025-10-08 13:00:00,433.95,435.98,432.96,435.61,3148004.0
2025-10-08 13:30:00,435.63,437.0,434.61,435.7025,2735671.0
2025-10-08 14:00:00,435.74,437.3,434.15,436.2532,3704573.0
2025-10-08 14:30:00,436.255,441.33,435.9549,438.27,4927945.0
2025-10-08 15:00:00,438.29,439.7529,436.7,437.162,3976824.0
2025-10-08 15:30:00,437.24,438.41,435.81,437.87,3100981.0
2025-10-08 16:00:00,437.85,440.09,437.48,438.69,7628966.0
2025-10-09 10:00:00,431.81,434.34,427.51,430.6901,11012222.0
2025-10-09 10:30:00,430.765,433.3904,429.3,432.584,5593254.0
2025-10-09 11:00:00,432.58,432.58,426.18,430.01,8543800.0
2025-10-09 11:30:00,430.1,431.37,429.0,429.385,4244217.0
2025-10-09 12:00:00,429.385,430.6,428.7,429.6472,3191281.0
2025-10-09 12:30:00,429.7,431.91,429.36,431.88,2972697.0
2025-10-09 13:00:00,431.89,434.0,430.86,431.8159,4669135.0
2025-10-09 13:30:00,431.86,432.3612,429.2201,429.81,3869445.0
2025-10-09 14:00:00,429.74,430.92,427.459,430.8,4191856.0
2025-10-09 14:30:00,430.85,432.11,429.8099,431.5,2907000.0
2025-10-09 15:00:00,431.47,434.2,431.458,433.83,3312908.0
2025-10-09 15:30:00,433.87,436.2595,433.5186,435.385,4511054.0
2025-10-09 16:00:00,435.4,436.35,434.4001,435.54,6266186.0
2025-10-10 10:00:00,436.54,443.13,435.88,437.8,11889923.0
2025-10-10 10:30:00,437.8,438.5999,433.31,437.05,6383860.0
2025-10-10 11:00:00,437.1,440.25,433.37,434.945,6259102.0
2025-10-10 11:30:00,434.96,435.11,423.0,424.59,13334911.0
2025-10-10 12:00:00,424.59,426.52,416.01,424.78,13471725.0
2025-10-10 12:30:00,424.71,424.86,419.91,421.535,5989925.0
2025-10-10 13:00:00,421.47,422.4499,417.3501,418.505,5582094.0
2025-10-10 13:30:00,418.41,420.183,415.44,419.56,7046687.0
2025-10-10 14:00:00,419.43,420.3499,417.1662,418.47,4091744.0
2025-10-10 14:30:00,418.5,419.92,417.44,418.954,3587112.0
2025-10-10 15:00:00,418.91,419.48,415.8,416.675,3846808.0
2025-10-10 15:30:00,416.64,418.599,413.37,414.29,6498191.0
2025-10-10 16:00:00,414.3,416.16,411.45,413.49,15988376.0
2025-10-13 10:00:00,423.53,426.51,419.7,424.155,10332794.0
2025-10-13 10:30:00,424.03,425.28,420.1,423.365,5352949.0
2025-10-13 11:00:00,423.35,428.99,420.93,422.1,7954362.0
2025-10-13 11:30:00,422.14,426.5,421.3,425.825,4704771.0
2025-10-13 12:00:00,425.76,426.68,424.54,425.86,3155476.0
2025-10-13 12:30:00,425.9,428.41,425.82,426.69,3661930.0
2025-10-13 13:00:00,426.73,428.7,425.6,428.2,2784027.0
2025-10-13 13:30:00,428.24,429.3299,427.0508,429.0084,3093426.0
2025-10-13 14:00:00,429.02,431.54,428.43,431.46,4824922.0
2025-10-13 14:30:00,431.4125,436.89,430.8,435.95,6791619.0
2025-10-13 15:00:00,435.93,436.3799,432.83,432.96,5060425.0
2025-10-13 15:30:00,432.955,435.53,431.64,433.2,4762327.0
2025-10-13 16:00:00,433.15,436.5,432.55,435.9,11474962.0
2025-10-14 10:00:00,426.79,426.83,417.86,420.02,12479737.0
2025-10-14 10:30:00,419.88,425.08,418.82,424.8,6809271.0
2025-10-14 11:00:00,424.77,425.3499,421.93,423.665,4887208.0
2025-10-14 11:30:00,423.69,425.42,422.4,423.91,3653386.0
2025-10-14 12:00:00,423.98,429.3399,423.73,427.37,5575354.0
2025-10-14 12:30:00,427.42,431.6,426.1776,430.6475,4663116.0
2025-10-14 13:00:00,430.634,434.2,430.12,430.12,4983578.0
2025-10-14 13:30:00,430.1,433.095,428.88,432.2392,3959330.0
2025-10-14 14:00:00,432.24,433.4,430.64,431.9512,2460377.0
2025-10-14 14:30:00,431.93,434.15,431.75,433.57,2576059.0
2025-10-14 15:00:00,433.58,433.81,430.5001,430.7175,2776870.0
2025-10-14 15:30:00,430.682,433.199,430.5,432.395,3031571.0
2025-10-14 16:00:00,432.41,432.4899,426.88,429.24,9281368.0
2025-10-15 10:00:00,434.9,438.806,429.7,435.615,10432526.0
2025-10-15 10:30:00,435.615,440.51,434.0501,439.44,7447756.0
2025-10-15 11:00:00,439.52,440.44,436.59,436.9,6351492.0
2025-10-15 11:30:00,436.885,438.189,433.5676,437.33,6391623.0
2025-10-15 12:00:00,437.359,438.05,431.24,433.4,5835527.0
2025-10-15 12:30:00,433.456,435.5862,432.71,434.8,3089963.0
2025-10-15 13:00:00,434.6701,435.39,432.51,433.178,2955013.0
2025-10-15 13:30:00,433.22,433.2582,426.3301,428.685,6205811.0
2025-10-15 14:00:00,428.775,433.14,428.44,432.75,3659145.0
2025-10-15 14:30:00,432.76,433.18,430.52,432.03,3000571.0
2025-10-15 15:00:00,432.07,434.5,431.7893,434.445,2903880.0
2025-10-15 15:30:00,434.41,435.27,431.84,434.852,3402148.0
2025-10-15 16:00:00,434.865,435.43,432.41,435.15,7018273.0
2025-10-16 10:00:00,434.73,437.21,431.75,435.05,9220376.0
2025-10-16 10:30:00,435.18,437.31,434.45,435.78,5757365.0
2025-10-16 11:00:00,435.89,439.35,435.8313,436.4177,6117694.0
2025-10-16 11:30:00,436.48,438.41,434.64,435.5799,4326033.0
2025-10-16 12:00:00,435.4,436.21,432.2835,432.945,4764368.0
2025-10-16 12:30:00,432.89,433.1399,429.09,429.685,5722774.0
2025-10-16 13:00:00,429.65,431.66,425.81,431.3926,6982265.0
2025-10-16 13:30:00,431.38,431.99,428.88,431.05,3981472.0
2025-10-16 14:00:00,430.92,431.66,427.46,428.215,3297345.0
2025-10-16 14:30:00,428.17,428.7958,423.1301,423.58,5940167.0
2025-10-16 15:00:00,423.7,426.99,421.3101,426.894,5407580.0
2025-10-16 15:30:00,426.86,428.47,423.75,425.33,4390162.0
2025-10-16 16:00:00,425.3,430.4399,424.5,428.75,8607698.0
2025-10-17 10:00:00,425.5,434.15,423.6,432.92,11808291.0
2025-10-17 10:30:00,432.86,440.75,431.15,439.155,12230750.0
2025-10-17 11:00:00,439.16,439.37,433.85,434.017,8167856.0
2025-10-17 11:30:00,433.97,436.55,431.3395,433.2435,6186788.0
2025-10-17 12:00:00,433.36,436.5,430.8,435.3761,5212382.0
2025-10-17 12:30:00,435.2901,439.37,435.162,438.77,5487194.0
2025-10-17 13:00:00,438.76,439.05,435.58,436.3,4213162.0
2025-10-17 13:30:00,436.3,437.41,434.8958,436.56,3373969.0
2025-10-17 14:00:00,436.635,439.85,436.11,438.87,4174594.0
2025-10-17 14:30:00,438.83,440.4,438.53,439.51,4795366.0
2025-10-17 15:00:00,439.51,439.86,437.2,437.6901,3951810.0
2025-10-17 15:30:00,437.695,441.4558,437.05,439.4,5005049.0
2025-10-17 16:00:00,439.43,439.9,437.65,439.31,9695512.0
2025-10-20 10:00:00,443.865,448.93,441.1101,447.955,11602815.0
2025-10-20 10:30:00,448.0,449.8,444.44,445.48,7732935.0
2025-10-20 11:00:00,445.41,445.7299,442.68,443.5,4794781.0
2025-10-20 11:30:00,443.5,444.13,440.61,443.0301,4521049.0
2025-10-20 12:00:00,443.06,444.56,441.9,444.16,3491212.0
2025-10-20 12:30:00,444.185,447.2499,443.61,444.17,4575613.0
2025-10-20 13:00:00,444.168,445.15,443.05,443.826,2139945.0
2025-10-20 13:30:00,443.79,444.5398,441.91,443.2513,2774809.0
2025-10-20 14:00:00,443.2179,444.27,442.5208,443.6,2301062.0
2025-10-20 14:30:00,443.5916,445.63,443.11,444.4714,2863288.0
2025-10-20 15:00:00,444.4845,446.6999,443.96,446.36,2794333.0
2025-10-20 15:30:00,446.3625,446.9,444.991,446.57,3080955.0
2025-10-20 16:00:00,446.58,447.98,446.35,447.43,7475582.0
2025-10-21 10:00:00,445.755,448.75,442.12,443.04,9122887.0
2025-10-21 10:30:00,443.08,446.66,442.05,444.75,5975636.0
2025-10-21 11:00:00,444.7,445.9,443.7,445.56,3887999.0
2025-10-21 11:30:00,445.592,447.1,444.63,446.2893,3480824.0
2025-10-21 12:00:00,446.25,448.38,445.44,448.299,4304777.0
2025-10-21 12:30:00,448.25,449.3,447.3,448.29,3428954.0
2025-10-21 13:00:00,448.29,448.99,445.5301,446.14,2908363.0
2025-10-21 13:30:00,446.18,447.4796,444.752,445.698,2950565.0
2025-10-21 14:00:00,445.72,446.5,444.95,446.3525,2099955.0
2025-10-21 14:30:00,446.3268,446.47,444.32,445.6169,2654126.0
2025-10-21 15:00:00,445.6,446.21,445.21,445.76,1970863.0
2025-10-21 15:30:00,445.79,446.2,444.97,445.27,2016576.0
2025-10-21 16:00:00,445.23,446.55,442.5,442.6,6465163.0
2025-10-22 10:00:00,443.45,445.539,439.6,441.56,7794493.0
2025-10-22 10:30:00,441.52,441.9399,433.4,434.0635,7103442.0
2025-10-22 11:00:00,434.17,437.6499,432.35,437.48,7206767.0
2025-10-22 11:30:00,437.5,438.09,431.875,433.22,5670541.0
2025-10-22 12:00:00,433.3,436.22,432.28,435.2415,4488448.0
2025-10-22 12:30:00,435.235,436.36,433.455,433.94,3141392.0
2025-10-22 13:00:00,433.9365,435.0899,429.0,434.2467,5340986.0
2025-10-22 13:30:00,434.235,435.09,431.83,432.925,3193002.0
2025-10-22 14:00:00,432.93,433.25,429.55,431.385,3497554.0
2025-10-22 14:30:00,431.37,433.85,430.2,433.72,3642991.0
2025-10-22 15:00:00,433.7,436.47,433.0,436.23,4216067.0
2025-10-22 15:30:00,436.2,438.39,435.1365,437.775,5341558.0
2025-10-22 16:00:00,437.8,439.59,437.03,438.97,9341275.0
2025-10-23 10:00:00,420.0,424.96,413.9,422.4444,22095180.0
2025-10-23 10:30:00,422.4844,426.19,421.8565,424.4599,9380463.0
2025-10-23 11:00:00,424.43,425.2896,420.5,424.865,7014749.0
2025-10-23 11:30:00,424.865,431.9,424.44,430.83,9189458.0
2025-10-23 12:00:00,430.865,433.97,430.76,433.9,6296643.0
2025-10-23 12:30:00,433.9,436.73,432.79,436.35,5706719.0
2025-10-23 13:00:00,436.4011,445.3452,436.23,445.0328,11599252.0
2025-10-23 13:30:00,445.0,449.3999,442.58,446.1501,12369716.0
2025-10-23 14:00:00,446.15,447.77,445.3,446.82,5376172.0
2025-10-23 14:30:00,446.845,448.42,442.99,448.3199,6728562.0
2025-10-23 15:00:00,448.302,448.84,441.56,443.32,5974870.0
2025-10-23 15:30:00,443.26,447.23,442.95,446.84,5388933.0
2025-10-23 16:00:00,446.8548,449.3,445.91,448.98,12960647.0
2025-10-24 10:00:00,446.83,451.68,439.71,440.8,15844924.0
2025-10-24 10:30:00,440.87,444.2199,439.51,440.969,9709678.0
2025-10-24 11:00:00,440.9,441.3,437.84,438.47,7485840.0
2025-10-24 11:30:00,438.4,441.49,438.35,441.25,4915435.0
2025-10-24 12:00:00,441.24,441.37,437.0701,438.0,5316171.0
2025-10-24 12:30:00,437.97,439.048,437.12,437.429,3738066.0
2025-10-24 13:00:00,437.428,437.88,435.6,436.79,5279606.0
2025-10-24 13:30:00,436.78,436.99,434.51,435.1736,4965238.0
2025-10-24 14:00:00,435.16,436.42,433.68,435.255,4943820.0
2025-10-24 14:30:00,435.1995,435.2999,432.88,433.4669,4504213.0
2025-10-24 15:00:00,433.47,433.7,430.5,432.4903,6425173.0
2025-10-24 15:30:00,432.5,433.6,431.41,433.267,5262315.0
2025-10-24 16:00:00,433.2508,434.14,430.17,433.72,12369907.0
2025-10-27 10:00:00,439.98,446.85,438.69,445.99,13507086.0
2025-10-27 10:30:00,446.045,449.59,445.25,449.1498,9463100.0
2025-10-27 11:00:00,449.184,450.53,445.61,447.12,6653525.0
2025-10-27 11:30:00,447.04,455.2,445.95,454.08,9407830.0
2025-10-27 12:00:00,454.0651,457.21,453.58,455.9017,8440846.0
2025-10-27 12:30:00,455.9295,457.22,454.92,456.055,6158301.0
2025-10-27 13:00:00,456.07,459.18,455.5,457.75,6240280.0
2025-10-27 13:30:00,457.7555,459.02,456.9,458.0,4020196.0
2025-10-27 14:00:00,458.0,459.99,457.5,459.65,4390874.0
2025-10-27 14:30:00,459.64,460.16,456.8,456.88,5449890.0
2025-10-27 15:00:00,456.9,457.88,454.52,455.2,5275129.0
2025-10-27 15:30:00,455.2,456.51,447.26,448.2956,10109634.0
2025-10-27 16:00:00,448.2301,453.97,447.6,452.42,12860219.0
2025-10-28 10:00:00,454.775,461.3999,451.6,458.305,12502178.0
2025-10-28 10:30:00,458.36,464.78,458.11,463.28,10762908.0
2025-10-28 11:00:00,463.2899,463.2899,460.1874,461.07,6039750.0
2025-10-28 11:30:00,461.04,465.3,461.04,464.41,5559081.0
2025-10-28 12:00:00,464.37,466.12,463.01,465.455,5228180.0
2025-10-28 12:30:00,465.49,466.49,464.53,465.8851,4081215.0
2025-10-28 13:00:00,465.84,467.0,463.9,465.33,4178440.0
2025-10-28 13:30:00,465.345,465.78,462.6619,464.21,3365882.0
2025-10-28 14:00:00,464.2,465.04,458.56,460.355,6859092.0
2025-10-28 14:30:00,460.31,463.83,458.98,462.455,4289857.0
2025-10-28 15:00:00,462.455,462.5699,459.33,461.66,3750618.0
2025-10-28 15:30:00,461.58,462.3,460.5,461.9201,2881241.0
2025-10-28 16:00:00,461.97,463.12,458.67,460.55,7441343.0
2025-10-29 10:00:00,462.5,464.705,457.93,464.0051,10547926.0
2025-10-29 10:30:00,464.1,465.7,460.25,461.8705,6187533.0
2025-10-29 11:00:00,461.855,462.16,458.07,458.85,4859237.0
2025-10-29 11:30:00,458.87,460.3507,456.78,458.8734,4483743.0
2025-10-29 12:00:00,458.89,459.4639,457.57,459.1,2796583.0
2025-10-29 12:30:00,459.13,459.5,457.5516,459.36,2634962.0
2025-10-29 13:00:00,459.36,460.38,458.57,460.054835,2160596.0
2025-10-29 13:30:00,460.015,462.0,458.63,459.0,2861276.0
2025-10-29 14:00:00,458.88,461.43,458.56,461.24,2661774.0
2025-10-29 14:30:00,461.14,462.95,459.3201,460.7317,4425007.0
2025-10-29 15:00:00,460.73,461.8199,452.65,459.4075,8415493.0
2025-10-29 15:30:00,459.39,462.07,458.0,461.1251,5199317.0
2025-10-29 16:00:00,461.13,461.92,459.23,461.51,7913310.0
2025-10-30 10:00:00,451.05,455.0607,448.5754,451.585,10166321.0
2025-10-30 10:30:00,451.55,452.94,443.88,444.42,9050136.0
2025-10-30 11:00:00,444.36,446.49,441.8,442.5867,6919981.0
2025-10-30 11:30:00,442.58,444.7,442.06,442.615,4731199.0
2025-10-30 12:00:00,442.5873,443.1899,439.61,441.28,5868488.0
2025-10-30 12:30:00,441.26,445.58,441.26,445.1399,4211542.0
2025-10-30 13:00:00,445.14,446.75,444.1201,446.35,2947797.0
2025-10-30 13:30:00,446.28,446.4,443.28,445.8799,3122455.0
2025-10-30 14:00:00,445.8035,445.87,444.11,444.685,2047221.0
2025-10-30 14:30:00,444.7,444.9,441.8201,442.768,2605115.0
2025-10-30 15:00:00,442.77,444.0799,442.0201,443.02,2501707.0
2025-10-30 15:30:00,443.1099,443.809,440.8,441.945,3293428.0
2025-10-30 16:00:00,441.98,443.0,440.0,440.1,10240610.0
2025-10-31 10:00:00,446.75,450.47,446.1,449.8185,9503358.0
2025-10-31 10:30:00,449.85,456.21,448.94,455.0,8965471.0
2025-10-31 11:00:00,455.05,457.09,453.73,456.84,5662453.0
2025-10-31 11:30:00,456.84,457.73,455.64,456.3255,4767891.0
2025-10-31 12:00:00,456.33,456.64,453.46,453.78,4911831.0
2025-10-31 12:30:00,453.7701,454.0599,450.51,453.8799,4967288.0
2025-10-31 13:00:00,453.84,454.42,448.69,449.3416,4136820.0
2025-10-31 13:30:00,449.3,449.42,443.6855,444.7795,6640877.0
2025-10-31 14:00:00,444.72,448.9893,444.5,448.455,4680565.0
2025-10-31 14:30:00,448.49,453.6,448.386,452.43,5848461.0
2025-10-31 15:00:00,452.48,453.75,450.6807,451.7368,4908495.0
2025-10-31 15:30:00,451.7,454.4,450.7772,454.09,4088199.0
2025-10-31 16:00:00,454.14,458.0,453.11,456.56,10782771.0
2025-11-03 10:00:00,455.99,473.65,453.8,473.49,17467326.0
2025-11-03 10:30:00,473.52,474.07,467.02,469.01,10237574.0
2025-11-03 11:00:00,469.07,473.17,466.7,470.8,7688428.0
2025-11-03 11:30:00,470.86,471.5,468.3,468.925,4863215.0
2025-11-03 12:00:00,468.95,469.63,465.3,466.8786,5743628.0
2025-11-03 12:30:00,466.846,469.94,466.24,467.1172,4415758.0
2025-11-03 13:00:00,467.11,470.28,466.7588,469.07,3489798.0
2025-11-03 13:30:00,469.05,470.7899,468.05,468.3064,3125308.0
2025-11-03 14:00:00,468.31,469.0,467.2,467.48,2653404.0
2025-11-03 14:30:00,467.43,467.77,464.64,465.909,4169995.0
2025-11-03 15:00:00,465.915,469.81,465.41,469.23,4114701.0
2025-11-03 15:30:00,469.245,470.7212,468.33,469.32,4000308.0
2025-11-03 16:00:00,469.35,470.2788,468.22,468.37,9395476.0
2025-11-04 10:00:00,454.46,457.66,447.69,457.335,14894795.0
2025-11-04 10:30:00,457.34,460.22,455.02,458.0931,6832192.0
2025-11-04 11:00:00,458.125,458.98,453.14,453.6943,5188682.0
2025-11-04 11:30:00,453.685,455.61,451.0501,452.8,5092879.0
2025-11-04 12:00:00,452.8,454.6594,451.325,452.73,3991765.0
2025-11-04 12:30:00,452.7145,452.98,448.1,450.78,5026993.0
2025-11-04 13:00:00,450.8,451.34,448.75,450.51,3516160.0
2025-11-04 13:30:00,450.46,451.14,446.37,447.6,5465247.0
2025-11-04 14:00:00,447.58,451.54,446.341,450.27,4526627.0
2025-11-04 14:30:00,450.28,450.97,448.06,449.33,3684405.0
2025-11-04 15:00:00,449.28,449.43,443.86,446.42,5458414.0
2025-11-04 15:30:00,446.41,448.85,446.03,448.5,4811954.0
2025-11-04 16:00:00,448.52,449.4617,443.6,444.26,12703144.0
2025-11-05 10:00:00,452.05,455.41,444.3,447.53,11451732.0
2025-11-05 10:30:00,447.45,447.85,440.71,442.545,8871800.0
2025-11-05 11:00:00,442.5,447.77,442.25,446.7701,4963704.0
2025-11-05 11:30:00,446.8133,451.5,445.81,450.89,4701320.0
2025-11-05 12:00:00,450.9399,453.1,450.78,451.22,4530778.0
2025-11-05 12:30:00,451.3,453.33,450.06,452.61,3649312.0
2025-11-05 13:00:00,452.64,454.48,452.3,453.775,2735587.0
2025-11-05 13:30:00,453.745,458.2,453.685,457.9576,4603002.0
2025-11-05 14:00:00,457.9735,464.77,457.1,463.885,6246761.0
2025-11-05 14:30:00,463.86,464.55,460.53,462.0354,5406456.0
2025-11-05 15:00:00,462.0,466.3299,461.91,465.69,5358948.0
2025-11-05 15:30:00,465.7055,466.13,460.83,461.63,5213969.0
2025-11-05 16:00:00,461.6201,462.77,459.6401,462.07,12654151.0
2025-11-06 10:00:00,461.96,467.45,457.77,459.5443,13380342.0
2025-11-06 10:30:00,459.5,459.55,450.93,451.55,10388904.0
2025-11-06 11:00:00,451.55,452.26,442.85,443.36,8463627.0
2025-11-06 11:30:00,443.37,445.4003,437.64,441.115,8448278.0
2025-11-06 12:00:00,441.09,442.8499,435.09,437.6,8224738.0
2025-11-06 12:30:00,437.63,443.96,437.6,439.9988,6418717.0
2025-11-06 13:00:00,439.97,446.35,439.5307,445.62,5336416.0
2025-11-06 13:30:00,445.56,447.74,441.63,446.83,4786055.0
2025-11-06 14:00:00,446.82,449.35,446.3,448.2399,5907719.0
2025-11-06 14:30:00,448.17,451.25,446.76,451.1799,5605429.0
2025-11-06 15:00:00,451.09,451.46,447.62,449.02,5380820.0
2025-11-06 15:30:00,449.02,450.78,446.6701,449.1001,4526045.0
2025-11-06 16:00:00,449.11,449.86,444.185,445.91,11800790.0
2025-11-07 10:00:00,437.92,438.02,423.4,431.94,19782168.0
2025-11-07 10:30:00,431.77,439.36,427.8,434.225,9745096.0
2025-11-07 11:00:00,434.225,434.86,426.94,429.0096,7007351.0
2025-11-07 11:30:00,429.0568,431.1963,426.29,428.24,6596720.0
2025-11-07 12:00:00,428.19,428.78,421.88,424.0678,7094839.0
2025-11-07 12:30:00,424.05,429.28,423.35,428.7435,6111517.0
2025-11-07 13:00:00,428.755,429.43,424.44,426.882,4622106.0
2025-11-07 13:30:00,426.895,429.89,426.52,429.8076,3593125.0
2025-11-07 14:00:00,429.8099,433.26,429.1,432.4493,4716201.0
2025-11-07 14:30:00,432.52,433.89,431.35,432.43,4041873.0
2025-11-07 15:00:00,432.44,437.45,432.33,437.353,6076932.0
2025-11-07 15:30:00,437.31,437.6,431.011,431.0766,5543028.0
2025-11-07 16:00:00,431.16,432.35,428.13,429.52,11598587.0
2025-11-10 10:00:00,439.6,443.38,433.36,439.45,12280817.0
2025-11-10 10:30:00,439.42,445.3499,438.63,444.8,9194225.0
2025-11-10 11:00:00,444.75,446.88,442.6,444.08,7157002.0
2025-11-10 11:30:00,444.153,449.6715,442.23,446.88,6344183.0
2025-11-10 12:00:00,446.85,447.86,444.32,446.5572,4546558.0
2025-11-10 12:30:00,446.538,449.43,446.0,446.21,4104085.0
2025-11-10 13:00:00,446.23,448.58,446.07,448.194,2982060.0
2025-11-10 13:30:00,448.181,448.7,444.45,444.56,2889682.0
2025-11-10 14:00:00,444.5822,447.7,442.39,442.6297,4073100.0
2025-11-10 14:30:00,442.62,447.17,442.08,446.47,3950182.0
2025-11-10 15:00:00,446.51,447.1505,445.01,445.76,2862991.0
2025-11-10 15:30:00,445.705,446.63,443.77,444.6105,3161819.0
2025-11-10 16:00:00,444.59,446.05,443.55,445.23,9421304.0
2025-11-11 10:00:00,439.4,442.49,436.83,438.8721,9028751.0
2025-11-11 10:30:00,438.8468,439.5,434.82,435.2665,6224073.0
2025-11-11 11:00:00,435.32,435.58,432.74,433.42,5591635.0
2025-11-11 11:30:00,433.4499,436.4,433.15,433.37,5030677.0
2025-11-11 12:00:00,433.35,434.46,432.36,433.06,3934068.0
2025-11-11 12:30:00,433.1,435.42,432.81,433.9207,3449553.0
2025-11-11 13:00:00,433.97,435.8,433.23,435.22,2800665.0
2025-11-11 13:30:00,435.2,436.71,434.52,435.8301,3343279.0
2025-11-11 14:00:00,435.86,437.03,434.0822,437.03,2770566.0
2025-11-11 14:30:00,437.03,437.72,435.65,437.3995,2727375.0
2025-11-11 15:00:00,437.39,437.85,436.05,436.23,2449670.0
2025-11-11 15:30:00,436.23,437.44,436.0,436.98,2681429.0
2025-11-11 16:00:00,436.97,440.46,436.41,439.62,7976827.0
2025-11-12 10:00:00,442.15,442.329,432.66,433.8422,8769134.0
2025-11-12 10:30:00,433.84,435.76,430.9,433.4432,6018055.0
2025-11-12 11:00:00,433.42,433.6599,427.89,430.036,6483407.0
2025-11-12 11:30:00,430.0513,430.88,427.43,430.173,4501402.0
2025-11-12 12:00:00,430.08,431.93,426.56,428.62,4895677.0
2025-11-12 12:30:00,428.67,430.95,428.36,430.37,2623459.0
2025-11-12 13:00:00,430.33,432.34,429.53,431.5199,3042198.0
2025-11-12 13:30:00,431.53,432.19,430.43,431.4293,2246245.0
2025-11-12 14:00:00,431.37,431.7996,429.92,431.62,2319358.0
2025-11-12 14:30:00,431.6,431.89,429.665,430.425,2184574.0
2025-11-12 15:00:00,430.425,431.27,429.0,430.145,2533276.0
2025-11-12 15:30:00,430.15,431.33,429.0,431.24,2764456.0
2025-11-12 16:00:00,431.25,432.75,430.06,430.6,7529116.0
2025-11-13 10:00:00,423.13,424.5,414.39,414.58,13800584.0
2025-11-13 10:30:00,414.58,416.05,408.56,410.3456,12734408.0
2025-11-13 11:00:00,410.39,410.87,404.76,407.8599,10062225.0
2025-11-13 11:30:00,407.82,408.54,404.13,407.11,7579069.0
2025-11-13 12:00:00,407.09,407.9,400.88,401.78,8066398.0
2025-11-13 12:30:00,401.8,404.18,400.5601,403.54,7150342.0
2025-11-13 13:00:00,403.53,404.58,398.66,400.8,8114919.0
2025-11-13 13:30:00,400.82,401.65,397.6001,398.345,6479189.0
2025-11-13 14:00:00,398.34,399.1899,396.34,398.8746,6474760.0
2025-11-13 14:30:00,398.84,402.94,396.74,402.6925,6840974.0
2025-11-13 15:00:00,402.63,403.57,398.27,400.28,6803477.0
2025-11-13 15:30:00,400.25,402.87,400.0,402.21,5750428.0
2025-11-13 16:00:00,402.22,404.33,399.31,401.99,14323143.0
2025-11-14 10:00:00,386.3,398.7,382.78,398.085,18691433.0
2025-11-14 10:30:00,398.13,400.58,391.14,399.88,10652329.0
2025-11-14 11:00:00,400.0099,405.85,398.22,405.2899,10456975.0
2025-11-14 11:30:00,405.29,410.32,401.56,408.37,8351492.0
2025-11-14 12:00:00,408.38,412.19,407.29,409.0695,7787653.0
2025-11-14 12:30:00,409.08,410.2899,406.89,408.8099,4390240.0
2025-11-14 13:00:00,408.81,410.49,406.55,409.045,4010079.0
2025-11-14 13:30:00,409.05,410.59,404.87,405.93,6138558.0
2025-11-14 14:00:00,405.89,408.49,404.53,407.2601,4904357.0
2025-11-14 14:30:00,407.265,409.35,405.3,408.52,3873389.0
2025-11-14 15:00:00,408.49,410.43,407.55,409.65,3360929.0
2025-11-14 15:30:00,409.72,410.3,405.89,406.72,4125792.0
2025-11-14 16:00:00,406.66,407.07,403.53,404.35,8181602.0
2025-11-17 10:00:00,398.74,416.85,398.74,416.6108,14043164.0
2025-11-17 10:30:00,416.65,417.59,411.05,415.7499,10194701.0
2025-11-17 11:00:00,415.66,417.94,413.96,416.6,7206563.0
2025-11-17 11:30:00,416.59,418.83,412.82,418.75,6564307.0
2025-11-17 12:00:00,418.73,423.47,418.45,423.43,7608275.0
2025-11-17 12:30:00,423.43,423.96,418.89,419.56,6275475.0
2025-11-17 13:00:00,419.63,419.85,413.64,413.7811,5901391.0
2025-11-17 13:30:00,413.72,414.19,411.24,412.32,6940075.0
2025-11-17 14:00:00,412.3,413.82,408.33,409.07,5939809.0
2025-11-17 14:30:00,409.09,409.96,406.84,408.91,5719012.0
2025-11-17 15:00:00,408.89,409.55,405.55,405.9352,4838068.0
2025-11-17 15:30:00,405.88,408.3,404.81,406.8,5528223.0
2025-11-17 16:00:00,406.84,409.8,404.93,408.92,9349781.0
2025-11-18 10:00:00,405.38,408.9,396.3,396.39,13597621.0
2025-11-18 10:30:00,396.3927,400.2,393.71,396.72,9491441.0
2025-11-18 11:00:00,396.7113,399.58,394.61,398.6,5740065.0
2025-11-18 11:30:00,398.65,405.2699,396.76,404.1237,7191748.0
2025-11-18 12:00:00,404.055,405.55,402.25,404.89,5217341.0
2025-11-18 12:30:00,404.85,405.85,401.44,402.09,3750612.0
2025-11-18 13:00:00,402.08,408.6,401.26,406.92,5329236.0
2025-11-18 13:30:00,406.8987,407.59,403.93,404.1036,3742592.0
2025-11-18 14:00:00,404.07,406.4,402.12,402.615,3523158.0
2025-11-18 14:30:00,402.67,404.8295,402.01,402.87,3606188.0
2025-11-18 15:00:00,402.89,406.6,402.16,405.6406,3786425.0
2025-11-18 15:30:00,405.66,405.86,400.79,402.13,3528559.0
2025-11-18 16:00:00,402.15,403.4972,401.0,401.25,8228229.0
2025-11-19 10:00:00,406.18,408.43,400.4016,408.205,9959986.0
2025-11-19 10:30:00,408.25,411.78,407.4201,410.965,8691251.0
2025-11-19 11:00:00,410.965,411.3,403.59,404.88,6693553.0
2025-11-19 11:30:00,404.88,409.29,403.91,408.9241,5958720.0
2025-11-19 12:00:00,408.925,409.4808,404.5601,405.87,4501296.0
2025-11-19 12:30:00,405.8801,406.07,401.58,403.0,4230342.0
2025-11-19 13:00:00,402.92,404.42,398.5,402.92,5347725.0
2025-11-19 13:30:00,402.905,403.85,400.1201,400.2351,2960046.0
2025-11-19 14:00:00,400.21,403.58,399.86,402.99,3035968.0
2025-11-19 14:30:00,402.97,403.29,400.43,400.725,2552651.0
2025-11-19 15:00:00,400.6926,403.83,400.17,402.1912,2983471.0
2025-11-19 15:30:00,402.18,406.01,401.2301,404.6065,3863871.0
2025-11-19 16:00:00,404.58,405.5399,401.72,403.99,6146396.0
2025-11-20 10:00:00,414.63,425.78,414.63,425.728,15369473.0
2025-11-20 10:30:00,425.78,428.1494,422.67,427.8082,10816478.0
2025-11-20 11:00:00,427.8688,428.94,423.47,423.63,7079789.0
2025-11-20 11:30:00,423.66,424.14,417.12,418.3124,9716396.0
2025-11-20 12:00:00,418.31,419.11,407.4101,408.76,9558232.0
2025-11-20 12:30:00,408.77,411.208,401.56,404.195,9973639.0
2025-11-20 13:00:00,404.12,405.77,398.48,404.115,7933536.0
2025-11-20 13:30:00,404.115,408.16,402.32,405.19,6768360.0
2025-11-20 14:00:00,405.19,405.8,397.59,399.7374,5501178.0
2025-11-20 14:30:00,399.7,403.15,397.39,402.36,4857502.0
2025-11-20 15:00:00,402.34,404.5799,399.52,404.3884,4553861.0
2025-11-20 15:30:00,404.32,404.32,398.04,399.74,4441261.0
2025-11-20 16:00:00,399.78,400.63,394.74,395.23,11071403.0
2025-11-21 10:00:00,402.32,402.8,394.74,395.1601,12367383.0
2025-11-21 10:30:00,395.18,398.37,387.79,388.2063,10304164.0
2025-11-21 11:00:00,388.21,390.2391,384.24,385.83,9438028.0
2025-11-21 11:30:00,385.66,391.51,383.76,391.3801,6444344.0
2025-11-21 12:00:00,391.46,399.4,389.7482,398.79,8244377.0
2025-11-21 12:30:00,398.78,401.21,397.42,400.39,7466026.0
2025-11-21 13:00:00,400.39,402.25,397.91,398.95,5173817.0
2025-11-21 13:30:00,398.98,399.55,393.1702,394.64,6800171.0
2025-11-21 14:00:00,394.64,402.32,394.38,399.3485,6264304.0
2025-11-21 14:30:00,399.37,401.81,398.74,401.7,3985118.0
2025-11-21 15:00:00,401.74,402.02,396.2,397.31,4120067.0
2025-11-21 15:30:00,397.275,398.78,395.71,395.7905,3736103.0
2025-11-21 16:00:00,395.76,397.6,390.55,391.09,10525361.0
2025-11-24 10:00:00,402.17,412.11,401.09,411.7897,16113268.0
2025-11-24 10:30:00,411.8,416.25,411.4601,414.69,10453125.0
2025-11-24 11:00:00,414.665,417.39,413.9,414.86,6849158.0
2025-11-24 11:30:00,414.85,419.69,414.6,417.5601,7273747.0
2025-11-24 12:00:00,417.56,420.37,416.6901,418.9661,5864981.0
2025-11-24 12:30:00,418.97,420.2,417.88,418.945,4079284.0
2025-11-24 13:00:00,418.9,420.49,418.53,419.0585,3648756.0
2025-11-24 13:30:00,419.02,419.96,418.01,418.6,3066800.0
2025-11-24 14:00:00,418.61,419.68,418.1,419.4169,2799640.0
2025-11-24 14:30:00,419.42,421.72,419.06,419.25,4751772.0
2025-11-24 15:00:00,419.3,419.5,416.89,417.54,4398024.0
2025-11-24 15:30:00,417.56,419.23,416.0,417.06,4896324.0
2025-11-24 16:00:00,417.02,421.45,416.65,417.78,16203641.0
2025-11-25 10:00:00,414.42,415.19,407.29,412.3699,12422474.0
2025-11-25 10:30:00,412.27,412.34,405.95,408.5185,7880875.0
2025-11-25 11:00:00,408.47,412.2,408.0503,411.0588,5691000.0
2025-11-25 11:30:00,411.031,412.665,408.5101,412.4752,4363031.0
2025-11-25 12:00:00,412.495,415.38,412.4,414.24,6018215.0
2025-11-25 12:30:00,414.22,419.13,414.1901,418.42,5255336.0
2025-11-25 13:00:00,418.401,420.48,417.2101,417.51,4457586.0
2025-11-25 13:30:00,417.535,419.62,417.43,418.62,2931857.0
2025-11-25 14:00:00,418.63,418.97,416.41,417.06,2758451.0
2025-11-25 14:30:00,417.0759,417.39,415.52,416.9701,3000486.0
2025-11-25 15:00:00,416.973,417.54,414.61,417.34,3336689.0
2025-11-25 15:30:00,417.34,418.46,416.585,417.5301,3126017.0
2025-11-25 16:00:00,417.58,420.16,417.47,419.4,6961181.0
2025-11-26 10:00:00,423.95,425.52,417.0684,417.455,11188281.0
2025-11-26 10:30:00,417.43,420.18,416.89,419.5372,5935145.0
2025-11-26 11:00:00,419.5504,421.31,417.5,419.29,5059984.0
2025-11-26 11:30:00,419.275,421.0199,418.7,419.18,3204706.0
2025-11-26 12:00:00,419.24,420.81,418.235,420.66,3595502.0
2025-11-26 12:30:00,420.639,421.85,419.52,420.78,3148230.0
2025-11-26 13:00:00,420.82,423.04,420.24,422.48,3099196.0
2025-11-26 13:30:00,422.476,424.09,421.28,423.53,3742352.0
2025-11-26 14:00:00,423.51,423.97,422.02,423.1922,2600911.0
2025-11-26 14:30:00,423.18,426.4099,423.01,426.3115,4295672.0
2025-11-26 15:00:00,426.31,426.42,423.32,424.23,3749719.0
2025-11-26 15:30:00,424.23,425.4299,423.84,425.13,3023763.0
2025-11-26 16:00:00,425.125,426.94,424.0,426.58,7280424.0
2025-11-28 10:00:00,426.59,432.93,426.41,429.0974,8568063.0
2025-11-28 10:30:00,429.1,429.47,426.2,427.38,5414577.0
2025-11-28 11:00:00,427.4195,430.4315,426.8,430.18,4376795.0
2025-11-28 11:30:00,430.18,432.39,429.03,429.16,4843413.0
2025-11-28 12:00:00,429.191,430.34,428.45,429.34,3103004.0
2025-11-28 12:30:00,429.36,430.15,428.88,429.7199,2387178.0
2025-11-28 13:00:00,429.69,430.56,428.25,430.17,5610203.0
2025-12-01 10:00:00,425.32,431.46,425.29,429.0485,9506932.0
2025-12-01 10:30:00,429.05,433.6599,427.85,428.3,7197472.0
2025-12-01 11:00:00,428.35,429.7,426.31,429.5,5146522.0
2025-12-01 11:30:00,429.51,429.64,425.8,427.1299,3633967.0
2025-12-01 12:00:00,427.09,428.44,426.62,428.05,2368119.0
2025-12-01 12:30:00,428.04,429.56,427.33,429.1465,3002495.0
2025-12-01 13:00:00,429.13,431.11,428.79,429.29,3487436.0
2025-12-01 13:30:00,429.2889,430.33,428.91,429.28,2028793.0
2025-12-01 14:00:00,429.315,429.38,427.75,428.48,2120663.0
2025-12-01 14:30:00,428.49,428.6177,427.01,427.8482,2705244.0
2025-12-01 15:00:00,427.86,427.86,426.31,426.5225,2648576.0
2025-12-01 15:30:00,426.52,428.88,426.34,428.8,2739174.0
2025-12-01 16:00:00,428.84,430.3,428.54,430.14,7053883.0
2025-12-02 10:00:00,430.81,433.5,427.74,428.9584,9307804.0
2025-12-02 10:30:00,428.95,436.8,428.9,429.81,10587138.0
2025-12-02 11:00:00,429.865,431.97,429.13,429.7799,5373613.0
2025-12-02 11:30:00,429.76,429.78,423.09,424.1998,7200212.0
2025-12-02 12:00:00,424.15,425.2,422.12,424.265,4910991.0
2025-12-02 12:30:00,424.3,426.21,423.63,425.518,3298293.0
2025-12-02 13:00:00,425.53,425.81,423.39,423.39,2547799.0
2025-12-02 13:30:00,423.37,425.4099,423.0,425.1195,2749330.0
2025-12-02 14:00:00,425.02,426.27,424.06,426.19,2443512.0
2025-12-02 14:30:00,426.16,427.57,425.36,426.82,3187198.0
2025-12-02 15:00:00,426.82,429.4,426.75,429.215,3651918.0
2025-12-02 15:30:00,429.225,431.06,428.71,430.39,3872812.0
2025-12-02 16:00:00,430.38,430.5,428.92,429.24,7163725.0
2025-12-03 10:00:00,432.1,438.89,431.11,437.44,14156248.0
2025-12-03 10:30:00,437.44,442.61,436.97,441.27,10762403.0
2025-12-03 11:00:00,441.26,444.38,440.34,440.6401,7471697.0
2025-12-03 11:30:00,440.65,441.79,437.75,439.502,6054067.0
2025-12-03 12:00:00,439.51,442.31,439.19,440.19,5268684.0
2025-12-03 12:30:00,440.1995,441.5599,439.42,441.3,3073295.0
2025-12-03 13:00:00,441.3,442.18,440.97,441.215,2665096.0
2025-12-03 13:30:00,441.25,443.31,441.01,443.3,2799765.0
2025-12-03 14:00:00,443.285,447.5,442.6089,446.425,6192098.0
2025-12-03 14:30:00,446.42,447.92,446.01,446.955,4631891.0
2025-12-03 15:00:00,446.97,447.02,445.03,445.48,4261227.0
2025-12-03 15:30:00,445.48,447.77,445.46,446.3,4325708.0
2025-12-03 16:00:00,446.29,447.28,445.28,446.74,8855931.0
2025-12-04 10:00:00,449.94,454.63,445.85,450.9507,14943669.0
2025-12-04 10:30:00,450.89,452.75,445.39,448.51,8215080.0
2025-12-04 11:00:00,448.53,451.71,447.876,448.345,5663002.0
2025-12-04 11:30:00,448.355,449.43,446.81,448.63,4131827.0
2025-12-04 12:00:00,448.6,450.3,448.31,449.72,3467772.0
2025-12-04 12:30:00,449.72,450.8,449.14,449.81,3006935.0
2025-12-04 13:00:00,449.82,449.876,448.01,448.4067,2498429.0
2025-12-04 13:30:00,448.36,449.39,446.6,448.46,3300470.0
2025-12-04 14:00:00,448.46,449.38,448.28,448.77,1997006.0
2025-12-04 14:30:00,448.77,449.39,446.2,447.535,3064852.0
2025-12-04 15:00:00,447.52,450.15,447.3401,449.6,3430675.0
2025-12-04 15:30:00,449.585,451.03,448.85,450.785,3098599.0
2025-12-04 16:00:00,450.79,454.63,450.78,454.53,9260287.0
2025-12-05 10:00:00,453.03,458.5,452.97,455.15,9783837.0
2025-12-05 10:30:00,455.19,456.98,454.02,455.7701,5230822.0
2025-12-05 11:00:00,455.754,458.87,455.27,456.37,6074992.0
2025-12-05 11:30:00,456.37,457.1,452.46,453.125,5229004.0
2025-12-05 12:00:00,453.125,455.6,451.66,455.035,3832550.0
2025-12-05 12:30:00,455.0245,455.2,453.05,453.55,2562518.0
2025-12-05 13:00:00,453.5,454.85,453.3,454.6522,1998064.0
2025-12-05 13:30:00,454.67,455.53,453.91,455.29,2064953.0
2025-12-05 14:00:00,455.279,455.59,454.2,454.51,2155499.0
2025-12-05 14:30:00,454.525,454.9299,453.65,454.76,2639328.0
2025-12-05 15:00:00,454.765,455.815,454.06,455.237,2399352.0
2025-12-05 15:30:00,455.24,455.75,454.7801,455.2198,2438614.0
2025-12-05 16:00:00,455.22,455.55,454.3,455.0,7276453.0
2025-12-08 10:00:00,447.445,449.7463,443.8,445.1088,11163477.0
2025-12-08 10:30:00,445.055,445.6,442.18,443.4872,6846993.0
2025-12-08 11:00:00,443.44,444.11,439.77,440.05,5600153.0
2025-12-08 11:30:00,440.0001,440.5,437.73,438.5181,5846705.0
2025-12-08 12:00:00,438.5,439.46,437.97,438.27,3781901.0
2025-12-08 12:30:00,438.2675,438.3525,436.52,437.2906,4046074.0
2025-12-08 13:00:00,437.3129,439.37,437.235,439.0,3334250.0
2025-12-08 13:30:00,439.005,439.4,437.08,437.23,2719710.0
2025-12-08 14:00:00,437.2,437.2,435.25,436.0,3481366.0
2025-12-08 14:30:00,436.0,436.7,435.5,436.488,2504234.0
2025-12-08 15:00:00,436.47,438.41,436.46,437.22,3158388.0
2025-12-08 15:30:00,437.26,438.04,437.0701,437.84,2422391.0
2025-12-08 16:00:00,437.86,439.75,437.6,439.58,8767129.0
2025-12-09 10:00:00,437.54,444.62,435.7,444.5538,10137240.0
2025-12-09 10:30:00,444.555,445.51,442.58,445.3948,5953291.0
2025-12-09 11:00:00,445.41,448.18,444.88,447.84,5937847.0
2025-12-09 11:30:00,447.81,448.4,446.3,446.44,3893422.0
2025-12-09 12:00:00,446.45,449.27,446.19,448.9095,4229174.0
2025-12-09 12:30:00,448.89,449.99,448.76,449.7205,3520792.0
2025-12-09 13:00:00,449.74,451.7899,449.71,451.73,3960239.0
2025-12-09 13:30:00,451.74,452.39,450.44,450.5265,3408321.0
2025-12-09 14:00:00,450.5106,450.68,448.24,448.8901,3884519.0
2025-12-09 14:30:00,448.93,449.5999,448.17,449.21,2741949.0
2025-12-09 15:00:00,449.22,449.34,447.76,448.8,2355033.0
2025-12-09 15:30:00,448.795,448.88,446.87,447.26,2618621.0
2025-12-09 16:00:00,447.25,447.73,445.0,445.17,6921569.0
2025-12-10 10:00:00,446.065,450.2,443.61,445.2,8618000.0
2025-12-10 10:30:00,445.2,446.94,443.88,445.97,4638308.0
2025-12-10 11:00:00,445.92,446.54,444.0,444.94,3716756.0
2025-12-10 11:30:00,444.96,447.2499,444.35,446.0442,2950810.0
2025-12-10 12:00:00,446.06,446.4899,445.175,446.1,1971601.0
2025-12-10 12:30:00,446.05,446.44,444.9675,445.0102,1704933.0
2025-12-10 13:00:00,444.98,446.4,444.55,445.99,1952869.0
2025-12-10 13:30:00,445.9,446.63,445.06,445.426,1502097.0
2025-12-10 14:00:00,445.42,446.05,444.28,445.11,1811065.0
2025-12-10 14:30:00,445.04,449.91,444.84,447.902,6439992.0
2025-12-10 15:00:00,447.9,452.1299,446.66,451.92,6972975.0
2025-12-10 15:30:00,451.89,456.88,451.1,456.1797,7674574.0
2025-12-10 16:00:00,456.1,456.27,451.18,451.45,9855705.0
2025-12-11 10:00:00,448.945,449.2699,441.05,441.805,9291531.0
2025-12-11 10:30:00,441.76,446.47,441.32,444.24,6532112.0
2025-12-11 11:00:00,444.2406,444.56,440.33,442.15,5301309.0
2025-12-11 11:30:00,442.14,443.18,440.91,441.47,3582982.0
2025-12-11 12:00:00,441.47,445.23,441.4,443.0,3715249.0
2025-12-11 12:30:00,443.0,445.1799,442.88,444.541,2601332.0
2025-12-11 13:00:00,444.61,446.83,444.577,446.31,3029624.0
2025-12-11 13:30:00,446.28,447.3799,445.65,446.14,3058722.0
2025-12-11 14:00:00,446.125,447.7,445.64,446.45,2321460.0
2025-12-11 14:30:00,446.4103,447.77,445.93,447.42,2228929.0
2025-12-11 15:00:00,447.43,448.05,445.76,446.61,2566588.0
2025-12-11 15:30:00,446.62,446.99,444.51,444.985,2191066.0
2025-12-11 16:00:00,444.98,447.0,444.18,446.89,6358034.0
2025-12-12 10:00:00,448.09,463.01,447.98,460.72,16450613.0
2025-12-12 10:30:00,460.752,461.04,449.88,450.13,11483318.0
2025-12-12 11:00:00,450.16,451.89,447.47,448.075,7973750.0
2025-12-12 11:30:00,448.02,449.84,443.9309,445.9283,6461552.0
2025-12-12 12:00:00,445.93,445.935,441.67,443.4,4701232.0
2025-12-12 12:30:00,443.41,449.18,443.13,448.04,5488077.0
2025-12-12 13:00:00,448.035,451.7,447.36,450.8493,4416657.0
2025-12-12 13:30:00,450.85,455.66,450.6,455.61,6052677.0
2025-12-12 14:00:00,455.605,456.39,453.43,453.63,5156719.0
2025-12-12 14:30:00,453.6483,454.0,450.09,450.9027,4302805.0
2025-12-12 15:00:00,450.94,453.09,450.9,452.39,3462572.0
2025-12-12 15:30:00,452.4,455.69,452.04,455.07,4905034.0
2025-12-12 16:00:00,455.05,459.17,453.75,458.96,11791276.0
2025-12-15 10:00:00,469.44,481.37,467.66,477.56,26012420.0
2025-12-15 10:30:00,477.665,477.77,470.71,472.13,11812375.0
2025-12-15 11:00:00,472.14,480.17,471.3837,478.59,9896847.0
2025-12-15 11:30:00,478.59,481.7694,475.93,481.04,7379227.0
2025-12-15 12:00:00,481.15,481.66,476.13,477.26,6299654.0
2025-12-15 12:30:00,477.29,477.75,475.0601,476.99,4348285.0
2025-12-15 13:00:00,476.955,477.72,474.49,477.3586,4077558.0
2025-12-15 13:30:00,477.34,478.44,475.26,475.7,3487998.0
2025-12-15 14:00:00,475.73,477.4,474.575,477.12,3425209.0
2025-12-15 14:30:00,477.11,478.3206,475.54,476.665,4324597.0
2025-12-15 15:00:00,476.6722,478.8712,475.73,478.81,3754986.0
2025-12-15 15:30:00,478.79,478.823514,476.77,477.869,4515641.0
2025-12-15 16:00:00,477.88,480.64,475.03,475.31,16195126.0
2025-12-16 10:00:00,472.21,478.45,465.83,478.07,16637948.0
2025-12-16 10:30:00,478.0699,482.06,472.77,475.145,12032166.0
2025-12-16 11:00:00,475.145,476.75,472.58,476.18,7158220.0
2025-12-16 11:30:00,476.18,477.91,474.4377,475.735,5307061.0
2025-12-16 12:00:00,475.8285,479.59,475.15,479.45,4991440.0
2025-12-16 12:30:00,479.5,481.349,478.13,478.88,5700227.0
2025-12-16 13:00:00,478.86,480.8,476.21,476.4533,4447978.0
2025-12-16 13:30:00,476.47,478.69,475.5884,477.2409,3754258.0
2025-12-16 14:00:00,477.34,480.3399,477.21,479.815,3801347.0
2025-12-16 14:30:00,479.78,480.36,477.6,480.08,3965990.0
2025-12-16 15:00:00,480.04,486.32,479.43,485.2982,8519986.0
2025-12-16 15:30:00,485.26,487.73,484.7981,487.615,7006249.0
2025-12-16 16:00:00,487.6392,491.5,487.22,489.88,16930200.0
2025-12-17 10:00:00,488.22,495.2799,486.22,492.8933,16111362.0
2025-12-17 10:30:00,492.92,493.22,487.6501,490.7,8046888.0
2025-12-17 11:00:00,490.67,491.2599,477.3,478.17,10671714.0
2025-12-17 11:30:00,478.1,480.4799,474.2,478.3694,10325691.0
2025-12-17 12:00:00,478.34,478.88,475.03,476.8494,5825718.0
2025-12-17 12:30:00,476.89,478.8299,474.94,478.0601,4663985.0
2025-12-17 13:00:00,478.14,479.4,472.73,474.772,5283347.0
2025-12-17 13:30:00,474.78,477.15,474.35,474.51,3858413.0
2025-12-17 14:00:00,474.53,474.87,467.4104,468.01,6521829.0
2025-12-17 14:30:00,467.9985,469.17,466.2,467.23,5581082.0
2025-12-17 15:00:00,467.22,470.87,466.82,470.85,4492403.0
2025-12-17 15:30:00,470.835,471.25,468.33,470.49,4951301.0
2025-12-17 16:00:00,470.45,470.9,466.86,467.26,12117878.0
2025-12-18 10:00:00,478.16,482.325,473.12,480.9014,13537177.0
2025-12-18 10:30:00,480.91,483.52,477.62,483.4201,9093467.0
2025-12-18 11:00:00,483.47,486.94,483.37,486.4698,8520880.0
2025-12-18 11:30:00,486.43,490.44,485.58,488.18,8758075.0
2025-12-18 12:00:00,488.17,490.86,487.45,489.18,6170267.0
2025-12-18 12:30:00,489.16,489.24,484.57,487.8399,6880711.0
2025-12-18 13:00:00,487.77,490.04,487.1101,489.38,4640234.0
2025-12-18 13:30:00,489.39,489.59,487.22,488.622,3233166.0
2025-12-18 14:00:00,488.605,489.2,487.7706,488.375,2521893.0
2025-12-18 14:30:00,488.37,488.58,485.46,486.6502,4313522.0
2025-12-18 15:00:00,486.6203,486.655,483.38,484.11,4740299.0
2025-12-18 15:30:00,484.09,487.7,483.41,486.59,4309639.0
2025-12-18 16:00:00,486.62,488.94,483.16,483.37,10976664.0
2025-12-19 10:00:00,488.12,490.49,481.535,484.76,14801972.0
2025-12-19 10:30:00,484.75,486.3,480.1,480.545,7411925.0
2025-12-19 11:00:00,480.53,481.35,477.74,478.335,6425555.0
2025-12-19 11:30:00,478.335,481.72,477.75,481.455,5171385.0
2025-12-19 12:00:00,481.455,481.9,474.72,475.46,7222389.0
2025-12-19 12:30:00,475.46,479.61,475.42,479.3408,4303430.0
2025-12-19 13:00:00,479.345,480.47,478.0817,478.17,4060057.0
2025-12-19 13:30:00,478.15,481.33,477.8,481.245,3783159.0
2025-12-19 14:00:00,481.26,483.01,481.18,481.705,4058634.0
2025-12-19 14:30:00,481.68,483.89,481.6301,483.83,3162312.0
2025-12-19 15:00:00,483.8175,483.97,480.62,482.14,3489514.0
2025-12-19 15:30:00,482.16,482.95,481.65,482.2,3270140.0
2025-12-19 16:00:00,482.14,484.0,480.56,481.2,16997086.0
2025-12-22 10:00:00,489.88,498.83,487.63,493.79,17391276.0
2025-12-22 10:30:00,493.76,494.47,486.1,487.965,11604039.0
2025-12-22 11:00:00,488.0,492.08,485.33,491.33,7612355.0
2025-12-22 11:30:00,491.31,493.3,490.78,492.86,5139923.0
2025-12-22 12:00:00,492.8488,494.64,491.8,494.05,4546110.0
2025-12-22 12:30:00,494.05,495.23,493.16,494.94,3827254.0
2025-12-22 13:00:00,494.9201,495.6,493.62,494.98,3409620.0
2025-12-22 13:30:00,494.98,495.58,492.8,494.64,3499665.0
2025-12-22 14:00:00,494.64,496.29,493.92,496.1,3757306.0
2025-12-22 14:30:00,496.1,496.41,492.87,493.08,4291935.0
2025-12-22 15:00:00,493.06,493.72,492.03,493.11,3344258.0
2025-12-22 15:30:00,493.12,493.4384,487.5,487.53,5215470.0
2025-12-22 16:00:00,487.5,490.16,487.44,488.73,7738090.0
2025-12-23 10:00:00,489.395,491.97,485.65,487.53,10770361.0
2025-12-23 10:30:00,487.53,488.7254,485.01,486.7878,5568752.0
2025-12-23 11:00:00,486.83,488.48,486.1,488.054,3442759.0
2025-12-23 11:30:00,488.05,489.35,485.32,485.6592,3708856.0
2025-12-23 12:00:00,485.675,487.02,484.3,486.3,4148870.0
2025-12-23 12:30:00,486.29,487.2,484.856,485.762,2582484.0
2025-12-23 13:00:00,485.7767,485.8,483.75,484.17,2802552.0
2025-12-23 13:30:00,484.154,486.19,483.35,485.38,3107669.0
2025-12-23 14:00:00,485.4,486.06,482.84,483.14,3275718.0
2025-12-23 14:30:00,483.1456,484.26,483.05,483.9292,2893203.0
2025-12-23 15:00:00,483.925,486.6,483.48,486.4599,3286842.0
2025-12-23 15:30:00,486.46,487.41,485.92,486.87,3068635.0
2025-12-23 16:00:00,486.86,486.9,484.56,485.56,6731631.0
2025-12-24 10:00:00,488.48,490.9,479.47,480.53,9967489.0
2025-12-24 10:30:00,480.53,481.27,476.8,477.334,6683516.0
2025-12-24 11:00:00,477.334,480.6447,477.1301,478.7,5630817.0
2025-12-24 11:30:00,478.69,482.0599,478.46,481.68,4318953.0
2025-12-24 12:00:00,481.6812,482.85,481.14,482.03,4342686.0
2025-12-24 12:30:00,482.03,482.93,481.22,481.77,2906479.0
2025-12-24 13:00:00,481.7676,485.5,481.76,485.4,5459147.0
2025-12-26 10:00:00,485.23,489.09,481.9,482.52,8932436.0
2025-12-26 10:30:00,482.58,482.6578,476.85,477.17,7442844.0
2025-12-26 11:00:00,477.16,478.89,473.82,478.1212,8450394.0
2025-12-26 11:30:00,478.132,479.41,477.1,478.4799,4855281.0
2025-12-26 12:00:00,478.48,479.2,477.4526,478.26,2849110.0
2025-12-26 12:30:00,478.24,479.7112,476.6,479.634,3357931.0
2025-12-26 13:00:00,479.61,480.5,479.2901,480.17,3015635.0
2025-12-26 13:30:00,480.148,480.3,478.42,478.88,2322336.0
2025-12-26 14:00:00,478.86,479.1,477.72,478.39,2534570.0
2025-12-26 14:30:00,478.4,479.24,477.94,478.49,2240756.0
2025-12-26 15:00:00,478.49,478.8699,477.75,478.65,2054941.0
2025-12-26 15:30:00,478.6568,478.8,478.0,478.3599,1992374.0
2025-12-26 16:00:00,478.36,478.36,474.98,475.19,6807523.0
2025-12-29 10:00:00,469.0,469.4,462.37,462.73,11810380.0
2025-12-29 10:30:00,462.75,466.88,461.32,466.2501,7925059.0
2025-12-29 11:00:00,466.23,467.81,465.23,466.69,5203545.0
2025-12-29 11:30:00,466.7192,467.75,466.06,467.63,3066026.0
2025-12-29 12:00:00,467.62,469.2,467.15,467.84,3353059.0
2025-12-29 12:30:00,467.865,468.2212,465.87,466.1182,2880831.0
2025-12-29 13:00:00,466.095,466.79,465.41,465.95,2369587.0
2025-12-29 13:30:00,465.95,465.97,463.74,464.09,2937984.0
2025-12-29 14:00:00,464.0601,464.38,462.54,462.875,3072446.0
2025-12-29 14:30:00,462.8735,463.425,461.9501,463.01,3008897.0
2025-12-29 15:00:00,463.03,464.35,462.092,464.055,2881234.0
2025-12-29 15:30:00,464.055,464.16,462.4204,462.67,3186913.0
2025-12-29 16:00:00,462.695,462.7499,459.0,459.64,9767428.0
2025-12-30 10:00:00,461.09,462.0,453.83,458.8999,11017273.0
2025-12-30 10:30:00,458.84,461.03,457.66,460.68,7033261.0
2025-12-30 11:00:00,460.63,461.69,459.02,461.6347,4064110.0
2025-12-30 11:30:00,461.65,462.21,460.31,461.13,3506662.0
2025-12-30 12:00:00,461.11,462.7,460.71,461.645,3556099.0
2025-12-30 12:30:00,461.6399,463.12,460.69,462.17,3025622.0
2025-12-30 13:00:00,462.15,462.28,459.6942,459.97,3006033.0
2025-12-30 13:30:00,459.93,460.59,458.58,460.496,3107633.0
2025-12-30 14:00:00,460.47,460.74,458.24,459.0399,2673244.0
2025-12-30 14:30:00,459.0,459.67,457.88,458.615,2514275.0
2025-12-30 15:00:00,458.6,458.71,457.06,457.9039,2908261.0
2025-12-30 15:30:00,457.86,458.3,456.1,456.12,3276214.0
2025-12-30 16:00:00,456.14,456.46,454.04,454.43,6738637.0
2025-12-31 10:00:00,456.1,456.55,452.62,454.4676,7091135.0
2025-12-31 10:30:00,454.38,455.23,452.3,454.57,4392868.0
2025-12-31 11:00:00,454.57,455.24,453.61,454.0,3070976.0
2025-12-31 11:30:00,453.95,454.45,453.2601,453.815,2369484.0
2025-12-31 12:00:00,453.83,454.2499,452.57,454.0401,2663745.0
2025-12-31 12:30:00,454.05,454.62,453.155,454.618,2076010.0
2025-12-31 13:00:00,454.64,455.84,453.26,453.56,3380287.0
2025-12-31 13:30:00,453.61,455.35,453.43,454.855,2318320.0
2025-12-31 14:00:00,454.85,455.08,453.72,453.8201,2798258.0
2025-12-31 14:30:00,453.83,453.98,452.65,453.265,1932281.0
2025-12-31 15:00:00,453.28,453.38,451.2401,451.8,2936841.0
2025-12-31 15:30:00,451.77,451.88,449.44,449.51,4387068.0
2025-12-31 16:00:00,449.5399,450.9299,449.3,449.72,7106115.0
2026-01-02 10:00:00,457.8,458.34,449.5,452.53,11682445.0
2026-01-02 10:30:00,452.5741,454.36,444.37,445.1,8498756.0
2026-01-02 11:00:00,445.08,448.25,442.4201,443.0795,7565077.0
2026-01-02 11:30:00,443.08,444.82,440.9,444.08,6371342.0
2026-01-02 12:00:00,444.06,445.34,441.58,442.372,4124412.0
2026-01-02 12:30:00,442.385,443.07,441.05,441.76,3976835.0
2026-01-02 13:00:00,441.8,442.59,439.66,439.9299,4344693.0
2026-01-02 13:30:00,439.91,440.75,437.92,438.3999,4060035.0
2026-01-02 14:00:00,438.38,438.5593,435.3,435.8601,4971901.0
2026-01-02 14:30:00,435.89,438.63,435.6201,438.41,4597390.0
2026-01-02 15:00:00,438.39,441.62,438.38,440.31,5312331.0
2026-01-02 15:30:00,440.32,441.4,439.85,440.37,3559189.0
2026-01-02 16:00:00,440.33,440.516,437.6,438.07,9842979.0
2026-01-05 10:00:00,447.99,454.5,444.57,452.55,11797767.0
2026-01-05 10:30:00,452.525,455.89,451.31,455.32,7771391.0
2026-01-05 11:00:00,455.29,456.65,454.62,454.98,5116218.0
2026-01-05 11:30:00,455.015,455.8199,453.27,454.03,3594727.0
2026-01-05 12:00:00,454.05,456.55,453.96,455.7901,3471296.0
2026-01-05 12:30:00,455.84,457.5499,455.25,456.04,3781783.0
2026-01-05 13:00:00,456.03,456.34,455.06,455.335,2573190.0
2026-01-05 13:30:00,455.35,455.48,453.79,454.71,2705986.0
2026-01-05 14:00:00,454.68,457.04,454.3301,456.965,2766742.0
2026-01-05 14:30:00,456.95,457.1,455.65,455.755,2394088.0
2026-01-05 15:00:00,455.7355,455.78,453.84,455.2101,3208154.0
2026-01-05 15:30:00,455.22,456.23,454.21,456.21,2705082.0
2026-01-05 16:00:00,456.225,456.24,450.86,451.67,11011364.0
2026-01-06 10:00:00,446.38,448.25,436.18,436.795,13669008.0
2026-01-06 10:30:00,436.76,439.44,435.38,439.0591,8522744.0
2026-01-06 11:00:00,439.05,439.35,434.41,434.7,6983428.0
2026-01-06 11:30:00,434.65,434.65,431.81,431.855,6705507.0
2026-01-06 12:00:00,431.87,433.33,430.01,431.2627,6113016.0
2026-01-06 12:30:00,431.2407,432.55,430.4,432.035,4218779.0
2026-01-06 13:00:00,432.06,432.54,429.61,430.1556,5347496.0
2026-01-06 13:30:00,430.165,430.41,428.78,429.75,4153861.0
2026-01-06 14:00:00,429.725,432.26,429.14,431.11,4605030.0
2026-01-06 14:30:00,431.09,433.69,430.95,433.245,3498957.0
2026-01-06 15:00:00,433.23,434.6666,430.62,431.024,5042812.0
2026-01-06 15:30:00,431.01,432.12,430.04,431.73,4945843.0
2026-01-06 16:00:00,432.71,433.4402,431.31,432.96,10784150.0
2026-01-07 10:00:00,435.9,438.13,431.6,433.76,10005631.0
2026-01-07 10:30:00,433.76,434.75,432.33,434.035,5088126.0
2026-01-07 11:00:00,434.04,437.19,433.8501,435.852,5251095.0
2026-01-07 11:30:00,435.86,437.33,435.1,435.99,3616588.0
2026-01-07 12:00:00,436.0,438.37,435.71,437.23,3878203.0
2026-01-07 12:30:00,437.225,437.63,435.88,436.22,2927696.0
2026-01-07 13:00:00,436.235,437.75,435.99,437.4,2615681.0
2026-01-07 13:30:00,437.37,437.65,436.23,436.3471,2061918.0
2026-01-07 14:00:00,436.36,437.51,434.69717,434.785,2710853.0
2026-01-07 14:30:00,434.79,435.93,434.25,435.86,3003010.0
2026-01-07 15:00:00,435.88,437.41,435.83,436.835,2680755.0
2026-01-07 15:30:00,436.852,437.52,435.86,436.14,3106925.0
2026-01-07 16:00:00,436.16,436.79,431.29,431.41,8984906.0
2026-01-08 10:00:00,427.89,431.95,424.365,429.734,11236330.0
2026-01-08 10:30:00,429.8,435.05,428.83,434.89,6588678.0
2026-01-08 11:00:00,434.855,435.18,432.0435,434.405,4272735.0
2026-01-08 11:30:00,434.4043,434.738,433.04,434.2646,3166743.0
2026-01-08 12:00:00,434.25,436.14,433.31,435.3,4088168.0
2026-01-08 12:30:00,435.2846,435.63,433.81,435.1945,2553386.0
2026-01-08 13:00:00,435.18,436.89,435.14,436.03,2686444.0
2026-01-08 13:30:00,436.005,436.45,433.74,434.13,2586808.0
2026-01-08 14:00:00,434.16,434.9499,432.6,432.995,2190398.0
2026-01-08 14:30:00,432.97,434.16,432.43,433.76,2147070.0
2026-01-08 15:00:00,433.71,435.34,433.66,434.9101,2321850.0
2026-01-08 15:30:00,434.92,435.8,434.51,434.96,2554594.0
2026-01-08 16:00:00,434.94,436.25,434.35,435.8,6907347.0
2026-01-09 10:00:00,435.945,437.73,430.39,437.355,9793690.0
2026-01-09 10:30:00,437.3,443.88,435.2,443.62,10126732.0
2026-01-09 11:00:00,443.66,443.8,440.65,442.83,5928073.0
2026-01-09 11:30:00,442.83,444.29,441.88,442.6324,4334672.0
2026-01-09 12:00:00,442.66,444.6499,442.3,443.52,3404729.0
2026-01-09 12:30:00,443.56,445.24,443.32,444.45,3246231.0
2026-01-09 13:00:00,444.445,448.15,444.12,447.475,4543612.0
2026-01-09 13:30:00,447.46,449.05,446.35,447.18,5330898.0
2026-01-09 14:00:00,447.18,447.9199,447.06,447.63,2154758.0
2026-01-09 14:30:00,447.65,447.9,445.45,446.375,2932464.0
2026-01-09 15:00:00,446.39,446.6,445.13,445.65,3067690.0
2026-01-09 15:30:00,445.63,445.81,444.51,445.3553,3041465.0
2026-01-09 16:00:00,444.795,445.97,444.34,445.01,6796760.0
2026-01-12 10:00:00,441.225,450.22,438.0,448.46,11206498.0
2026-01-12 10:30:00,448.475,450.1,447.6,449.805,5375291.0
2026-01-12 11:00:00,449.83,449.9,446.92,447.6232,4166564.0
2026-01-12 11:30:00,447.64,449.33,447.34,448.635,3075297.0
2026-01-12 12:00:00,448.6389,451.34,448.4071,450.83,4503324.0
2026-01-12 12:30:00,450.8163,454.3,450.8163,453.83,5117729.0
2026-01-12 13:00:00,453.81,453.9199,451.7401,452.0,3248923.0
2026-01-12 13:30:00,451.98,452.1499,449.95,450.82,3086962.0
2026-01-12 14:00:00,450.845,451.825,450.16,451.09,3039175.0
2026-01-12 14:30:00,451.075,452.13,449.91,451.741,3121015.0
2026-01-12 15:00:00,451.74,451.96,449.45,450.41,2757529.0
2026-01-12 15:30:00,450.4197,451.5,450.23,450.925,2346269.0
2026-01-12 16:00:00,450.9,451.1,448.26,448.96,6680925.0
2026-01-13 10:00:00,450.2,451.66,446.892,448.205,8485352.0
2026-01-13 10:30:00,448.25,451.06,445.4,447.0552,6838945.0
2026-01-13 11:00:00,447.09,451.36,446.27,451.1116,5152055.0
2026-01-13 11:30:00,451.1,451.39,448.82,450.3194,3181666.0
2026-01-13 12:00:00,450.3058,451.81,450.03,450.6655,3132910.0
2026-01-13 12:30:00,450.62,451.1394,448.6301,449.37,2550258.0
2026-01-13 13:00:00,449.35,449.7,446.7,446.99,2466880.0
2026-01-13 13:30:00,446.99,448.7899,446.56,447.43,2503018.0
2026-01-13 14:00:00,447.41,448.18,444.76,444.9,3155038.0
2026-01-13 14:30:00,444.91,446.05,443.95,445.07,3292397.0
2026-01-13 15:00:00,445.05,447.23,444.61,446.825,2206733.0
2026-01-13 15:30:00,446.8272,447.16,445.08,446.235,2393383.0
2026-01-13 16:00:00,446.24,447.83,445.68,447.2,5399426.0
2026-01-14 10:00:00,442.81,443.0,438.54,438.7147,8126402.0
2026-01-14 10:30:00,438.755,443.91,437.3104,440.055,6894312.0
2026-01-14 11:00:00,440.05,440.3299,435.88,436.9142,5501540.0
2026-01-14 11:30:00,436.885,439.38,436.28,438.42,3905346.0
2026-01-14 12:00:00,438.37,438.77,434.3,434.58,4454146.0
2026-01-14 12:30:00,434.56,436.57,434.22,436.12,2956066.0
2026-01-14 13:00:00,436.18,436.34,434.76,435.34,2371504.0
2026-01-14 13:30:00,435.34,436.51,434.99,436.41,1977189.0
2026-01-14 14:00:00,436.3581,436.77,434.91,436.375,2373047.0
2026-01-14 14:30:00,436.375,437.2699,435.7,436.88,2169955.0
2026-01-14 15:00:00,436.91,437.58,435.82,436.96,2476064.0
2026-01-14 15:30:00,436.93,438.37,435.03,435.16,3594764.0
2026-01-14 16:00:00,435.18,439.45,435.14,439.2,7934016.0
2026-01-15 10:00:00,441.125,444.71,440.9,441.77,7457651.0
2026-01-15 10:30:00,441.75,445.33,439.48,443.33,6152813.0
2026-01-15 11:00:00,443.34,445.36,441.95,443.3032,4757347.0
2026-01-15 11:30:00,443.27,444.34,442.39,442.83,3298428.0
2026-01-15 12:00:00,442.74,443.43,442.1,442.595,2095980.0
2026-01-15 12:30:00,442.57,443.54,441.97,443.1201,2229732.0
2026-01-15 13:00:00,443.1628,443.33,441.1,441.56,2041897.0
2026-01-15 13:30:00,441.51,443.4,441.36,443.24,2241570.0
2026-01-15 14:00:00,443.23,443.82,442.81,442.8101,1912861.0
2026-01-15 14:30:00,442.81,442.86,441.08,441.3199,2411430.0
2026-01-15 15:00:00,441.29,441.2944,439.48,440.2873,3141677.0
2026-01-15 15:30:00,440.29,440.47,438.16,438.47,2862964.0
2026-01-15 16:00:00,438.49,439.06,437.65,438.57,6157155.0
2026-01-16 10:00:00,439.5,447.25,439.22,443.25,11070710.0
2026-01-16 10:30:00,443.3,443.64,436.4,436.825,7430511.0
2026-01-16 11:00:00,436.8185,437.5,435.2601,436.862,4972063.0
2026-01-16 11:30:00,436.86,439.22,436.4,438.81,4579100.0
2026-01-16 12:00:00,438.83,439.72,437.7701,439.08,3345381.0
2026-01-16 12:30:00,439.05,439.59,438.13,438.5534,2707923.0
2026-01-16 13:00:00,438.55,439.1,437.93,438.124289,2286483.0
2026-01-16 13:30:00,438.15,440.47,437.83,440.3501,2649666.0
2026-01-16 14:00:00,440.35,440.85,439.6,440.07,2684405.0
2026-01-16 14:30:00,440.06,440.83,439.02,439.81,2582843.0
2026-01-16 15:00:00,439.796243,440.81,439.64,440.1881,2151097.0
2026-01-16 15:30:00,440.17,440.6,439.62,439.8799,2127892.0
2026-01-16 16:00:00,439.83,439.88,437.36,437.5,8013742.0
2026-01-20 10:00:00,429.36,430.725,423.42,424.77,9775220.0
2026-01-20 10:30:00,424.75,426.96,423.74,426.94,5662100.0
2026-01-20 11:00:00,426.94,427.92,425.25,426.08,3712088.0
2026-01-20 11:30:00,426.1,426.9698,424.13,425.65,3519860.0
2026-01-20 12:00:00,425.66,425.91,423.9,425.09,2880222.0
2026-01-20 12:30:00,425.05,427.4,424.79,426.26,3013324.0
2026-01-20 13:00:00,426.25,426.46,423.88,424.895,2515601.0
2026-01-20 13:30:00,424.91,425.49,424.31,424.7925,1821241.0
2026-01-20 14:00:00,424.81,425.02,422.4703,423.0,2994183.0
2026-01-20 14:30:00,423.0,423.69,422.0,422.24,2470217.0
2026-01-20 15:00:00,422.23,422.33,420.7,421.45,3739884.0
2026-01-20 15:30:00,421.41,421.43,417.83,417.91,4811571.0
2026-01-20 16:00:00,417.88,420.48,417.44,419.25,11030311.0
2026-01-21 10:00:00,421.66,424.12,419.6201,423.79,7074338.0
2026-01-21 10:30:00,423.77,428.22,423.73,427.435,5971020.0
2026-01-21 11:00:00,427.47,429.55,427.02,429.2899,4688600.0
2026-01-21 11:30:00,429.255,429.77,427.42,427.4874,4103770.0
2026-01-21 12:00:00,427.44,427.498,422.3,422.94,4788145.0
2026-01-21 12:30:00,422.945,423.94,420.06,423.6588,4392741.0
2026-01-21 13:00:00,423.67,424.8,422.81,424.64,3099777.0
2026-01-21 13:30:00,424.62,425.8,422.81,425.6577,2723996.0
2026-01-21 14:00:00,425.68,427.28,425.3551,426.91,2322791.0
2026-01-21 14:30:00,426.91,433.05,425.91,432.54,3024400.0
2026-01-21 15:00:00,432.52,438.2,432.37,437.485,6994431.0
2026-01-21 15:30:00,437.485,437.57,433.46,433.5602,4652003.0
2026-01-21 16:00:00,433.56,434.25,430.271,431.44,9970176.0
2026-01-22 10:00:00,435.16,436.23,432.6293,434.03,7471428.0
2026-01-22 10:30:00,434.05,436.41,432.72,435.68,5230022.0
2026-01-22 11:00:00,435.74,439.3,434.6,437.22,5303778.0
2026-01-22 11:30:00,437.18,438.5,436.5,437.96,3528702.0
2026-01-22 12:00:00,438.0,439.18,437.5,437.8884,3039283.0
2026-01-22 12:30:00,437.87,439.11,437.06,439.07,2648648.0
2026-01-22 13:00:00,439.07,445.85,438.65,445.51,5473749.0
2026-01-22 13:30:00,445.5,448.26,444.2589,444.9501,8206146.0
2026-01-22 14:00:00,444.96,447.1693,444.58,446.13,4553623.0
2026-01-22 14:30:00,446.11,448.86,446.03,448.43,4240276.0
2026-01-22 15:00:00,448.43,449.12,446.2,446.3901,3580577.0
2026-01-22 15:30:00,446.39,447.93,445.5,446.38,4007768.0
2026-01-22 16:00:00,446.37,449.5,446.102,449.36,9744749.0
2026-01-23 10:00:00,447.425,450.5,444.04,449.68,10139016.0
2026-01-23 10:30:00,449.65,451.2,445.72,446.11,6711573.0
2026-01-23 11:00:00,446.114,452.08,445.84,452.03,5459084.0
2026-01-23 11:30:00,452.08,452.43,449.3201,450.07,4326024.0
2026-01-23 12:00:00,450.0587,450.355,448.6,448.91,2813480.0
2026-01-23 12:30:00,448.9399,449.12,447.63,448.9099,2364647.0
2026-01-23 13:00:00,448.88,449.22,445.461,445.66,3682147.0
2026-01-23 13:30:00,445.638,447.51,445.28,446.72,2642568.0
2026-01-23 14:00:00,446.7452,447.46,446.03,447.3408,1929653.0
2026-01-23 14:30:00,447.35,448.58,447.12,447.155,2465165.0
2026-01-23 15:00:00,447.17,448.47,446.99,448.465,1861106.0
2026-01-23 15:30:00,448.465,448.85,446.88,447.2502,2510247.0
2026-01-23 16:00:00,447.27,449.31,446.91,449.06,6058179.0
2026-01-26 10:00:00,445.0,445.04,437.66,439.0999,8236438.0
2026-01-26 10:30:00,439.06,441.49,437.88,437.9483,4841548.0
2026-01-26 11:00:00,437.9,439.32,436.71,438.53,4401511.0
2026-01-26 11:30:00,438.51,439.98,438.01,439.71,3154206.0
2026-01-26 12:00:00,439.76,440.23,437.95,439.51,2571256.0
2026-01-26 12:30:00,439.46,440.27,438.96,439.786784,1957293.0
2026-01-26 13:00:00,439.815,439.84,438.08,438.1635,1882951.0
2026-01-26 13:30:00,438.164,438.81,437.82,438.56,1723961.0
2026-01-26 14:00:00,438.56,438.86,437.96,438.505,1541106.0
2026-01-26 14:30:00,438.48,438.68,437.42,437.73,2148277.0
2026-01-26 15:00:00,437.74,437.96,436.51,436.596,2523024.0
2026-01-26 15:30:00,436.62,436.7032,434.47,434.8927,3751962.0
2026-01-26 16:00:00,434.88,436.37,434.28,435.2,8080631.0
2026-01-27 10:00:00,437.41,437.52,431.81,434.3989,5994821.0
2026-01-27 10:30:00,434.44,436.0,433.5174,435.39,3544464.0
2026-01-27 11:00:00,435.38,436.26,434.44,434.61,2584461.0
2026-01-27 11:30:00,434.64,435.24,433.73,434.87,2261764.0
2026-01-27 12:00:00,434.89,435.82,433.95,435.2306,1930718.0
2026-01-27 12:30:00,435.23,435.2801,433.1,434.665,1852586.0
2026-01-27 13:00:00,434.65,434.95,433.28,433.3,1410173.0
2026-01-27 13:30:00,433.3,433.475,432.28,432.7801,1727241.0
2026-01-27 14:00:00,432.8099,433.45,431.8,431.83,1675669.0
2026-01-27 14:30:00,431.81,432.08,430.83,431.3001,2561170.0
2026-01-27 15:00:00,431.32,432.85,430.69,432.61,2135953.0
2026-01-27 15:30:00,432.6,433.88,432.29,433.79,2105646.0
2026-01-27 16:00:00,433.8032,433.8032,430.71,430.9,6107466.0
2026-01-28 10:00:00,431.91,438.26,431.2,437.4795,7754486.0
2026-01-28 10:30:00,437.47,437.87,434.14,434.6773,3871689.0
2026-01-28 11:00:00,434.67,434.91,432.22,433.07,3262337.0
2026-01-28 11:30:00,433.12,434.29,432.02,434.0905,2651855.0
2026-01-28 12:00:00,434.08,434.1799,432.34,433.4099,2205945.0
2026-01-28 12:30:00,433.4085,435.61,432.85,433.12,2686922.0
2026-01-28 13:00:00,433.089,433.76,432.4,432.73,2192579.0
2026-01-28 13:30:00,432.71,435.5,432.4436,434.82,2897609.0
2026-01-28 14:00:00,434.8003,435.56,434.1801,434.54,1920001.0
2026-01-28 14:30:00,434.6,434.9999,432.74,432.885,2013834.0
2026-01-28 15:00:00,432.85,435.96,431.74,434.345,3447437.0
2026-01-28 15:30:00,434.37,436.0,434.06,434.295,2837992.0
2026-01-28 16:00:00,434.27,434.47,430.1,431.46,6728924.0
2026-01-29 10:00:00,437.8,440.2299,422.88,423.325,15048377.0
2026-01-29 10:30:00,423.39,427.0,421.26,422.24,7862009.0
2026-01-29 11:00:00,422.26,423.17,414.62,417.512,9564869.0
2026-01-29 11:30:00,417.53,423.01,417.18,421.895,6747979.0
2026-01-29 12:00:00,421.88,422.35,419.38,420.87,3500279.0
2026-01-29 12:30:00,420.8196,424.84,420.75,424.2599,3620675.0
2026-01-29 13:00:00,424.2,424.78,420.31,420.635,3004481.0
2026-01-29 13:30:00,420.59,422.22,419.78,421.84,2744321.0
2026-01-29 14:00:00,421.8,422.94,420.73,420.855,2984032.0
2026-01-29 14:30:00,420.845,421.31,419.81,420.36,2324151.0
2026-01-29 15:00:00,420.4,420.79,417.91,418.1,3388907.0
2026-01-29 15:30:00,418.11,418.68,415.46,415.51,3681018.0
2026-01-29 16:00:00,415.52,417.55,414.94,416.56,9168867.0
2026-01-30 10:00:00,425.35,430.0,422.7,425.15,10085485.0
2026-01-30 10:30:00,425.18,435.35,424.792,433.535,9996088.0
2026-01-30 11:00:00,433.555,439.88,430.5,436.81,10905182.0
2026-01-30 11:30:00,436.8875,438.93,435.3,438.44,6437817.0
2026-01-30 12:00:00,438.42,439.84,434.73,434.81,5322945.0
2026-01-30 12:30:00,434.8,438.55,433.94,438.49,4412070.0
2026-01-30 13:00:00,438.42,439.53,435.24,435.3,4442963.0
2026-01-30 13:30:00,435.23,435.88,432.32,434.67,3992245.0
2026-01-30 14:00:00,434.7,436.6222,432.135,435.545,3580486.0
2026-01-30 14:30:00,435.51,436.01,433.48,433.761,2799631.0
2026-01-30 15:00:00,433.76,435.4683,432.46,433.44,2890104.0
2026-01-30 15:30:00,433.46,434.57,430.2,430.655,3724557.0
2026-01-30 16:00:00,430.69,434.99,430.1,430.41,9620472.0
2026-02-02 10:00:00,421.29,421.7,414.5,417.3,11220341.0
2026-02-02 10:30:00,417.3,420.2168,416.43,420.13,5139879.0
2026-02-02 11:00:00,420.1467,422.5,418.82,420.16,4603121.0
2026-02-02 11:30:00,420.19,420.28,418.57,419.49,3172907.0
2026-02-02 12:00:00,419.47,420.2,418.31,420.125,2681572.0
2026-02-02 12:30:00,420.1,423.37,419.8,423.3263,3226804.0
2026-02-02 13:00:00,423.2901,424.88,422.66,424.62,3012490.0
2026-02-02 13:30:00,424.64,426.9499,424.28,426.31,3569276.0
2026-02-02 14:00:00,426.33,427.15,425.36,426.68,2969505.0
2026-02-02 14:30:00,426.66,426.69,425.39,425.695,2327860.0
2026-02-02 15:00:00,425.695,425.695,423.08,423.21,2888670.0
2026-02-02 15:30:00,423.24,425.0,422.54,423.925,2820545.0
2026-02-02 16:00:00,423.9,424.0558,421.74,421.81,6224091.0
2026-02-03 10:00:00,424.27,425.51,420.06,420.485,7464885.0
2026-02-03 10:30:00,420.465,423.48,419.75,422.855,4952595.0
2026-02-03 11:00:00,422.81,428.56,422.8,425.325,6119325.0
2026-02-03 11:30:00,425.3,425.81,422.01,423.18,3114629.0
2026-02-03 12:00:00,423.21,427.72,423.1401,425.71,3887163.0
2026-02-03 12:30:00,425.71,425.89,420.09,420.845,3158326.0
2026-02-03 13:00:00,420.83,421.4551,417.65,417.755,3684337.0
2026-02-03 13:30:00,417.73,419.41,416.88,418.1115,2940235.0
2026-02-03 14:00:00,418.06,418.84,416.1,416.1083,2442703.0
2026-02-03 14:30:00,416.1,417.77,413.6901,415.87,4861249.0
2026-02-03 15:00:00,415.94,419.25,414.9,418.8006,2867676.0
2026-02-03 15:30:00,418.81,419.29,417.4,418.5901,2309820.0
2026-02-03 16:00:00,418.63,422.2,418.59,421.96,6686648.0
2026-02-04 10:00:00,420.46,423.9,417.51,419.35,7573215.0
2026-02-04 10:30:00,419.3,419.3,415.03,416.76,6131684.0
2026-02-04 11:00:00,416.79,417.24,411.8401,412.19,6824044.0
2026-02-04 11:30:00,412.19,412.7,407.03,408.825,6582125.0
2026-02-04 12:00:00,408.79,409.24,403.69,406.33,6287282.0
2026-02-04 12:30:00,406.31,407.52,402.98,403.16,3925515.0
2026-02-04 13:00:00,403.05,404.35,399.18,402.4332,5626381.0
2026-02-04 13:30:00,402.45,406.5,401.25,406.425,4271683.0
2026-02-04 14:00:00,406.46,406.5,402.2766,405.1695,3647018.0
2026-02-04 14:30:00,405.13,405.63,402.8807,404.7201,2977697.0
2026-02-04 15:00:00,404.7,409.35,404.1701,409.035,4821393.0
2026-02-04 15:30:00,409.02,409.23,406.62,407.825,3724378.0
2026-02-04 16:00:00,407.81,409.16,405.35,406.01,9172122.0
2026-02-05 10:00:00,397.015,401.15,392.84,395.45,9138017.0
2026-02-05 10:30:00,395.51,396.1,387.5309,389.78,8978474.0
2026-02-05 11:00:00,389.72,393.01,387.73,392.88,5207193.0
2026-02-05 11:30:00,392.84,396.96,390.17,396.878,4637316.0
2026-02-05 12:00:00,396.88,398.79,395.81,398.24,4629333.0
2026-02-05 12:30:00,398.2,400.44,396.39,399.97,3652824.0
2026-02-05 13:00:00,400.0,401.71,398.67,400.265,3492819.0
2026-02-05 13:30:00,400.23,402.1,398.46,399.59,3181729.0
2026-02-05 14:00:00,399.61,400.93,397.65,399.11,3180605.0
2026-02-05 14:30:00,399.07,401.47,398.23,398.755,3159422.0
2026-02-05 15:00:00,398.73,398.81,394.5335,396.13,3441475.0
2026-02-05 15:30:00,396.1545,398.4,393.8,394.11,3805748.0
2026-02-05 16:00:00,394.11,397.91,393.02,397.21,9825159.0
2026-02-06 10:00:00,400.87,408.84,397.751,407.07,9956798.0
2026-02-06 10:30:00,407.16,410.309,405.4,410.104,6363096.0
2026-02-06 11:00:00,410.19,412.21,408.88,409.144197,5597833.0
2026-02-06 11:30:00,409.105,410.75,408.7,410.28,3814042.0
2026-02-06 12:00:00,410.2625,412.4,410.035,410.47,3319789.0
2026-02-06 12:30:00,410.5,414.04,410.05,413.87,3424977.0
2026-02-06 13:00:00,413.87,414.55,412.91,413.3799,3426497.0
2026-02-06 13:30:00,413.35,413.88,411.73,412.18,2978315.0
2026-02-06 14:00:00,412.165,412.9156,411.25,411.34,2150847.0
2026-02-06 14:30:00,411.3201,414.05,411.08,413.385,2767487.0
2026-02-06 15:00:00,413.4,414.55,413.23,413.575,2664454.0
2026-02-06 15:30:00,413.56,414.45,412.77,413.4062,2782006.0
2026-02-06 16:00:00,413.37,414.55,410.61,411.11,9207947.0
2026-02-09 10:00:00,409.905,413.77,407.29,409.65,8163619.0
2026-02-09 10:30:00,409.59,415.33,409.13,412.965,6478871.0
2026-02-09 11:00:00,412.965,418.59,412.7,417.93,5037411.0
2026-02-09 11:30:00,417.92,419.43,417.45,418.6625,4145461.0
2026-02-09 12:00:00,418.62,420.69,417.97,420.4,3655260.0
2026-02-09 12:30:00,420.38,421.25,419.8804,420.53,3353405.0
2026-02-09 13:00:00,420.55,421.21,419.53,419.62,1957198.0
2026-02-09 13:30:00,419.65,419.98,417.7,418.3499,2641025.0
2026-02-09 14:00:00,418.3023,419.95,417.71,419.55,2272070.0
2026-02-09 14:30:00,419.53,420.66,419.43,420.1697,2085749.0
2026-02-09 15:00:00,420.19,420.9,419.7548,419.925,2046447.0
2026-02-09 15:30:00,419.94,420.48,419.407,420.12,2327460.0
2026-02-09 16:00:00,420.11,420.42,417.1301,417.32,7451006.0
2026-02-10 10:00:00,418.08,425.48,417.0,422.32,8233799.0
2026-02-10 10:30:00,422.32,423.9599,419.97,423.3416,5272584.0
2026-02-10 11:00:00,423.34,425.42,423.06,424.89,4805134.0
2026-02-10 11:30:00,424.865,425.21,420.7127,421.735,3635926.0
2026-02-10 12:00:00,421.71,424.55,421.05,423.74,3576528.0
2026-02-10 12:30:00,423.72,427.25,422.86,424.935,4227802.0
2026-02-10 13:00:00,424.9,425.39,423.76,425.11,2495233.0
2026-02-10 13:30:00,425.11,426.115,423.15,423.32,2705560.0
2026-02-10 14:00:00,423.29,424.8627,422.3501,424.53,2515041.0
2026-02-10 14:30:00,424.56,425.1,423.85,425.0399,2040403.0
2026-02-10 15:00:00,425.06,426.0,424.9311,425.84,2200862.0
2026-02-10 15:30:00,425.82,426.37,423.66,424.45,2624682.0
2026-02-10 16:00:00,424.41,427.2,423.817,425.21,16608463.0
2026-02-11 10:00:00,427.955,436.35,427.955,431.32,9830113.0
2026-02-11 10:30:00,431.34,432.1,421.55,421.72,8469188.0
2026-02-11 11:00:00,421.6823,425.0,420.03,424.065,5793531.0
2026-02-11 11:30:00,424.11,427.0694,423.52,426.405,4101706.0
2026-02-11 12:00:00,426.41,426.67,423.21,423.61,3466197.0
2026-02-11 12:30:00,423.58,424.99,422.06,424.7599,2951630.0
2026-02-11 13:00:00,424.76,426.19,423.16,423.6601,2670820.0
2026-02-11 13:30:00,423.71,424.93,422.12,424.745,2372590.0
2026-02-11 14:00:00,424.72,425.91,423.62,425.525,2382156.0
2026-02-11 14:30:00,425.51,427.73,424.6,427.56,2623819.0
2026-02-11 15:00:00,427.52,427.6499,426.19,427.012,2231117.0
2026-02-11 15:30:00,426.97,427.07,425.63,425.835,1965489.0
2026-02-11 16:00:00,425.82,429.1,425.46,428.27,6371150.0
2026-02-12 10:00:00,430.3,436.23,428.14,428.65,9228395.0
2026-02-12 10:30:00,428.625,431.12,426.13,429.67,5270766.0
2026-02-12 11:00:00,429.73,430.49,424.5801,425.16,4330397.0
2026-02-12 11:30:00,425.15,425.59,419.28,419.41,5153666.0
2026-02-12 12:00:00,419.405,421.4099,418.09,418.7,4797961.0
2026-02-12 12:30:00,418.64,419.78,417.12,418.1098,3288683.0
2026-02-12 13:00:00,418.065,420.11,414.56,414.705,3311362.0
2026-02-12 13:30:00,414.715,417.08,414.0,416.79,3236229.0
2026-02-12 14:00:00,416.8,417.87,415.6869,416.735,2444402.0
2026-02-12 14:30:00,416.78,416.9098,414.2501,414.6625,2511346.0
2026-02-12 15:00:00,414.66,416.85,414.61,415.28,2282294.0
2026-02-12 15:30:00,415.28,416.77,414.53,414.8028,2300535.0
2026-02-12 16:00:00,416.87,417.42,414.55,417.07,8295413.0
2026-02-13 10:00:00,414.305,417.7,410.88,413.515,7598367.0
2026-02-13 10:30:00,413.455,416.95,412.11,416.105,4260240.0
2026-02-13 11:00:00,416.105,418.2,412.38,415.2601,4368569.0
2026-02-13 11:30:00,415.31,418.37,414.72,417.93,4529940.0
2026-02-13 12:00:00,417.915,419.68,416.4468,419.217,3148915.0
2026-02-13 12:30:00,419.25,420.94,419.0001,420.42,2997178.0
2026-02-13 13:00:00,420.48,421.26,419.12,419.34,2454985.0
2026-02-13 13:30:00,419.37,421.33,418.81,420.5798,2328367.0
2026-02-13 14:00:00,420.7,424.06,420.3,421.765,3560714.0
2026-02-13 14:30:00,421.72,422.45,420.41,420.52,2188623.0
2026-02-13 15:00:00,420.63,421.8599,419.4,419.6475,2127654.0
2026-02-13 15:30:00,419.66,420.17,417.21,417.61,2906784.0
2026-02-13 16:00:00,417.59,418.59,416.52,417.44,5880094.0
2026-02-17 10:00:00,412.36,413.72,402.65,403.15,9545776.0
2026-02-17 10:30:00,403.11,405.47,400.93,401.325,6654880.0
2026-02-17 11:00:00,401.3251,404.68,400.51,404.5999,4838102.0
2026-02-17 11:30:00,404.54,409.64,404.33,408.175,4998295.0
2026-02-17 12:00:00,408.18,408.59,406.8,407.555,3328590.0
2026-02-17 12:30:00,407.52,407.71,404.83,406.63,3206887.0
2026-02-17 13:00:00,406.635,406.8,403.42,405.37,3153445.0
2026-02-17 13:30:00,405.3201,410.31,404.55,409.42,3465383.0
2026-02-17 14:00:00,409.438,412.66,408.7901,412.4522,3545866.0
2026-02-17 14:30:00,412.45,413.1699,411.23,411.425,3619821.0
2026-02-17 15:00:00,411.42,412.831,410.7,410.91,2014469.0
2026-02-17 15:30:00,410.84,411.7166,409.7114,410.5599,2554751.0
2026-02-17 16:00:00,410.47,411.89,409.6,410.63,6626674.0
2026-02-18 10:00:00,411.11,414.0972,409.58,412.54,5974621.0
2026-02-18 10:30:00,412.49,415.67,412.32,413.27,5131438.0
2026-02-18 11:00:00,413.2699,415.39,411.59,415.21,4093949.0
2026-02-18 11:30:00,415.23,416.32,414.3,414.38,3289904.0
2026-02-18 12:00:00,414.41,415.76,413.84,413.87,2417144.0
2026-02-18 12:30:00,413.961,416.15,413.76,415.215,2184087.0
2026-02-18 13:00:00,415.18,416.64,415.0,416.2359,2184966.0
2026-02-18 13:30:00,416.21,416.9,413.43,413.935,2374743.0
2026-02-18 14:00:00,413.92,414.2099,412.51,413.46,2419380.0
2026-02-18 14:30:00,413.445,414.04,412.5,412.6,1880423.0
2026-02-18 15:00:00,412.6,412.84,409.9001,410.4406,3167028.0
2026-02-18 15:30:00,410.47,411.47,410.01,410.68,2480452.0
2026-02-18 16:00:00,410.62,412.121,410.41,411.32,6150682.0
2026-02-19 10:00:00,407.25,409.54,404.11,408.6528,6910992.0
2026-02-19 10:30:00,408.64,410.66,408.05,408.69,4614799.0
2026-02-19 11:00:00,408.72,412.97,408.45,412.89,4477403.0
2026-02-19 11:30:00,412.93,414.98,411.17,413.85,4531141.0
2026-02-19 12:00:00,413.86,414.86,411.94,412.98,3265658.0
2026-02-19 12:30:00,412.98,415.2499,412.48,413.745,2965904.0
2026-02-19 13:00:00,413.745,413.81,409.27,409.59,3443589.0
2026-02-19 13:30:00,409.595,410.64,408.58,409.7751,3341656.0
2026-02-19 14:00:00,409.77,410.92,408.67,410.75,2410804.0
2026-02-19 14:30:00,410.77,411.19,409.32,409.775,2191963.0
2026-02-19 15:00:00,409.76,410.36,408.52,409.99,2802068.0
2026-02-19 15:30:00,409.93,411.37,409.9,409.97,2046643.0
2026-02-19 16:00:00,409.94,411.9,409.76,411.71,5121568.0
2026-02-20 10:00:00,408.3,410.74,405.5,408.47,6333912.0
2026-02-20 10:30:00,408.51,413.2399,406.91,409.8099,7381210.0
2026-02-20 11:00:00,409.81,413.6,408.6,413.34,4561380.0
2026-02-20 11:30:00,413.33,414.7,409.25,409.37,4293519.0
2026-02-20 12:00:00,409.36,411.5,409.13,410.95,2782639.0
2026-02-20 12:30:00,410.96,411.27,405.89,407.41,4068938.0
2026-02-20 13:00:00,407.44,409.8286,406.39,409.63,3782417.0
2026-02-20 13:30:00,409.6,410.85,408.6,409.405,3083999.0
2026-02-20 14:00:00,409.3876,413.63,408.66,413.36,3946832.0
2026-02-20 14:30:00,413.36,413.76,410.85,411.08,2640604.0
2026-02-20 15:00:00,411.11,411.59,409.66,409.7938,2186695.0
2026-02-20 15:30:00,409.8,411.37,409.5201,409.79,2464937.0
2026-02-20 16:00:00,409.785,412.24,409.67,411.82,7500572.0
2026-02-23 10:00:00,407.285,407.7,402.32,402.78,8663189.0
2026-02-23 10:30:00,402.74,405.05,402.0,403.38,5346291.0
2026-02-23 11:00:00,403.4,404.07,400.64,400.91,4640899.0
2026-02-23 11:30:00,400.93,401.39,396.62,397.985,6870973.0
2026-02-23 12:00:00,397.99,400.0,397.55,398.355,3781704.0
2026-02-23 12:30:00,398.33,399.0,397.39,397.42,2742701.0
2026-02-23 13:00:00,397.4101,397.46,394.24,395.0,5500627.0
2026-02-23 13:30:00,394.98,396.8,394.93,396.04,3561309.0
2026-02-23 14:00:00,396.06,396.36,394.17,394.4499,3425703.0
2026-02-23 14:30:00,394.4,395.36,394.28,394.395,3141521.0
2026-02-23 15:00:00,394.3951,396.03,394.04,395.3373,3103895.0
2026-02-23 15:30:00,395.335,395.8199,394.42,395.5312,3229490.0
2026-02-23 16:00:00,395.53,400.0,395.445,399.83,12781136.0
2026-02-24 10:00:00,399.5,403.7,397.64,402.48,7960153.0
2026-02-24 10:30:00,402.52,407.54,401.1,407.445,6079206.0
2026-02-24 11:00:00,407.45,407.71,404.31,404.635,5011124.0
2026-02-24 11:30:00,404.64,405.74,402.81,403.33,3828251.0
2026-02-24 12:00:00,403.33,404.71,402.26,404.61,3427470.0
2026-02-24 12:30:00,404.635,405.68,403.9,404.0401,2636145.0
2026-02-24 13:00:00,404.07,405.1742,403.7,404.74,1994413.0
2026-02-24 13:30:00,404.72,406.03,404.66,405.33,2070505.0
2026-02-24 14:00:00,405.34,406.81,405.15,406.61,2206315.0
2026-02-24 14:30:00,406.61,409.55,406.51,408.64,4495971.0
2026-02-24 15:00:00,408.64,409.65,407.91,408.7048,2593185.0
2026-02-24 15:30:00,408.73,410.41,408.02,408.76,3320502.0
2026-02-24 16:00:00,408.79,410.82,408.67,409.38,9242721.0
2026-02-25 10:00:00,412.15,420.34,412.15,415.785,10624686.0
2026-02-25 10:30:00,415.76,416.4,413.55,414.83,5162285.0
2026-02-25 11:00:00,414.81,415.8,413.89,415.4015,4243926.0
2026-02-25 11:30:00,415.4,415.6,413.36,413.9601,3354656.0
2026-02-25 12:00:00,413.95,414.72,413.16,414.565,3153339.0
2026-02-25 12:30:00,414.58,416.92,414.01,414.085,4206458.0
2026-02-25 13:00:00,414.11,415.26,413.8,415.15,2398772.0
2026-02-25 13:30:00,415.16,415.31,414.21,415.13,1890497.0
2026-02-25 14:00:00,415.15,416.35,414.9,415.7401,2162119.0
2026-02-25 14:30:00,415.74,416.55,415.67,415.95,1883429.0
2026-02-25 15:00:00,415.95,416.3097,415.46,415.9326,1883207.0
2026-02-25 15:30:00,415.93,416.6,415.45,415.7073,2483019.0
2026-02-25 16:00:00,415.6939,417.64,414.85,417.4,8413521.0
2026-02-26 10:00:00,414.42,416.81,410.12,413.07,8273840.0
2026-02-26 10:30:00,413.1,413.88,406.47,407.8175,6802324.0
2026-02-26 11:00:00,407.81,410.0,404.8301,409.2715,4778969.0
2026-02-26 11:30:00,409.29,410.3,408.4664,409.0833,2654136.0
2026-02-26 12:00:00,409.08,410.17,404.275,404.64,4535366.0
2026-02-26 12:30:00,404.65,406.2299,404.54,405.21,3573823.0
2026-02-26 13:00:00,405.21,406.4699,403.66,404.55,3443888.0
2026-02-26 13:30:00,404.5413,405.63,404.1,405.21,2448177.0
2026-02-26 14:00:00,405.22,407.91,405.08,407.34,2572194.0
2026-02-26 14:30:00,407.3,409.389,407.095,408.1899,2432536.0
2026-02-26 15:00:00,408.18,409.08,407.4801,407.62,2092444.0
2026-02-26 15:30:00,407.64,408.9244,407.12,407.71,2310111.0
2026-02-26 16:00:00,407.73,409.2,407.69,408.58,6160618.0
2026-02-27 10:00:00,402.94,405.52,400.9,403.205,6700976.0
2026-02-27 10:30:00,403.17,407.12,403.0,406.854,4467107.0
2026-02-27 11:00:00,406.86,406.92,402.77,403.1701,3674771.0
2026-02-27 11:30:00,403.17,403.8599,401.83,402.28,3640811.0
2026-02-27 12:00:00,402.26,403.54,400.84,402.05,3176763.0
2026-02-27 12:30:00,402.03,403.0799,399.03,400.9099,4091076.0
2026-02-27 13:00:00,400.92,401.61,399.33,399.59,2756401.0
2026-02-27 13:30:00,399.58,400.45,398.53,399.73,2918821.0
2026-02-27 14:00:00,399.7,400.18,398.11,398.47,2516156.0
2026-02-27 14:30:00,398.46,400.42,398.42,399.73,2370593.0
2026-02-27 15:00:00,399.735,400.1,398.75,398.87,2077764.0
2026-02-27 15:30:00,398.87,401.02,398.75,400.18,3211999.0
2026-02-27 16:00:00,400.16,403.66,399.28,402.51,11934918.0
2026-03-02 10:00:00,390.6,398.3121,388.25,395.97,8976133.0
2026-03-02 10:30:00,395.95,399.2187,395.04,398.6541,4770333.0
2026-03-02 11:00:00,398.665,402.65,397.72,402.0241,4458028.0
2026-03-02 11:30:00,401.98,403.71,400.06,400.17,3805717.0
2026-03-02 12:00:00,400.21,404.54,399.74,403.125,4109941.0
2026-03-02 12:30:00,403.14,403.9199,402.4,402.5,2704367.0
2026-03-02 13:00:00,402.47,403.19,400.97,401.88,2653738.0
2026-03-02 13:30:00,401.9,402.5995,401.08,401.75,2131058.0
2026-03-02 14:00:00,401.77,401.86,400.22,400.27,2421177.0
2026-03-02 14:30:00,400.245,402.87,400.1,402.65,2425609.0
2026-03-02 15:00:00,402.66,402.8,402.07,402.45,1770136.0
2026-03-02 15:30:00,402.43,402.69,398.91,399.58,3522335.0
2026-03-02 16:00:00,399.57,403.49,399.56,403.32,7095469.0
2026-03-03 10:00:00,395.09,396.34,389.65,390.62,9067069.0
2026-03-03 10:30:00,390.6,392.58,386.56,386.72,6452350.0
2026-03-03 11:00:00,386.69,388.5199,385.39,387.51,6532927.0
2026-03-03 11:30:00,387.5151,393.56,387.24,392.54,5768682.0
2026-03-03 12:00:00,392.53,393.55,390.48,391.81,3633467.0
2026-03-03 12:30:00,391.7983,392.63,389.86,392.0,3032473.0
2026-03-03 13:00:00,391.96,392.37,389.08,391.15,2942912.0
2026-03-03 13:30:00,391.16,393.92,390.99,393.29,2603520.0
2026-03-03 14:00:00,393.3,394.77,392.6067,392.825,2921404.0
2026-03-03 14:30:00,392.815,393.14,391.0,391.635,2640768.0
2026-03-03 15:00:00,391.67,394.7,391.23,393.49,2828215.0
2026-03-03 15:30:00,393.49,394.45,391.61,392.54,2443674.0
2026-03-03 16:00:00,392.5401,393.51,391.67,392.43,8196011.0
2026-03-04 10:00:00,397.845,403.47,394.58,397.9913,9765808.0
2026-03-04 10:30:00,398.0,407.8524,398.0,407.67,8816373.0
2026-03-04 11:00:00,407.67,407.79,403.514,405.1301,6062895.0
2026-03-04 11:30:00,405.15,405.72,401.43,404.195,4795170.0
2026-03-04 12:00:00,404.17,406.96,403.88,406.505,4303344.0
2026-03-04 12:30:00,406.51,407.15,404.615,404.87,3131503.0
2026-03-04 13:00:00,404.865,405.04,403.38,404.165,3208732.0
2026-03-04 13:30:00,404.17,404.51,403.28,403.78,3017189.0
2026-03-04 14:00:00,403.78,406.15,403.72,406.115,2829605.0
2026-03-04 14:30:00,406.11,406.84,405.56,406.325,2464338.0
2026-03-04 15:00:00,406.33,406.57,404.85,405.425,2211009.0
2026-03-04 15:30:00,405.42,407.38,405.41,406.95,3449618.0
2026-03-04 16:00:00,406.95,408.33,404.75,405.94,10075837.0
2026-03-05 10:00:00,401.57,407.08,400.3,406.58,7311037.0
2026-03-05 10:30:00,406.58,407.38,403.18,403.64,4491470.0
2026-03-05 11:00:00,403.67,406.75,401.77,406.0,4530045.0
2026-03-05 11:30:00,405.97,407.06,404.19,405.4153,3594190.0
2026-03-05 12:00:00,405.44,407.5,405.05,406.97,2737238.0
2026-03-05 12:30:00,406.965,408.62,403.05,403.1501,3563187.0
2026-03-05 13:00:00,403.17,403.43,400.752,401.11,3778557.0
2026-03-05 13:30:00,401.09,403.0928,399.42,399.73,3003867.0
2026-03-05 14:00:00,399.73,401.67,399.56,401.325,2393579.0
2026-03-05 14:30:00,401.32,402.78,400.51,401.75,2176424.0
2026-03-05 15:00:00,401.69,401.9055,399.76,400.46,2174022.0
2026-03-05 15:30:00,400.44,404.38,400.28,402.79,3340008.0
2026-03-05 16:00:00,402.79,405.89,402.57,405.55,6748297.0
2026-03-06 10:00:00,398.09,398.27,394.21,396.05,9158743.0
2026-03-06 10:30:00,396.04,398.5,395.895,397.31,6340648.0
2026-03-06 11:00:00,397.28,399.12,395.41,398.3999,5901743.0
2026-03-06 11:30:00,398.37,399.96,397.66,399.62,5208054.0
2026-03-06 12:00:00,399.63,401.41,397.711,399.7501,4962149.0
2026-03-06 12:30:00,399.72,400.1,398.1201,398.86,3385019.0
2026-03-06 13:00:00,398.91,399.1,397.14,398.31,3038460.0
2026-03-06 13:30:00,398.31,402.35,397.95,401.17,3627120.0
2026-03-06 14:00:00,401.165,401.75,398.26,398.4717,3439594.0
2026-03-06 14:30:00,398.53,399.55,398.3,399.31,2289929.0
2026-03-06 15:00:00,399.31,400.23,398.52,400.05,2383923.0
2026-03-06 15:30:00,400.02,400.83,396.5,396.72,3602069.0
2026-03-06 16:00:00,396.73,398.2,396.19,396.73,8012403.0
2026-03-09 10:00:00,390.05,392.99,383.0401,384.57,9834434.0
2026-03-09 10:30:00,384.55,386.17,381.4,383.45,7399745.0
2026-03-09 11:00:00,383.45,386.36,383.44,385.69,5507099.0
2026-03-09 11:30:00,385.7,388.59,385.7,388.33,4255368.0
2026-03-09 12:00:00,388.23,389.95,387.17,389.565,3606643.0
2026-03-09 12:30:00,389.58,390.89,388.2,390.16,3606981.0
2026-03-09 13:00:00,390.16,390.99,389.23,390.05,3220589.0
2026-03-09 13:30:00,390.07,390.63,388.685,389.01,2797710.0
2026-03-09 14:00:00,389.0,390.15,388.51,390.065,2512492.0
2026-03-09 14:30:00,390.08,391.77,389.66,391.29,2752101.0
2026-03-09 15:00:00,391.27,393.73,391.05,392.38,3420610.0
2026-03-09 15:30:00,392.36,400.7,391.7,400.595,5851603.0
2026-03-09 16:00:00,400.565,401.59,397.33,398.68,9675052.0
2026-03-10 10:00:00,402.22,406.59,401.12,405.96,9711361.0
2026-03-10 10:30:00,406.0,406.25,400.88,401.205,6114564.0
2026-03-10 11:00:00,401.15,404.94,400.8501,404.7617,5046492.0
2026-03-10 11:30:00,404.78,406.1,403.39,403.58,4281062.0
2026-03-10 12:00:00,403.55,403.81,401.86,402.65,3391443.0
2026-03-10 12:30:00,402.62,403.45,400.95,402.646,3505893.0
2026-03-10 13:00:00,402.64,403.75,402.07,403.47,2877041.0
2026-03-10 13:30:00,403.45,404.19,402.4,403.3492,3002011.0
2026-03-10 14:00:00,403.33,403.355,401.11,402.075,3152161.0
2026-03-10 14:30:00,402.09,402.32,398.19,400.56,4371200.0
2026-03-10 15:00:00,400.5899,401.85,399.33,400.5751,3022848.0
2026-03-10 15:30:00,400.575,401.95,399.62,399.9,2791072.0
2026-03-10 16:00:00,399.86,400.74,398.27,399.235,5244506.0
2026-03-11 10:00:00,402.28,412.47,402.15,412.34,12106377.0
2026-03-11 10:30:00,412.35,416.3799,410.9302,411.9113,8804167.0
2026-03-11 11:00:00,411.85,412.6,409.48,410.52,4973719.0
2026-03-11 11:30:00,410.4701,411.585,408.96,409.0,4409358.0
2026-03-11 12:00:00,409.01,409.1,406.33,406.855,4538439.0
2026-03-11 12:30:00,406.855,407.56,406.23,407.41,2995166.0
2026-03-11 13:00:00,407.405,408.66,406.8,407.295,2845423.0
2026-03-11 13:30:00,407.2997,408.32,406.2301,408.24,2566719.0
2026-03-11 14:00:00,408.235,408.35,404.78,405.861,3293077.0
2026-03-11 14:30:00,405.87,405.97,403.95,405.5301,2557842.0
2026-03-11 15:00:00,405.55,406.81,404.92,406.23,2232721.0
2026-03-11 15:30:00,406.25,406.7499,405.35,406.13,2278988.0
2026-03-11 16:00:00,406.15,408.25,406.15,407.82,7072245.0
2026-03-12 10:00:00,405.175,406.5,400.34,400.845,7406181.0
2026-03-12 10:30:00,400.85,402.41,399.43,399.52,5850593.0
2026-03-12 11:00:00,399.53,399.96,394.65,395.7,7517170.0
2026-03-12 11:30:00,395.7292,397.7,395.32,396.99,4456916.0
2026-03-12 12:00:00,396.95,399.04,396.42,398.27,4091085.0
2026-03-12 12:30:00,398.32,400.14,396.94,398.86,3791239.0
2026-03-12 13:00:00,398.8573,400.9,398.46,399.84,3363077.0
2026-03-12 13:30:00,399.845,401.05,399.1,399.89,2703362.0
2026-03-12 14:00:00,399.83,400.46,396.2501,397.275,3354540.0
2026-03-12 14:30:00,397.3,398.6,397.02,397.825,2680457.0
2026-03-12 15:00:00,397.825,398.0,396.71,396.987,2176399.0
2026-03-12 15:30:00,396.94,398.08,396.28,397.59,3351766.0
2026-03-12 16:00:00,397.6,398.129,394.98,395.01,7965669.0
2026-03-13 10:00:00,399.165,400.2,395.51,398.224536,7601100.0
2026-03-13 10:30:00,398.33,399.1999,395.18,396.1667,5124475.0
2026-03-13 11:00:00,396.14,397.74,392.37,392.505,5610498.0
2026-03-13 11:30:00,392.51,395.96,392.22,394.06,4783220.0
2026-03-13 12:00:00,394.06,394.91,392.3,393.475,3812638.0
2026-03-13 12:30:00,393.45,395.17,393.22,395.0,3133239.0
2026-03-13 13:00:00,394.98,395.9599,393.9,394.6299,3567907.0
2026-03-13 13:30:00,394.6,395.835,392.909,395.015,3159329.0
2026-03-13 14:00:00,394.96,395.23,392.49,393.18,2716859.0
2026-03-13 14:30:00,393.2,393.45,392.12,393.16,2708378.0
2026-03-13 15:00:00,393.15,393.96,392.74,393.175,2841997.0
2026-03-13 15:30:00,393.175,393.21,390.08,390.895,4230362.0
2026-03-13 16:00:00,390.91,392.12,389.95,391.2,7221089.0
2026-03-16 10:00:00,396.22,401.08,394.976,401.03,8076582.0
2026-03-16 10:30:00,401.07,403.73,400.15,402.3209,6884287.0
2026-03-16 11:00:00,402.366,402.366,399.95,400.9001,5004143.0
2026-03-16 11:30:00,400.91,401.065,399.23,400.14,3752421.0
2026-03-16 12:00:00,400.157,400.98,398.2,398.33,3394454.0
2026-03-16 12:30:00,398.31,398.8,396.49,396.8782,4096029.0
2026-03-16 13:00:00,396.903,397.95,396.45,397.41,2955048.0
2026-03-16 13:30:00,397.41,398.34,396.75,396.9201,2540129.0
2026-03-16 14:00:00,396.92,397.83,396.42,396.57,2462275.0
2026-03-16 14:30:00,396.59,398.43,396.53,398.07,2398734.0
2026-03-16 15:00:00,398.07,398.241,396.8501,397.045,2363310.0
2026-03-16 15:30:00,397.05,399.25,396.0,396.5901,3619427.0
2026-03-16 16:00:00,396.59,396.76,394.42,395.56,8245403.0
2026-03-17 10:00:00,395.69,398.0,393.0,397.7101,7207317.0
2026-03-17 10:30:00,397.74,398.32,396.4501,397.395,4978356.0
2026-03-17 11:00:00,397.3701,400.12,397.1,398.8851,4863536.0
2026-03-17 11:30:00,398.875,399.37,397.05,397.428,3246470.0
2026-03-17 12:00:00,397.4101,397.73,395.75,397.11,3172990.0
2026-03-17 12:30:00,397.125,397.93,395.9,397.24,2482510.0
2026-03-17 13:00:00,397.26,397.89,396.8,397.355,2151572.0
2026-03-17 13:30:00,397.33,398.49,396.88,397.7,2226054.0
2026-03-17 14:00:00,397.69,399.6299,397.57,399.196,2718286.0
2026-03-17 14:30:00,399.2,399.64,397.77,398.0,2418296.0
2026-03-17 15:00:00,397.985,398.205,397.15,397.8,2121310.0
2026-03-17 15:30:00,397.816,398.88,397.7201,398.68,2357570.0
2026-03-17 16:00:00,398.68,399.35,397.75,399.27,5458396.0
2026-03-18 10:00:00,399.0,403.065,398.06,402.99,7605220.0
2026-03-18 10:30:00,402.97,403.06,397.57,397.8799,5657292.0
2026-03-18 11:00:00,397.866,398.64,397.61,398.45,3597797.0
2026-03-18 11:30:00,398.46,399.8,397.34,397.65,3549521.0
2026-03-18 12:00:00,397.62,398.5,397.41,398.21,2664763.0
2026-03-18 12:30:00,398.206,398.66,397.51,397.85,2363098.0
2026-03-18 13:00:00,397.8401,398.24,396.7657,397.44,2468998.0
2026-03-18 13:30:00,397.4,397.54,396.2,397.17,1922323.0
2026-03-18 14:00:00,397.18,398.06,397.0,397.681,2019042.0
2026-03-18 14:30:00,397.7222,398.55,396.45,397.235,2907906.0
2026-03-18 15:00:00,397.19,397.58,394.9,394.98,3569201.0
2026-03-18 15:30:00,394.99,395.94,394.16,394.679,3294337.0
2026-03-18 16:00:00,394.68,394.85,392.31,392.78,7059590.0
2026-03-19 10:00:00,387.27,387.27,379.7232,383.09,10935620.0
2026-03-19 10:30:00,383.08,384.15,379.79,380.65,6789460.0
2026-03-19 11:00:00,380.64,382.71,380.24,381.3451,5678337.0
2026-03-19 11:30:00,381.33,384.22,381.32,383.02,4599664.0
2026-03-19 12:00:00,383.06,383.0801,380.82,382.1993,3537114.0
2026-03-19 12:30:00,382.18,383.65,381.61,381.89,3032375.0
2026-03-19 13:00:00,381.91,382.63,380.85,382.26,3158634.0
2026-03-19 13:30:00,382.3,382.45,380.2,381.64,2829138.0
2026-03-19 14:00:00,381.66,382.2399,380.624,381.46,2274957.0
2026-03-19 14:30:00,381.46,382.9,380.9,381.42,2628300.0
2026-03-19 15:00:00,381.42,381.8,378.73,381.1999,4961688.0
2026-03-19 15:30:00,381.2,384.95,381.06,382.66,5482338.0
2026-03-19 16:00:00,382.68,382.86,380.05,380.3,8239918.0
2026-03-20 10:00:00,379.85,379.89,370.74,371.17,12818663.0
2026-03-20 10:30:00,371.19,372.88,369.9,372.35,7016377.0
2026-03-20 11:00:00,372.3301,373.78,371.89,372.85,5008296.0
2026-03-20 11:30:00,372.865,377.0,372.59,374.5101,5246175.0
2026-03-20 12:00:00,374.48,376.07,374.25,375.78,2979485.0
2026-03-20 12:30:00,375.77,376.96,375.48,376.48,3610463.0
2026-03-20 13:00:00,376.5,376.53,373.62,374.64,3716879.0
2026-03-20 13:30:00,374.61,375.12,372.6901,372.86,2705510.0
2026-03-20 14:00:00,372.8797,373.11,371.15,371.815,3194110.0
2026-03-20 14:30:00,371.87,371.95,369.07,369.695,4184541.0
2026-03-20 15:00:00,369.67,370.19,367.735,368.2799,4095303.0
2026-03-20 15:30:00,368.28,368.71,365.8,366.1899,4461788.0
2026-03-20 16:00:00,366.19,368.07,364.4601,367.96,14487149.0
2026-03-23 10:00:00,373.09,382.39,372.73,381.875,11935055.0
2026-03-23 10:30:00,381.91,384.0,380.67,383.361,7224451.0
2026-03-23 11:00:00,383.38,384.65,382.3101,383.42,5512986.0
2026-03-23 11:30:00,383.41,385.33,382.93,383.47,4977010.0
2026-03-23 12:00:00,383.5,383.88,378.0301,378.19,6298896.0
2026-03-23 12:30:00,378.2,380.47,377.307,377.39,4690182.0
2026-03-23 13:00:00,377.36,379.54,377.32,378.315,3499341.0
2026-03-23 13:30:00,378.33,378.8598,376.47,377.6,3152978.0
2026-03-23 14:00:00,377.6,380.9196,377.58,380.26,3326839.0
2026-03-23 14:30:00,380.27,380.76,379.3,379.7,2845296.0
2026-03-23 15:00:00,379.7,382.25,379.58,381.885,3185965.0
2026-03-23 15:30:00,381.9,381.95,380.62,381.23,2978395.0
2026-03-23 16:00:00,381.255,381.93,380.22,380.85,8279230.0
2026-03-24 10:00:00,376.56,386.24,376.31,383.07,9637527.0
2026-03-24 10:30:00,383.07,386.37,382.9805,384.58,6493156.0
2026-03-24 11:00:00,384.56,387.48,382.72,385.7,5876191.0
2026-03-24 11:30:00,385.71,387.23,383.9,383.96,4048944.0
2026-03-24 12:00:00,383.93,384.45,382.38,382.52,3630212.0
2026-03-24 12:30:00,382.48,384.37,381.68,384.12,2861079.0
2026-03-24 13:00:00,384.09,384.29,382.04,382.92,2357966.0
2026-03-24 13:30:00,382.93,383.22,380.5508,381.41,2792457.0
2026-03-24 14:00:00,381.39,381.89,379.68,381.425,3340544.0
2026-03-24 14:30:00,381.45,383.8,381.11,383.4,2883928.0
2026-03-24 15:00:00,383.42,386.45,382.84,384.4968,4116788.0
2026-03-24 15:30:00,384.4608,385.535,383.95,384.05,3254513.0
2026-03-24 16:00:00,384.03,384.86,382.3,383.03,6392050.0
2026-03-25 10:00:00,389.99,396.23,389.28,392.0163,9373930.0
2026-03-25 10:30:00,392.05,394.83,390.5,393.83,5663482.0
2026-03-25 11:00:00,393.95,394.81,393.02,393.2,3406388.0
2026-03-25 11:30:00,393.18,393.5999,389.26,392.6,4923337.0
2026-03-25 12:00:00,392.62,393.041,388.275,388.87,4199849.0
2026-03-25 12:30:00,388.86,389.79,387.6,389.14,3590472.0
2026-03-25 13:00:00,389.11,390.16,388.64,389.37,2610888.0
2026-03-25 13:30:00,389.3699,389.65,387.845,388.295,2571741.0
2026-03-25 14:00:00,388.31,389.75,387.33,388.28,3050613.0
2026-03-25 14:30:00,388.21,388.9184,387.45,387.6599,2271114.0
2026-03-25 15:00:00,387.6511,387.87,385.4701,386.19,3060982.0
2026-03-25 15:30:00,386.23,386.97,385.075,385.49,3247208.0
2026-03-25 16:00:00,385.67,386.51,385.01,385.95,5008200.0
2026-03-26 10:00:00,381.6,384.44,379.48,384.02,7315223.0
2026-03-26 10:30:00,384.04,384.3,381.21,381.217,4681175.0
2026-03-26 11:00:00,381.2107,382.61,377.98,379.6,5072028.0
2026-03-26 11:30:00,379.61,380.65,378.9,380.0,3080636.0
2026-03-26 12:00:00,380.01,381.09,379.47,379.75,2987810.0
2026-03-26 12:30:00,379.73,379.8563,376.96,377.2201,3439850.0
2026-03-26 13:00:00,377.25,377.89,376.43,377.66,2786645.0
2026-03-26 13:30:00,377.69,378.0999,376.32,377.02,2269944.0
2026-03-26 14:00:00,377.01,377.71,374.61,374.8795,3307486.0
2026-03-26 14:30:00,374.86,375.83,374.41,374.75,2781988.0
2026-03-26 15:00:00,374.77,375.84,374.28,374.55,2751902.0
2026-03-26 15:30:00,374.545,374.78,372.5101,373.145,4015656.0
2026-03-26 16:00:00,373.145,374.0,371.87,372.11,8530269.0
2026-03-27 10:00:00,369.69,369.86,361.37,362.5601,9526004.0
2026-03-27 10:30:00,362.56,364.44,361.93,363.12,5417473.0
2026-03-27 11:00:00,363.0751,366.0,363.01,365.345,4505034.0
2026-03-27 11:30:00,365.33,367.28,364.6,367.23,4282865.0
2026-03-27 12:00:00,367.26,368.33,366.51,366.835,3276298.0
2026-03-27 12:30:00,366.87,366.97,364.2,364.45,2595576.0
2026-03-27 13:00:00,364.43,364.69,363.15,363.81,2989342.0
2026-03-27 13:30:00,363.83,364.72,361.77,361.786,3521873.0
2026-03-27 14:00:00,361.82,362.5,359.55,359.75,4366038.0
2026-03-27 14:30:00,359.74,361.3199,359.53,360.7201,3622983.0
2026-03-27 15:00:00,360.735,362.14,360.33,360.68,3084926.0
2026-03-27 15:30:00,360.68,362.08,359.47,361.37,3977122.0
2026-03-27 16:00:00,361.38,362.62,360.23,361.83,8647978.0
2026-03-30 10:00:00,365.86,367.29,362.04,363.09,7876566.0
2026-03-30 10:30:00,363.095,365.09,362.7,362.98,4837196.0
2026-03-30 11:00:00,362.945,364.4,360.71,364.38,4659675.0
2026-03-30 11:30:00,364.4,365.47,361.29,361.9,4505165.0
2026-03-30 12:00:00,361.9,364.65,361.64,363.16,3538126.0
2026-03-30 12:30:00,363.13,363.44,360.05,360.22,3359954.0
2026-03-30 13:00:00,360.18,360.81,359.57,360.2751,3501402.0
2026-03-30 13:30:00,360.27,360.92,357.48,357.63,4396679.0
2026-03-30 14:00:00,357.62,358.08,356.4,357.33,3649383.0
2026-03-30 14:30:00,357.35,357.43,355.225,355.59,3225102.0
2026-03-30 15:00:00,355.59,356.39,354.56,354.73,5365555.0
2026-03-30 15:30:00,354.72,354.98,352.4,352.67,5484215.0
2026-03-30 16:00:00,352.6925,355.64,352.14,355.28,9038477.0
2026-03-31 10:00:00,361.51,365.4199,361.0,364.36,8851940.0
2026-03-31 10:30:00,364.34,365.98,362.0,365.79,6226165.0
2026-03-31 11:00:00,365.78,366.1,361.72,362.825,4482575.0
2026-03-31 11:30:00,362.85,365.94,362.83,364.14,4810278.0
2026-03-31 12:00:00,364.14,364.5498,362.42,362.53,3126511.0
2026-03-31 12:30:00,362.515,365.49,362.38,365.17,2686832.0
2026-03-31 13:00:00,365.21,371.86,364.79,370.235,6153796.0
2026-03-31 13:30:00,370.25,372.7,369.35,369.96,5120748.0
2026-03-31 14:00:00,369.94,371.346,368.01,368.29,3675565.0
2026-03-31 14:30:00,368.26,371.6,368.24,371.37,3106931.0
2026-03-31 15:00:00,371.35,373.33,370.98,372.3394,3730603.0
2026-03-31 15:30:00,372.33,373.02,371.77,372.16,3730776.0
2026-03-31 16:00:00,372.17,373.29,370.7101,371.75,13263349.0
2026-04-01 10:00:00,378.63,379.14,374.08,375.1,7631068.0
2026-04-01 10:30:00,375.1,378.5667,374.25,378.51,5973787.0
2026-04-01 11:00:00,378.53,381.75,376.95,381.52,5919069.0
2026-04-01 11:30:00,381.55,382.5,380.85,380.91,4112087.0
2026-04-01 12:00:00,380.92,383.14,380.435,382.35,3524988.0
2026-04-01 12:30:00,382.34,382.73,381.41,381.54,2495136.0
2026-04-01 13:00:00,381.57,382.18,381.04,381.595,2253816.0
2026-04-01 13:30:00,381.58,382.24,380.64,381.0899,1789308.0
2026-04-01 14:00:00,381.07,381.711,379.57,379.62,2290569.0
2026-04-01 14:30:00,379.65,379.81,377.08,377.6,3474896.0
2026-04-01 15:00:00,377.61,379.19,377.02,378.855,2854311.0
2026-04-01 15:30:00,378.84,380.83,378.665,380.516,3341901.0
2026-04-01 16:00:00,380.53,381.53,379.55,381.26,8512783.0
2026-04-02 10:00:00,364.195,369.4,363.65,365.5,10188539.0
2026-04-02 10:30:00,365.49,369.94,363.65,366.12,7991848.0
2026-04-02 11:00:00,366.1,370.28,364.21,367.29,7637901.0
2026-04-02 11:30:00,367.29,368.01,365.565,366.02,4128848.0
2026-04-02 12:00:00,366.04,366.94,364.48,365.445,3643850.0
2026-04-02 12:30:00,365.45,366.46,363.895,364.385,3199332.0
2026-04-02 13:00:00,364.35,366.1,363.37,364.31,3508375.0
2026-04-02 13:30:00,364.3,366.29,363.75,365.01,3191293.0
2026-04-02 14:00:00,365.03,365.1016,359.61,359.792,7175798.0
2026-04-02 14:30:00,359.8,360.61,359.1401,359.4493,4903827.0
2026-04-02 15:00:00,359.44,360.97,359.43,359.93,4150451.0
2026-04-02 15:30:00,359.935,360.92,359.03,359.595,3997212.0
2026-04-02 16:00:00,359.6,361.5,359.55,360.59,10240314.0
2026-04-06 10:00:00,362.59,367.72,361.4424,363.7,8185860.0
2026-04-06 10:30:00,363.4,364.55,357.6,358.99,7046128.0
2026-04-06 11:00:00,358.9999,360.19,355.6001,355.69,5451069.0
2026-04-06 11:30:00,355.69,356.42,352.93,353.38,5800417.0
2026-04-06 12:00:00,353.38,354.55,352.15,354.3801,5255708.0
2026-04-06 12:30:00,354.38,354.4,351.25,352.0803,4631023.0
2026-04-06 13:00:00,352.05,352.25,349.71,350.07,5389391.0
2026-04-06 13:30:00,350.09,350.29,346.64,348.875,6322057.0
2026-04-06 14:00:00,348.9,349.48,347.1,347.43,3923398.0
2026-04-06 14:30:00,347.45,349.62,347.11,348.34,4234197.0
2026-04-06 15:00:00,348.325,351.49,348.13,350.88,4695103.0
2026-04-06 15:30:00,350.88,351.98,350.6,351.7,4468163.0
2026-04-06 16:00:00,351.705,353.38,351.1,352.82,9766966.0
2026-04-07 10:00:00,346.44,348.02,342.61,342.85,10738657.0
2026-04-07 10:30:00,342.865,343.25,340.24,341.86,7498189.0
2026-04-07 11:00:00,341.86,342.8,338.66,338.74,6846075.0
2026-04-07 11:30:00,338.71,339.63,337.24,339.03,5923795.0
2026-04-07 12:00:00,339.05,339.77,338.18,339.51,3920500.0
2026-04-07 12:30:00,339.515,342.2193,339.32,341.755,4117932.0
2026-04-07 13:00:00,341.71,343.11,341.48,341.75,3041546.0
2026-04-07 13:30:00,341.79,342.58,340.78,341.8596,2623366.0
2026-04-07 14:00:00,341.88,344.52,341.32,343.07,3798972.0
2026-04-07 14:30:00,343.1,343.42,341.93,342.51,2292804.0
2026-04-07 15:00:00,342.53,342.85,339.18,340.37,3796040.0
2026-04-07 15:30:00,340.37,343.92,339.92,342.283,3714980.0
2026-04-07 16:00:00,342.24,346.75,341.78,346.65,8874841.0
2026-04-08 10:00:00,363.79,364.5,352.6,353.02,12473587.0
2026-04-08 10:30:00,353.02,354.5,347.56,347.8601,7958273.0
2026-04-08 11:00:00,347.88,349.72,346.12,348.33,6463920.0
2026-04-08 11:30:00,348.35,348.85,345.5,345.89,5091834.0
2026-04-08 12:00:00,345.91,348.0899,345.21,348.0786,4487367.0
2026-04-08 12:30:00,348.08,349.24,345.71,346.9401,4311049.0
2026-04-08 13:00:00,346.97,348.73,346.58,347.91,3902376.0
2026-04-08 13:30:00,347.91,348.48,347.25,347.465,2497395.0
2026-04-08 14:00:00,347.45,348.55,345.59,346.47,3444737.0
2026-04-08 14:30:00,346.48,347.99,343.54,343.615,4106042.0
2026-04-08 15:00:00,343.63,343.7799,339.9101,340.1,5224080.0
2026-04-08 15:30:00,340.08,342.58,339.67,341.535,4873323.0
2026-04-08 16:00:00,341.51,343.5,341.2,343.25,9289324.0
2026-04-09 10:00:00,343.15,345.58,337.32,338.81,9329604.0
2026-04-09 10:30:00,338.82,340.8,337.25,339.84,6241135.0
2026-04-09 11:00:00,339.83,342.69,338.7701,341.955,5017827.0
2026-04-09 11:30:00,341.93,343.7199,339.78,340.23,5062030.0
2026-04-09 12:00:00,340.235,345.84,339.91,345.07,4666128.0
2026-04-09 12:30:00,345.07,348.88,344.96,347.9586,5319374.0
2026-04-09 13:00:00,347.94,348.035,345.41,346.87,3269220.0
2026-04-09 13:30:00,346.8899,348.24,346.49,347.73,2459738.0
2026-04-09 14:00:00,347.74,348.85,346.52,347.94,2741795.0
2026-04-09 14:30:00,347.94,347.9699,345.0701,345.695,3271807.0
2026-04-09 15:00:00,345.69,346.19,344.77,345.41,2533879.0
2026-04-09 15:30:00,345.42,346.58,344.49,345.6,3461260.0
2026-04-09 16:00:00,345.615,346.4742,344.7401,345.62,5835822.0
2026-04-10 10:00:00,346.285,350.36,344.69,347.275,7539628.0
2026-04-10 10:30:00,347.3,347.96,344.63,346.5501,5077549.0
2026-04-10 11:00:00,346.58,348.05,345.33,346.79,3833039.0
2026-04-10 11:30:00,346.79,347.2899,345.54,345.56,3295797.0
2026-04-10 12:00:00,345.6,345.9284,343.36,343.98,4306941.0
2026-04-10 12:30:00,344.0,344.99,343.33,344.02,2578092.0
2026-04-10 13:00:00,344.025,344.3,342.74,343.5929,2430039.0
2026-04-10 13:30:00,343.6,344.84,342.86,343.99,2321864.0
2026-04-10 14:00:00,343.96,346.4,343.6501,346.305,2535629.0
2026-04-10 14:30:00,346.33,347.25,345.6901,346.91,2967067.0
2026-04-10 15:00:00,346.9051,347.009,345.07,345.96,2571316.0
2026-04-10 15:30:00,346.01,346.91,345.7,346.068,2282451.0
2026-04-10 16:00:00,346.02,349.0,345.95,348.95,7051500.0
2026-04-13 10:00:00,350.065,354.83,348.57,353.92,8513175.0
2026-04-13 10:30:00,353.95,356.35,350.2,351.75,6765208.0
2026-04-13 11:00:00,351.77,353.275,350.28,352.84,4246031.0
2026-04-13 11:30:00,352.83,352.9,349.75,350.3126,3669455.0
2026-04-13 12:00:00,350.34,351.47,349.96,350.9,2394122.0
2026-04-13 12:30:00,350.9,353.33,350.34,353.075,2896633.0
2026-04-13 13:00:00,353.0751,353.53,351.7,352.89,3011993.0
2026-04-13 13:30:00,352.895,354.5799,352.75,354.4399,2934982.0
2026-04-13 14:00:00,354.42,354.7,352.58,352.7429,2852658.0
2026-04-13 14:30:00,352.79,353.05,351.87,352.17,1811953.0
2026-04-13 15:00:00,352.165,352.22,351.24,351.7212,2274769.0
2026-04-13 15:30:00,351.75,352.04,350.2601,351.425,2732667.0
2026-04-13 16:00:00,351.405,352.74,350.67,352.42,7262226.0
2026-04-14 10:00:00,357.67,361.3,354.77,358.955,9299008.0
2026-04-14 10:30:00,358.94,363.2,357.87,362.99,6112578.0
2026-04-14 11:00:00,362.98,364.04,361.53,363.33,4997588.0
2026-04-14 11:30:00,363.29,363.32,360.9,362.84,3657264.0
2026-04-14 12:00:00,362.82,366.13,362.81,365.595,4307284.0
2026-04-14 12:30:00,365.6043,367.49,365.31,367.255,3202574.0
2026-04-14 13:00:00,367.2414,367.63,364.91,365.105,3384988.0
2026-04-14 13:30:00,365.105,366.119,364.36,365.21,2901694.0
2026-04-14 14:00:00,365.2,365.87,364.58,364.73,2010298.0
2026-04-14 14:30:00,364.7103,364.85,362.54,363.615,2958659.0
2026-04-14 15:00:00,363.62,364.2699,363.31,364.19,2289968.0
2026-04-14 15:30:00,364.18,365.7299,363.95,365.587,2524181.0
2026-04-14 16:00:00,365.6,365.6,363.47,364.2,7464091.0
2026-04-15 10:00:00,366.83,371.53,362.5,370.515,10465365.0
2026-04-15 10:30:00,370.53,377.715,369.8701,376.67,10431177.0
2026-04-15 11:00:00,376.7,382.12,376.28,381.35,8542036.0
2026-04-15 11:30:00,381.3499,389.55,380.21,388.5249,11543485.0
2026-04-15 12:00:00,388.57,394.13,387.6,391.845,13590381.0
2026-04-15 12:30:00,391.885,394.4799,390.2301,392.96,7726421.0
2026-04-15 13:00:00,392.93,393.15,386.7,387.61,8255649.0
2026-04-15 13:30:00,387.605,388.57,386.1,387.35,5490861.0
2026-04-15 14:00:00,387.35,389.78,386.7201,388.12,4781055.0
2026-04-15 14:30:00,388.11,390.79,387.2006,390.075,4890498.0
2026-04-15 15:00:00,390.0802,391.32,389.0,390.19,4352322.0
2026-04-15 15:30:00,390.17,392.7699,389.84,392.48,5034417.0
2026-04-15 16:00:00,392.4501,394.65,391.45,391.95,14528147.0
2026-04-16 10:00:00,393.81,394.06,381.8,382.91,13005901.0
2026-04-16 10:30:00,382.93,387.4299,382.35,385.74,7219159.0
2026-04-16 11:00:00,385.8,386.84,383.7,384.61,4540934.0
2026-04-16 11:30:00,384.62,389.45,384.575,387.88,5451680.0
2026-04-16 12:00:00,387.89,390.58,387.4,389.79,4035523.0
2026-04-16 12:30:00,389.81,390.68,388.92,389.746,2816758.0
2026-04-16 13:00:00,389.77,389.88,386.7,388.4811,3135597.0
2026-04-16 13:30:00,388.49,389.2321,387.52,388.555,2377331.0
2026-04-16 14:00:00,388.52,389.0,387.3,388.0,2075496.0
2026-04-16 14:30:00,387.9703,388.88,385.2001,385.8872,3055914.0
2026-04-16 15:00:00,385.9072,388.17,385.88,387.995,2806359.0
2026-04-16 15:30:00,388.02,388.55,387.17,387.37,2013395.0
2026-04-16 16:00:00,387.375,390.0,387.2,388.9,7345155.0
2026-04-17 10:00:00,395.92,399.05,391.65,393.9101,11181054.0
2026-04-17 10:30:00,393.905,396.74,392.8,396.5306,6684841.0
2026-04-17 11:00:00,396.6,406.99,396.45,406.3031,13899237.0
2026-04-17 11:30:00,406.36,409.28,404.1627,408.13,9106640.0
2026-04-17 12:00:00,408.135,409.1,405.47,406.23,7062086.0
2026-04-17 12:30:00,406.19,408.38,405.18,407.12,5894928.0
2026-04-17 13:00:00,407.1688,407.97,405.28,405.9301,3546469.0
2026-04-17 13:30:00,405.97,406.83,400.57,401.54,5101216.0
2026-04-17 14:00:00,401.52,402.7,401.05,402.02,3945517.0
2026-04-17 14:30:00,402.02,402.3199,399.45,400.66,4343441.0
2026-04-17 15:00:00,400.67,403.09,400.29,401.38,3825124.0
2026-04-17 15:30:00,401.4172,402.44,400.42,401.8,3803632.0
2026-04-17 16:00:00,400.41,402.62,399.83,400.62,8199460.0
2026-04-20 10:00:00,402.58,406.8,393.7,395.795,12822956.0
2026-04-20 10:30:00,395.785,396.65,392.03,392.99,7041846.0
2026-04-20 11:00:00,393.0099,394.84,389.89,390.37,6189641.0
2026-04-20 11:30:00,390.43,393.4129,388.33,393.25,6357949.0
2026-04-20 12:00:00,393.21,393.21,390.3,390.6841,3577135.0
2026-04-20 12:30:00,390.72,393.24,390.345,392.45,3461480.0
2026-04-20 13:00:00,392.46,393.17,390.88,391.07,2498672.0
2026-04-20 13:30:00,391.0301,392.5,390.78,391.96,2587169.0
2026-04-20 14:00:00,391.98,393.35,391.69,392.1,2545147.0
2026-04-20 14:30:00,392.11,393.35,391.995,392.91,2435401.0
2026-04-20 15:00:00,392.91,393.05,391.4001,391.89,2378298.0
2026-04-20 15:30:00,391.9,392.3,390.48,392.27,3087732.0
2026-04-20 16:00:00,392.3,393.52,392.2,392.5,6722371.0
2026-04-21 10:00:00,393.0,393.38,389.08,392.43,7074384.0
2026-04-21 10:30:00,392.33,393.95,390.6,392.235,4898299.0
2026-04-21 11:00:00,392.2006,393.2,389.75,390.3101,3976619.0
2026-04-21 11:30:00,390.39,392.63,387.68,390.525,4767511.0
2026-04-21 12:00:00,390.47,391.32,388.88,389.6401,2792014.0
2026-04-21 12:30:00,389.74,390.54,388.0,388.369,2298803.0
2026-04-21 13:00:00,388.34,389.5351,387.37,388.03,2255920.0
2026-04-21 13:30:00,388.025,389.17,385.2201,385.84,4097546.0
2026-04-21 14:00:00,385.86,389.13,385.82,388.405,3027030.0
2026-04-21 14:30:00,388.405,390.1138,388.1501,389.055,2586040.0
2026-04-21 15:00:00,389.055,389.83,387.8,388.6601,2257678.0
2026-04-21 15:30:00,388.77,390.6,388.32,390.065,2322304.0
2026-04-21 16:00:00,390.08,390.35,385.82,386.42,6035863.0
2026-04-22 10:00:00,387.57,392.71,385.3,390.9,7669010.0
2026-04-22 10:30:00,390.88,392.78,390.42,392.7583,4429797.0
2026-04-22 11:00:00,392.70141,393.01,390.0,391.3363,3748495.0
2026-04-22 11:30:00,391.27,391.82,389.09,389.615,2884790.0
2026-04-22 12:00:00,389.63,391.55,389.59,390.9099,3149537.0
2026-04-22 12:30:00,390.85,391.4118,389.68,389.9,2438139.0
2026-04-22 13:00:00,389.88,390.55,388.6002,388.925,2383703.0
2026-04-22 13:30:00,388.925,390.82,388.68,390.465,2401757.0
2026-04-22 14:00:00,390.465,390.74,388.8,389.06,2041519.0
2026-04-22 14:30:00,389.03,389.58,388.32,388.425,1924260.0
2026-04-22 15:00:00,388.45,389.04,387.74,388.02,2114581.0
2026-04-22 15:30:00,388.02,389.6599,387.4,389.2388,3228064.0
2026-04-22 16:00:00,389.21,389.77,386.81,387.51,7856146.0
2026-04-23 10:00:00,375.28,386.0,371.2,372.3984,18296531.0
2026-04-23 10:30:00,372.35,375.59,368.39,369.09,11638299.0
2026-04-23 11:00:00,369.085,377.2,368.72,376.025,8088000.0
2026-04-23 11:30:00,376.0122,378.75,375.36,377.475,5659588.0
2026-04-23 12:00:00,377.5,380.92,376.88,380.82,5187647.0
2026-04-23 12:30:00,380.84,380.9499,376.72,379.25,4654667.0
2026-04-23 13:00:00,379.25,380.9499,375.8,376.86,4601863.0
2026-04-23 13:30:00,376.83,377.14,372.08,372.9,5070155.0
2026-04-23 14:00:00,372.95,374.89,369.76,373.54,5823977.0
2026-04-23 14:30:00,373.54,375.045,373.1,374.08,3041097.0
2026-04-23 15:00:00,374.0801,375.2,371.6001,371.92,2966558.0
2026-04-23 15:30:00,371.93,374.2,371.82,373.96,2574530.0
2026-04-23 16:00:00,373.97,374.26,372.3315,373.72,9040998.0
2026-04-24 10:00:00,373.5,382.76,370.73,375.15,12375346.0
2026-04-24 10:30:00,375.035,376.89,372.26,373.68,7267153.0
2026-04-24 11:00:00,373.7152,377.53,372.44,376.802,4878212.0
2026-04-24 11:30:00,376.8497,377.29,373.92,375.98,3506376.0
2026-04-24 12:00:00,375.97,376.78,373.35,374.45,3416983.0
2026-04-24 12:30:00,374.48,375.68,372.3501,374.03,3382227.0
2026-04-24 13:00:00,374.06,374.4,373.04,374.17,2261188.0
2026-04-24 13:30:00,374.17,376.53,373.81,375.56,3601415.0
2026-04-24 14:00:00,375.54,377.1,374.65,376.425,3906690.0
2026-04-24 14:30:00,376.42,376.7299,375.11,375.1889,2211553.0
2026-04-24 15:00:00,375.175,376.92,375.08,376.18,2379191.0
2026-04-24 15:30:00,376.2,377.23,375.7605,376.7,2628092.0
2026-04-24 16:00:00,376.715,377.84,376.16,376.3,7737158.0
2026-04-27 10:00:00,372.09,372.17,365.35,365.705,9947912.0
2026-04-27 10:30:00,365.705,367.5491,364.75,367.25,5683857.0
2026-04-27 11:00:00,367.27,369.01,365.76,366.355,4785973.0
2026-04-27 11:30:00,366.35,366.75,364.02,365.95,5128975.0
2026-04-27 12:00:00,365.9699,368.25,365.8101,368.25,3715283.0
2026-04-27 12:30:00,368.23,371.83,367.85,371.79,4945390.0
2026-04-27 13:00:00,371.7799,373.85,371.35,373.82,4123280.0
2026-04-27 13:30:00,373.8201,377.96,373.64,377.6493,5335509.0
2026-04-27 14:00:00,377.65,379.7699,377.53,379.53,4875874.0
2026-04-27 14:30:00,379.51,380.78,378.5226,378.77,3983580.0
2026-04-27 15:00:00,378.7799,379.3476,377.44,378.33,3035405.0
2026-04-27 15:30:00,378.32,380.01,378.03,379.06,3275746.0
2026-04-27 16:00:00,379.07,379.96,378.5,378.67,5845415.0
2026-04-28 10:00:00,374.675,379.88,372.54,378.8405,8461194.0
2026-04-28 10:30:00,378.88,382.29,376.8,377.8,7268201.0
2026-04-28 11:00:00,377.84,378.3,373.55,375.68,5531827.0
2026-04-28 11:30:00,375.67,377.15,374.48,374.99,3866210.0
2026-04-28 12:00:00,374.99,375.4,374.095,375.3,2527225.0
2026-04-28 12:30:00,375.325,375.95,374.7161,375.09,2063769.0
2026-04-28 13:00:00,375.07,377.3576,374.54,376.91,2302997.0
2026-04-28 13:30:00,376.915,377.325,375.37,376.32,1908482.0
2026-04-28 14:00:00,376.31,376.5612,375.33,375.92,1691586.0
2026-04-28 14:30:00,375.92,377.635,375.67,377.51,1711811.0
2026-04-28 15:00:00,377.525,378.5,376.3,377.77,3106786.0
2026-04-28 15:30:00,377.78,378.71,376.67,377.34,2432927.0
2026-04-28 16:00:00,377.315,377.4094,375.93,376.02,5207045.0
2026-04-29 10:00:00,375.4,376.4,371.6201,374.64,6753134.0
2026-04-29 10:30:00,374.6351,374.6351,371.28,373.3999,4808332.0
2026-04-29 11:00:00,373.36,374.2497,371.96,373.0378,3432955.0
2026-04-29 11:30:00,373.065,374.3765,370.42,374.14,3967404.0
2026-04-29 12:00:00,374.12,374.567,370.04,370.82,3294104.0
2026-04-29 12:30:00,370.86,372.48,370.75,371.555,2369976.0
2026-04-29 13:00:00,371.53,373.4,370.5202,372.5498,2234374.0
2026-04-29 13:30:00,372.5902,373.85,371.82,373.2,1609788.0
2026-04-29 14:00:00,373.24,373.6,372.26,372.89,1425417.0
2026-04-29 14:30:00,372.89,373.02,370.51,371.415,2862392.0
2026-04-29 15:00:00,371.43,374.37,370.46,374.205,2850880.0
2026-04-29 15:30:00,374.22,374.82,373.15,373.93,2677163.0
2026-04-29 16:00:00,373.9,374.0048,372.2,372.8,4561710.0
2026-04-30 10:00:00,372.75,373.05,368.78,369.57,5942355.0
2026-04-30 10:30:00,369.58,371.23,368.17,370.505,4031760.0
2026-04-30 11:00:00,370.49,376.27,370.12,375.93,5194024.0
2026-04-30 11:30:00,375.93,378.69,375.93,378.47,4828653.0
2026-04-30 12:00:00,378.54,379.79,376.7,378.0679,3169053.0
2026-04-30 12:30:00,378.07,380.12,377.49,377.68,2753802.0
2026-04-30 13:00:00,377.675,378.3788,376.67,377.7465,2195635.0
2026-04-30 13:30:00,377.745,379.2,377.67,378.5251,1652548.0
2026-04-30 14:00:00,378.52,379.76,378.5,379.3301,1710886.0
2026-04-30 14:30:00,379.35,381.38,379.2701,381.15,2529708.0
2026-04-30 15:00:00,381.156,382.72,380.81,382.3351,2745085.0
2026-04-30 15:30:00,382.3375,384.75,382.102,383.93,3676777.0
2026-04-30 16:00:00,383.96,383.96,380.62,381.63,8311509.0
2026-05-01 10:00:00,382.485,387.3999,378.8,382.945,7670175.0
2026-05-01 10:30:00,382.92,388.4199,382.5,388.095,5972283.0
2026-05-01 11:00:00,388.1288,391.75,385.02,391.235,6701237.0
2026-05-01 11:30:00,391.2101,393.15,389.9301,392.655,5111279.0
2026-05-01 12:00:00,392.7,396.4985,392.34,394.465,7015969.0
2026-05-01 12:30:00,394.44,396.47,393.33,395.475,4524478.0
2026-05-01 13:00:00,395.475,396.0,390.63,394.63,3317029.0
2026-05-01 13:30:00,394.61,395.7,393.8,395.22,2284644.0
2026-05-01 14:00:00,395.23,397.74,394.88,397.67,3584808.0
2026-05-01 14:30:00,397.665,397.8211,395.36,396.38,2813001.0
2026-05-01 15:00:00,396.42,396.425,393.69,394.3,3121976.0
2026-05-01 15:30:00,394.32,395.82,393.82,394.4,2625998.0
2026-05-01 16:00:00,394.4,394.5499,390.15,390.82,8402432.0
2026-05-04 10:00:00,390.23,394.32,387.4,393.085,8100031.0
2026-05-04 10:30:00,393.14,394.64,388.8806,388.95,5071467.0
2026-05-04 11:00:00,388.96,392.4499,388.45,389.53,3571781.0
2026-05-04 11:30:00,389.55,391.49,385.81,388.76,4003201.0
2026-05-04 12:00:00,388.77,389.1299,385.23,387.17,3247558.0
2026-05-04 12:30:00,387.1204,388.98,384.8004,387.435,2946393.0
2026-05-04 13:00:00,387.4001,390.06,387.14,389.92,2058489.0
2026-05-04 13:30:00,389.93,394.26,389.8001,393.27,3974547.0
2026-05-04 14:00:00,393.32,394.02,392.1125,392.15,2357923.0
2026-05-04 14:30:00,392.15,392.8799,390.83,392.4212,2423218.0
2026-05-04 15:00:00,392.47,392.95,390.63,392.84,2086159.0
2026-05-04 15:30:00,392.84,393.86,392.3,393.085,2528645.0
2026-05-04 16:00:00,393.11,393.29,391.85,392.51,4605182.0
2026-05-05 10:00:00,395.185,402.12,393.9,398.14,9491048.0
2026-05-05 10:30:00,398.18,401.79,394.3,394.46,6563694.0
2026-05-05 11:00:00,394.44,395.56,392.1001,392.28,4130104.0
2026-05-05 11:30:00,392.285,394.03,391.5301,394.0,3082240.0
2026-05-05 12:00:00,394.03,395.36,392.35,393.02,3472039.0
2026-05-05 12:30:00,393.04,394.25,389.0,389.6127,3243425.0
2026-05-05 13:00:00,389.62,392.4899,389.22,392.3,2457734.0
2026-05-05 13:30:00,392.28,392.39,391.25,392.085,1328155.0
2026-05-05 14:00:00,392.07,392.5,391.16,391.185,1634341.0
2026-05-05 14:30:00,391.185,393.1699,391.185,391.8,1353727.0
2026-05-05 15:00:00,391.75,392.5,390.2,391.075,1904891.0
2026-05-05 15:30:00,391.09,392.6,390.98,392.11,1415947.0
2026-05-05 16:00:00,392.1,392.45,389.15,389.37,5328288.0
2026-05-06 10:00:00,386.25,392.04,384.02,389.63,6462724.0
2026-05-06 10:30:00,389.55,394.5172,388.93,393.52,4740696.0
2026-05-06 11:00:00,393.525,394.08,391.07,391.28,2947319.0
2026-05-06 11:30:00,391.235,394.0,391.11,392.911,2403591.0
2026-05-06 12:00:00,392.945,395.395,391.4094,394.64,3112215.0
2026-05-06 12:30:00,394.6,398.03,394.1,397.17,3839037.0
2026-05-06 13:00:00,397.19,397.8,395.7205,397.42,2321645.0
2026-05-06 13:30:00,397.47,399.75,397.13,398.6,3135598.0
2026-05-06 14:00:00,398.6112,398.9,396.62,397.55,2135426.0
2026-05-06 14:30:00,397.57,401.17,397.51,400.875,4003856.0
2026-05-06 15:00:00,400.836834,401.38,399.07,399.155,2546566.0
2026-05-06 15:30:00,399.17,401.68,399.1,400.76,3170304.0
2026-05-06 16:00:00,400.7711,400.7711,398.2101,398.73,9052275.0
2026-05-07 10:00:00,407.48,414.4,406.91,413.49,12032147.0
2026-05-07 10:30:00,413.44,414.25,408.82,411.12,6082466.0
2026-05-07 11:00:00,411.2,415.83,410.81,411.43,6296203.0
2026-05-07 11:30:00,411.395,411.68,407.87,408.79,3537450.0
2026-05-07 12:00:00,408.89,411.3,407.01,407.4,3016131.0
2026-05-07 12:30:00,407.4,407.83,403.56,407.13,4174264.0
2026-05-07 13:00:00,407.155,409.62,406.32,408.53,3194148.0
2026-05-07 13:30:00,408.57,409.61,404.4,405.725,2897513.0
2026-05-07 14:00:00,405.78,407.42,404.79,407.27,2000485.0
2026-05-07 14:30:00,407.275,408.0,405.7,405.875,1747347.0
2026-05-07 15:00:00,405.895,406.7,402.12,404.48,2699255.0
2026-05-07 15:30:00,404.49,405.65,403.67,405.365,1917449.0
2026-05-07 16:00:00,405.4,411.93,405.21,411.79,9993074.0
2026-05-08 10:00:00,416.475,428.45,416.39,428.11,13051745.0
2026-05-08 10:30:00,428.04,429.85,424.8001,425.05,7338350.0
2026-05-08 11:00:00,425.04,429.0,422.89,427.5,5540019.0
2026-05-08 11:30:00,427.5,430.7,427.1,428.7031,5362749.0
2026-05-08 12:00:00,428.72,431.2,427.39,428.88,4379715.0
2026-05-08 12:30:00,428.84,429.54,426.98,428.53,2514701.0
2026-05-08 13:00:00,428.53,429.2,426.85,427.515,2110913.0
2026-05-08 13:30:00,427.55,428.84,426.33,426.99,2150158.0
2026-05-08 14:00:00,426.99,427.97,426.46,426.56,1706183.0
2026-05-08 14:30:00,426.55,428.95,425.48,428.64,3006675.0
2026-05-08 15:00:00,428.6,429.4592,425.98,426.0079,2723847.0
2026-05-08 15:30:00,426.01,427.0,425.31,425.34,2483394.0
2026-05-08 16:00:00,425.37,428.62,424.37,428.35,9394186.0
2026-05-11 10:00:00,422.16,425.7,418.65,421.665,7807486.0
2026-05-11 10:30:00,421.665,421.97,417.7,417.885,4666110.0
2026-05-11 11:00:00,417.89,422.7,416.8,422.62,5294967.0
2026-05-11 11:30:00,422.7,436.26,422.657003,435.61,9227635.0
2026-05-11 12:00:00,435.61,441.65,434.82,437.63,8860873.0
2026-05-11 12:30:00,437.6,440.86,436.26,439.92,4486528.0
2026-05-11 13:00:00,439.85,443.36,437.7701,440.53,4772147.0
2026-05-11 13:30:00,440.53,441.3,437.8001,440.045,3318267.0
2026-05-11 14:00:00,440.02,443.5,439.3401,442.35,3407392.0
2026-05-11 14:30:00,442.35,447.45,442.31,446.905,5489203.0
2026-05-11 15:00:00,446.86,447.58,444.5,444.63,3838375.0
2026-05-11 15:30:00,444.64,449.16,444.36,445.355,4879631.0
2026-05-11 16:00:00,445.335,447.4,442.43,445.0,8712168.0
2026-05-12 10:00:00,441.41,447.8,436.53,437.29,10523925.0
2026-05-12 10:30:00,437.22,439.43,435.08,435.19,4773087.0
2026-05-12 11:00:00,435.16,436.5,430.3401,430.76,5537934.0
2026-05-12 11:30:00,430.6601,432.4099,426.4,426.69,4863401.0
2026-05-12 12:00:00,426.7,429.93,424.6,425.1299,3905742.0
2026-05-12 12:30:00,425.13,428.2,424.64,425.82,2794764.0
2026-05-12 13:00:00,425.78,426.0299,422.26,423.01,3242046.0
2026-05-12 13:30:00,423.03,428.39,422.99,426.8101,3595622.0
2026-05-12 14:00:00,426.84,428.65,425.6795,427.7299,2487672.0
2026-05-12 14:30:00,427.62,430.3,427.5601,429.735,2413487.0
2026-05-12 15:00:00,429.728,431.92,429.1101,429.68,2621218.0
2026-05-12 15:30:00,429.75,433.5,429.68,433.24,3236414.0
2026-05-12 16:00:00,433.2799,435.79,433.0,433.45,8222110.0
2026-05-13 10:00:00,436.665,439.7986,430.21,433.64,6620860.0
2026-05-13 10:30:00,433.64,443.2999,433.52,442.535,6885817.0
2026-05-13 11:00:00,442.52,448.48,442.1,447.65,8139398.0
2026-05-13 11:30:00,447.665,451.47,446.3501,450.63,7711173.0
2026-05-13 12:00:00,450.55,453.4,446.88,447.17,6098058.0
2026-05-13 12:30:00,447.1301,451.69,446.6,451.22,3979119.0
2026-05-13 13:00:00,451.17,452.3,448.34,448.56,3543933.0
2026-05-13 13:30:00,448.59,450.37,448.05,448.36,2100682.0
2026-05-13 14:00:00,448.355,449.1,446.92,447.01,2154557.0
2026-05-13 14:30:00,447.08,451.38,446.89,447.2,3524657.0
2026-05-13 15:00:00,447.15,448.15,445.6,445.74,2588030.0
2026-05-13 15:30:00,445.77,448.35,444.03,444.5501,3120975.0
2026-05-13 16:00:00,444.61,445.69,443.5,445.27,6779417.0
2026-05-14 10:00:00,446.49,447.0,442.02,442.7,6903186.0
2026-05-14 10:30:00,442.57,446.49,441.16,442.2899,5296423.0
2026-05-14 11:00:00,442.26,446.64,441.85,444.3819,3663109.0
2026-05-14 11:30:00,444.4399,447.74,444.0601,446.66,3321033.0
2026-05-14 12:00:00,446.65,450.1299,446.18,448.71,3561007.0
2026-05-14 12:30:00,448.71,451.98,448.67,448.9201,3516615.0
2026-05-14 13:00:00,448.965,449.54,446.11,447.6578,2891216.0
2026-05-14 13:30:00,447.7,448.0,443.6,444.8,2521575.0
2026-05-14 14:00:00,444.8169,447.1799,444.5701,446.72,1985389.0
2026-05-14 14:30:00,446.72,446.72,443.43,443.66,1838240.0
2026-05-14 15:00:00,443.665,445.88,443.53,445.0,1627006.0
2026-05-14 15:30:00,444.98,445.93,443.12,443.28,1633709.0
2026-05-14 16:00:00,443.24,444.4,442.53,443.3,4357999.0
2026-05-15 10:00:00,433.98,434.66,425.05,425.98,9646328.0
2026-05-15 10:30:00,425.91,429.75,425.65,426.5653,4597882.0
2026-05-15 11:00:00,426.51,428.3199,425.292,425.53,3096204.0
2026-05-15 11:30:00,425.6,426.96,424.33,425.805,3369947.0
2026-05-15 12:00:00,425.88,427.7,423.88,425.04,3097090.0
2026-05-15 12:30:00,425.025,425.94,423.7,424.62,2299285.0
2026-05-15 13:00:00,424.63,425.06,423.43,424.7,2124206.0
2026-05-15 13:30:00,424.72,428.7499,424.55,428.46,3027326.0
2026-05-15 14:00:00,428.45,429.37,427.509,428.25,2193417.0
2026-05-15 14:30:00,428.27,429.16,425.52,425.68,2267891.0
2026-05-15 15:00:00,425.74,426.58,424.31,425.8,2158127.0
2026-05-15 15:30:00,425.815,425.98,422.7,423.05,2824248.0
2026-05-15 16:00:00,423.0218,424.8399,422.0,422.24,8239140.0
2026-05-18 10:00:00,419.27,421.13,411.011,416.1699,8128902.0
2026-05-18 10:30:00,416.1488,418.86,413.0501,413.88,4364612.0
2026-05-18 11:00:00,413.915,414.5499,409.37,411.09,5318892.0
2026-05-18 11:30:00,411.105,412.36,408.24,408.34,3626842.0
2026-05-18 12:00:00,408.26,413.19,407.86,412.12,3008153.0
2026-05-18 12:30:00,412.18,414.58,409.0,409.41,2800580.0
2026-05-18 13:00:00,409.46,412.43,408.67,411.58,2336193.0
2026-05-18 13:30:00,411.555,411.74,409.26,410.0383,1924420.0
2026-05-18 14:00:00,409.96,410.05,407.61,409.37,2872263.0
2026-05-18 14:30:00,409.425,409.5999,405.7,407.07,2678450.0
2026-05-18 15:00:00,407.1,408.1,405.33,406.2399,2474138.0
2026-05-18 15:30:00,406.23,411.26,406.1,408.44,2947884.0
2026-05-18 16:00:00,408.465,410.97,408.25,409.99,7048799.0
2026-05-19 10:00:00,403.16,404.75,398.62,398.94,7519266.0
2026-05-19 10:30:00,398.89,399.0,395.4,395.825,5928373.0
2026-05-19 11:00:00,395.89,397.77,393.63,396.895,4286026.0
2026-05-19 11:30:00,396.89,398.13,395.5,397.585,2832709.0
2026-05-19 12:00:00,397.54,398.71,396.23,397.3466,2251695.0
2026-05-19 12:30:00,397.35,398.5999,396.01,396.81,2285864.0
2026-05-19 13:00:00,396.77,401.7699,396.18,401.61,2911395.0
2026-05-19 13:30:00,401.595,403.75,401.0001,403.08,3023179.0
2026-05-19 14:00:00,403.09,404.16,402.37,403.945,1889349.0
2026-05-19 14:30:00,403.95,405.5,403.86,404.785,2240162.0
2026-05-19 15:00:00,404.8,405.63,402.29,403.2899,2058949.0
2026-05-19 15:30:00,403.25,405.15,402.9,404.09,1932903.0
2026-05-19 16:00:00,404.12,404.89,403.2,404.11,4989210.0
2026-05-20 10:00:00,407.6,413.9,406.88,409.77,7659648.0
2026-05-20 10:30:00,409.8,411.02,406.39,408.01,4152385.0
2026-05-20 11:00:00,408.01,412.87,408.0,412.075,3510727.0
2026-05-20 11:30:00,412.03,412.9799,409.29,412.39,3264972.0
2026-05-20 12:00:00,412.39,413.29,411.0101,412.6,2186117.0
2026-05-20 12:30:00,412.59,414.25,411.06,411.88,2233299.0
2026-05-20 13:00:00,411.9,413.98,411.5601,412.995,1620001.0
2026-05-20 13:30:00,413.035,414.21,412.41,413.9,1583784.0
2026-05-20 14:00:00,413.93,415.15,412.75,413.07,1886792.0
2026-05-20 14:30:00,413.08,413.59,411.81,412.84,1523979.0
2026-05-20 15:00:00,412.84,414.3099,412.75,413.8191,1451277.0
2026-05-20 15:30:00,413.85,414.44,413.02,413.57,1513550.0
2026-05-20 16:00:00,413.56,417.46,412.56,417.26,9194909.0
2026-05-21 10:00:00,422.175,426.95,417.51,418.755,7609300.0
2026-05-21 10:30:00,418.75,419.64,412.9,414.3299,4873636.0
2026-05-21 11:00:00,414.26,416.0,413.35,415.96,3038190.0
2026-05-21 11:30:00,416.0,417.96,414.29,417.42,2886171.0
2026-05-21 12:00:00,417.5,417.75,415.39,417.315,1904961.0
2026-05-21 12:30:00,417.35,418.42,416.18,416.82,1856887.0
2026-05-21 13:00:00,416.85,418.8399,416.28,417.635,1709842.0
2026-05-21 13:30:00,417.69,422.4599,417.66,421.25,3488303.0
2026-05-21 14:00:00,421.33,423.44,420.85,422.41,2226963.0
2026-05-21 14:30:00,422.38,423.4498,420.3912,420.46,1910891.0
2026-05-21 15:00:00,420.41,421.14,416.92,417.96,2387987.0
2026-05-21 15:30:00,417.87,418.6,416.9,418.2,1728960.0
2026-05-21 16:00:00,418.2121,420.0,417.5521,417.85,4669634.0
2026-05-22 10:00:00,422.665,427.25,420.51,422.19,5683334.0
2026-05-22 10:30:00,422.26,426.0999,421.2201,424.625,4649625.0
2026-05-22 11:00:00,424.67,430.83,424.63,430.415,5976236.0
2026-05-22 11:30:00,430.4599,430.77,427.44,428.64,3556479.0
2026-05-22 12:00:00,428.64,429.35,426.052,429.1,2818111.0
2026-05-22 12:30:00,429.04,431.07,427.0205,427.55,3171778.0
2026-05-22 13:00:00,427.55,427.87,426.36,427.57,1830293.0
2026-05-22 13:30:00,427.547,429.8,426.5,429.78,1900468.0
2026-05-22 14:00:00,429.73,431.51,428.04,428.115,3203867.0
2026-05-22 14:30:00,428.1399,428.37,426.93,427.93,2004151.0
2026-05-22 15:00:00,427.99,429.8199,427.71,429.35,1928182.0
2026-05-22 15:30:00,429.37,429.41,425.44,425.875,2127478.0
2026-05-22 16:00:00,425.89,426.5,423.87,426.01,5600813.0
2026-05-26 10:00:00,430.26,433.67,427.64,430.8,6656692.0
2026-05-26 10:30:00,430.8533,431.58,426.17,426.98,4086547.0
2026-05-26 11:00:00,427.042,433.0,426.12,430.65,4546112.0
2026-05-26 11:30:00,430.65,434.56,430.36,433.3531,3867115.0
2026-05-26 12:00:00,433.355,433.77,428.5,428.52,2930576.0
2026-05-26 12:30:00,428.62,429.97,427.52,429.9274,2361182.0
2026-05-26 13:00:00,429.94,432.64,429.8,432.11,2409723.0
2026-05-26 13:30:00,432.11,433.75,431.52,432.3706,2038466.0
2026-05-26 14:00:00,432.35,433.1,430.55,432.05,1713429.0
2026-05-26 14:30:00,432.05,433.21,431.3601,432.8301,1432592.0
2026-05-26 15:00:00,432.865,435.2,431.6525,432.19,2662353.0
2026-05-26 15:30:00,432.13,432.25,429.7701,431.05,2120363.0
2026-05-26 16:00:00,431.0699,434.45,430.87,433.59,6368322.0
2026-05-27 10:00:00,442.89,445.5,437.23,440.645,8253231.0
2026-05-27 10:30:00,440.6075,442.61,435.52,437.4,4316892.0
2026-05-27 11:00:00,437.34,445.6,436.6001,441.925,5649293.0
2026-05-27 11:30:00,441.9799,443.18,439.8,440.85,3070406.0
2026-05-27 12:00:00,440.92,442.1399,439.03,440.725,2584866.0
2026-05-27 12:30:00,440.725,442.3699,439.695,441.89,2106834.0
2026-05-27 13:00:00,441.86,442.3,440.61,442.13,1632841.0
2026-05-27 13:30:00,442.15,442.25,438.81,440.5,1785689.0
2026-05-27 14:00:00,440.48,443.0,440.37,441.72,1776782.0
2026-05-27 14:30:00,441.67,441.99,439.88,440.135,1388573.0
2026-05-27 15:00:00,440.08,440.33,438.9,439.67,1589737.0
2026-05-27 15:30:00,439.65,440.6,438.21,439.585,1695743.0
2026-05-27 16:00:00,439.56,441.18,438.85,440.36,5880591.0
2026-05-28 10:00:00,437.615,440.9594,436.3,440.825,5220141.0
2026-05-28 10:30:00,440.825,442.2,437.1,441.0079,4172992.0
2026-05-28 11:00:00,441.04,443.09,439.75,442.94,3021006.0
2026-05-28 11:30:00,442.94,443.14,440.53,441.145,2257301.0
2026-05-28 12:00:00,441.15,442.56,440.7701,441.49,1763246.0
2026-05-28 12:30:00,441.4461,442.99,440.91,441.5219,1407435.0
2026-05-28 13:00:00,441.5144,442.79,440.7,442.107,1390808.0
2026-05-28 13:30:00,442.11,442.48,441.1,441.7501,1006713.0
2026-05-28 14:00:00,441.81,442.72,441.5601,442.38,1193179.0
2026-05-28 14:30:00,442.37,442.3999,440.92,441.7701,1222347.0
2026-05-28 15:00:00,441.8,442.85,441.4101,442.39,1271537.0
2026-05-28 15:30:00,442.41,443.8,441.3101,443.64,1622782.0
2026-05-28 16:00:00,443.65,443.96,441.4,442.1,5214576.0
2026-05-29 10:00:00,439.845,440.69,436.5,436.815,4952354.0
2026-05-29 10:30:00,436.76,437.7999,428.96,430.69,6282536.0
2026-05-29 11:00:00,430.655,432.0,428.14,431.7999,4445090.0
2026-05-29 11:30:00,431.69,434.0,431.5589,433.64,2667989.0
2026-05-29 12:00:00,433.665,434.9,433.12,434.78,2074393.0
2026-05-29 12:30:00,434.79,441.07,434.71,438.25,4663114.0
2026-05-29 13:00:00,438.25,439.72,435.81,437.595,2444808.0
2026-05-29 13:30:00,437.63,438.98,436.9,438.2,1585641.0
2026-05-29 14:00:00,438.27,438.9424,437.09,437.18,1350059.0
2026-05-29 14:30:00,437.25,437.9899,436.26,437.7,1307365.0
2026-05-29 15:00:00,437.74,438.15,434.98,435.075,1620149.0
2026-05-29 15:30:00,435.0,435.52,434.04,434.41,2026827.0
2026-05-29 16:00:00,434.46,437.88,434.15,435.79,6734098.0
2026-06-01 10:00:00,427.49,429.6,422.6401,422.97,6042396.0
2026-06-01 10:30:00,422.98,424.86,421.2,421.67,3396329.0
2026-06-01 11:00:00,421.67,422.17,418.65,419.455,4293282.0
2026-06-01 11:30:00,419.5,422.29,419.38,421.91,2903264.0
2026-06-01 12:00:00,421.915,424.1,420.81,421.03,3059700.0
2026-06-01 12:30:00,421.03,422.0691,418.35,418.8,2955597.0
2026-06-01 13:00:00,418.8,421.26,418.76,420.88,2050635.0
2026-06-01 13:30:00,420.89,420.98,419.52,420.92,1602797.0
2026-06-01 14:00:00,420.98,421.71,419.56,420.4494,1810792.0
2026-06-01 14:30:00,420.405,420.96,419.76,420.155,1312449.0
2026-06-01 15:00:00,420.155,420.19,419.0,419.11,1681690.0
2026-06-01 15:30:00,419.12,419.2999,418.08,418.27,2307413.0
2026-06-01 16:00:00,418.25,418.46,415.43,415.88,8543429.0
2026-06-02 10:00:00,418.22,419.4927,413.65,417.27,5323753.0
2026-06-02 10:30:00,417.18,420.88,415.8,419.735,4607388.0
2026-06-02 11:00:00,419.735,423.3,419.16,422.92,3920583.0
2026-06-02 11:30:00,422.92,423.47,420.54,421.91,2530804.0
2026-06-02 12:00:00,421.94,422.8,420.86,421.851,1467792.0
2026-06-02 12:30:00,421.8527,422.64,420.57,421.27,1408195.0
2026-06-02 13:00:00,421.27,422.84,420.08,422.503,1460429.0
2026-06-02 13:30:00,422.599,423.33,421.4,421.53,1327224.0
2026-06-02 14:00:00,421.54,422.83,420.71,422.4399,1231187.0
2026-06-02 14:30:00,422.405,423.06,421.15,421.424,1184468.0
2026-06-02 15:00:00,421.475,422.63,421.26,421.97,895158.0
2026-06-02 15:30:00,421.97,422.03,419.8,420.4,1502369.0
2026-06-02 16:00:00,420.38,424.42,419.84,423.74,6823114.0
2026-06-03 10:00:00,418.7,425.4836,416.0,423.06,5995787.0
2026-06-03 10:30:00,423.06,432.47,422.8901,428.64,6732282.0
2026-06-03 11:00:00,428.6436,433.53,428.42,432.87,3545023.0
2026-06-03 11:30:00,432.87,433.6,429.12,429.86,3124422.0
2026-06-03 12:00:00,429.895,430.5,423.6,423.61,3492201.0
2026-06-03 12:30:00,423.6351,424.7,422.11,423.53,2773557.0
2026-06-03 13:00:00,423.53,423.8,420.66,422.08,2239411.0
2026-06-03 13:30:00,422.04,422.38,418.65,419.48,2196235.0
2026-06-03 14:00:00,419.43,422.73,418.55,422.62,1947598.0
2026-06-03 14:30:00,422.65,424.21,422.53,423.935,1833760.0
2026-06-03 15:00:00,423.9507,424.92,422.16,423.1199,1752153.0
2026-06-03 15:30:00,423.06,423.94,421.23,422.83,1936008.0
2026-06-03 16:00:00,422.81,423.84,421.78,423.7,4707150.0
2026-06-04 10:00:00,419.84,426.3499,418.04,421.95,5033353.0
2026-06-04 10:30:00,422.0,425.91,419.85,421.375,4003427.0
2026-06-04 11:00:00,421.38,421.67,417.91,418.525,3371139.0
2026-06-04 11:30:00,418.525,421.58,418.117,419.89,2667872.0
2026-06-04 12:00:00,419.85,419.85,417.16,418.7651,2477374.0
2026-06-04 12:30:00,418.765,420.5,417.58,419.205,1795359.0
2026-06-04 13:00:00,419.14,420.22,418.07,418.8,1128773.0
2026-06-04 13:30:00,418.75,420.7499,418.32,420.715,1323164.0
2026-06-04 14:00:00,420.715,421.27,418.02,419.95,1734455.0
2026-06-04 14:30:00,419.89,420.35,419.27,420.12,982523.0
2026-06-04 15:00:00,420.145,420.38,418.4,419.23,1173766.0
2026-06-04 15:30:00,419.27,420.59,418.33,420.16,1423782.0
2026-06-04 16:00:00,420.14,420.24,417.5,418.45,5497312.0
2026-06-05 10:00:00,420.5,424.6799,409.651,409.6513,7829749.0
2026-06-05 10:30:00,409.71,411.5,405.45,406.71,4651972.0
2026-06-05 11:00:00,406.64,408.83,405.19,405.4275,3466782.0
2026-06-05 11:30:00,405.44,405.99,401.74,402.69,4568065.0
2026-06-05 12:00:00,402.66,403.178,400.4397,401.36,3219229.0
2026-06-05 12:30:00,401.37,401.48,398.56,399.0047,3995034.0
2026-06-05 13:00:00,399.0,399.15,396.09,397.72,3715543.0
2026-06-05 13:30:00,397.73,397.78,394.9,395.49,3466749.0
2026-06-05 14:00:00,395.465,397.2,394.9,396.16,2590823.0
2026-06-05 14:30:00,396.16,396.2,391.41,391.62,3465468.0
2026-06-05 15:00:00,391.635,392.5299,390.67,391.77,3357029.0
2026-06-05 15:30:00,391.71,392.1,388.59,391.6099,4357468.0
2026-06-05 16:00:00,391.57,393.49,389.5701,391.0,11105985.0
2026-06-08 10:00:00,396.33,402.4,394.72,401.075,6798375.0
2026-06-08 10:30:00,401.035,403.47,400.255,402.9,3694197.0
2026-06-08 11:00:00,402.91,404.42,402.27,403.86,3325642.0
2026-06-08 11:30:00,403.84,404.2,400.824,400.9,2563811.0
2026-06-08 12:00:00,400.93,403.16,399.36,402.16,2550184.0
2026-06-08 12:30:00,402.095,406.3399,401.71,404.8813,3570462.0
2026-06-08 13:00:00,404.88,407.47,404.5403,406.964,2637421.0
2026-06-08 13:30:00,406.98,410.79,406.09,410.79,3474156.0
2026-06-08 14:00:00,410.77,411.83,409.04,409.945,3209951.0
2026-06-08 14:30:00,409.98,412.16,409.905,411.87,2361585.0
2026-06-08 15:00:00,411.9,412.94,411.42,411.88,2709781.0
2026-06-08 15:30:00,411.83,412.07,408.73,409.5257,2715759.0
2026-06-08 16:00:00,409.485,410.66,407.6101,408.95,7163138.0
2026-06-09 10:00:00,411.03,418.5,410.81,411.5899,6910640.0
2026-06-09 10:30:00,411.51,413.92,405.65,407.45,5184486.0
2026-06-09 11:00:00,407.39,408.75,401.627,402.94,4143844.0
2026-06-09 11:30:00,402.93,403.01,393.99,394.15,4330273.0
2026-06-09 12:00:00,394.125,396.24,391.75,392.21,4195944.0
2026-06-09 12:30:00,392.19,393.85,387.17,388.93,4748752.0
2026-06-09 13:00:00,388.93,390.19,384.24,388.2032,4888924.0
2026-06-09 13:30:00,388.25,393.21,387.69,392.69,4124138.0
2026-06-09 14:00:00,392.71,396.04,392.11,395.51,3512936.0
2026-06-09 14:30:00,395.51,396.7816,394.85,396.3,2572951.0
2026-06-09 15:00:00,396.25,397.68,394.76,397.025,2684295.0
2026-06-09 15:30:00,396.99,397.58,394.41,395.79,2575415.0
2026-06-09 16:00:00,395.83,397.5,394.08,396.68,6858079.0
2026-06-10 10:00:00,391.54,397.09,391.091,392.01,6152019.0
2026-06-10 10:30:00,392.035,393.4399,388.91,391.025,4825184.0
2026-06-10 11:00:00,390.93,391.39,384.75,385.4,4724465.0
2026-06-10 11:30:00,385.39,386.71,383.16,385.152,3844557.0
2026-06-10 12:00:00,385.17,387.6599,382.72,386.395,3914923.0
2026-06-10 12:30:00,386.45,386.7463,383.785,384.56,2349188.0
2026-06-10 13:00:00,384.569,386.06,381.31,383.49,3036155.0
2026-06-10 13:30:00,383.47,385.55,382.73,384.015,1998092.0
2026-06-10 14:00:00,384.06,385.19,382.14,384.885,2041740.0
2026-06-10 14:30:00,384.92,385.65,383.3817,383.8801,1772686.0
2026-06-10 15:00:00,383.89,384.12,381.6,381.9835,1961993.0
2026-06-10 15:30:00,381.975,382.89,380.15,381.06,2597326.0
2026-06-10 16:00:00,381.05,383.35,380.73,381.59,7045900.0
2026-06-11 10:00:00,388.28,389.0,380.66,388.31,6174838.0
2026-06-11 10:30:00,388.29,390.3299,384.84,388.67,4199108.0
2026-06-11 11:00:00,388.67,388.95,383.7,384.74,2668838.0
2026-06-11 11:30:00,384.73,387.29,383.57,385.65,2363686.0
2026-06-11 12:00:00,385.655,386.939,384.97,386.315,1742997.0
2026-06-11 12:30:00,386.39,388.0,384.93,385.22,1930320.0
2026-06-11 13:00:00,385.26,387.33,384.37,384.44,1952585.0
2026-06-11 13:30:00,384.5,390.03,383.0,389.92,2486611.0
2026-06-11 14:00:00,389.98,394.47,389.98,393.1501,3319422.0
2026-06-11 14:30:00,393.21,393.73,390.18,392.36,2074283.0
2026-06-11 15:00:00,392.325,394.22,391.97,393.36,1599990.0
2026-06-11 15:30:00,393.36,396.87,392.63,396.1,2865105.0
2026-06-11 16:00:00,396.1,399.54,396.095,399.15,9090036.0
2026-06-12 10:00:00,399.49,404.3,394.39,394.55,8398540.0
2026-06-12 10:30:00,394.64,398.79,394.2,396.01,4353482.0
2026-06-12 11:00:00,396.03,398.27,391.8969,397.2701,4839544.0
2026-06-12 11:30:00,397.41,400.28,396.0162,399.8675,2941008.0
2026-06-12 12:00:00,399.9,399.9,388.5975,389.305,5103387.0
2026-06-12 12:30:00,389.305,396.3799,386.76,394.9601,5757307.0
2026-06-12 13:00:00,395.04,399.3,394.51,399.155,3767244.0
2026-06-12 13:30:00,399.150162,405.24,398.77,402.0024,5581160.0
2026-06-12 14:00:00,402.025,403.45,400.1,403.2176,2679101.0
2026-06-12 14:30:00,403.21,405.0,400.52,401.22,3187569.0
2026-06-12 15:00:00,401.22,402.61,399.86,401.3264,2193820.0
2026-06-12 15:30:00,401.33,403.7287,401.2,403.1,2878787.0
2026-06-12 16:00:00,403.06,406.68,401.66,406.43,8948258.0
2026-06-15 10:00:00,412.37,416.0,407.88,411.205,7112126.0
2026-06-15 10:30:00,411.175,413.06,409.79,411.39,3211086.0
2026-06-15 11:00:00,411.45,412.09,408.08,410.455,3359694.0
2026-06-15 11:30:00,410.43,410.99,407.1,409.81,3551694.0
2026-06-15 12:00:00,409.855,411.28,408.285,408.92,2763741.0
2026-06-15 12:30:00,408.895,411.64,408.33,411.375,2756293.0
2026-06-15 13:00:00,411.41,412.21,408.08,408.85,2614379.0
2026-06-15 13:30:00,408.811702,410.64,408.73,409.44,1856558.0
2026-06-15 14:00:00,409.4701,411.93,409.44,411.2199,2211229.0
2026-06-15 14:30:00,411.2199,411.38,409.84,410.03,1971687.0
2026-06-15 15:00:00,410.08,411.16,409.42,409.59,1653324.0
2026-06-15 15:30:00,409.622,410.66,409.2,409.67,1746298.0
2026-06-15 16:00:00,409.67,411.25,407.86,411.15,7402281.0
2026-06-16 10:00:00,404.11,412.42,400.54,409.84,7243051.0
2026-06-16 10:30:00,409.85,410.39,402.09,403.0,4390486.0
2026-06-16 11:00:00,402.975,408.24,401.21,406.825,4286080.0
2026-06-16 11:30:00,406.875,411.79,404.5,405.19,4066684.0
2026-06-16 12:00:00,405.19,407.37,404.811,405.955,2515979.0
2026-06-16 12:30:00,405.91,407.5,404.8,405.22,1746408.0
2026-06-16 13:00:00,405.19,405.2499,403.54,405.11,1722653.0
2026-06-16 13:30:00,405.11,405.4899,403.9001,404.65,1241082.0
2026-06-16 14:00:00,404.635,405.57,403.055,404.9,1476381.0
2026-06-16 14:30:00,404.9,405.8806,404.72,405.6,957933.0
2026-06-16 15:00:00,405.6122,405.98,404.38,405.115,1011689.0
2026-06-16 15:30:00,405.1005,407.1365,404.33,407.05,1730313.0
2026-06-16 16:00:00,407.06,407.29,403.72,404.66,5678435.0
2026-06-17 10:00:00,401.53,403.54,398.3001,398.545,4802004.0
2026-06-17 10:30:00,398.56,402.97,397.84,401.68,3480522.0
2026-06-17 11:00:00,401.71,401.89,397.66,399.61,3430579.0
2026-06-17 11:30:00,399.63,399.97,397.6,398.675,2334976.0
2026-06-17 12:00:00,398.7287,401.32,398.45,400.98,2024989.0
2026-06-17 12:30:00,400.99,405.09,400.83,404.63,3023792.0
2026-06-17 13:00:00,404.63,404.97,402.57,403.7901,2193173.0
2026-06-17 13:30:00,403.83,405.94,402.89,404.24,1883713.0
2026-06-17 14:00:00,404.26,405.8,403.55,405.17,1279777.0
2026-06-17 14:30:00,404.88,404.94,398.4,401.2301,3229496.0
2026-06-17 15:00:00,401.3405,404.25,399.89,400.62,2485839.0
2026-06-17 15:30:00,400.65,401.58,397.42,397.7757,2705895.0
2026-06-17 16:00:00,397.73,398.4895,393.76,396.38,7692189.0
2026-06-18 10:00:00,398.095,399.0,386.79,388.57,9620083.0
2026-06-18 10:30:00,388.565,392.3,385.43,386.135,4620967.0
2026-06-18 11:00:00,386.13,389.63,384.7,388.4793,3984182.0
2026-06-18 11:30:00,388.46,391.05,387.88,389.5489,2875788.0
2026-06-18 12:00:00,389.585,391.5,387.4,390.95,3473933.0
2026-06-18 12:30:00,390.94,393.45,390.52,392.18,2683229.0
2026-06-18 13:00:00,392.16,393.98,391.69,393.6401,2561785.0
2026-06-18 13:30:00,393.64,395.59,392.58,395.19,2168269.0
2026-06-18 14:00:00,395.2,397.17,395.15,395.7,2470434.0
2026-06-18 14:30:00,395.71,396.15,394.1701,394.195,2827814.0
2026-06-18 15:00:00,394.19,395.62,394.09,394.56,1582559.0
2026-06-18 15:30:00,394.545,396.3398,393.735,395.905,2028014.0
2026-06-18 16:00:00,401.13,402.52,395.5,400.49,13437211.0
2026-06-22 10:00:00,394.85,406.77,394.4,406.72,6222092.0
2026-06-22 10:30:00,406.76,414.75,406.1503,409.805,7655483.0
2026-06-22 11:00:00,409.815,410.76,401.58,404.545,5170854.0
2026-06-22 11:30:00,404.58,411.6395,404.25,409.72,3929314.0
2026-06-22 12:00:00,409.79,410.98,407.72,407.9199,2331071.0
2026-06-22 12:30:00,407.88,409.35,406.27,407.175,2371517.0
2026-06-22 13:00:00,407.18,408.46,406.55,408.209788,1522407.0
2026-06-22 13:30:00,408.2,409.5899,406.13,407.0473,1722876.0
2026-06-22 14:00:00,407.05,409.44,405.56,407.6801,1924083.0
2026-06-22 14:30:00,407.68,408.45,406.84,407.095,1364458.0
2026-06-22 15:00:00,407.11,408.22,405.75,405.865,1350896.0
2026-06-22 15:30:00,405.9,407.43,403.0206,406.155,2540068.0
2026-06-22 16:00:00,406.15,407.14,404.46,405.05,7645452.0
2026-06-23 10:00:00,392.61,392.87,386.93,389.369,6254134.0
2026-06-23 10:30:00,389.3899,390.2,386.1,388.085,4217652.0
2026-06-23 11:00:00,388.075,389.64,384.94,386.165,3508600.0
2026-06-23 11:30:00,386.22,386.5,383.24,383.575,3317466.0
2026-06-23 12:00:00,383.6,384.56,382.05,383.365,3245894.0
2026-06-23 12:30:00,383.3925,385.65,383.27,383.445,2741763.0
2026-06-23 13:00:00,383.44,385.59,382.38,385.165,2781477.0
2026-06-23 13:30:00,385.19,385.69,383.87,385.185,1769511.0
2026-06-23 14:00:00,385.2,385.83,381.19,381.225,2164945.0
2026-06-23 14:30:00,381.22,382.4899,380.55,381.55,2229934.0
2026-06-23 15:00:00,381.52,381.7799,379.06,379.745,2590555.0
2026-06-23 15:30:00,379.72,382.11,379.56,381.62,2420323.0
2026-06-23 16:00:00,381.69,382.64,380.7101,381.61,8936193.0
2026-06-24 10:00:00,380.08,384.58,378.6,381.112,4118040.0
2026-06-24 10:30:00,381.33,382.86,379.5,382.0,2812912.0
2026-06-24 11:00:00,382.085,383.59,379.6,383.455,2479217.0
2026-06-24 11:30:00,383.381,384.36,382.0,383.82,2169468.0
2026-06-24 12:00:00,383.81,384.0,380.4,380.5199,1898336.0
2026-06-24 12:30:00,380.485,381.94,380.13,381.38,1361127.0
2026-06-24 13:00:00,381.3828,381.3828,377.83,378.495,2123052.0
2026-06-24 13:30:00,378.45,379.25,375.25,375.5246,2144617.0
2026-06-24 14:00:00,375.5101,375.9,374.21,374.595,2715848.0
2026-06-24 14:30:00,374.595,377.58,373.66,376.98,2698331.0
2026-06-24 15:00:00,377.01,377.23,373.91,374.0787,2350552.0
2026-06-24 15:30:00,374.06,376.35,373.05,376.22,2245821.0
2026-06-24 16:00:00,376.23,377.4,375.24,375.53,5696590.0
2026-06-25 10:00:00,375.27,379.117,371.221,371.78,5030420.0
2026-06-25 10:30:00,371.845,377.9247,371.695,376.415,2786402.0
2026-06-25 11:00:00,376.415,378.2,374.5,374.71,2040485.0
2026-06-25 11:30:00,374.8,376.5994,372.3501,375.0,2306546.0
2026-06-25 12:00:00,375.0,377.34,374.9692,375.57,1843064.0
2026-06-25 12:30:00,375.63,376.65,374.04,374.39,1233334.0
2026-06-25 13:00:00,374.378018,374.68,372.03,373.2435,1505754.0
2026-06-25 13:30:00,373.25,375.2789,372.83,374.355,1273228.0
2026-06-25 14:00:00,374.37,375.17,373.17,374.39,994673.0
2026-06-25 14:30:00,374.42,375.99,372.5,375.84,1446466.0
2026-06-25 15:00:00,375.9,375.94,372.56,373.95,1370649.0
2026-06-25 15:30:00,373.95,374.01,372.76,373.53,1903759.0
2026-06-25 16:00:00,373.52,375.26,373.08,375.12,4561979.0
2026-06-26 10:00:00,370.15,374.75,368.6,374.75,5212185.0
2026-06-26 10:30:00,374.7,377.89,373.9,377.4001,3243417.0
2026-06-26 11:00:00,377.46,379.43,376.35,378.205,2878759.0
2026-06-26 11:30:00,378.24,385.2,378.1801,384.9,3947555.0
2026-06-26 12:00:00,384.92,387.8,384.2501,384.945,4403947.0
2026-06-26 12:30:00,384.945,385.66,382.31,383.02,2469714.0
2026-06-26 13:00:00,382.99,386.08,382.93,385.43,1965692.0
2026-06-26 13:30:00,385.43,387.38,384.8901,385.685,2447957.0
2026-06-26 14:00:00,385.685,386.53,384.41,384.5901,1701591.0
2026-06-26 14:30:00,384.625,384.95,382.54,382.5502,2156645.0
2026-06-26 15:00:00,382.58,383.59,379.03,379.83,2578536.0
2026-06-26 15:30:00,379.88,380.87,379.42,379.76,1757263.0
2026-06-26 16:00:00,379.81,385.11,378.5488,379.71,13296863.0
2026-06-29 10:00:00,381.79,394.0,379.3,391.805,7468854.0
2026-06-29 10:30:00,391.8,396.64,389.02,395.66,5198288.0
2026-06-29 11:00:00,395.68,398.3887,394.47,397.61,4292029.0
2026-06-29 11:30:00,397.66,398.36,395.3,397.7101,2518514.0
2026-06-29 12:00:00,397.79,400.84,397.69,400.56,3619486.0
2026-06-29 12:30:00,400.65,404.34,400.6,403.98,3179911.0
2026-06-29 13:00:00,403.99,404.9,402.01,403.645,3059469.0
2026-06-29 13:30:00,403.61,409.02,403.2244,408.79,3389255.0
2026-06-29 14:00:00,408.7601,410.67,408.0,408.93,3585225.0
2026-06-29 14:30:00,408.97,409.6499,408.2101,409.0,2818164.0
2026-06-29 15:00:00,408.985,410.88,408.5,410.31,2881596.0
2026-06-29 15:30:00,410.31,413.12,408.7,411.94,3832795.0
2026-06-29 16:00:00,411.98,413.27,410.98,411.84,10186288.0
2026-06-30 10:00:00,406.0,412.65,406.0,412.065,5234855.0
2026-06-30 10:30:00,412.02,416.3,410.93,414.91,4691471.0
2026-06-30 11:00:00,415.0,415.8999,413.25,414.27,2412805.0
2026-06-30 11:30:00,414.37,416.38,412.68,415.46,2523175.0
2026-06-30 12:00:00,415.44,418.0,415.28,415.7092,2601815.0
2026-06-30 12:30:00,415.75,417.4,415.14,416.44,1512020.0
2026-06-30 13:00:00,416.55,418.64,416.4,417.93,1683852.0
2026-06-30 13:30:00,417.95,419.5,417.711,418.26,1573353.0
2026-06-30 14:00:00,418.29,418.3599,416.0,417.6,1584540.0
2026-06-30 14:30:00,417.6,419.65,417.34,418.965,1734091.0
2026-06-30 15:00:00,418.98,422.15,418.3355,422.025,2950410.0
2026-06-30 15:30:00,421.95,424.54,421.26,423.46,4218259.0
2026-06-30 16:00:00,423.495,423.8,420.3,420.6,8179700.0
2026-07-01 10:00:00,421.46,425.23,418.0901,422.68,5145764.0
2026-07-01 10:30:00,422.95,427.7,422.9,427.08,4265466.0
2026-07-01 11:00:00,427.075,428.99,424.0,425.89,3458107.0
2026-07-01 11:30:00,425.86,432.8599,425.78,431.825,4402151.0
2026-07-01 12:00:00,431.9,432.13,427.9301,428.41,2622178.0
2026-07-01 12:30:00,428.41,428.75,427.18,428.0,1787267.0
2026-07-01 13:00:00,427.99,428.4,425.69,426.685,1505069.0
2026-07-01 13:30:00,426.645,427.6788,425.46,426.485,1524195.0
2026-07-01 14:00:00,426.485,426.8,424.89,424.95,1686761.0
2026-07-01 14:30:00,424.97,425.53,424.25,424.595,1398079.0
2026-07-01 15:00:00,424.595,425.79,423.68,425.75,1927144.0
2026-07-01 15:30:00,425.75,426.5799,424.8,425.99,2137449.0
2026-07-01 16:00:00,425.99,427.27,424.94,425.3,6203800.0
2026-07-02 10:00:00,428.01,432.35,410.8,413.0133,9433231.0
2026-07-02 10:30:00,413.15,414.32,401.0,401.51,8748249.0
2026-07-02 11:00:00,401.65,402.66,395.38,397.825,8292025.0
2026-07-02 11:30:00,397.7802,398.43,394.25,396.93,5334596.0
2026-07-02 12:00:00,396.93,400.8,396.77,398.41,4158544.0
2026-07-02 12:30:00,398.48,398.69,392.79,392.93,4135578.0
2026-07-02 13:00:00,392.93,393.3299,390.27,390.8,3749140.0
2026-07-02 13:30:00,390.8,392.2,390.08,391.03,3002460.0
2026-07-02 14:00:00,391.065,392.17,389.88,391.34,2944749.0
2026-07-02 14:30:00,391.375,394.45,391.3,393.74,3394155.0
2026-07-02 15:00:00,393.72,394.365,390.98,392.1899,2318715.0
2026-07-02 15:30:00,392.17,392.35,389.3011,391.21,2980822.0
2026-07-02 16:00:00,391.21,394.2,390.91,393.45,9975423.0
2026-07-06 10:00:00,397.5,403.08,390.5,401.7065,7113566.0
2026-07-06 10:30:00,401.8,406.74,400.92,405.225,4128331.0
2026-07-06 11:00:00,405.3,408.21,403.41,407.57,3235657.0
2026-07-06 11:30:00,407.61,411.68,407.61,411.38,3935930.0
2026-07-06 12:00:00,411.31,414.64,411.01,414.14,3211182.0
2026-07-06 12:30:00,414.175,418.35,413.93,416.71,4458042.0
2026-07-06 13:00:00,416.6201,418.92,415.71,418.2,3396405.0
2026-07-06 13:30:00,418.165,419.55,416.6001,416.64,2622374.0
2026-07-06 14:00:00,416.64,416.7799,414.0101,414.515,2541538.0
2026-07-06 14:30:00,414.55,417.62,414.23,417.62,2164717.0
2026-07-06 15:00:00,417.62,417.8,416.25,416.3518,1677381.0
2026-07-06 15:30:00,416.36,418.27,415.9005,417.2,2948989.0
2026-07-06 16:00:00,417.11,420.0,416.39,419.77,9524317.0
2026-07-07 10:00:00,416.96,419.56,411.05,413.03,5227105.0
2026-07-07 10:30:00,413.06,415.9397,406.9,409.425,4432293.0
2026-07-07 11:00:00,409.455,410.2,407.57,408.7948,2599324.0
2026-07-07 11:30:00,408.7,409.35,405.46,406.35,2305218.0
2026-07-07 12:00:00,406.4,407.41,404.4535,407.15,2389745.0
2026-07-07 12:30:00,407.1599,407.98,406.58,407.43,2389306.0
2026-07-07 13:00:00,407.42,410.1,406.8,409.19,2400640.0
2026-07-07 13:30:00,409.2,409.29,405.8,406.985,1404126.0
2026-07-07 14:00:00,407.03,408.28,406.185,408.25,997264.0
2026-07-07 14:30:00,408.255,408.39,406.03,406.465,1343582.0
2026-07-07 15:00:00,406.47,406.6096,403.2501,403.67,1785042.0
2026-07-07 15:30:00,403.73,404.403,401.88,403.05,2104276.0
2026-07-07 16:00:00,403.03,405.11,402.24,402.9,7027333.0
2026-07-08 10:00:00,399.375,399.63,393.75,395.8614,5173609.0
2026-07-08 10:30:00,395.85,397.59,393.41,395.3399,3515169.0
2026-07-08 11:00:00,395.29,395.6,391.9201,392.63,3146177.0
2026-07-08 11:30:00,392.73,392.9899,390.96,391.97,2398728.0
2026-07-08 12:00:00,391.92,393.35,391.65,392.895,1624393.0
2026-07-08 12:30:00,392.9,394.66,392.83,393.855,1661674.0
2026-07-08 13:00:00,393.79,395.07,392.8,394.65,1328706.0
2026-07-08 13:30:00,394.66,394.92,393.3301,394.87,989955.0
2026-07-08 14:00:00,394.93,395.5,392.2,392.27,1477741.0
2026-07-08 14:30:00,392.27,393.28,391.2501,391.43,1458420.0
2026-07-08 15:00:00,391.4001,392.6,390.51,391.3499,2098574.0
2026-07-08 15:30:00,391.35,393.23,391.23,392.79,1694774.0
2026-07-08 16:00:00,392.8,396.07,392.72,394.06,5434918.0
2026-07-09 10:00:00,393.99,396.25,390.8631,395.41,4044075.0
2026-07-09 10:30:00,395.43,398.46,391.91,394.525,3396660.0
2026-07-09 11:00:00,394.5375,396.03,393.0501,395.67,1801250.0
2026-07-09 11:30:00,395.7,397.01,394.5,395.8,1688922.0
2026-07-09 12:00:00,395.81,400.46,395.6801,399.42,2653018.0
2026-07-09 12:30:00,399.42,402.05,398.32,398.62,2985891.0
2026-07-09 13:00:00,398.57,402.15,398.04,401.77,1799118.0
2026-07-09 13:30:00,401.74,405.47,401.62,404.4605,2466984.0
2026-07-09 14:00:00,404.44,405.25,402.86,404.987984,1984066.0
2026-07-09 14:30:00,405.0,407.85,404.31,407.391095,2144634.0
2026-07-09 15:00:00,407.44,407.86,406.36,407.1601,1556703.0
2026-07-09 15:30:00,407.205,407.74,405.57,405.7501,1791889.0
2026-07-09 16:00:00,405.75,406.65,403.85,406.55,6973957.0
2026-07-10 10:00:00,410.49,412.58,404.91,409.84,5185035.0
2026-07-10 10:30:00,409.76,411.42,405.71,407.575,3374935.0
2026-07-10 11:00:00,407.58,409.7,402.8101,406.755,2630805.0
2026-07-10 11:30:00,406.77,409.7999,405.8,409.565,2105844.0
2026-07-10 12:00:00,409.63,410.5936,406.82,409.425,2228933.0
2026-07-10 12:30:00,409.425,412.09,409.425,410.66,2351802.0
2026-07-10 13:00:00,410.7,413.16,410.6845,412.215,1817939.0
2026-07-10 13:30:00,412.21,412.43,408.278,410.195,2376043.0
2026-07-10 14:00:00,410.195,410.295,408.23,408.5801,1383647.0
2026-07-10 14:30:00,408.67,411.19,408.53,408.92,1629690.0
2026-07-10 15:00:00,408.95,409.71,407.8,408.47,1483820.0
2026-07-10 15:30:00,408.5,409.9192,408.37,408.9,1554025.0
2026-07-10 16:00:00,408.9,410.455,407.175,407.76,4237132.0
2026-07-13 10:00:00,404.61,405.57,394.08,395.4716,5194305.0
2026-07-13 10:30:00,395.535,397.7801,392.7401,397.7801,3631402.0
2026-07-13 11:00:00,397.8,399.3,397.29,397.73,2594497.0
2026-07-13 11:30:00,397.81,399.19,396.24,397.235,1745852.0
2026-07-13 12:00:00,397.29,398.16,394.86,395.575,1653185.0
2026-07-13 12:30:00,395.5135,396.0699,393.56,394.15,1872058.0
2026-07-13 13:00:00,394.18,394.3999,392.79,393.7,1733873.0
2026-07-13 13:30:00,393.7282,395.1,393.01,393.409504,1443965.0
2026-07-13 14:00:00,393.41,394.19,392.5,393.09,1418471.0
2026-07-13 14:30:00,393.145,393.7499,392.58,392.6191,1333692.0
2026-07-13 15:00:00,392.645,393.49,392.17,392.515,1267966.0
2026-07-13 15:30:00,392.54,392.97,391.37,392.05,1858414.0
2026-07-13 16:00:00,392.05,394.98,391.93,394.76,5967562.0
2026-07-14 10:00:00,399.05,400.82,395.202,398.31,3466299.0
2026-07-14 10:30:00,398.37,399.3,397.21,397.5118,2048530.0
2026-07-14 11:00:00,397.57,399.6,396.7,398.96,1768519.0
2026-07-14 11:30:00,399.0,402.22,398.1,399.71,2130131.0
2026-07-14 12:00:00,399.7661,399.85,395.76,396.62,1836254.0
2026-07-14 12:30:00,396.6139,396.86,395.6406,396.4957,1177648.0
2026-07-14 13:00:00,396.5233,398.17,395.4,395.475,1171657.0
2026-07-14 13:30:00,395.475,396.1699,394.76,395.3375,974777.0
2026-07-14 14:00:00,395.335,396.1699,394.92,395.78,813307.0
2026-07-14 14:30:00,395.78,396.92,395.42,396.415,949037.0
2026-07-14 15:00:00,396.38,397.05,395.4,396.69,913146.0
2026-07-14 15:30:00,396.74,397.33,396.28,396.6,920647.0
2026-07-14 16:00:00,396.632,397.0982,395.24,396.18,3680290.0
2026-07-15 10:00:00,399.395,406.5895,397.44,398.6,6088641.0
2026-07-15 10:30:00,398.56,400.38,393.236,397.65,3444005.0
2026-07-15 11:00:00,397.62,398.78,394.82,395.98,1983969.0
2026-07-15 11:30:00,396.005,397.87,395.29,397.435,1636320.0
2026-07-15 12:00:00,397.435,397.76,395.11,395.23,1182035.0
2026-07-15 12:30:00,395.1702,395.78,391.7,392.68,2140689.0
2026-07-15 13:00:00,392.685,393.48,390.66,393.455,1820956.0
2026-07-15 13:30:00,393.48,396.29,393.31,395.96,1680595.0
2026-07-15 14:00:00,395.96,399.28,395.82,399.005,2157722.0
2026-07-15 14:30:00,399.005,399.36,396.41,396.57,1415695.0
2026-07-15 15:00:00,396.56,397.78,394.551,394.93,1373712.0
2026-07-15 15:30:00,394.98,396.13,394.56,394.76,1041614.0
2026-07-15 16:00:00,394.79,395.4,394.0,394.46,4206389.0
2026-07-16 10:00:00,392.35,392.5,385.32,387.1392,4879390.0
2026-07-16 10:30:00,387.07,394.99,386.89,394.605,4054144.0
2026-07-16 11:00:00,394.6995,395.31,392.61,394.37,2431930.0
2026-07-16 11:30:00,394.36,394.58,392.04,393.73,1589714.0
2026-07-16 12:00:00,393.81,394.59,392.01,392.7,1247943.0
2026-07-16 12:30:00,392.7,392.76,387.8,389.2899,2174041.0
2026-07-16 13:00:00,389.2899,389.6,387.91,389.01,1320077.0
2026-07-16 13:30:00,389.08,389.2,387.26,389.015,1156196.0
2026-07-16 14:00:00,389.0361,389.4,386.86,388.905,1285215.0
2026-07-16 14:30:00,388.94,391.19,388.6,390.555,1207146.0
2026-07-16 15:00:00,390.59,391.0999,389.1616,390.4,1210597.0
2026-07-16 15:30:00,390.41,391.3499,389.74,390.305,1206720.0
2026-07-16 16:00:00,390.25,391.85,389.35,391.06,4549789.0
2026-07-17 10:00:00,381.78,383.0,377.22,381.42,5946329.0
2026-07-17 10:30:00,381.45,383.25,380.77,380.95,2939397.0
2026-07-17 11:00:00,380.986,381.94,378.51,380.21,2546826.0
2026-07-17 11:30:00,380.2,380.88,379.01,380.6501,1647630.0
2026-07-17 12:00:00,380.6999,382.9,378.78,382.464,2013257.0
2026-07-17 12:30:00,382.49,384.24,381.5,382.55,2081173.0
2026-07-17 13:00:00,382.56,385.22,382.16,384.06,1329876.0
2026-07-17 13:30:00,384.105,385.6899,384.105,384.53,1563535.0
2026-07-17 14:00:00,384.47,384.7746,381.8,382.4,1486820.0
2026-07-17 14:30:00,382.41,382.8066,381.245,381.65,1310572.0
2026-07-17 15:00:00,381.65,382.24,380.58,381.75,1067470.0
2026-07-17 15:30:00,381.74,382.5,380.9,382.455,1083950.0
2026-07-17 16:00:00,382.5,383.21,380.68,380.84,4420885.0
2026-07-20 10:00:00,386.045,386.61,375.37,375.6,4564342.0
2026-07-20 10:30:00,375.63,376.9599,373.72,374.85,3638605.0
2026-07-20 11:00:00,374.8569,375.52,372.9,373.37,2359003.0
2026-07-20 11:30:00,373.36,374.74,372.9501,373.92,1803814.0
2026-07-20 12:00:00,373.94,374.13,371.64,373.995,2500701.0
2026-07-20 12:30:00,374.0,377.0,373.565,375.315,2256740.0
2026-07-20 13:00:00,375.34,375.55,372.4185,372.9,1587434.0
2026-07-20 13:30:00,372.885,373.2599,372.01,372.18,1124468.0
2026-07-20 14:00:00,372.18,373.57,370.76,373.105,2189141.0
2026-07-20 14:30:00,373.05,374.6,372.57,372.59,1522038.0
2026-07-20 15:00:00,372.6,372.75,370.5,371.33,1971830.0
2026-07-20 15:30:00,371.21,371.3199,369.58,371.01,2114982.0
2026-07-20 16:00:00,371.01,371.9,369.425,369.57,5013385.0
2026-07-21 10:00:00,371.165,377.67,369.98,377.6417,5194039.0
2026-07-21 10:30:00,377.63,383.35,377.34,382.55,4397774.0
2026-07-21 11:00:00,382.54,384.07,381.2401,382.78,3121235.0
2026-07-21 11:30:00,382.8184,382.98,380.9467,381.91,1968046.0
2026-07-21 12:00:00,381.91,382.37,380.43,381.09,1568993.0
2026-07-21 12:30:00,381.09,382.05,380.74,381.335,1134095.0
2026-07-21 13:00:00,381.37,381.71,380.3301,380.68,1091204.0
2026-07-21 13:30:00,380.69,381.19,379.12,379.46,1275254.0
2026-07-21 14:00:00,379.4538,380.45,379.11,379.49,907508.0
2026-07-21 14:30:00,379.5,380.6899,379.46,380.04,895716.0
2026-07-21 15:00:00,380.01,380.18,378.24,378.37,857790.0
2026-07-21 15:30:00,378.3,378.39,376.9,376.9001,967908.0
2026-07-21 16:00:00,376.945,379.6,376.7,378.93,5728059.0
2026-07-22 10:00:00,375.53,380.17,374.93,379.54,3365426.0
2026-07-22 10:30:00,379.6,380.1399,376.1601,377.55,2200843.0
2026-07-22 11:00:00,377.51,378.0099,376.25,377.185,1314210.0
2026-07-22 11:30:00,377.16,378.7,376.54,377.9974,1756482.0
2026-07-22 12:00:00,377.9995,378.95,376.91,378.24,1159572.0
2026-07-22 12:30:00,378.224,378.6499,376.24,377.3313,1104253.0
2026-07-22 13:00:00,377.37,377.98,376.79,377.97,757127.0
2026-07-22 13:30:00,377.94,378.2999,377.11,377.2,804839.0
2026-07-22 14:00:00,377.14,377.36,375.61,375.96,1291184.0
2026-07-22 14:30:00,375.8701,376.4,375.15,375.76,980206.0
2026-07-22 15:00:00,375.73,376.05,374.99,375.34,1367179.0
2026-07-22 15:30:00,375.3,375.7,373.75,374.805,1643382.0
2026-07-22 16:00:00,374.78,375.23,372.9,374.01,5660015.0
2026-07-23 10:00:00,341.0,342.11,326.16,326.7201,21451682.0
2026-07-23 10:30:00,326.74,329.069,322.85,323.855,12367006.0
2026-07-23 11:00:00,323.855,325.66,321.5801,323.42,8087486.0
2026-07-23 11:30:00,323.42,323.49,318.55,319.5351,7248388.0
2026-07-23 12:00:00,319.5351,324.8,319.5,324.6,8645983.0
2026-07-23 12:30:00,324.6,326.36,324.09,325.17,5934124.0
2026-07-23 13:00:00,325.3,325.58,320.8101,322.1209,4426498.0
2026-07-23 13:30:00,322.085,323.4,321.59,321.67,3579426.0
2026-07-23 14:00:00,321.73,322.69,320.41,321.23,3218620.0
2026-07-23 14:30:00,321.19,321.43,320.42,321.195,3243499.0
2026-07-23 15:00:00,321.17,322.1599,320.1,321.28,3545661.0
2026-07-23 15:30:00,321.265,321.82,319.57,319.8399,4957465.0
2026-07-23 16:00:00,319.82,323.3995,315.735,319.69,22622453.0
2026-07-24 10:00:00,320.72,322.96,314.27,315.515,9435186.0
2026-07-24 10:30:00,315.45,317.17,312.05,312.55,6147775.0
2026-07-24 11:00:00,312.4401,313.16,308.5,312.4001,6776489.0
2026-07-24 11:30:00,312.4,312.61,308.31,310.385,5892375.0
2026-07-24 12:00:00,310.3201,311.5084,309.7,310.89,2821462.0
2026-07-24 12:30:00,310.925,311.98,309.63,310.4615,2566830.0
2026-07-24 13:00:00,310.45,311.27,309.18,309.24,2217096.0
2026-07-24 13:30:00,309.28,309.7299,308.0,309.4499,2860701.0
2026-07-24 14:00:00,309.46,310.01,308.0,309.505,2527789.0
2026-07-24 14:30:00,309.5,309.7777,307.31,307.32,2908702.0
2026-07-24 15:00:00,307.34,309.92,306.51,309.36,3369591.0
2026-07-24 15:30:00,309.34,309.87,308.07,309.29,2729136.0
2026-07-24 16:00:00,309.29,313.35,309.21,313.03,10089015.0
2026-07-27 10:00:00,313.24,317.0,308.8,309.06,6955830.0
2026-07-27 10:30:00,309.1,310.22,306.88,306.975,4646549.0
2026-07-27 11:00:00,306.9101,309.15,304.28,308.76,4682664.0
2026-07-27 11:30:00,308.755,310.73,307.59,308.54,2725949.0
2026-07-27 12:00:00,308.5,309.25,307.03,308.7399,2005937.0
2026-07-27 12:30:00,308.77,310.452,307.34,309.4,2191160.0
2026-07-27 13:00:00,309.35,310.3374,307.25,307.77,1824615.0
2026-07-27 13:30:00,307.7401,307.98,306.69,307.39,1499736.0
2026-07-27 14:00:00,307.39,308.67,307.22,308.44,1469433.0
2026-07-27 14:30:00,308.44,308.79,305.54,306.5,2107149.0
2026-07-27 15:00:00,306.44,307.73,305.44,307.63,1894227.0
2026-07-27 15:30:00,307.66,308.729,307.12,308.335,2206521.0
2026-07-27 16:00:00,308.32,309.34,307.34,309.22,8302307.0
2026-07-28 10:00:00,305.925,307.19,302.3701,303.6,6131523.0
2026-07-28 10:30:00,303.54,305.2,300.69,302.5851,4281430.0
2026-07-28 11:00:00,302.606,305.62,301.22,304.0474,3362797.0
2026-07-28 11:30:00,304.045,306.63,303.85,306.2662,2433591.0
2026-07-28 12:00:00,306.22,309.74,306.01,309.725,2941534.0
2026-07-28 12:30:00,309.725,311.16,305.91,306.58,3231866.0
2026-07-28 13:00:00,306.56,308.06,306.25,307.6699,1543573.0
2026-07-28 13:30:00,307.625,307.85,306.32,307.18,1584802.0
2026-07-28 14:00:00,307.15,307.69,306.15,307.13,1488160.0
2026-07-28 14:30:00,307.08,307.46,305.76,306.78,1405929.0
2026-07-28 15:00:00,306.83,307.5995,305.85,306.575,1354416.0
2026-07-28 15:30:00,306.57,306.9699,305.54,306.7,1646432.0
2026-07-28 16:00:00,306.71,307.5,305.04,307.44,5492582.0
2026-07-29 10:00:00,307.14,309.06,303.85,305.45,4016996.0
2026-07-29 10:30:00,305.535,306.5,302.4101,303.33,2886778.0
2026-07-29 11:00:00,303.26,304.4999,301.95,302.89,2178957.0
2026-07-29 11:30:00,302.8501,303.3298,301.73,302.635,2110425.0
2026-07-29 12:00:00,302.6001,303.67,300.57,301.47,2112420.0
2026-07-29 12:30:00,301.47,301.89,299.7,300.9,2905923.0
2026-07-29 13:00:00,300.895,302.28,300.76,302.21,1554674.0
2026-07-29 13:30:00,302.21,304.16,302.08,302.3925,1697965.0
2026-07-29 14:00:00,302.36,303.3194,301.9,303.08,1302289.0
2026-07-29 14:30:00,303.04,305.54,302.28,302.63,2160137.0
2026-07-29 15:00:00,302.63,307.46,301.69,307.13,2251196.0
2026-07-29 15:30:00,307.2,307.99,301.32,302.07,2555729.0
2026-07-29 16:00:00,302.07,302.58,297.38,298.32,9089362.0
2026-07-30 10:00:00,302.7,307.9,301.33,307.06,6430578.0
2026-07-30 10:30:00,307.01,309.12,305.21,309.12,4076413.0
2026-07-30 11:00:00,309.075,309.1,303.81,304.795,3143915.0
2026-07-30 11:30:00,304.7489,306.44,303.51,304.5,2358349.0
2026-07-30 12:00:00,304.52,306.49,304.4,305.235,2055085.0
2026-07-30 12:30:00,305.27,307.48,304.9,306.995,1565474.0
2026-07-30 13:00:00,306.96,307.14,304.52,306.1705,1426998.0
2026-07-30 13:30:00,306.195,307.44,305.42,306.9093,1232381.0
2026-07-30 14:00:00,306.88,308.48,306.6968,307.635,1355879.0
2026-07-30 14:30:00,307.635,308.01,306.8,307.5401,1164348.0
2026-07-30 15:00:00,307.58,308.22,307.02,308.08,1205107.0
2026-07-30 15:30:00,308.08,310.4212,308.03,309.83,2513428.0
2026-07-30 16:00:00,309.835,310.87,308.17,308.85,6713242.0
2026-07-31 10:00:00,309.69,315.5,305.7801,311.84,5331920.0
2026-07-31 10:30:00,306.38,306.72,301.97,304.345,4993839.0
2026-07-31 11:00:00,304.38,310.16,304.22,308.855,4195170.0
2026-07-31 11:30:00,308.855,309.16,305.49,305.765,2263357.0
2026-07-31 12:00:00,305.77,307.99,305.42,307.56,2005702.0
2026-07-31 12:30:00,307.56,309.4,307.31,309.4,1399178.0
2026-07-31 13:00:00,309.3729,310.22,308.7,309.71,1925643.0
2026-07-31 13:30:00,309.7,311.09,309.62,310.5,1535952.0
2026-07-31 14:00:00,310.5,311.53,309.82,311.09,1259518.0
2026-07-31 14:30:00,311.09,312.1533,310.73,310.92,1323540.0
2026-07-31 15:00:00,310.92,311.5,310.14,310.885,1322373.0
2026-07-31 15:30:00,310.89,311.1,309.76,310.435,1267230.0
2026-07-31 16:00:00,310.49,313.2115,309.9,311.21,5713493.0
2026-08-03 10:00:00,310.96,319.31,310.425,318.8993,5567700.0
2026-08-03 10:30:00,318.825,319.37,316.94,318.715,2821125.0
2026-08-03 11:00:00,318.78,322.29,317.47,322.22,3135748.0
2026-08-03 11:30:00,322.225,324.2,321.52,323.145,3496178.0
2026-08-03 12:00:00,323.14,324.09,322.51,323.38,2208652.0
2026-08-03 12:30:00,323.4,324.0799,321.84,322.08,1744670.0
2026-08-03 13:00:00,322.08,322.375,319.91,319.96,3009534.0
2026-08-03 13:30:00,319.96,322.1999,319.39,322.125,1935437.0
2026-08-03 14:00:00,322.12,323.01,321.9601,322.29,1464478.0
2026-08-03 14:30:00,322.26,323.05,321.33,321.43,1418698.0
2026-08-03 15:00:00,321.43,323.82,321.02,323.54,1703275.0
2026-08-03 15:30:00,323.55,324.65,322.41,322.74,1757878.0
2026-08-03 16:00:00,322.765,323.2,318.0,322.08,6121609.0
2026-08-04 10:00:00,324.0,326.9,321.05,321.84,5413476.0
2026-08-04 10:30:00,321.8,325.45,320.7901,323.7299,3170465.0
2026-08-04 11:00:00,323.655,324.44,322.8,324.04,1557808.0
2026-08-04 11:30:00,324.07,325.07,323.75,323.93,1586922.0
2026-08-04 12:00:00,323.93,324.93,322.86,324.2009,1877749.0
2026-08-04 12:30:00,324.22,325.79,324.2,324.6,1470324.0
2026-08-04 13:00:00,324.6,325.23,324.33,325.176,963247.0
2026-08-04 13:30:00,325.2,327.45,325.19,327.05,1956780.0
2026-08-04 14:00:00,327.045,327.2499,325.39,325.58,1244895.0
2026-08-04 14:30:00,325.55,326.75,325.05,326.49,1248954.0
2026-08-04 15:00:00,326.495,328.8,326.495,328.1,2135874.0
2026-08-04 15:30:00,328.1,329.57,327.52,327.755,2112907.0
2026-08-04 16:00:00,327.75,328.58,326.6001,327.35,5693766.0
2026-08-05 10:00:00,323.42,326.8,320.43,325.68,4385795.0
2026-08-05 10:30:00,325.61,327.14,323.9,324.115,2344277.0
2026-08-05 11:00:00,324.06,324.85,322.37,323.0474,2059582.0
2026-08-05 11:30:00,323.07,323.99,321.0,322.275,1841647.0
2026-08-05 12:00:00,322.27,323.605,321.65,321.85,1320095.0
2026-08-05 12:30:00,321.8955,323.773,321.75,323.62,1243304.0
2026-08-05 13:00:00,323.62,324.41,322.68,323.65,1068098.0
2026-08-05 13:30:00,323.68,324.06,322.92,323.0285,919056.0
2026-08-05 14:00:00,322.98,323.6,321.95,322.22,1338741.0
2026-08-05 14:30:00,322.14,322.87,321.83,321.97,800106.0
2026-08-05 15:00:00,321.99,322.0,320.28,320.55,1830638.0
2026-08-05 15:30:00,320.55,322.99,320.4,322.715,1335172.0
2026-08-05 16:00:00,322.7,322.84,321.22,321.55,5752431.0
2026-08-06 10:00:00,317.05,320.88,315.5205,320.26,3710369.0
2026-08-06 10:30:00,320.23,321.96,319.22,320.8,2488655.0
2026-08-06 11:00:00,320.83,322.24,319.02,322.02,2335280.0
2026-08-06 11:30:00,322.02,323.0,320.0,321.71,2078411.0
2026-08-06 12:00:00,321.7,322.28,319.44,319.65,1313919.0
2026-08-06 12:30:00,319.75,319.9888,318.295,318.6167,1507590.0
2026-08-06 13:00:00,318.58,319.37,318.11,318.965,1150196.0
2026-08-06 13:30:00,319.0,319.45,317.71,317.91,1165212.0
2026-08-06 14:00:00,317.905,318.51,317.26,318.4,1099235.0
2026-08-06 14:30:00,318.31,319.2,317.797,318.5781,1094831.0
2026-08-06 15:00:00,318.555,318.96,318.18,318.74,1088702.0
2026-08-06 15:30:00,318.72,319.8294,318.63,318.8,1180013.0
2026-08-06 16:00:00,318.8,320.14,318.31,319.53,4560745.0
2026-08-07 10:00:00,322.34,328.92,321.2508,326.57,5920500.0
2026-08-07 10:30:00,326.65,328.45,322.8001,327.22,3577017.0
2026-08-07 11:00:00,327.17,330.75,326.8,330.0,4793937.0
2026-08-07 11:30:00,330.005,333.36,329.3404,333.26,3411239.0
2026-08-07 12:00:00,333.2083,333.73,331.26,331.63,2408033.0
2026-08-07 12:30:00,331.63,332.2623,328.33,328.875,2014234.0
2026-08-07 13:00:00,328.89,329.68,327.7015,327.92,1935701.0
2026-08-07 13:30:00,327.92,328.04,326.52,326.99,1823980.0
2026-08-07 14:00:00,326.98,327.8457,326.75,327.13,1313792.0
2026-08-07 14:30:00,327.145,328.09,326.7201,327.005,1195743.0
2026-08-07 15:00:00,327.0158,327.75,326.77,327.6,1245465.0
2026-08-07 15:30:00,327.61,329.2,327.51,328.36,1560309.0
2026-08-07 16:00:00,328.35,328.92,326.85,328.58,6158490.0
2026-08-10 10:00:00,326.595,330.35,326.15,329.452919,3872998.0
2026-08-10 10:30:00,329.48,331.99,328.94,331.61,2797899.0
2026-08-10 11:00:00,331.5529,332.05,329.14,329.42,2121839.0
2026-08-10 11:30:00,329.46,330.45,328.7,330.1,1450412.0
2026-08-10 12:00:00,330.0655,331.27,328.2,331.18,1891385.0
2026-08-10 12:30:00,331.16,331.75,329.99,330.5501,1381163.0
2026-08-10 13:00:00,330.53,330.74,328.46,329.52,1279600.0
2026-08-10 13:30:00,329.52,329.8,328.93,329.03,729884.0
2026-08-10 14:00:00,329.05,329.26,328.42,329.0201,763947.0
2026-08-10 14:30:00,329.05,329.65,328.51,328.56,777114.0
2026-08-10 15:00:00,328.5301,329.09,328.34,328.91,801398.0
2026-08-10 15:30:00,328.89,329.89,328.81,329.86,1073526.0
2026-08-10 16:00:00,329.86,331.25,329.31,330.88,4534209.0
2026-08-11 10:00:00,332.8,334.08,329.53,333.755,3965516.0
2026-08-11 10:30:00,333.79,336.2,333.24,334.72,4011725.0
2026-08-11 11:00:00,334.7499,335.435,332.74,334.185,2128673.0
2026-08-11 11:30:00,334.22,334.57,332.74,333.27,1414802.0
2026-08-11 12:00:00,333.27,333.64,332.21,332.965,1290054.0
2026-08-11 12:30:00,332.965,333.4108,331.27,331.5251,1167032.0
2026-08-11 13:00:00,331.51,332.1,331.27,331.9628,880042.0
2026-08-11 13:30:00,332.0,332.1895,331.22,331.838,695917.0
2026-08-11 14:00:00,331.86,332.2,331.5,331.94,519437.0
2026-08-11 14:30:00,331.945,332.52,330.41,330.72,768711.0
2026-08-11 15:00:00,330.6861,332.17,330.605,332.02,870771.0
2026-08-11 15:30:00,332.0499,332.61,331.52,331.945,851554.0
2026-08-11 16:00:00,331.945,333.0348,331.58,332.81,3537556.0
2026-08-12 10:00:00,335.0,335.5,326.92,328.0583,4794513.0
2026-08-12 10:30:00,328.045,328.34,325.44,325.585,2969793.0
2026-08-12 11:00:00,325.585,325.69,323.7,324.56,3196263.0
2026-08-12 11:30:00,324.58,325.58,323.98,324.362,1840034.0
2026-08-12 12:00:00,324.385,326.09,323.64,325.98,1974075.0
2026-08-12 12:30:00,325.98,327.07,325.8,326.945,1820176.0
2026-08-12 13:00:00,326.945,327.13,326.4601,326.925,1050517.0
2026-08-12 13:30:00,326.925,327.2,326.0,326.29,1203980.0
2026-08-12 14:00:00,326.295,326.49,325.58,326.295,1205767.0
2026-08-12 14:30:00,326.32,326.83,325.7482,326.5061,911901.0
2026-08-12 15:00:00,326.47,327.4599,326.3,327.07,1179138.0
2026-08-12 15:30:00,327.07,327.93,326.78,327.68,1044137.0
2026-08-12 16:00:00,327.67,327.94,326.8246,327.51,3898897.0
2026-08-13 10:00:00,327.2,333.45,325.24,332.915,4962916.0
2026-08-13 10:30:00,332.92,333.71,331.98,332.895,2575723.0
2026-08-13 11:00:00,332.91,335.38,332.4801,334.59,2276254.0
2026-08-13 11:30:00,334.5886,335.41,332.44,332.955,2134060.0
2026-08-13 12:00:00,332.95,334.06,332.77,333.12,1202907.0
2026-08-13 12:30:00,333.15,334.7,333.1401,334.5436,987504.0
2026-08-13 13:00:00,334.59,337.07,334.5706,336.525,2126123.0
2026-08-13 13:30:00,336.47,337.0,335.19,336.3501,1297888.0
2026-08-13 14:00:00,336.35,337.06,335.7603,336.27,1156763.0
2026-08-13 14:30:00,336.265,338.62,335.93,338.4357,1997918.0
2026-08-13 15:00:00,338.395,340.33,338.04,339.535,3359823.0
2026-08-13 15:30:00,339.5,341.64,338.45,338.75,2867530.0
2026-08-13 16:00:00,338.745,340.32,338.43,339.96,5727369.0
2026-08-14 10:00:00,342.33,350.35,342.01,350.01,8491784.0
2026-08-14 10:30:00,350.09,351.26,345.62,346.22,5100292.0
2026-08-14 11:00:00,346.27,346.39,340.95,341.2,3818678.0
2026-08-14 11:30:00,341.1601,341.52,335.3306,337.3546,4401711.0
2026-08-14 12:00:00,337.34,339.02,336.31,338.7,2949492.0
2026-08-14 12:30:00,338.7,340.6898,338.6684,340.675,2568298.0
2026-08-14 13:00:00,340.685,340.84,338.24,338.322,1869816.0
2026-08-14 13:30:00,338.35,339.9599,337.81,339.315,1615462.0
2026-08-14 14:00:00,339.35,341.55,339.31,341.52,1979687.0
2026-08-14 14:30:00,341.515,342.61,341.31,341.82,3101630.0
2026-08-14 15:00:00,341.8599,342.12,341.04,341.05,1313367.0
2026-08-14 15:30:00,341.05,342.5,340.59,341.89,1806390.0
2026-08-14 16:00:00,341.9,345.16,341.14,342.27,4327567.0
2026-08-17 10:00:00,340.69,343.11,337.48,339.44,3777004.0
2026-08-17 10:30:00,339.41,340.48,338.52,339.54,1906795.0
2026-08-17 11:00:00,339.54,341.98,338.79,341.79,1714121.0
2026-08-17 11:30:00,341.82,342.3529,339.87,340.8934,1714903.0
2026-08-17 12:00:00,340.91,341.97,339.4001,341.445,1477228.0
2026-08-17 12:30:00,341.4799,341.7325,339.45,339.85,1077659.0
2026-08-17 13:00:00,339.85,340.66,339.42,339.7787,940284.0
2026-08-17 13:30:00,339.75,339.85,338.9,339.042,933523.0
2026-08-17 14:00:00,339.06,340.7381,338.85,339.6,1053623.0
2026-08-17 14:30:00,339.59,339.93,339.04,339.48,780187.0
2026-08-17 15:00:00,339.49,340.85,339.39,340.486068,1018158.0
2026-08-17 15:30:00,340.5085,345.45,340.16,340.675,2672452.0
2026-08-17 16:00:00,340.675,340.9595,337.5,339.3,5224433.0
2026-08-18 10:00:00,333.22,340.53,331.12,339.15,5497278.0
2026-08-18 10:30:00,339.1799,339.43,335.71,336.8598,2530209.0
2026-08-18 11:00:00,336.8195,338.1,335.2,335.79,2209240.0
2026-08-18 11:30:00,335.8,337.83,334.96,337.4,1794142.0
2026-08-18 12:00:00,337.44,339.92,336.7693,339.8337,1493954.0
2026-08-18 12:30:00,339.85,340.2787,337.1601,337.215,1513836.0
2026-08-18 13:00:00,337.2495,339.78,337.05,339.575,1127602.0
2026-08-18 13:30:00,339.5899,339.82,335.97,336.955,1354925.0
2026-08-18 14:00:00,336.93,337.63,336.4,336.44,995976.0
2026-08-18 14:30:00,336.44,337.08,336.01,336.43,1038911.0
2026-08-18 15:00:00,336.43,336.72,335.17,335.79,1045429.0
2026-08-18 15:30:00,335.785,336.7343,335.56,336.67,1074867.0
2026-08-18 16:00:00,336.67,337.41,335.31,336.87,4424482.0
2026-08-19 10:00:00,338.89,341.29,335.7,337.985,4635739.0
2026-08-19 10:30:00,337.985,342.5,337.5,342.34,3143185.0
2026-08-19 11:00:00,342.38,347.81,341.28,347.3875,5148496.0
2026-08-19 11:30:00,347.42,348.56,346.1155,347.4,2741603.0
2026-08-19 12:00:00,347.47,348.168,345.86,346.935,1919003.0
2026-08-19 12:30:00,346.935,349.19,346.75,348.21,2202852.0
2026-08-19 13:00:00,348.155,348.155,346.455,347.285,1347410.0
2026-08-19 13:30:00,347.26,347.55,346.21,346.92,965822.0
2026-08-19 14:00:00,346.92,348.03,346.085,347.735,1127076.0
2026-08-19 14:30:00,347.7345,348.84,347.3,348.28,1441277.0
2026-08-19 15:00:00,348.28,348.89,347.92,348.31,1262279.0
2026-08-19 15:30:00,348.285,349.5,348.11,348.3,1711810.0
2026-08-19 16:00:00,348.31,351.62,347.44,351.12,7003607.0
2026-08-20 10:00:00,346.2,347.5,342.25,345.165,4913366.0
2026-08-20 10:30:00,345.165,345.439,339.72,340.31,3180186.0
2026-08-20 11:00:00,340.32,340.72,338.96,340.135,2443006.0
2026-08-20 11:30:00,340.1033,343.94,340.0,343.92,2880288.0
2026-08-20 12:00:00,343.92,346.07,343.3168,345.75,2203774.0
2026-08-20 12:30:00,345.81,346.33,344.61,344.81,1598107.0
2026-08-20 13:00:00,344.81,345.42,343.58,344.5553,1102436.0
2026-08-20 13:30:00,344.57,344.9,342.33,342.37,856722.0
2026-08-20 14:00:00,342.38,342.83,341.75,342.6699,1050341.0
2026-08-20 14:30:00,342.612,343.53,341.52,343.3473,915153.0
2026-08-20 15:00:00,343.3,343.89,342.98,343.23,849410.0
2026-08-20 15:30:00,343.2,343.7489,342.51,343.325,1061043.0
2026-08-20 16:00:00,343.35,345.42,342.95,345.13,5051431.0
2026-08-21 10:00:00,349.88,354.8784,346.9,354.365,6321645.0
2026-08-21 10:30:00,354.37,361.65,352.71,359.8026,9467950.0
2026-08-21 11:00:00,359.76,361.45,355.27,361.03,4585779.0
2026-08-21 11:30:00,361.06,364.1299,358.4,358.965,5644860.0
2026-08-21 12:00:00,358.965,364.48,358.6,362.54,4272029.0
2026-08-21 12:30:00,362.545,363.95,360.76,363.37,2814937.0
2026-08-21 13:00:00,363.37,364.94,362.96,364.334,2760996.0
2026-08-21 13:30:00,364.35,364.99,362.9,363.5599,2722696.0
2026-08-21 14:00:00,363.62,364.5285,362.54,362.67,1673759.0
2026-08-21 14:30:00,362.63,364.71,362.52,364.315,1642922.0
2026-08-21 15:00:00,364.33,365.37,363.81,364.46,2626896.0
2026-08-21 15:30:00,364.46,365.99,362.92,364.13,3214465.0
2026-08-21 16:00:00,364.15,366.5,361.62,362.86,9193661.0
2026-08-24 10:00:00,361.41,363.24,351.58,353.99,6049284.0
2026-08-24 10:30:00,354.08,355.04,352.61,354.43,2633089.0
2026-08-24 11:00:00,354.4248,358.67,354.16,358.0805,3380182.0
2026-08-24 11:30:00,358.105,358.7,356.88,357.41,2134210.0
2026-08-24 12:00:00,357.5199,358.24,355.42,356.0722,2122808.0
2026-08-24 12:30:00,356.05,357.28,355.51,356.975,1348333.0
2026-08-24 13:00:00,356.92,357.13,354.335,355.13,1707486.0
2026-08-24 13:30:00,355.15,356.94,354.752,356.56,1587294.0
2026-08-24 14:00:00,356.58,356.79,353.5201,353.87,1713112.0
2026-08-24 14:30:00,353.87,354.7,352.73,353.1668,1447334.0
2026-08-24 15:00:00,353.14,353.57,348.6,348.74,2714779.0
2026-08-24 15:30:00,348.73,351.28,348.26,351.14,2844333.0
2026-08-24 16:00:00,351.18,351.63,348.4,348.95,7248285.0
2026-08-25 10:00:00,349.58,353.14,349.2003,351.305,4084014.0
2026-08-25 10:30:00,351.27,353.5,350.1,351.265,3426763.0
2026-08-25 11:00:00,351.19,352.943,350.01,351.01,2179207.0
2026-08-25 11:30:00,351.04,354.53,349.8301,354.375,2358284.0
2026-08-25 12:00:00,354.375,354.8775,351.33,353.495,2424683.0
2026-08-25 12:30:00,353.49,354.5,353.35,354.4399,1360017.0
2026-08-25 13:00:00,354.4114,357.0,354.33,356.3142,2156869.0
2026-08-25 13:30:00,356.335,356.5,351.87,353.53,2485660.0
2026-08-25 14:00:00,353.52,353.85,352.89,353.3,953053.0
2026-08-25 14:30:00,353.315,353.5585,351.55,351.87,1011014.0
2026-08-25 15:00:00,351.87,353.7,351.62,353.13,1271867.0
2026-08-25 15:30:00,353.12,353.6,351.38,351.405,1087700.0
2026-08-25 16:00:00,351.42,352.2798,349.92,350.25,3751758.0
2026-08-26 10:00:00,345.02,351.93,342.53,348.8862,4109678.0
2026-08-26 10:30:00,349.02,349.66,345.5501,346.25,1583370.0
2026-08-26 11:00:00,346.25,347.23,343.2801,343.51,1576446.0
2026-08-26 11:30:00,343.514,345.28,343.06,343.9,1497308.0
